facility_node_id;admissions;deaths;regulated_transfer_exits;median_stay_days;icu_marker_count;total_value;dominant_icd_chapter;dominant_sex;dominant_race_color;mean_age;mean_stay_days;death_rate;regulated_transfer_exit_rate;icu_marker_rate;mean_value_per_admission
facility:0000035;491;32;217;5.0;491;253922.27;J;1;99;61.316;6.173;0.065173;0.441955;1.0;517.15
facility:0000094;1375;1;2;2.0;1375;618320.78;O;3;03;21.063;2.762;0.000727;0.001455;1.0;449.69
facility:0000418;17252;1081;625;5.0;17252;35927947.36;O;3;03;41.474;6.754;0.062659;0.036228;1.0;2082.54
facility:0000426;17854;1158;2077;4.0;17854;30613647.63;S;1;03;41.763;6.892;0.064859;0.116332;1.0;1714.67
facility:0000434;40069;1520;644;3.0;40069;116161805.73;C;3;99;32.543;4.979;0.037935;0.016072;1.0;2899.04
facility:0000477;17098;524;74;2.0;17098;43427937.9;C;3;03;43.837;3.896;0.030647;0.004328;1.0;2539.94
facility:0000485;2818;0;0;0.0;2818;4461577.49;H;1;03;58.367;0.013;0.0;0.0;1.0;1583.24
facility:0000531;285;6;229;4.0;285;427500.0;B;3;03;54.586;4.305;0.021053;0.803509;1.0;1500.0
facility:0000566;5695;242;240;1.0;5695;7998537.86;N;1;03;30.189;4.176;0.042493;0.042142;1.0;1404.48
facility:0000582;13718;1304;90;2.75;13718;37066970.22;C;3;03;53.355;4.389;0.095058;0.006561;1.0;2702.07
facility:0000604;735;15;577;1.0;735;654082.8;J;3;99;60.789;1.268;0.020408;0.785034;1.0;889.91
facility:0000655;35962;4050;2672;5.0;35962;75805362.78;I;1;03;45.236;7.121;0.112619;0.074301;1.0;2107.93
facility:0000671;3743;0;33;2.0;3743;1946637.79;O;3;99;20.704;2.627;0.0;0.008816;1.0;520.07
facility:0000701;4327;0;134;2.0;4327;2256213.79;O;3;03;21.262;2.514;0.0;0.030968;1.0;521.43
facility:0000809;2089;54;2;7.0;2089;2803234.56;D;1;03;36.539;7.064;0.02585;0.000957;1.0;1341.9
facility:0000981;1963;141;92;13.5;1963;5095803.95;B;1;99;38.181;13.327;0.071829;0.046867;1.0;2595.93
facility:0001015;3038;0;31;2.0;3038;1301656.17;J;1;03;4.653;3.374;0.0;0.010204;1.0;428.46
facility:0001120;6358;460;632;5.0;6358;58469139.11;I;1;99;48.894;7.011;0.07235;0.099402;1.0;9196.15
facility:0001546;3375;11;1009;8.0;3375;1869303.62;F;1;03;37.121;10.937;0.003259;0.298963;1.0;553.87
facility:0002232;16128;158;87;2.0;16128;19016087.5;O;3;03;24.043;3.255;0.009797;0.005394;1.0;1179.07
facility:0002275;2779;80;173;1.0;2779;5001615.57;F;3;99;42.282;5.617;0.028787;0.062253;1.0;1799.79
facility:0002283;7426;494;19;4.0;7426;38313943.58;I;1;99;56.164;6.527;0.066523;0.002559;1.0;5159.43
facility:0002372;1236;88;616;3.0;1236;1104204.27;B;1;99;48.365;3.855;0.071197;0.498382;1.0;893.37
facility:0002534;3352;152;14;2.0;3352;6325427.62;K;3;99;40.816;7.208;0.045346;0.004177;1.0;1887.06
facility:0003417;91;0;0;1.0;91;112047.62;C;3;99;44.747;1.0;0.0;0.0;1.0;1231.29
facility:0003581;106;0;0;0.0;106;338021.79;H;1;99;58.104;0.0;0.0;0.0;1.0;3188.88
facility:0003778;6756;273;54;2.0;6756;4204467.71;N;3;03;46.969;3.42;0.040409;0.007993;1.0;622.33
facility:0003786;14933;1473;42;2.0;14933;57485502.34;C;3;03;55.028;4.786;0.098641;0.002813;1.0;3849.56
facility:0003794;5133;9;53;3.0;5133;2925266.52;O;3;03;26.58;4.487;0.001753;0.010325;1.0;569.89
facility:0003816;7841;233;56;5.0;7841;16790842.03;K;3;99;44.206;8.456;0.029716;0.007142;1.0;2141.42
facility:0003832;8291;250;5;1.0;8291;26285502.69;C;3;03;57.037;3.761;0.030153;0.000603;1.0;3170.37
facility:0003840;7363;19;296;2.0;7363;4240879.63;O;3;99;25.095;3.249;0.00258;0.040201;1.0;575.97
facility:0003859;18298;1232;771;5.0;18298;61490777.75;O;3;99;39.075;9.712;0.06733;0.042136;1.0;3360.52
facility:0003875;9296;281;178;5.0;9296;74180703.33;I;1;03;55.282;6.675;0.030228;0.019148;1.0;7979.85
facility:0003972;684;0;24;2.0;684;278340.48;O;3;99;25.592;2.474;0.0;0.035088;1.0;406.93
facility:0003980;6765;349;466;3.5;6765;7215339.76;S;1;03;44.91;5.502;0.051589;0.068884;1.0;1066.57
facility:0004065;2033;159;148;8.0;2033;3110374.15;A;1;99;54.564;13.322;0.07821;0.072799;1.0;1529.94
facility:0004073;5836;861;180;3.5;5836;22307141.47;K;1;03;53.64;6.749;0.147533;0.030843;1.0;3822.33
facility:0004170;7438;20;148;3.0;7438;3994947.43;O;3;99;23.343;3.73;0.002689;0.019898;1.0;537.1
facility:0004251;1413;69;12;1.5;1413;10495936.71;K;1;03;52.941;5.904;0.048832;0.008493;1.0;7428.12
facility:0004278;8878;157;49;1.5;8878;22755072.4;K;1;03;6.256;4.702;0.017684;0.005519;1.0;2563.09
facility:0004294;16517;496;163;4.5;16517;31501233.75;S;1;99;38.224;7.148;0.03003;0.009869;1.0;1907.2
facility:0004731;2455;19;44;3.0;2455;3042924.89;O;3;03;23.259;5.478;0.007739;0.017923;1.0;1239.48
facility:0004960;1398;0;0;0.0;1398;2340344.44;H;3;99;60.815;0.011;0.0;0.0;1.0;1674.07
facility:0004979;666;77;35;12.0;666;1036055.74;N;1;03;58.224;14.533;0.115616;0.052553;1.0;1555.64
facility:0004987;1657;264;50;13.0;1657;1879569.4;M;1;99;56.783;15.157;0.159324;0.030175;1.0;1134.32
facility:0005428;2518;495;180;7.5;2518;23676089.45;B;1;03;38.008;12.18;0.196585;0.071485;1.0;9402.74
facility:0006157;2070;0;0;0.0;2070;3259925.27;H;3;99;56.809;0.015;0.0;0.0;1.0;1574.84
facility:0006564;539;0;24;1.0;539;279567.0;O;3;03;27.167;1.488;0.0;0.044527;1.0;518.68
facility:0007641;7312;110;18;2.0;7312;5097955.25;O;3;99;38.334;2.278;0.015044;0.002462;1.0;697.2
facility:0007684;7324;137;59;2.0;7324;5564648.02;O;3;03;26.153;3.003;0.018706;0.008056;1.0;759.78
facility:0008028;8577;1014;275;3.0;8577;14619132.19;S;1;99;43.648;5.955;0.118223;0.032062;1.0;1704.46
facility:0008036;7543;34;50;3.0;7543;7875082.1;O;3;01;23.199;4.703;0.004507;0.006629;1.0;1044.03
facility:0008052;5240;861;80;7.0;5240;17440848.93;B;1;01;47.583;10.688;0.164313;0.015267;1.0;3328.41
facility:0008087;1313;210;531;2.0;1313;1060536.57;B;1;01;59.363;3.624;0.159939;0.404417;1.0;807.72
facility:0008141;638;39;293;2.25;638;399884.31;I;1;01;61.016;3.213;0.061129;0.459248;1.0;626.78
facility:0008494;1233;192;302;4.0;1233;700190.64;I;1;99;63.852;5.453;0.155718;0.244931;1.0;567.88
facility:0008923;15252;2037;1145;4.0;15252;55183782.33;S;1;01;51.565;5.045;0.133556;0.075072;1.0;3618.13
facility:0009601;4181;394;38;3.0;4181;15001159.14;C;1;01;63.181;4.624;0.094236;0.009089;1.0;3587.94
facility:0009628;24972;2408;1249;2.0;24972;33106046.7;O;3;01;41.85;4.552;0.096428;0.050016;1.0;1325.73
facility:0009709;9192;491;205;4.0;9192;15165821.38;O;3;03;35.988;8.138;0.053416;0.022302;1.0;1649.89
facility:0009717;30246;2154;323;3.0;30246;91164003.35;S;1;03;45.722;5.717;0.071216;0.010679;1.0;3014.08
facility:0009725;12504;2165;981;7.0;12504;62487149.43;B;3;03;44.407;9.318;0.173145;0.078455;1.0;4997.37
facility:0009733;4230;105;138;0.25;4230;4650687.4;H;1;03;59.122;6.195;0.024823;0.032624;1.0;1099.45
facility:0009768;6655;27;105;2.0;6655;7377632.01;O;3;01;24.491;3.531;0.004057;0.015778;1.0;1108.58
facility:0009776;3080;446;95;2.0;3080;6044033.87;C;3;99;61.343;4.031;0.144805;0.030844;1.0;1962.35
facility:0010448;67;0;20;2.0;67;4605.86;B;1;01;44.507;8.284;0.0;0.298507;1.0;68.74
facility:0010456;24781;2211;1571;5.0;24781;82731681.82;I;1;99;50.657;8.05;0.089222;0.063395;1.0;3338.51
facility:0010464;9326;352;507;4.0;9326;15102079.0;B;3;99;44.723;7.206;0.037744;0.054364;1.0;1619.35
facility:0010472;22202;498;1022;3.0;22202;18080402.59;O;3;99;30.664;4.539;0.02243;0.046032;1.0;814.36
facility:0010480;20833;659;384;3.5;20833;20212076.8;O;3;99;32.765;5.635;0.031633;0.018432;1.0;970.2
facility:0010499;22909;721;1564;3.0;22909;18940768.95;O;3;99;30.468;5.923;0.031472;0.06827;1.0;826.78
facility:0010502;12539;392;1016;3.0;12539;10103723.06;O;3;03;33.483;5.345;0.031262;0.081027;1.0;805.78
facility:0010510;11170;339;251;2.0;11170;15426309.37;O;3;99;39.732;5.096;0.030349;0.022471;1.0;1381.05
facility:0010529;13316;375;1261;2.0;13316;6987482.48;O;3;03;35.46;3.168;0.028162;0.094698;1.0;524.74
facility:0010537;17621;109;760;2.0;17621;13438762.52;O;3;99;15.403;3.637;0.006186;0.04313;1.0;762.66
facility:0010545;5186;96;205;3.0;5186;2163300.04;O;3;99;28.692;5.114;0.018511;0.03953;1.0;417.14
facility:0011738;7233;797;121;3.0;7233;17111707.13;C;3;03;59.179;4.3;0.110189;0.016729;1.0;2365.78
facility:0011746;10756;477;181;2.0;10756;20430429.53;C;3;03;55.066;3.843;0.044347;0.016828;1.0;1899.44
facility:0011800;6050;95;228;4.0;6050;8667644.35;J;1;03;7.364;7.134;0.015702;0.037686;1.0;1432.67
facility:0011843;4973;3;53;2.0;4973;3576669.98;O;3;03;22.796;2.692;0.000603;0.010658;1.0;719.22
facility:0011991;3595;67;89;4.0;3595;2125506.58;S;1;99;48.394;5.17;0.018637;0.024757;1.0;591.24
facility:0012017;219;1;95;4.0;219;128642.13;N;3;99;62.913;6.096;0.004566;0.43379;1.0;587.41
facility:0012505;5320;514;95;3.0;5320;17301751.26;C;3;99;50.44;8.537;0.096617;0.017857;1.0;3252.21
facility:0012513;2983;763;755;6.0;2983;2398095.07;I;1;99;60.447;10.455;0.255783;0.253101;1.0;803.92
facility:0012521;11262;785;751;3.0;11262;18005781.47;O;3;03;36.375;6.373;0.069703;0.066684;1.0;1598.81
facility:0012556;2204;156;28;5.0;2204;1967696.33;K;3;01;52.95;9.258;0.07078;0.012704;1.0;892.78
facility:0012599;2008;11;75;5.0;2008;1215103.92;J;1;99;6.011;5.845;0.005478;0.037351;1.0;605.13
facility:0012610;49;0;0;0.0;49;146844.27;H;1;99;64.265;0.0;0.0;0.0;1.0;2996.82
facility:0012769;587;73;17;23.5;587;3054998.12;A;1;03;47.99;19.479;0.124361;0.028961;1.0;5204.43
facility:0012823;910;0;0;31.0;910;1327272.65;F;1;99;41.812;29.418;0.0;0.0;1.0;1458.54
facility:0013633;23640;2050;63;2.0;23640;91499658.95;I;1;01;50.763;3.553;0.086717;0.002665;1.0;3870.54
facility:0013838;4100;502;2;3.5;4100;12441149.11;B;3;01;54.499;4.752;0.122439;0.000488;1.0;3034.43
facility:0013846;29170;2416;448;3.0;29170;125015803.71;B;3;01;46.688;5.57;0.082825;0.015358;1.0;4285.77
facility:0014109;9273;854;178;3.0;9273;18754123.32;O;3;01;39.553;4.475;0.092095;0.019196;1.0;2022.44
facility:0014125;4051;452;15;3.0;4051;10096613.05;S;1;04;54.355;4.01;0.111577;0.003703;1.0;2492.38
facility:0015180;273;9;115;1.0;273;182033.82;B;3;01;53.223;2.377;0.032967;0.421245;1.0;666.79
facility:0015245;30638;2063;90;2.5;30638;91043456.99;O;3;01;37.83;4.365;0.067335;0.002938;1.0;2971.59
facility:0015318;217;7;0;3.0;217;2197167.03;K;3;01;52.24;6.323;0.032258;0.0;1.0;10125.19
facility:0015334;12841;1790;50;3.0;12841;69348405.29;I;3;01;58.327;5.632;0.139397;0.003894;1.0;5400.55
facility:0015369;21747;1402;640;2.0;21747;71888603.59;S;1;01;37.732;4.631;0.064469;0.029429;1.0;3305.68
facility:0015407;13546;569;180;2.0;13546;29529891.89;S;1;99;47.367;4.141;0.042005;0.013288;1.0;2179.97
facility:0015415;1255;16;290;4.0;1255;1393454.96;B;1;99;46.905;6.265;0.012749;0.231076;1.0;1110.32
facility:0015423;3968;409;7;3.0;3968;12095546.74;I;1;01;59.552;4.692;0.103075;0.001764;1.0;3048.27
facility:0015563;8847;88;19;2.0;8847;31071730.17;K;1;99;7.347;5.402;0.009947;0.002148;1.0;3512.12
facility:0015601;1849;383;78;5.0;1849;2173247.68;B;3;01;72.676;6.257;0.207139;0.042185;1.0;1175.36
facility:0015636;2060;0;0;0.0;2060;3640502.92;H;1;99;55.169;0.016;0.0;0.0;1.0;1767.23
facility:0015644;11997;1279;0;1.0;11997;29235787.24;C;3;01;55.038;3.393;0.10661;0.0;1.0;2436.92
facility:0015962;2;1;1;17.5;2;3000.0;B;1;01;66.5;17.5;0.5;0.5;1.0;1500.0
facility:0016209;516;0;0;0.0;516;1693280.07;H;1;01;57.188;0.072;0.0;0.0;1.0;3281.55
facility:0016462;3489;244;704;5.0;3489;2202611.44;J;3;99;63.818;7.151;0.069934;0.201777;1.0;631.3
facility:0017574;1458;0;58;2.0;1458;649103.0;O;3;01;23.995;2.093;0.0;0.039781;1.0;445.2
facility:0017612;901;44;105;3.0;901;864643.4;B;3;03;51.929;3.376;0.048835;0.116537;1.0;959.65
facility:0017663;1275;77;170;7.0;1275;3691140.31;B;1;01;51.272;12.38;0.060392;0.133333;1.0;2895.01
facility:0017779;733;42;481;1.0;733;348881.68;B;1;99;53.697;2.165;0.057299;0.656207;1.0;475.96
facility:0017868;5868;316;32;2.0;5868;13657360.96;I;1;01;51.318;3.359;0.053851;0.005453;1.0;2327.43
facility:0017884;6673;304;67;2.0;6673;10416947.72;O;3;01;36.797;3.401;0.045557;0.01004;1.0;1561.06
facility:0018090;336;7;6;2.75;336;151357.16;J;3;99;30.557;2.708;0.020833;0.017857;1.0;450.47
facility:0018333;3098;22;170;2.0;3098;1252299.83;O;3;99;27.179;2.24;0.007101;0.054874;1.0;404.23
facility:0018368;29;0;0;20.0;29;24478.9;A;1;01;57.0;20.793;0.0;0.0;1.0;844.1
facility:0018600;960;39;542;2.0;960;581218.0;B;1;01;49.255;2.678;0.040625;0.564583;1.0;605.44
facility:0018694;794;43;75;2.0;794;372352.07;K;3;01;54.411;2.919;0.054156;0.094458;1.0;468.96
facility:0019194;266;8;171;2.0;266;275320.24;B;3;01;58.737;2.199;0.030075;0.642857;1.0;1035.04
facility:0019283;7071;23;145;2.0;7071;6305055.72;O;3;01;26.695;3.398;0.003253;0.020506;1.0;891.68
facility:0019305;681;224;87;4.0;681;6111558.18;B;1;01;59.646;11.198;0.328928;0.127753;1.0;8974.39
facility:0019402;1372;129;21;5.0;1372;10156654.85;I;1;01;61.614;8.5;0.094023;0.015306;1.0;7402.81
facility:0019445;3091;600;47;5.0;3091;6136650.21;C;1;01;57.056;9.173;0.194112;0.015205;1.0;1985.33
facility:0020516;5472;9;743;2.0;5472;3587127.56;O;3;99;26.925;2.833;0.001645;0.135782;1.0;655.54
facility:0021520;1147;220;218;3.0;1147;569580.33;I;1;99;64.411;4.766;0.191805;0.190061;1.0;496.58
facility:0024074;3840;392;56;4.0;3840;23167351.58;B;3;03;44.66;7.092;0.102083;0.014583;1.0;6033.16
facility:0024228;855;54;167;2.5;855;318074.55;J;1;99;25.807;3.585;0.063158;0.195322;1.0;372.02
facility:0025135;8497;528;740;3.0;8497;10519879.09;O;3;01;42.502;5.462;0.06214;0.08709;1.0;1238.07
facility:0025143;3621;557;259;4.0;3621;4362978.89;I;1;01;48.772;6.929;0.153825;0.071527;1.0;1204.91
facility:0025186;1042;109;4;2.0;1042;2743638.43;C;3;02;61.295;3.822;0.104607;0.003839;1.0;2633.05
facility:0025399;693;0;9;2.0;693;393080.29;O;3;99;24.587;2.25;0.0;0.012987;1.0;567.22
facility:0026050;414;4;15;1.0;414;2719780.15;I;1;03;64.379;1.551;0.009662;0.036232;1.0;6569.52
facility:0026417;1678;288;255;4.75;1678;824621.12;J;1;99;57.001;6.329;0.171633;0.151967;1.0;491.43
facility:0026484;19;0;0;0.0;19;59543.23;H;1;99;53.158;0.0;0.0;0.0;1.0;3133.85
facility:0026549;224;0;0;0.0;224;813094.34;H;1;99;56.598;0.0;0.0;0.0;1.0;3629.89
facility:0026557;16;0;0;0.0;16;57652.42;H;1;03;57.75;0.0;0.0;0.0;1.0;3603.28
facility:0026719;1936;0;0;0.0;1936;4311916.24;H;1;03;49.478;0.001;0.0;0.0;1.0;2227.23
facility:0026794;17207;124;190;2.0;17207;23432366.24;O;3;03;22.549;3.835;0.007206;0.011042;1.0;1361.79
facility:0026808;5991;249;41;2.0;5991;19209284.74;N;1;03;56.179;4.513;0.041562;0.006844;1.0;3206.36
facility:0026840;15779;802;105;4.0;15779;34702589.37;S;1;03;55.446;5.611;0.050827;0.006654;1.0;2199.29
facility:0026859;3051;194;6;5.5;3051;20317316.23;C;1;99;55.243;7.292;0.063586;0.001967;1.0;6659.23
facility:0026913;895;15;147;7.75;895;430501.07;I;3;03;55.187;10.809;0.01676;0.164246;1.0;481.01
facility:0026921;19407;655;3671;4.0;19407;44395375.87;S;1;03;41.354;6.202;0.033751;0.189159;1.0;2287.6
facility:0026948;5708;52;386;3.0;5708;6978535.5;J;1;03;5.775;5.98;0.00911;0.067624;1.0;1222.59
facility:0026964;3437;281;204;5.0;3437;5801768.07;C;1;03;57.894;6.695;0.081757;0.059354;1.0;1688.03
facility:0026972;6989;41;177;3.0;6989;9547988.12;O;3;03;21.195;4.315;0.005866;0.025326;1.0;1366.15
facility:0027014;43038;3136;86;5.0;43038;164215187.91;C;3;03;47.155;7.106;0.072866;0.001998;1.0;3815.59
facility:0027022;7828;509;257;4.0;7828;29577817.2;B;3;03;41.681;7.841;0.065023;0.032831;1.0;3778.46
facility:0027049;16592;718;112;3.0;16592;62497314.89;C;3;03;42.158;6.526;0.043274;0.00675;1.0;3766.71
facility:0027820;612;0;9;2.0;612;348823.58;J;1;03;4.49;1.933;0.0;0.014706;1.0;569.97
facility:0027863;21779;1204;1611;3.0;21779;31715811.63;S;3;03;45.689;5.689;0.055283;0.07397;1.0;1456.26
facility:0052825;1165;0;148;1.0;1165;676681.75;O;3;99;36.286;1.033;0.0;0.127039;1.0;580.84
facility:0073482;4504;57;0;2.0;4504;2360633.93;O;3;03;27.591;3.43;0.012655;0.0;1.0;524.12
facility:0086126;4777;1188;294;7.5;4777;50629075.31;B;1;03;55.488;10.257;0.248692;0.061545;1.0;10598.51
facility:0086673;8373;1411;245;4.0;8373;51793516.24;B;1;03;49.002;7.633;0.168518;0.029261;1.0;6185.78
facility:0088935;1066;406;293;7.0;1066;17194200.0;B;1;99;62.8;8.514;0.380863;0.274859;1.0;16129.64
facility:0090301;1667;357;117;8.0;1667;2324886.56;B;3;99;58.607;9.833;0.214157;0.070186;1.0;1394.65
facility:0092894;1442;197;30;7.0;1442;12441990.46;B;1;01;56.135;9.754;0.136616;0.020804;1.0;8628.29
facility:0093297;110;11;18;6.0;110;171299.19;B;1;03;63.227;9.682;0.1;0.163636;1.0;1557.27
facility:0100358;643;160;33;9.0;643;7529243.6;B;1;03;54.942;11.829;0.248834;0.051322;1.0;11709.55
facility:0101826;2918;892;126;6.0;2918;6881283.35;B;1;99;59.696;9.048;0.305689;0.04318;1.0;2358.22
facility:0102075;1569;233;43;7.0;1569;13126447.1;B;1;01;55.65;11.217;0.148502;0.027406;1.0;8366.12
facility:0102091;668;407;175;7.25;668;8859869.83;B;1;99;59.223;8.837;0.609281;0.261976;1.0;13263.28
facility:0102105;4274;870;59;7.0;4274;45145581.98;B;1;01;57.012;10.049;0.203556;0.013804;1.0;10562.84
facility:0102547;342;9;73;5.0;342;438748.13;B;1;03;54.956;5.775;0.026316;0.21345;1.0;1282.89
facility:0102741;1238;177;312;7.0;1238;2036592.98;B;1;01;55.324;8.128;0.142973;0.252019;1.0;1645.07
facility:0102792;395;63;130;5.0;395;598587.71;B;1;01;57.377;6.018;0.159494;0.329114;1.0;1515.41
facility:0103284;3601;1256;97;8.0;3601;10852880.35;B;1;03;56.605;9.528;0.348792;0.026937;1.0;3013.85
facility:0103462;562;87;130;4.0;562;614888.21;B;1;01;59.084;5.158;0.154804;0.231317;1.0;1094.11
facility:0103594;724;205;67;8.5;724;8061652.12;B;1;03;56.873;11.069;0.283149;0.092541;1.0;11134.88
facility:0103993;585;156;7;8.0;585;961511.74;B;1;01;55.668;10.123;0.266667;0.011966;1.0;1643.61
facility:0104167;1306;33;290;7.0;1306;1724516.77;B;1;99;58.128;7.339;0.025268;0.222052;1.0;1320.46
facility:0104213;537;12;155;4.75;537;715906.03;B;1;03;57.767;5.028;0.022346;0.288641;1.0;1333.16
facility:0104515;2021;511;0;7.0;2021;2820191.97;B;1;04;58.671;9.436;0.252845;0.0;1.0;1395.44
facility:0104523;851;47;457;1.0;851;1276861.08;B;3;99;54.559;2.455;0.055229;0.537015;1.0;1500.42
facility:0104795;1269;338;42;8.0;1269;13304225.01;B;1;01;58.15;11.028;0.266351;0.033097;1.0;10484.02
facility:0104892;531;144;8;6.0;531;2752888.53;B;1;99;56.181;9.798;0.271186;0.015066;1.0;5184.35
facility:0105317;2446;679;29;9.0;2446;4580939.55;B;1;99;60.344;11.083;0.277596;0.011856;1.0;1872.83
facility:0105449;384;40;121;4.75;384;631093.14;B;1;99;59.872;5.734;0.104167;0.315104;1.0;1643.47
facility:0105457;214;2;43;5.0;214;321000.0;B;3;99;51.505;5.346;0.009346;0.200935;1.0;1500.0
facility:0105589;1150;25;322;3.0;1150;1448778.86;B;1;99;55.903;3.883;0.021739;0.28;1.0;1259.81
facility:0105597;1087;3;147;4.0;1087;1501121.2;B;1;01;54.259;4.555;0.00276;0.135235;1.0;1380.98
facility:0105619;22;2;3;3.0;22;23465.42;B;1;01;67.227;4.091;0.090909;0.136364;1.0;1066.61
facility:0105678;588;25;150;4.0;588;968407.04;B;1;99;53.412;4.714;0.042517;0.255102;1.0;1646.95
facility:0105759;2970;648;143;9.0;2970;29619912.3;B;1;01;59.05;12.307;0.218182;0.048148;1.0;9973.03
facility:0105767;1912;257;197;7.0;1912;13028468.24;B;1;01;56.746;9.726;0.134414;0.103033;1.0;6814.05
facility:0105805;3625;1824;27;7.0;3625;55176653.65;B;1;99;60.45;8.549;0.503172;0.007448;1.0;15221.15
facility:0106496;505;7;10;4.0;505;899535.02;B;1;03;51.422;5.156;0.013861;0.019802;1.0;1781.26
facility:0106526;1316;291;100;8.0;1316;14531843.09;B;1;99;58.328;9.995;0.221125;0.075988;1.0;11042.43
facility:0107689;779;136;14;6.0;779;3670866.43;B;1;99;57.496;7.698;0.174583;0.017972;1.0;4712.28
facility:0107816;6;0;0;4.5;6;2104.65;N;1;03;61.667;5.833;0.0;0.0;1.0;350.78
facility:0107913;65;2;8;3.0;65;59922.1;J;1;03;43.046;3.985;0.030769;0.123077;1.0;921.88
facility:0108375;2381;436;58;6.0;2381;21111819.7;B;1;03;55.701;9.876;0.183116;0.02436;1.0;8866.79
facility:0109703;1007;151;228;6.0;1007;1889399.52;B;1;01;53.538;6.938;0.14995;0.226415;1.0;1876.27
facility:0109746;4923;147;2653;7.0;4923;7118832.58;B;1;99;56.433;6.109;0.02986;0.538899;1.0;1446.04
facility:0110140;579;58;84;3.0;579;232351.01;S;1;99;51.931;3.468;0.100173;0.145078;1.0;401.3
facility:0110310;440;24;142;4.5;440;633655.45;B;1;99;53.7;5.305;0.054545;0.322727;1.0;1440.13
facility:0110345;182;18;70;4.0;182;260866.2;B;1;01;58.61;4.247;0.098901;0.384615;1.0;1433.33
facility:0110612;1084;257;430;4.0;1084;1902588.69;B;1;99;57.042;4.714;0.237085;0.396679;1.0;1755.16
facility:0110981;1837;155;698;3.25;1837;2803107.59;B;1;99;57.687;4.925;0.084377;0.379967;1.0;1525.92
facility:0111163;544;135;43;5.0;544;1072226.49;B;1;99;57.991;6.417;0.248162;0.079044;1.0;1971.0
facility:0111171;75;4;57;2.0;75;112500.0;B;1;99;56.467;2.013;0.053333;0.76;1.0;1500.0
facility:0111775;30;0;5;3.75;30;45000.0;B;1;99;60.533;4.5;0.0;0.166667;1.0;1500.0
facility:0111813;313;5;101;6.0;313;352722.64;B;3;99;54.546;6.016;0.015974;0.322684;1.0;1126.91
facility:0111856;418;60;100;6.0;418;627000.0;B;1;99;57.6;7.05;0.143541;0.239234;1.0;1500.0
facility:0112062;595;114;45;7.0;595;896034.7;B;1;01;55.434;7.375;0.191597;0.07563;1.0;1505.94
facility:0112542;1620;57;134;5.0;1620;2382117.29;B;3;99;51.582;5.79;0.035185;0.082716;1.0;1470.44
facility:0112755;127;0;27;6.0;127;191676.84;B;1;03;57.567;6.575;0.0;0.212598;1.0;1509.27
facility:0113115;764;277;82;7.75;764;5025841.92;B;3;99;61.568;9.891;0.362565;0.10733;1.0;6578.33
facility:0113891;1108;339;78;7.0;1108;6449656.82;B;1;99;60.351;9.585;0.305957;0.070397;1.0;5820.99
facility:0113921;905;149;90;6.0;905;1324970.82;B;1;03;55.305;6.99;0.164641;0.099448;1.0;1464.06
facility:0115509;571;122;49;7.0;571;919845.67;B;1;99;56.555;9.271;0.21366;0.085814;1.0;1610.94
facility:0115878;835;4;239;4.0;835;1300996.73;B;1;99;53.32;4.383;0.00479;0.286228;1.0;1558.08
facility:0118095;275;2;81;4.0;275;430535.65;B;1;03;49.913;4.324;0.007273;0.294545;1.0;1565.58
facility:0118427;774;87;163;4.0;774;870578.02;B;1;03;54.311;5.762;0.112403;0.210594;1.0;1124.78
facility:0119016;366;88;49;9.0;366;649020.09;B;1;99;64.724;10.667;0.240437;0.13388;1.0;1773.28
facility:0119326;503;63;23;6.0;503;764303.56;B;1;03;43.129;8.109;0.125249;0.045726;1.0;1519.49
facility:0119377;67;1;32;4.0;67;100500.0;B;1;01;54.657;4.015;0.014925;0.477612;1.0;1500.0
facility:0126772;635;104;31;7.25;635;5745711.13;B;1;01;54.784;9.992;0.16378;0.048819;1.0;9048.36
facility:0127248;243;3;85;3.0;243;365041.62;B;1;99;51.663;3.811;0.012346;0.349794;1.0;1502.23
facility:0127604;1056;49;118;8.0;1056;1619599.38;B;1;99;55.908;10.172;0.046402;0.111742;1.0;1533.71
facility:0127647;217;2;43;4.0;217;283291.32;B;1;03;51.954;4.512;0.009217;0.198157;1.0;1305.49
facility:0127752;277;0;9;4.0;277;442840.47;B;1;03;51.534;4.224;0.0;0.032491;1.0;1598.7
facility:0127876;345;42;12;6.25;345;1352482.09;B;1;03;52.452;9.177;0.121739;0.034783;1.0;3920.24
facility:0128341;650;14;206;5.0;650;1003731.52;B;1;99;56.269;5.054;0.021538;0.316923;1.0;1544.2
facility:0128651;248;11;119;3.25;248;373133.14;B;1;04;51.113;3.367;0.044355;0.479839;1.0;1504.57
facility:0129968;105;0;105;2.0;105;157500.0;B;1;03;56.771;2.067;0.0;1.0;1.0;1500.0
facility:0130575;293;17;162;2.0;293;439760.78;B;3;99;57.949;3.126;0.05802;0.552901;1.0;1500.89
facility:0130753;38;0;9;3.0;38;59479.81;B;1;99;54.395;4.026;0.0;0.236842;1.0;1565.26
facility:0131202;1091;84;106;8.0;1091;1609818.68;B;1;03;55.015;10.548;0.076994;0.097159;1.0;1475.54
facility:0131237;593;287;34;6.25;593;6404408.98;B;1;99;61.086;7.757;0.48398;0.057336;1.0;10800.02
facility:0131709;1;1;0;6.0;1;1500.0;B;3;03;42.0;6.0;1.0;0.0;1.0;1500.0
facility:0133272;1387;144;852;4.5;1387;2130577.78;B;1;01;57.159;4.95;0.103821;0.614275;1.0;1536.11
facility:0134163;962;30;132;4.0;962;1199604.71;B;1;01;60.677;5.063;0.031185;0.137214;1.0;1246.99
facility:0134252;6683;1795;352;8.0;6683;67198174.72;B;1;99;60.243;11.079;0.268592;0.052671;1.0;10055.09
facility:0135569;391;0;217;2.0;391;611805.17;B;1;99;55.816;3.074;0.0;0.554987;1.0;1564.72
facility:0136131;198;25;78;4.5;198;290648.63;B;1;01;58.369;5.096;0.126263;0.393939;1.0;1467.92
facility:0136328;390;47;67;4.5;390;765292.08;B;1;01;56.395;5.915;0.120513;0.171795;1.0;1962.29
facility:0136581;3835;909;207;8.0;3835;16360252.77;B;1;03;56.926;11.215;0.237027;0.053977;1.0;4266.04
facility:0145602;109;40;21;4.75;109;1208160.9;B;3;03;62.606;6.789;0.366972;0.192661;1.0;11084.04
facility:0145688;131;0;0;3.5;131;259212.32;B;1;03;48.756;4.695;0.0;0.0;1.0;1978.72
facility:0145742;1368;10;244;7.0;1368;1885540.07;B;1;99;50.797;8.425;0.00731;0.178363;1.0;1378.32
facility:0147028;1552;551;53;8.0;1552;11655615.18;B;1;99;62.231;10.177;0.355026;0.034149;1.0;7510.06
facility:0147907;798;334;25;8.0;798;7519968.64;B;1;03;59.31;11.501;0.418546;0.031328;1.0;9423.52
facility:0150312;3;0;3;8.0;3;132.66;J;3;04;75.667;6.333;0.0;1.0;1.0;44.22
facility:0151475;240;46;32;6.5;240;381018.32;B;1;03;56.054;8.012;0.191667;0.133333;1.0;1587.58
facility:0152617;45;0;11;4.0;45;47509.67;B;3;99;53.156;4.556;0.0;0.244444;1.0;1055.77
facility:0153087;562;20;123;6.5;562;3763545.96;B;1;03;56.246;6.351;0.035587;0.218861;1.0;6696.7
facility:0154369;554;52;74;7.0;554;628392.39;B;1;99;52.866;7.625;0.093863;0.133574;1.0;1134.28
facility:0154687;271;125;9;7.0;271;406500.0;B;1;99;56.948;10.568;0.461255;0.03321;1.0;1500.0
facility:0155055;8191;15;84;2.0;8191;4792421.31;O;3;99;22.541;3.036;0.001831;0.010255;1.0;585.08
facility:0157392;155;14;36;3.0;155;226773.76;B;1;03;55.677;4.09;0.090323;0.232258;1.0;1463.06
facility:0157414;437;0;44;4.0;437;655500.0;B;1;99;50.954;5.366;0.0;0.100686;1.0;1500.0
facility:0158100;1266;136;152;8.0;1266;3803877.36;B;1;99;57.115;9.713;0.107425;0.120063;1.0;3004.64
facility:0158119;1001;32;333;6.0;1001;2724567.82;B;1;01;55.772;7.151;0.031968;0.332667;1.0;2721.85
facility:0161438;2624;393;44;6.0;2624;30214662.0;B;1;99;56.472;9.741;0.149771;0.016768;1.0;11514.73
facility:0163279;2558;61;209;4.0;2558;3986146.4;B;1;99;54.858;5.005;0.023847;0.081704;1.0;1558.31
facility:0163864;670;135;37;7.5;670;800260.74;B;1;03;57.942;8.313;0.201493;0.055224;1.0;1194.42
facility:0163872;135;0;2;4.0;135;202500.0;B;1;03;60.778;4.015;0.0;0.014815;1.0;1500.0
facility:0164542;114;0;40;1.0;114;70163.69;O;3;99;44.237;1.904;0.0;0.350877;1.0;615.47
facility:0176664;2437;603;51;7.0;2437;13766825.31;B;1;99;51.066;11.274;0.247435;0.020927;1.0;5649.09
facility:0179434;197;0;0;0.0;197;495245.91;H;3;99;64.107;0.005;0.0;0.0;1.0;2513.94
facility:0179817;2631;418;20;3.0;2631;4129674.04;S;1;03;41.901;6.04;0.158875;0.007602;1.0;1569.62
facility:0180505;1047;155;44;7.0;1047;6738651.56;B;1;99;54.577;9.454;0.148042;0.042025;1.0;6436.15
facility:0180637;1177;94;272;8.0;1177;2445533.91;B;1;99;56.528;10.538;0.079864;0.231096;1.0;2077.77
facility:0181277;1717;240;55;6.0;1717;11665760.65;B;3;03;42.765;6.653;0.139779;0.032033;1.0;6794.27
facility:0181927;731;191;101;6.0;731;2685861.49;B;1;01;61.61;8.218;0.261286;0.138167;1.0;3674.23
facility:0182974;1074;0;0;2.0;1074;566748.97;O;3;99;24.827;2.64;0.0;0.0;1.0;527.7
facility:0183229;33;1;14;1.0;33;49500.0;B;1;03;46.455;1.758;0.030303;0.424242;1.0;1500.0
facility:0184632;457;40;263;1.0;457;686382.64;B;1;99;55.685;2.827;0.087527;0.575492;1.0;1501.93
facility:0188425;2257;229;16;4.0;2257;2872782.59;B;3;03;48.546;4.9;0.101462;0.007089;1.0;1272.83
facility:0189979;2391;69;789;2.25;2391;4976447.62;B;3;01;57.372;3.467;0.028858;0.329987;1.0;2081.32
facility:0191493;7;0;2;5.0;7;8664.84;B;1;01;47.286;4.714;0.0;0.285714;1.0;1237.83
facility:0191787;267;0;19;5.5;267;400625.0;B;1;03;53.39;6.33;0.0;0.071161;1.0;1500.47
facility:0196231;1160;244;38;8.0;1160;2051913.86;B;1;99;55.08;9.562;0.210345;0.032759;1.0;1768.89
facility:0196398;147;7;29;3.0;147;62990.59;S;1;04;44.639;4.857;0.047619;0.197279;1.0;428.51
facility:0197831;1079;49;206;4.0;1079;1324527.27;B;1;99;58.346;4.918;0.045412;0.190918;1.0;1227.55
facility:0208116;102;0;0;8.0;102;157334.42;B;3;03;51.608;9.039;0.0;0.0;1.0;1542.49
facility:0210188;713;22;241;3.75;713;1069500.0;B;1;03;53.752;4.684;0.030856;0.338008;1.0;1500.0
facility:0211125;194;20;47;3.5;194;254487.66;B;1;03;55.866;3.835;0.103093;0.242268;1.0;1311.79
facility:0211397;132;0;20;3.0;132;175060.5;B;1;03;49.508;3.962;0.0;0.151515;1.0;1326.22
facility:0212679;667;42;280;2.5;667;922420.92;B;1;03;61.75;2.993;0.062969;0.41979;1.0;1382.94
facility:0213527;1267;50;279;4.0;1267;3432238.16;B;1;01;54.993;5.475;0.039463;0.220205;1.0;2708.95
facility:0213837;652;19;126;4.25;652;979377.3;B;1;03;52.541;4.637;0.029141;0.193252;1.0;1502.11
facility:0213845;2087;508;0;5.75;2087;13508294.38;B;1;01;54.681;8.494;0.243412;0.0;1.0;6472.59
facility:0214310;320;12;58;5.0;320;479999.88;B;1;99;54.959;5.803;0.0375;0.18125;1.0;1500.0
facility:0218669;227;1;64;4.5;227;342414.88;B;1;03;53.031;5.26;0.004405;0.281938;1.0;1508.44
facility:0219436;751;0;17;2.0;751;383158.9;O;3;03;23.65;2.338;0.0;0.022636;1.0;510.2
facility:0220027;1671;438;13;7.5;1671;3654846.64;B;1;03;54.202;10.221;0.262118;0.00778;1.0;2187.22
facility:0220337;2897;530;24;6.5;2897;17145552.46;B;1;03;51.179;7.101;0.182948;0.008284;1.0;5918.38
facility:0221015;1311;0;27;2.0;1311;652129.46;O;3;03;25.037;3.007;0.0;0.020595;1.0;497.43
facility:0226491;983;416;55;8.5;983;14897247.54;B;1;03;61.356;12.341;0.423194;0.055951;1.0;15154.88
facility:0230065;193;1;83;2.25;193;303550.23;B;3;99;60.425;3.28;0.005181;0.430052;1.0;1572.8
facility:0246417;1;0;0;2.0;1;1500.0;B;1;03;73.0;2.0;0.0;0.0;1.0;1500.0
facility:0249483;120;1;8;5.0;120;192189.15;B;1;01;63.625;5.583;0.008333;0.066667;1.0;1601.58
facility:0252492;1332;766;288;9.5;1332;6001131.05;B;1;99;59.312;11.223;0.575075;0.216216;1.0;4505.35
facility:0253987;15;5;3;6.25;15;22500.0;B;1;99;65.667;8.4;0.333333;0.2;1.0;1500.0
facility:0254460;201;3;3;2.0;201;77711.76;O;3;03;35.383;2.338;0.014925;0.014925;1.0;386.63
facility:0255297;1056;289;72;6.5;1056;1889616.93;B;1;01;58.523;9.52;0.273674;0.068182;1.0;1789.41
facility:0255874;656;0;143;3.0;656;975334.68;B;1;01;52.727;3.026;0.0;0.217988;1.0;1486.79
facility:0256684;261;0;0;1.0;261;118633.48;O;3;03;23.414;1.0;0.0;0.0;1.0;454.53
facility:0258857;296;6;43;4.0;296;444000.0;B;1;99;51.902;4.375;0.02027;0.14527;1.0;1500.0
facility:0265500;1663;446;331;6.5;1663;12637721.25;B;3;99;61.828;6.768;0.26819;0.199038;1.0;7599.35
facility:0270865;2686;92;522;4.5;2686;3938093.31;B;1;99;56.281;5.567;0.034252;0.194341;1.0;1466.16
facility:0272957;377;54;259;4.0;377;599610.66;B;1;99;58.167;3.745;0.143236;0.687003;1.0;1590.48
facility:0282715;663;85;216;6.5;663;611341.92;B;1;03;61.738;9.698;0.128205;0.325792;1.0;922.08
facility:0283800;98;5;46;2.0;98;211743.77;B;1;03;49.857;2.867;0.05102;0.469388;1.0;2160.65
facility:0302961;1538;135;430;3.0;1538;4063595.08;B;1;01;56.774;4.068;0.087776;0.279584;1.0;2642.13
facility:0303267;162;2;33;2.0;162;88918.92;O;3;03;32.907;2.327;0.012346;0.203704;1.0;548.88
facility:0404853;768;0;0;0.0;768;444753.73;H;3;01;55.012;0.181;0.0;0.0;1.0;579.11
facility:0407720;591;0;19;5.0;591;345323.4;J;1;03;4.701;5.289;0.0;0.032149;1.0;584.3
facility:0451126;146;22;6;6.0;146;559213.53;B;1;01;52.082;7.925;0.150685;0.041096;1.0;3830.23
facility:0478024;552;5;133;4.5;552;667751.33;B;1;01;56.04;5.388;0.009058;0.240942;1.0;1209.69
facility:0478849;382;128;145;5.0;382;1832510.71;B;1;01;56.626;8.414;0.335079;0.379581;1.0;4797.15
facility:0503894;73;2;4;3.0;73;43591.0;O;3;03;43.397;3.589;0.027397;0.054795;1.0;597.14
facility:0514292;799;14;123;8.0;799;1206044.52;B;1;03;53.66;7.265;0.017522;0.153942;1.0;1509.44
facility:2000024;230;0;27;2.0;230;66556.24;J;3;03;32.37;2.539;0.0;0.117391;1.0;289.37
facility:2000083;207;0;22;3.0;207;73642.13;N;3;03;31.401;3.812;0.0;0.10628;1.0;355.76
facility:2000121;2098;25;239;2.0;2098;900961.43;O;3;03;30.751;2.054;0.011916;0.113918;1.0;429.44
facility:2000172;157;0;0;5.0;157;53126.27;A;1;03;42.561;5.223;0.0;0.0;1.0;338.38
facility:2000296;3095;0;0;2.0;3095;1594289.62;O;3;03;25.742;2.863;0.0;0.0;1.0;515.12
facility:2000385;1080;74;9;6.25;1080;1391381.62;J;1;03;5.937;11.703;0.068519;0.008333;1.0;1288.32
facility:2000393;812;6;69;3.0;812;318190.57;A;3;03;33.723;3.549;0.007389;0.084975;1.0;391.86
facility:2000636;624;8;75;2.0;624;271379.53;O;3;03;28.516;2.683;0.012821;0.120192;1.0;434.9
facility:2000725;414;13;55;3.0;414;199670.19;J;3;03;40.954;3.662;0.031401;0.13285;1.0;482.3
facility:2000733;7130;95;183;2.0;7130;6702749.16;O;3;03;24.655;3.659;0.013324;0.025666;1.0;940.08
facility:2000822;131;1;14;2.0;131;39056.89;J;1;99;32.901;2.84;0.007634;0.10687;1.0;298.14
facility:2000865;2185;39;123;2.0;2185;1030635.64;O;3;03;33.351;3.065;0.017849;0.056293;1.0;471.69
facility:2000970;333;6;43;2.0;333;164846.33;O;3;03;34.85;3.063;0.018018;0.129129;1.0;495.03
facility:2000997;144;3;48;2.0;144;73225.94;B;3;03;36.104;3.049;0.020833;0.333333;1.0;508.51
facility:2001020;380;0;32;2.5;380;119904.08;O;3;03;26.597;2.863;0.0;0.084211;1.0;315.54
facility:2001500;2705;62;189;2.0;2705;1241142.25;O;3;03;33.978;3.128;0.022921;0.069871;1.0;458.83
facility:2001578;7386;986;1276;4.0;7386;15045051.29;B;1;03;45.799;6.92;0.133496;0.172759;1.0;2036.97
facility:2001586;6354;498;561;3.0;6354;7239415.32;K;1;03;45.172;7.636;0.078376;0.088291;1.0;1139.35
facility:2001594;308;0;25;1.0;308;58980.82;O;3;03;32.266;2.279;0.0;0.081169;1.0;191.5
facility:2003570;456;17;37;2.25;456;198624.77;O;3;99;45.013;3.746;0.037281;0.08114;1.0;435.58
facility:2003775;3262;81;112;2.0;3262;2725800.53;O;3;01;32.332;3.21;0.024831;0.034335;1.0;835.62
facility:2003856;112;0;0;1.0;112;50540.8;O;3;03;23.214;0.929;0.0;0.0;1.0;451.26
facility:2003910;80;0;0;1.0;80;35472.0;O;3;03;24.288;0.975;0.0;0.0;1.0;443.4
facility:2005026;4609;14;32;2.0;4609;3379194.68;O;3;03;22.408;2.539;0.003038;0.006943;1.0;733.17
facility:2005050;7167;540;141;2.0;7167;11383741.96;O;3;03;35.297;4.066;0.075345;0.019674;1.0;1588.36
facility:2005417;9862;726;60;2.0;9862;29804987.39;S;3;03;44.048;5.079;0.073616;0.006084;1.0;3022.21
facility:2006197;6537;359;130;3.0;6537;9949160.36;O;3;03;36.93;6.143;0.054918;0.019887;1.0;1521.98
facility:2006286;3116;3;34;4.0;3116;2511846.29;J;3;03;3.868;4.495;0.000963;0.010911;1.0;806.11
facility:2006340;6712;2;39;2.0;6712;4808105.21;O;3;03;23.72;2.269;0.000298;0.00581;1.0;716.34
facility:2006359;3589;147;83;3.0;3589;1792193.72;N;1;03;50.321;4.412;0.040958;0.023126;1.0;499.36
facility:2006421;1295;4;5;1.0;1295;1168737.04;D;3;99;46.082;1.234;0.003089;0.003861;1.0;902.5
facility:2006448;5436;147;50;2.0;5436;7192825.93;O;3;99;33.599;4.32;0.027042;0.009198;1.0;1323.18
facility:2006510;17767;2265;7086;3.0;17767;16427476.48;I;1;99;50.323;4.756;0.127484;0.398829;1.0;924.61
facility:2006944;136;0;0;0.0;136;435387.52;H;1;99;55.669;0.0;0.0;0.0;1.0;3201.38
facility:2006960;1161;101;27;3.0;1161;2387895.63;N;1;99;53.161;5.151;0.086994;0.023256;1.0;2056.76
facility:2006979;325;0;0;0.0;325;1008731.37;H;1;03;59.028;0.0;0.0;0.0;1.0;3103.79
facility:2007037;8646;557;364;2.0;8646;40784957.87;C;3;03;50.744;4.704;0.064423;0.0421;1.0;4717.21
facility:2007401;63;3;9;3.0;63;30417.86;A;3;03;54.333;3.397;0.047619;0.142857;1.0;482.82
facility:2008106;182;0;0;1.0;182;92379.2;O;3;99;24.011;1.0;0.0;0.0;1.0;507.58
facility:2008858;275;0;0;1.0;275;115526.61;O;3;99;27.32;1.553;0.0;0.0;1.0;420.1
facility:2009161;223;3;6;1.0;223;88038.16;O;3;99;31.978;2.283;0.013453;0.026906;1.0;394.79
facility:2009242;175;1;9;1.0;175;71151.49;O;3;99;34.617;3.177;0.005714;0.051429;1.0;406.58
facility:2009250;3646;103;46;5.0;3646;7314016.86;O;3;99;19.787;9.214;0.02825;0.012617;1.0;2006.04
facility:2009528;66;0;0;1.0;66;29792.4;O;3;03;25.409;0.97;0.0;0.0;1.0;451.4
facility:2010151;6729;241;29;2.0;6729;9246872.13;O;3;03;36.663;3.523;0.035815;0.00431;1.0;1374.18
facility:2010356;6554;236;23;3.0;6554;11987977.79;S;3;99;42.869;5.258;0.036009;0.003509;1.0;1829.11
facility:2010380;98;0;0;1.0;98;43453.2;O;3;03;24.48;0.959;0.0;0.0;1.0;443.4
facility:2010631;4863;160;82;2.0;4863;7161523.57;O;3;03;34.426;3.148;0.032902;0.016862;1.0;1472.66
facility:2010887;34;0;6;2.5;34;12976.54;E;3;99;49.412;3.147;0.0;0.176471;1.0;381.66
facility:2011166;1538;28;83;1.25;1538;998084.63;O;3;03;40.101;2.804;0.018205;0.053966;1.0;648.95
facility:2011689;835;0;5;1.0;835;355099.85;O;3;03;35.34;1.905;0.0;0.005988;1.0;425.27
facility:2011859;654;16;132;2.0;654;316008.12;O;3;03;33.303;2.483;0.024465;0.201835;1.0;483.19
facility:2011875;1110;0;1;2.0;1110;471770.01;O;3;99;29.454;1.867;0.0;0.000901;1.0;425.02
facility:2011891;750;3;15;3.0;750;453941.35;O;3;03;31.276;3.956;0.004;0.02;1.0;605.26
facility:2011905;1577;7;7;2.0;1577;988689.94;O;3;03;31.825;2.912;0.004439;0.004439;1.0;626.94
facility:2012022;1342;40;72;2.0;1342;600422.76;O;3;03;33.305;3.303;0.029806;0.053651;1.0;447.41
facility:2012030;3536;74;682;3.0;3536;2516710.15;J;1;03;6.167;4.444;0.020928;0.192873;1.0;711.74
facility:2012162;215;0;0;0.0;215;132279.47;H;3;03;51.54;0.0;0.0;0.0;1.0;615.25
facility:2012383;2027;21;154;2.0;2027;1144278.03;O;3;03;31.56;2.657;0.01036;0.075974;1.0;564.52
facility:2012472;4573;43;745;2.0;4573;4610866.46;J;1;99;5.988;4.494;0.009403;0.162913;1.0;1008.28
facility:2012480;4306;9;6;3.0;4306;3422605.67;O;3;03;24.392;4.625;0.00209;0.001393;1.0;794.85
facility:2012499;1595;17;125;2.0;1595;757200.1;O;3;03;31.511;2.967;0.010658;0.07837;1.0;474.73
facility:2012553;1009;18;82;2.0;1009;535758.63;O;3;03;32.884;2.766;0.017839;0.081269;1.0;530.98
facility:2012618;2083;18;23;2.0;2083;1113306.36;O;3;03;32.236;3.013;0.008641;0.011042;1.0;534.47
facility:2012677;2868;416;9;3.0;2868;6562171.8;C;3;03;51.446;7.028;0.145049;0.003138;1.0;2288.07
facility:2012685;6807;181;26;3.0;6807;6950457.21;K;1;99;45.863;6.635;0.02659;0.00382;1.0;1021.07
facility:2012804;835;10;29;3.0;835;357836.01;O;3;03;29.493;3.291;0.011976;0.034731;1.0;428.55
facility:2012839;636;6;21;4.75;636;486886.06;B;3;03;45.407;4.898;0.009434;0.033019;1.0;765.54
facility:2013029;2503;3;17;3.0;2503;1831577.08;O;3;03;23.672;3.732;0.001199;0.006792;1.0;731.75
facility:2013045;1280;17;29;2.0;1280;704566.24;O;3;03;32.179;2.366;0.013281;0.022656;1.0;550.44
facility:2013258;5920;157;697;2.0;5920;3831991.03;O;3;03;33.608;2.949;0.02652;0.117736;1.0;647.3
facility:2013274;1109;0;284;5.75;1109;498713.59;C;1;03;19.009;7.488;0.0;0.256087;1.0;449.7
facility:2013282;970;15;7;2.5;970;507364.7;O;3;03;37.476;3.698;0.015464;0.007216;1.0;523.06
facility:2013320;1093;49;170;2.0;1093;680480.05;O;3;03;40.152;3.379;0.044831;0.155535;1.0;622.58
facility:2013495;262;2;38;2.0;262;145990.23;O;3;03;30.805;2.523;0.007634;0.145038;1.0;557.21
facility:2013606;2959;390;84;9.0;2959;4335810.28;B;1;99;37.114;11.701;0.131801;0.028388;1.0;1465.3
facility:2013614;1090;4;29;3.0;1090;638105.59;O;3;03;27.339;2.825;0.00367;0.026606;1.0;585.42
facility:2013649;15608;2839;1659;5.0;15608;36355217.22;K;1;03;52.881;7.541;0.181894;0.106292;1.0;2329.27
facility:2014688;2406;70;47;2.0;2406;1447610.02;O;3;03;32.386;2.623;0.029094;0.019534;1.0;601.67
facility:2015242;708;19;48;3.0;708;301261.49;O;3;03;32.124;3.123;0.026836;0.067797;1.0;425.51
facility:2016125;364;51;99;5.75;364;386387.12;B;1;99;49.783;6.632;0.14011;0.271978;1.0;1061.5
facility:2016141;5075;150;548;2.25;5075;3118062.95;O;3;03;29.773;3.58;0.029557;0.10798;1.0;614.4
facility:2016249;487;12;50;2.75;487;345211.28;B;3;03;36.491;3.464;0.024641;0.102669;1.0;708.85
facility:2016354;903;14;60;2.0;903;501877.39;O;3;03;32.229;3.048;0.015504;0.066445;1.0;555.79
facility:2016397;1587;36;24;3.0;1587;788078.26;O;3;99;31.916;3.207;0.022684;0.015123;1.0;496.58
facility:2016419;650;2;3;3.0;650;229545.5;O;3;03;30.805;3.275;0.003077;0.004615;1.0;353.15
facility:2016443;1016;12;49;2.0;1016;649408.35;O;3;03;31.098;2.09;0.011811;0.048228;1.0;639.18
facility:2016478;290;1;12;3.0;290;147649.48;O;3;05;31.521;3.476;0.003448;0.041379;1.0;509.14
facility:2016540;675;17;56;2.0;675;403337.24;O;3;03;35.145;2.584;0.025185;0.082963;1.0;597.54
facility:2016567;280;0;11;1.5;280;85794.22;O;3;03;29.143;2.914;0.0;0.039286;1.0;306.41
facility:2016605;845;26;82;2.5;845;406504.59;O;3;03;31.8;3.008;0.030769;0.097041;1.0;481.07
facility:2016648;324;1;29;3.0;324;184220.84;O;3;05;31.969;3.414;0.003086;0.089506;1.0;568.58
facility:2016656;444;0;7;2.0;444;153019.43;O;3;03;30.3;3.315;0.0;0.015766;1.0;344.64
facility:2016672;370;5;76;1.0;370;159569.81;O;3;03;29.751;2.473;0.013514;0.205405;1.0;431.27
facility:2016915;6;0;0;2.0;6;2134.2;O;3;03;19.667;1.833;0.0;0.0;1.0;355.7
facility:2016923;5213;286;478;2.0;5213;3650898.59;O;3;03;32.66;3.617;0.054863;0.091694;1.0;700.35
facility:2016974;1399;24;65;3.5;1399;696037.66;O;3;99;31.029;3.3;0.017155;0.046462;1.0;497.53
facility:2017016;2265;40;98;2.0;2265;1281615.55;O;3;03;31.011;3.212;0.01766;0.043267;1.0;565.83
facility:2017318;4852;12;379;3.0;4852;3433694.36;O;3;03;21.935;3.46;0.002473;0.078112;1.0;707.69
facility:2017431;2757;62;80;4.0;2757;5716255.9;J;1;99;6.136;8.433;0.022488;0.029017;1.0;2073.36
facility:2017555;1470;45;70;2.0;1470;1051518.13;O;3;99;34.105;3.01;0.030612;0.047619;1.0;715.32
facility:2017644;3668;210;28;3.5;3668;7993202.8;K;3;03;48.309;7.664;0.057252;0.007634;1.0;2179.17
facility:2017652;1165;43;40;2.0;1165;693705.19;O;3;03;35.475;2.488;0.03691;0.034335;1.0;595.46
facility:2017660;478;4;19;2.0;478;178295.82;O;3;03;26.969;2.222;0.008368;0.039749;1.0;373.0
facility:2017679;429;0;0;3.0;429;146464.47;A;3;03;29.748;2.853;0.0;0.0;1.0;341.41
facility:2017717;1473;31;76;2.0;1473;765217.97;O;3;99;29.98;2.752;0.021045;0.051595;1.0;519.5
facility:2017768;486;8;25;3.5;486;252587.19;O;3;03;31.549;4.286;0.016461;0.05144;1.0;519.73
facility:2017849;1672;12;8;2.25;1672;1139591.61;J;1;03;5.031;4.337;0.007177;0.004785;1.0;681.57
facility:2017997;404;0;76;2.0;404;271997.69;B;3;03;32.95;3.312;0.0;0.188119;1.0;673.26
facility:2018071;3585;42;813;2.5;3585;3281173.34;J;1;03;5.845;4.298;0.011715;0.226778;1.0;915.25
facility:2018098;60;12;2;9.0;60;525907.1;B;3;03;58.25;11.85;0.2;0.033333;1.0;8765.12
facility:2018101;818;4;134;18.75;818;497869.83;E;1;03;56.093;18.522;0.00489;0.163814;1.0;608.64
facility:2018128;1610;43;169;3.0;1610;797377.79;O;3;05;31.725;3.078;0.026708;0.104969;1.0;495.27
facility:2018136;3877;181;157;2.0;3877;2222287.12;O;3;03;30.963;3.144;0.046686;0.040495;1.0;573.2
facility:2018144;3412;107;142;2.0;3412;2099183.78;O;3;03;33.428;2.817;0.03136;0.041618;1.0;615.24
facility:2018381;636;14;53;3.0;636;289429.12;O;3;03;28.811;3.623;0.022013;0.083333;1.0;455.08
facility:2018403;3055;194;271;6.0;3055;16560621.99;I;1;03;51.694;9.589;0.063502;0.088707;1.0;5420.83
facility:2018969;61;0;0;1.0;61;119802.97;H;3;03;63.59;1.295;0.0;0.0;1.0;1963.98
facility:2019523;1090;34;153;2.0;1090;564427.65;O;3;03;34.632;2.721;0.031193;0.140367;1.0;517.82
facility:2019558;6550;65;94;4.0;6550;7636105.04;O;3;03;21.662;5.862;0.009924;0.014351;1.0;1165.82
facility:2019566;2294;75;191;3.0;2294;1373474.48;O;3;03;29.427;3.462;0.032694;0.083261;1.0;598.72
facility:2019574;5823;834;788;5.0;5823;9032064.83;S;1;99;51.493;8.355;0.143225;0.135325;1.0;1551.1
facility:2019604;789;5;26;3.0;789;298286.39;O;3;03;32.068;2.833;0.006337;0.032953;1.0;378.06
facility:2019647;2207;48;199;5.0;2207;1679664.71;J;1;99;4.485;6.969;0.021749;0.090168;1.0;761.06
facility:2019663;13;0;0;2.0;13;4405.02;L;3;99;19.385;2.538;0.0;0.0;1.0;338.85
facility:2019671;148;0;10;1.5;148;59860.05;O;3;03;23.209;1.561;0.0;0.067568;1.0;404.46
facility:2019701;189;4;17;2.0;189;75067.62;O;3;03;33.905;2.413;0.021164;0.089947;1.0;397.18
facility:2019728;209;0;19;1.5;209;73282.39;O;3;03;32.01;2.201;0.0;0.090909;1.0;350.63
facility:2019736;195;0;9;1.0;195;66683.56;N;3;99;31.974;2.113;0.0;0.046154;1.0;341.97
facility:2020068;13206;149;14;2.0;13206;11473359.27;O;3;99;23.279;4.041;0.011283;0.00106;1.0;868.8
facility:2020076;4775;197;605;2.0;4775;2315078.24;O;3;03;37.838;3.312;0.041257;0.126702;1.0;484.83
facility:2020165;92;1;14;3.0;92;30729.29;O;1;99;34.826;3.207;0.01087;0.152174;1.0;334.01
facility:2020645;2889;252;8;6.0;2889;3339119.15;C;1;03;49.683;10.224;0.087227;0.002769;1.0;1155.8
facility:2020653;2672;245;495;6.0;2672;2491713.83;I;1;99;51.562;8.865;0.091692;0.185254;1.0;932.53
facility:2020890;4700;28;40;2.0;4700;6377300.73;O;3;03;33.838;3.361;0.005957;0.008511;1.0;1356.87
facility:2021064;3137;92;69;3.0;3137;1538490.07;O;3;03;24.415;3.953;0.029327;0.021996;1.0;490.43
facility:2021218;139;1;7;2.0;139;70502.12;O;3;99;36.209;2.281;0.007194;0.05036;1.0;507.21
facility:2021382;13;0;0;1.75;13;4279.39;J;3;03;39.385;1.846;0.0;0.0;1.0;329.18
facility:2021463;2145;44;75;2.0;2145;1142021.76;O;3;99;27.276;2.95;0.020513;0.034965;1.0;532.41
facility:2022621;7816;40;5;2.0;7816;7828126.85;O;3;01;24.527;3.607;0.005118;0.00064;1.0;1001.55
facility:2022648;2340;528;47;6.0;2340;12793352.04;B;1;99;59.585;9.742;0.225641;0.020085;1.0;5467.24
facility:2023016;2660;150;206;3.0;2660;4012671.36;B;3;01;48.439;3.918;0.056391;0.077444;1.0;1508.52
facility:2023474;2900;277;112;2.25;2900;7614543.93;O;3;03;42.803;5.071;0.095517;0.038621;1.0;2625.7
facility:2023709;4486;210;35;2.0;4486;5158190.49;O;3;01;41.505;3.247;0.046812;0.007802;1.0;1149.84
facility:2023865;100;5;50;2.75;100;121826.08;B;3;01;57.14;3.58;0.05;0.5;1.0;1218.26
facility:2024438;681;43;148;3.0;681;216758.56;J;1;99;39.175;4.906;0.063142;0.217327;1.0;318.29
facility:2024691;5319;723;309;3.0;5319;12524087.22;O;3;01;47.226;5.97;0.135928;0.058094;1.0;2354.59
facility:2024756;3075;363;392;2.0;3075;3688701.27;O;3;01;47.52;4.109;0.118049;0.12748;1.0;1199.58
facility:2024772;816;101;186;3.0;816;479018.35;B;1;01;60.722;4.189;0.123775;0.227941;1.0;587.03
facility:2025361;4590;531;119;3.0;4590;10298921.14;C;1;01;56.032;5.746;0.115686;0.025926;1.0;2243.77
facility:2025477;2644;252;109;2.0;2644;5842683.12;O;3;01;46.073;4.681;0.09531;0.041225;1.0;2209.79
facility:2025507;12086;1166;155;3.0;12086;34822770.18;O;3;01;43.618;6.803;0.096475;0.012825;1.0;2881.25
facility:2025752;8617;703;22;3.0;8617;27983050.86;C;1;01;42.915;5.803;0.081583;0.002553;1.0;3247.42
facility:2026805;1194;85;98;3.0;1194;817600.55;O;3;03;38.602;4.255;0.071189;0.082077;1.0;684.76
facility:2027186;7509;809;335;2.0;7509;12471814.62;O;3;01;43.27;4.439;0.107737;0.044613;1.0;1660.92
facility:2027356;7678;42;69;3.0;7678;10518641.84;O;3;01;27.133;4.148;0.00547;0.008987;1.0;1369.97
facility:2028204;1953;174;57;2.0;1953;5646268.66;B;3;01;51.885;4.801;0.089094;0.029186;1.0;2891.07
facility:2028239;849;76;191;2.0;849;338083.91;J;1;03;53.822;2.872;0.089517;0.224971;1.0;398.21
facility:2028840;2860;498;147;9.5;2860;27910606.33;B;1;01;49.941;13.875;0.174126;0.051399;1.0;9758.95
facility:2039001;1189;116;918;1.5;1189;1190970.11;B;1;03;56.549;2.617;0.097561;0.772077;1.0;1001.66
facility:2040069;8491;52;14;3.0;8491;9169365.17;O;3;03;23.52;4.322;0.006124;0.001649;1.0;1079.89
facility:2040573;1235;0;0;0.0;1235;623593.03;N;1;99;45.378;0.0;0.0;0.0;1.0;504.93
facility:2042894;776;107;316;7.0;776;711806.41;I;3;01;64.643;9.952;0.137887;0.407216;1.0;917.28
facility:2053500;435;27;58;3.0;435;274750.59;B;3;01;61.147;3.733;0.062069;0.133333;1.0;631.61
facility:2053519;656;11;34;2.0;656;387262.73;O;3;01;38.169;2.851;0.016768;0.051829;1.0;590.34
facility:2058243;429;43;131;4.0;429;291508.36;E;3;01;57.949;5.249;0.100233;0.305361;1.0;679.51
facility:2058308;1369;91;179;2.75;1369;593737.68;O;3;01;45.998;3.874;0.066472;0.130752;1.0;433.7
facility:2058340;278;8;48;3.0;278;196044.22;B;1;01;58.978;3.799;0.028777;0.172662;1.0;705.2
facility:2058405;32;4;11;4.0;32;14188.08;J;3;01;69.469;5.312;0.125;0.34375;1.0;443.38
facility:2058790;5589;844;90;3.5;5589;10918272.28;O;3;01;48.785;6.837;0.151011;0.016103;1.0;1953.53
facility:2065665;5526;42;26;2.0;5526;4897558.39;O;3;03;24.577;3.073;0.0076;0.004705;1.0;886.28
facility:2066092;17805;1386;1094;3.0;17805;19694986.24;O;3;03;37.659;5.34;0.077843;0.061443;1.0;1106.15
facility:2066572;5635;666;29;4.0;5635;4496735.88;C;1;99;55.718;7.727;0.11819;0.005146;1.0;798.0
facility:2068974;479;0;0;0.0;479;732671.77;H;1;99;60.881;0.0;0.0;0.0;1.0;1529.59
facility:2069776;7122;535;1913;3.0;7122;8138734.14;I;1;01;47.081;5.461;0.075119;0.268604;1.0;1142.76
facility:2071371;3908;21;33;2.5;3908;5859828.7;C;1;01;7.31;5.172;0.005374;0.008444;1.0;1499.44
facility:2071568;10716;725;530;5.0;10716;95356764.09;I;1;01;51.478;9.538;0.067656;0.049459;1.0;8898.54
facility:2072033;1061;44;626;2.0;1061;701753.73;J;1;99;56.847;2.72;0.04147;0.590009;1.0;661.41
facility:2072513;2910;76;396;2.0;2910;1074593.79;O;3;99;33.398;3.321;0.026117;0.136082;1.0;369.28
facility:2075717;4400;55;101;2.0;4400;4247219.26;O;3;99;32.229;3.663;0.0125;0.022955;1.0;965.28
facility:2075962;4416;369;58;1.0;4416;11086851.99;Z;1;03;49.745;4.422;0.08356;0.013134;1.0;2510.61
facility:2076896;10231;441;737;3.0;10231;7273961.36;O;3;01;35.025;5.021;0.043104;0.072036;1.0;710.97
facility:2076926;7715;351;189;3.0;7715;9007751.25;O;3;01;35.035;5.315;0.045496;0.024498;1.0;1167.56
facility:2076942;431;36;163;3.0;431;262558.19;B;1;01;58.868;4.09;0.083527;0.37819;1.0;609.18
facility:2077078;3147;139;391;2.0;3147;1560579.59;O;3;99;40.818;2.934;0.044169;0.124245;1.0;495.89
facility:2077388;8668;16;50;2.0;8668;6211707.47;O;3;03;21.557;2.754;0.001846;0.005768;1.0;716.63
facility:2077396;39691;3004;337;3.0;39691;171957215.63;O;3;01;44.382;6.143;0.075685;0.008491;1.0;4332.4
facility:2077426;12520;890;1102;3.0;12520;22383475.91;O;3;01;42.408;5.003;0.071086;0.088019;1.0;1787.82
facility:2077434;8977;775;341;3.0;8977;12714397.87;O;3;01;46.626;4.643;0.086332;0.037986;1.0;1416.33
facility:2077450;2423;482;79;4.5;2423;17067199.18;B;1;01;45.978;7.757;0.198927;0.032604;1.0;7043.83
facility:2077477;28103;2592;1018;4.0;28103;89692260.13;I;3;01;43.728;6.368;0.092232;0.036224;1.0;3191.55
facility:2077485;19535;1615;186;3.0;19535;57693861.01;I;1;01;46.508;7.083;0.082672;0.009521;1.0;2953.36
facility:2077493;7692;843;505;3.5;7692;12577033.99;O;3;01;38.231;6.614;0.109594;0.065653;1.0;1635.08
facility:2077507;1213;27;3;1.0;1213;15061008.34;T;1;01;39.73;2.768;0.022259;0.002473;1.0;12416.33
facility:2077515;57;3;17;3.0;57;26039.36;J;1;01;63.228;4.439;0.052632;0.298246;1.0;456.83
facility:2077523;10727;805;293;3.0;10727;16141390.23;O;3;01;44.727;5.915;0.075044;0.027314;1.0;1504.74
facility:2077531;3198;216;3;4.0;3198;7851547.77;C;3;01;55.733;7.335;0.067542;0.000938;1.0;2455.14
facility:2077558;977;75;129;2.0;977;607599.45;O;3;01;48.348;3.205;0.076766;0.132037;1.0;621.9
facility:2077574;20028;1797;576;4.0;20028;35328574.68;O;3;01;42.629;6.751;0.089724;0.02876;1.0;1763.96
facility:2077582;2543;192;138;2.0;2543;5516876.73;O;3;01;45.446;5.184;0.075501;0.054267;1.0;2169.44
facility:2077590;3577;328;5;1.0;3577;8885313.48;C;3;01;55.675;4.188;0.091697;0.001398;1.0;2484.01
facility:2077620;12697;828;853;3.0;12697;15853559.71;O;3;03;36.653;6.347;0.065212;0.067181;1.0;1248.61
facility:2077639;6167;716;283;3.0;6167;16602902.07;O;3;99;41.277;7.724;0.116102;0.045889;1.0;2692.22
facility:2077647;3231;401;166;3.0;3231;6459842.97;O;3;01;50.653;5.027;0.12411;0.051377;1.0;1999.33
facility:2077655;900;1;1;2.0;900;1721331.42;Q;1;01;14.758;3.241;0.001111;0.001111;1.0;1912.59
facility:2077671;14447;1071;714;3.0;14447;22499386.71;O;3;03;37.475;5.652;0.074133;0.049422;1.0;1557.37
facility:2077701;6951;40;68;3.0;6951;8436637.38;O;3;03;24.883;4.4;0.005755;0.009783;1.0;1213.73
facility:2077752;5802;0;0;2.0;5802;2283825.45;S;1;03;37.113;1.304;0.0;0.0;1.0;393.63
facility:2077957;638;8;27;0.5;638;153229.2;B;1;03;41.55;8.326;0.012539;0.04232;1.0;240.17
facility:2078015;43240;2326;1247;4.0;43240;197046331.62;G;1;01;40.918;7.459;0.053793;0.028839;1.0;4557.04
facility:2078074;4773;562;107;2.0;4773;8519071.49;O;3;99;43.918;4.762;0.117746;0.022418;1.0;1784.85
facility:2078104;11448;403;148;3.0;11448;16026962.57;O;3;03;30.748;5.597;0.035203;0.012928;1.0;1399.98
facility:2078112;217;5;11;2.0;217;147125.74;B;3;01;46.456;2.235;0.023041;0.050691;1.0;678.0
facility:2078139;1641;165;152;2.0;1641;2209113.46;B;3;01;48.863;4.0;0.100548;0.092626;1.0;1346.2
facility:2078155;1292;62;2;2.5;1292;5842753.26;I;1;01;61.91;4.382;0.047988;0.001548;1.0;4522.25
facility:2078198;109;5;55;2.0;109;86403.77;B;3;01;59.248;3.009;0.045872;0.504587;1.0;792.7
facility:2078252;4399;410;169;3.0;4399;7218843.01;O;3;01;44.064;4.566;0.093203;0.038418;1.0;1641.02
facility:2078287;5496;439;20;2.0;5496;8834784.85;C;3;01;52.557;3.909;0.079876;0.003639;1.0;1607.49
facility:2078295;3552;234;57;2.0;3552;3949253.5;O;3;01;43.01;3.596;0.065878;0.016047;1.0;1111.84
facility:2078325;5106;15;51;1.0;5106;3695917.58;J;1;99;5.854;2.924;0.002938;0.009988;1.0;723.84
facility:2078341;1302;121;179;2.0;1302;837457.51;O;3;99;41.137;3.061;0.092934;0.137481;1.0;643.21
facility:2078414;1726;74;137;1.5;1726;1192472.44;O;3;01;45.808;2.745;0.042874;0.079374;1.0;690.89
facility:2078422;1289;197;48;3.75;1289;1031599.35;B;1;01;56.922;5.344;0.152832;0.037238;1.0;800.31
facility:2078449;1070;55;166;2.0;1070;915386.73;B;3;01;49.264;3.349;0.051402;0.15514;1.0;855.5
facility:2078465;1575;226;136;7.0;1575;3911761.94;B;3;01;63.337;9.542;0.143492;0.086349;1.0;2483.66
facility:2078473;5346;348;48;3.0;5346;10511494.93;O;3;03;40.741;5.527;0.065095;0.008979;1.0;1966.24
facility:2078503;4210;540;154;3.0;4210;5494308.02;O;3;01;45.677;4.305;0.128266;0.03658;1.0;1305.06
facility:2078511;2029;244;90;3.0;2029;3862490.62;B;3;99;49.585;4.761;0.120256;0.044357;1.0;1903.64
facility:2078538;1599;155;161;3.0;1599;2874390.44;O;3;03;46.388;4.266;0.096936;0.100688;1.0;1797.62
facility:2078546;306;24;31;3.0;306;141557.48;O;3;01;52.101;4.121;0.078431;0.101307;1.0;462.61
facility:2078562;12372;892;408;3.0;12372;15576058.72;O;3;03;39.223;6.677;0.072098;0.032978;1.0;1258.98
facility:2078775;11772;1843;106;4.0;11772;43103048.56;S;1;01;47.163;6.727;0.156558;0.009004;1.0;3661.49
facility:2078813;1809;0;0;0.0;1809;3052645.1;H;1;01;42.504;0.349;0.0;0.0;1.0;1687.48
facility:2078848;2721;436;158;2.0;2721;7450462.26;O;3;01;48.418;4.292;0.160235;0.058067;1.0;2738.13
facility:2078902;1081;87;154;2.0;1081;534881.97;O;3;01;46.322;3.343;0.080481;0.142461;1.0;494.8
facility:2078937;59;9;18;2.75;59;60304.6;B;3;01;55.017;3.542;0.152542;0.305085;1.0;1022.11
facility:2079011;1486;120;243;4.5;1486;4077148.73;B;1;99;51.694;5.207;0.080754;0.163526;1.0;2743.71
facility:2079097;2162;220;116;2.0;2162;2701594.49;O;3;01;43.136;3.543;0.101758;0.053654;1.0;1249.58
facility:2079119;4680;0;88;2.0;4680;2577619.44;O;3;01;28.285;2.274;0.0;0.018803;1.0;550.77
facility:2079135;4952;478;118;2.5;4952;8572005.99;O;3;01;40.935;5.339;0.096527;0.023829;1.0;1731.02
facility:2079178;319;0;3;2.0;319;154210.62;O;3;01;25.389;2.107;0.0;0.009404;1.0;483.42
facility:2079186;11141;69;37;3.0;11141;13810125.63;O;3;03;26.22;4.548;0.006193;0.003321;1.0;1239.58
facility:2079216;596;59;96;3.0;596;497299.05;B;1;03;56.268;4.122;0.098993;0.161074;1.0;834.39
facility:2079224;299;29;94;2.0;299;232028.75;B;1;01;56.903;3.077;0.09699;0.314381;1.0;776.02
facility:2079232;5603;440;95;2.0;5603;12349609.01;O;3;01;45.704;4.121;0.078529;0.016955;1.0;2204.11
facility:2079240;3653;643;131;8.0;3653;17278480.34;B;1;03;54.263;10.384;0.17602;0.035861;1.0;4729.94
facility:2079283;330;45;54;4.0;330;300766.01;B;1;01;56.739;5.6;0.136364;0.163636;1.0;911.41
facility:2079291;335;10;35;2.0;335;144013.18;N;3;01;60.678;3.281;0.029851;0.104478;1.0;429.89
facility:2079313;511;9;24;2.0;511;305476.11;O;3;01;32.01;2.72;0.017613;0.046967;1.0;597.8
facility:2079321;2429;36;5;3.0;2429;2518313.61;J;1;99;7.005;4.826;0.014821;0.002058;1.0;1036.77
facility:2079348;1191;131;81;3.5;1191;2670860.56;B;3;01;47.245;5.37;0.109992;0.06801;1.0;2242.54
facility:2079356;1165;59;115;3.25;1165;1152355.41;B;1;01;53.502;8.07;0.050644;0.098712;1.0;989.15
facility:2079364;678;33;246;3.0;678;412759.21;A;3;01;54.882;3.85;0.048673;0.362832;1.0;608.79
facility:2079380;405;31;167;2.0;405;228305.73;B;1;01;54.007;2.81;0.076543;0.412346;1.0;563.72
facility:2079399;518;27;45;3.25;518;483748.62;B;3;01;47.494;4.459;0.052124;0.086873;1.0;933.88
facility:2079402;59;5;30;2.5;59;25731.59;J;1;01;62.458;3.102;0.084746;0.508475;1.0;436.13
facility:2079410;4228;911;178;5.5;4228;16157204.3;B;1;99;58.232;8.011;0.215468;0.0421;1.0;3821.48
facility:2079429;1347;157;160;2.5;1347;936501.1;B;1;01;55.555;3.241;0.116555;0.118782;1.0;695.25
facility:2079437;551;24;73;3.0;551;309855.84;K;3;01;55.14;4.319;0.043557;0.132486;1.0;562.35
facility:2079461;623;56;127;3.0;623;423957.48;B;3;01;50.177;3.499;0.089888;0.203852;1.0;680.51
facility:2079496;352;47;72;5.0;352;281670.06;B;3;01;63.733;6.068;0.133523;0.204545;1.0;800.2
facility:2079518;1296;117;206;2.0;1296;803683.34;I;3;01;53.03;3.703;0.090278;0.158951;1.0;620.13
facility:2079550;52;6;5;4.5;52;19922.36;J;3;01;59.5;5.25;0.115385;0.096154;1.0;383.12
facility:2079593;2973;232;60;3.0;2973;5424871.53;O;3;03;40.858;4.673;0.078036;0.020182;1.0;1824.71
facility:2079615;2330;165;85;5.0;2330;2024656.81;O;3;99;44.668;4.862;0.070815;0.036481;1.0;868.95
facility:2079682;97;9;44;3.0;97;92041.59;B;3;01;62.134;3.928;0.092784;0.453608;1.0;948.88
facility:2079690;181;23;60;3.5;181;148991.26;B;1;01;63.05;4.486;0.127072;0.331492;1.0;823.16
facility:2079704;3051;209;203;2.0;3051;3664338.9;R;3;01;52.009;2.798;0.068502;0.066536;1.0;1201.03
facility:2079720;7507;596;15;3.0;7507;16994798.48;O;3;01;40.634;6.894;0.079393;0.001998;1.0;2263.86
facility:2079798;19832;1255;337;4.0;19832;79984940.53;C;3;01;44.631;7.813;0.063282;0.016993;1.0;4033.13
facility:2079828;12449;656;294;3.0;12449;21807332.91;O;3;03;37.011;5.984;0.052695;0.023616;1.0;1751.73
facility:2079836;2747;241;190;2.0;2747;3781373.07;B;3;01;46.775;3.552;0.087732;0.069166;1.0;1376.55
facility:2079860;4410;85;165;2.25;4410;4851345.91;O;3;01;30.252;4.157;0.019274;0.037415;1.0;1100.08
facility:2079879;2239;162;113;2.0;2239;2633350.38;O;3;01;44.907;3.678;0.072354;0.050469;1.0;1176.13
facility:2079895;4495;481;209;3.0;4495;10645058.08;O;3;01;49.498;4.809;0.107008;0.046496;1.0;2368.2
facility:2079909;234;8;14;2.0;234;87928.89;K;3;01;52.949;2.372;0.034188;0.059829;1.0;375.76
facility:2079917;2523;142;83;2.0;2523;3634798.88;O;3;01;44.351;3.349;0.056282;0.032897;1.0;1440.67
facility:2079925;2489;236;130;2.0;2489;2398144.56;O;3;01;48.326;3.945;0.094817;0.05223;1.0;963.5
facility:2079968;107;5;33;3.0;107;86674.64;B;1;01;65.037;3.57;0.046729;0.308411;1.0;810.04
facility:2079976;1433;164;135;2.0;1433;4448633.46;B;3;01;44.497;4.137;0.114445;0.094208;1.0;3104.42
facility:2080028;7892;816;958;3.0;7892;13447158.87;S;1;99;45.995;6.495;0.103396;0.121389;1.0;1703.9
facility:2080044;2419;244;76;3.0;2419;5570427.96;O;3;01;48.513;4.597;0.100868;0.031418;1.0;2302.78
facility:2080052;12578;393;129;3.0;12578;11689127.46;O;3;01;34.646;4.088;0.031245;0.010256;1.0;929.33
facility:2080079;9065;999;452;3.0;9065;12091398.03;O;3;01;40.624;6.739;0.110204;0.049862;1.0;1333.86
facility:2080087;2227;115;221;2.0;2227;1224020.17;O;3;01;42.982;3.081;0.051639;0.099237;1.0;549.63
facility:2080095;725;85;158;3.0;725;626695.72;B;3;01;59.139;4.346;0.117241;0.217931;1.0;864.41
facility:2080109;125;10;13;2.0;125;49741.28;J;1;01;57.56;2.416;0.08;0.104;1.0;397.93
facility:2080125;5873;832;3;2.0;5873;12151667.26;C;3;01;62.244;3.928;0.141665;0.000511;1.0;2069.07
facility:2080184;2055;150;60;1.0;2055;1242728.76;K;1;01;50.128;3.236;0.072993;0.029197;1.0;604.73
facility:2080192;2375;9;35;31.0;2375;5136075.76;G;1;01;50.998;29.536;0.003789;0.014737;1.0;2162.56
facility:2080222;1539;64;54;3.5;1539;1584379.12;G;1;01;54.355;11.593;0.041585;0.035088;1.0;1029.49
facility:2080273;11096;1134;134;4.5;11096;31410100.49;C;1;01;50.321;7.879;0.102199;0.012076;1.0;2830.76
facility:2080281;735;36;50;3.0;735;819025.91;B;1;01;55.774;3.242;0.04898;0.068027;1.0;1114.32
facility:2080338;14638;1626;249;4.0;14638;27478409.37;O;3;03;37.7;6.551;0.111081;0.017011;1.0;1877.2
facility:2080346;10771;1030;357;7.0;10771;17659429.81;S;1;99;49.615;10.427;0.095627;0.033145;1.0;1639.53
facility:2080354;1418;201;2;3.0;1418;2993008.15;C;3;01;58.919;5.983;0.141749;0.00141;1.0;2110.73
facility:2080362;256;19;30;2.0;256;92393.79;J;1;01;59.812;3.121;0.074219;0.117188;1.0;360.91
facility:2080370;1248;106;388;2.0;1248;527395.27;J;1;01;56.391;3.207;0.084936;0.310897;1.0;422.59
facility:2080400;7333;608;122;2.5;7333;16053437.45;I;1;01;57.202;3.868;0.082913;0.016637;1.0;2189.2
facility:2080427;4074;37;49;3.0;4074;3531166.05;J;1;03;6.439;4.96;0.009082;0.012027;1.0;866.76
facility:2080443;1419;184;188;3.0;1419;2726531.99;B;3;01;43.432;4.82;0.129669;0.132488;1.0;1921.45
facility:2080451;987;137;70;3.5;987;3449105.82;B;3;01;49.07;4.85;0.138804;0.070922;1.0;3494.53
facility:2080478;1153;24;97;2.0;1153;698594.55;B;3;99;47.998;3.23;0.020815;0.084128;1.0;605.89
facility:2080508;463;61;126;4.0;463;374064.14;B;1;01;63.626;4.564;0.131749;0.272138;1.0;807.91
facility:2080524;610;58;79;4.5;610;632662.16;B;1;01;60.528;5.259;0.095082;0.129508;1.0;1037.15
facility:2080532;4597;494;47;3.0;4597;14835633.94;I;1;01;58.074;5.306;0.107461;0.010224;1.0;3227.24
facility:2080575;2776;57;112;3.0;2776;20846428.98;I;1;01;58.611;5.183;0.020533;0.040346;1.0;7509.52
facility:2080583;5965;896;236;4.0;5965;31788252.95;O;3;99;37.104;7.467;0.15021;0.039564;1.0;5329.13
facility:2080605;116;16;24;3.5;116;97671.67;R;3;01;64.147;3.991;0.137931;0.206897;1.0;842.0
facility:2080621;366;56;46;3.0;366;256851.64;B;1;01;62.098;4.918;0.153005;0.125683;1.0;701.78
facility:2080664;6742;593;132;2.0;6742;10892297.31;O;3;01;50.305;4.158;0.087956;0.019579;1.0;1615.59
facility:2080680;13048;1838;381;4.0;13048;26255423.64;I;1;01;51.188;6.989;0.140865;0.0292;1.0;2012.22
facility:2080737;160;19;61;2.25;160;147353.04;B;1;01;58.306;4.862;0.11875;0.38125;1.0;920.96
facility:2080745;1321;80;99;2.0;1321;745140.88;O;3;01;44.123;2.849;0.06056;0.074943;1.0;564.07
facility:2080788;2032;473;403;3.0;2032;1368729.4;I;1;99;56.991;5.802;0.232776;0.198327;1.0;673.59
facility:2080826;338;24;98;2.0;338;301361.39;B;1;01;66.888;2.896;0.071006;0.289941;1.0;891.6
facility:2080842;1418;157;222;3.0;1418;1028791.19;B;3;01;54.446;3.737;0.110719;0.156559;1.0;725.52
facility:2080869;72;6;13;4.0;72;32360.39;J;1;01;62.236;5.097;0.083333;0.180556;1.0;449.45
facility:2080907;196;15;47;2.0;196;81553.56;J;1;99;58.913;3.367;0.076531;0.239796;1.0;416.09
facility:2080915;224;34;95;1.25;224;138094.85;B;3;01;55.576;2.277;0.151786;0.424107;1.0;616.49
facility:2080923;3897;358;101;2.0;3897;5514296.61;O;3;01;49.475;3.912;0.091866;0.025917;1.0;1415.01
facility:2080931;11218;929;261;3.0;11218;28348054.53;O;3;01;45.969;4.738;0.082813;0.023266;1.0;2527.02
facility:2080958;1351;122;188;2.0;1351;772631.44;B;3;01;51.064;3.836;0.090303;0.139156;1.0;571.9
facility:2080966;159;11;13;2.0;159;83022.94;O;3;01;48.686;3.013;0.069182;0.081761;1.0;522.16
facility:2080982;268;15;45;3.75;268;182298.82;B;3;01;56.138;4.507;0.05597;0.16791;1.0;680.22
facility:2080990;1694;0;1;26.0;1694;2044056.69;F;1;01;47.659;21.339;0.0;0.00059;1.0;1206.65
facility:2081059;5808;457;178;3.0;5808;9107061.37;O;3;99;45.917;5.922;0.078685;0.030647;1.0;1568.02
facility:2081083;3942;369;55;2.0;3942;8857508.89;O;3;01;45.186;4.608;0.093607;0.013952;1.0;2246.96
facility:2081091;3890;568;129;3.0;3890;9605372.32;B;3;01;48.777;5.137;0.146015;0.033162;1.0;2469.25
facility:2081105;755;46;139;2.0;755;477197.95;O;3;99;50.605;2.528;0.060927;0.184106;1.0;632.05
facility:2081113;62;0;0;1.0;62;34661.53;K;3;99;53.516;0.968;0.0;0.0;1.0;559.06
facility:2081164;1187;312;96;7.75;1187;13261980.78;B;1;01;50.328;12.194;0.262848;0.080876;1.0;11172.69
facility:2081202;1912;100;115;3.0;1912;995926.57;O;3;01;41.897;4.112;0.052301;0.060146;1.0;520.88
facility:2081229;477;34;59;4.0;477;266055.23;B;1;01;56.551;4.688;0.071279;0.12369;1.0;557.77
facility:2081237;254;25;29;4.0;254;137819.88;R;1;01;66.047;5.26;0.098425;0.114173;1.0;542.6
facility:2081245;305;5;0;3.0;305;198094.14;R;3;01;52.111;3.751;0.016393;0.0;1.0;649.49
facility:2081253;5987;505;262;3.0;5987;16398025.7;O;3;01;44.021;5.183;0.084349;0.043761;1.0;2738.94
facility:2081261;2308;178;338;2.0;2308;1538848.51;O;3;01;42.606;3.838;0.077123;0.146447;1.0;666.75
facility:2081296;319;6;37;2.0;319;228879.25;B;3;01;52.799;2.539;0.018809;0.115987;1.0;717.49
facility:2081342;257;26;8;3.25;257;111434.43;I;3;99;69.712;4.724;0.101167;0.031128;1.0;433.6
facility:2081350;1864;176;131;2.0;1864;1102656.99;J;3;01;49.161;3.453;0.094421;0.070279;1.0;591.55
facility:2081377;8526;654;169;3.0;8526;19971694.86;O;3;01;48.035;4.667;0.076707;0.019822;1.0;2342.45
facility:2081385;1061;75;104;3.0;1061;773182.94;B;3;01;54.571;4.055;0.070688;0.098021;1.0;728.73
facility:2081393;1144;92;145;2.0;1144;680957.67;O;3;01;49.454;3.264;0.08042;0.126748;1.0;595.24
facility:2081407;498;38;211;2.0;498;186918.53;J;1;99;56.574;3.472;0.076305;0.423695;1.0;375.34
facility:2081431;470;96;65;4.25;470;303279.63;I;1;99;60.862;5.021;0.204255;0.138298;1.0;645.28
facility:2081458;11723;815;44;2.0;11723;27408390.28;O;3;01;41.916;4.524;0.069521;0.003753;1.0;2338.0
facility:2081466;2069;51;50;31.0;2069;5936347.03;G;1;01;40.849;25.205;0.02465;0.024166;1.0;2869.19
facility:2081482;2724;35;16;3.5;2724;3595387.91;C;1;01;13.609;4.711;0.012849;0.005874;1.0;1319.89
facility:2081490;9342;874;1100;3.0;9342;21985321.18;J;1;99;45.995;6.31;0.093556;0.117748;1.0;2353.38
facility:2081512;3887;402;177;3.0;3887;11279801.9;C;1;01;56.648;5.326;0.103422;0.045536;1.0;2901.93
facility:2081520;245;13;44;3.5;245;120371.74;Z;3;01;61.816;3.922;0.053061;0.179592;1.0;491.31
facility:2081555;3060;249;683;2.0;3060;2262947.35;B;3;01;47.266;2.573;0.081373;0.223203;1.0;739.53
facility:2081571;85;5;23;5.75;85;46660.67;E;1;01;66.894;8.976;0.058824;0.270588;1.0;548.95
facility:2081598;260;31;36;3.0;260;142494.38;J;1;01;60.469;4.05;0.119231;0.138462;1.0;548.06
facility:2081644;2780;203;202;3.0;2780;4670622.64;O;3;99;35.818;5.217;0.073022;0.072662;1.0;1680.08
facility:2081652;324;30;57;3.0;324;246169.41;B;3;01;63.006;3.806;0.092593;0.175926;1.0;759.78
facility:2081660;671;64;52;3.5;671;530905.72;B;3;01;50.754;4.811;0.09538;0.077496;1.0;791.22
facility:2081695;15278;1465;326;4.0;15278;33947886.2;S;1;01;40.425;7.537;0.09589;0.021338;1.0;2222.01
facility:2081717;1449;104;172;2.0;1449;1092070.27;B;3;01;52.914;3.092;0.071774;0.118703;1.0;753.67
facility:2081768;1031;41;77;2.0;1031;788172.35;B;3;01;51.516;2.962;0.039767;0.074685;1.0;764.47
facility:2081784;874;52;44;3.0;874;570688.99;O;3;01;46.406;4.556;0.059497;0.050343;1.0;652.96
facility:2081792;41;4;10;4.0;41;19647.0;J;3;01;67.951;3.805;0.097561;0.243902;1.0;479.2
facility:2081806;118;5;23;5.0;118;99682.76;B;1;01;61.924;5.644;0.042373;0.194915;1.0;844.77
facility:2081814;1370;100;109;2.0;1370;959861.45;B;3;01;47.077;3.626;0.072993;0.079562;1.0;700.63
facility:2081873;2616;256;243;2.0;2616;4320326.95;B;3;01;46.938;3.411;0.097859;0.09289;1.0;1651.5
facility:2081903;2115;154;93;2.0;2115;1256242.07;O;3;01;47.55;3.616;0.072813;0.043972;1.0;593.97
facility:2081946;119;61;58;11.75;119;2852252.31;B;1;03;54.866;15.622;0.512605;0.487395;1.0;23968.51
facility:2081970;10883;1046;1070;4.0;10883;13915290.54;S;1;99;47.174;6.219;0.096113;0.098318;1.0;1278.63
facility:2081989;684;51;90;3.0;684;448037.89;B;3;01;53.186;3.966;0.074561;0.131579;1.0;655.03
facility:2082071;265;17;67;2.0;265;164960.73;B;1;01;60.653;3.234;0.064151;0.25283;1.0;622.49
facility:2082098;2257;139;160;3.0;2257;1695884.67;O;3;03;44.928;3.86;0.061586;0.070891;1.0;751.39
facility:2082128;12436;708;736;3.0;12436;34042453.93;I;3;01;44.906;4.946;0.056931;0.059183;1.0;2737.41
facility:2082179;150;0;7;2.5;150;327518.66;J;1;01;4.967;5.847;0.0;0.046667;1.0;2183.46
facility:2082187;34027;1545;1081;3.0;34027;118012139.87;C;1;01;43.594;5.46;0.045405;0.031769;1.0;3468.19
facility:2082195;526;26;39;4.5;526;621435.02;B;1;01;55.705;4.677;0.04943;0.074144;1.0;1181.44
facility:2082209;9200;477;2081;2.0;9200;5055282.95;O;3;99;40.211;3.561;0.051848;0.226196;1.0;549.49
facility:2082225;9931;1028;854;3.0;9931;10617029.29;O;3;99;38.811;6.208;0.103514;0.085993;1.0;1069.08
facility:2082284;470;41;81;3.0;470;297541.54;B;1;01;56.053;4.594;0.087234;0.17234;1.0;633.07
facility:2082306;1177;84;52;2.5;1177;619093.7;K;1;01;51.928;3.602;0.071368;0.04418;1.0;525.99
facility:2082322;2220;209;138;2.0;2220;3873124.73;O;3;01;45.467;3.494;0.094144;0.062162;1.0;1744.65
facility:2082349;12130;1026;612;3.0;12130;18674554.01;O;3;01;40.816;5.609;0.084584;0.050453;1.0;1539.53
facility:2082381;3330;187;459;2.0;3330;2243022.08;O;3;01;43.338;2.894;0.056156;0.137838;1.0;673.58
facility:2082411;653;75;190;3.0;653;537585.43;B;1;99;57.389;4.435;0.114855;0.290965;1.0;823.25
facility:2082438;882;48;110;3.0;882;633247.22;B;3;01;49.234;3.841;0.054422;0.124717;1.0;717.97
facility:2082497;674;83;92;5.25;674;616575.52;B;1;01;57.439;7.263;0.123145;0.136499;1.0;914.8
facility:2082519;2636;360;165;2.0;2636;6148009.59;O;3;01;47.37;4.362;0.136571;0.062595;1.0;2332.33
facility:2082527;7870;865;140;4.0;7870;21817233.65;I;1;01;53.865;5.409;0.109911;0.017789;1.0;2772.2
facility:2082551;323;20;49;3.0;323;354402.97;B;3;01;54.768;4.687;0.06192;0.151703;1.0;1097.22
facility:2082586;2120;265;138;2.0;2120;4073607.94;B;3;01;51.191;3.963;0.125;0.065094;1.0;1921.51
facility:2082594;5316;612;78;3.0;5316;16714228.85;B;3;99;49.235;6.795;0.115124;0.014673;1.0;3144.14
facility:2082624;28;0;0;6.5;28;123304.9;N;1;03;55.75;7.893;0.0;0.0;1.0;4403.75
facility:2082632;2137;250;144;3.0;2137;1559010.59;B;3;01;52.151;4.261;0.116986;0.067384;1.0;729.53
facility:2082640;3840;377;189;2.0;3840;4378979.62;O;3;01;45.82;3.626;0.098177;0.049219;1.0;1140.36
facility:2082659;1110;33;128;3.0;1110;569761.98;N;3;01;49.949;3.5;0.02973;0.115315;1.0;513.3
facility:2082667;1740;97;153;2.0;1740;866918.68;K;3;01;52.621;3.03;0.055747;0.087931;1.0;498.23
facility:2082675;725;5;0;31.0;725;1544946.8;G;3;01;42.735;30.172;0.006897;0.0;1.0;2130.96
facility:2082691;3214;420;168;2.0;3214;5519496.93;O;3;01;49.194;4.299;0.130678;0.052271;1.0;1717.33
facility:2082721;3200;288;322;3.0;3200;3740064.01;O;3;01;41.152;4.106;0.09;0.100625;1.0;1168.77
facility:2082748;1452;140;169;3.0;1452;1126066.18;B;3;01;46.926;4.718;0.096419;0.116391;1.0;775.53
facility:2082756;591;59;33;3.0;591;347945.62;B;3;01;50.181;4.14;0.099831;0.055838;1.0;588.74
facility:2082780;567;72;91;4.0;567;641226.46;B;1;01;56.705;5.351;0.126984;0.160494;1.0;1130.91
facility:2082810;4567;62;72;1.5;4567;5568695.19;G;1;01;46.909;12.084;0.013576;0.015765;1.0;1219.33
facility:2082829;11377;673;556;3.0;11377;14477607.46;O;3;99;37.083;7.141;0.059154;0.048871;1.0;1272.53
facility:2082845;2857;220;42;3.0;2857;8454066.63;B;3;01;48.007;5.179;0.077004;0.014701;1.0;2959.07
facility:2082853;4071;317;109;2.0;4071;7091995.92;O;3;01;47.533;4.068;0.077868;0.026775;1.0;1742.08
facility:2082861;6673;1120;395;4.0;6673;9779226.73;S;1;03;53.49;5.993;0.167841;0.059194;1.0;1465.49
facility:2082888;6604;503;21;2.0;6604;15759724.36;O;3;01;38.433;4.64;0.076166;0.00318;1.0;2386.39
facility:2082934;678;49;99;2.0;678;359045.45;O;3;01;48.46;3.311;0.072271;0.146018;1.0;529.57
facility:2082942;951;44;332;2.0;951;507475.88;O;3;01;48.113;2.66;0.046267;0.349106;1.0;533.62
facility:2083019;2571;341;162;2.25;2571;3777916.95;O;3;01;48.393;4.531;0.132633;0.063011;1.0;1469.43
facility:2083027;1170;44;102;2.0;1170;679061.66;B;3;03;50.728;2.612;0.037607;0.087179;1.0;580.39
facility:2083051;3708;272;177;3.0;3708;6997729.96;B;3;01;56.819;4.216;0.073355;0.047735;1.0;1887.2
facility:2083086;11297;655;4;3.0;11297;39512907.13;C;1;01;54.885;4.695;0.05798;0.000354;1.0;3497.65
facility:2083094;3774;521;149;4.0;3774;11310404.74;B;3;01;42.497;6.844;0.13805;0.039481;1.0;2996.93
facility:2083116;4956;456;249;2.0;4956;20138827.9;I;1;01;55.449;4.951;0.09201;0.050242;1.0;4063.52
facility:2083140;2139;156;144;3.0;2139;2416200.66;O;3;01;45.122;5.016;0.072931;0.067321;1.0;1129.59
facility:2083175;2302;356;310;3.0;2302;2663521.75;O;3;01;48.452;4.677;0.154648;0.134666;1.0;1157.05
facility:2083213;166;8;45;3.0;166;156457.61;B;1;01;56.367;3.789;0.048193;0.271084;1.0;942.52
facility:2083264;649;60;119;2.0;649;466678.45;O;3;01;48.106;3.619;0.09245;0.183359;1.0;719.07
facility:2083272;3416;187;256;3.0;3416;1955662.03;O;3;99;38.176;3.907;0.054742;0.074941;1.0;572.5
facility:2083493;1259;70;134;1.0;1259;807436.54;I;3;03;43.068;2.269;0.0556;0.106434;1.0;641.33
facility:2083604;5932;533;112;2.0;5932;12808574.55;O;3;01;43.893;4.711;0.089852;0.018881;1.0;2159.23
facility:2083876;3212;207;469;3.5;3212;2020350.95;J;1;03;42.647;3.988;0.064446;0.146015;1.0;629.0
facility:2083973;850;19;80;2.0;850;590552.48;B;3;01;50.746;2.558;0.022353;0.094118;1.0;694.77
facility:2083981;11761;512;195;2.0;11761;24303683.59;O;3;01;39.912;4.854;0.043534;0.01658;1.0;2066.46
facility:2084007;200;20;47;5.0;200;179793.21;B;1;99;56.28;5.71;0.1;0.235;1.0;898.97
facility:2084023;530;67;116;3.0;530;377846.29;B;1;99;64.051;4.334;0.126415;0.218868;1.0;712.92
facility:2084058;3317;307;130;3.0;3317;6590099.06;B;3;01;44.503;5.018;0.092554;0.039192;1.0;1986.76
facility:2084074;394;16;115;2.5;394;291147.85;B;3;01;58.5;3.401;0.040609;0.291878;1.0;738.95
facility:2084139;2111;317;507;4.0;2111;747369.62;F;1;99;54.875;5.468;0.150166;0.240171;1.0;354.04
facility:2084163;9906;451;54;3.0;9906;15886227.86;O;3;03;35.17;6.177;0.045528;0.005451;1.0;1603.7
facility:2084171;5956;387;104;2.0;5956;11933212.82;O;3;01;41.583;3.837;0.064976;0.017461;1.0;2003.56
facility:2084228;5662;841;124;3.0;5662;9914242.99;O;3;01;51.292;4.573;0.148534;0.0219;1.0;1751.01
facility:2084236;1524;123;7;30.0;1524;10348788.02;B;1;01;48.321;23.844;0.080709;0.004593;1.0;6790.54
facility:2084252;1234;0;0;1.0;1234;1297501.66;Q;1;99;21.578;1.417;0.0;0.0;1.0;1051.46
facility:2084414;12334;865;118;2.0;12334;25738563.69;S;3;01;46.863;4.437;0.070131;0.009567;1.0;2086.8
facility:2084422;2043;120;64;2.0;2043;3944671.15;O;3;01;44.849;2.933;0.058737;0.031326;1.0;1930.82
facility:2084473;3371;505;208;3.75;3371;11280814.36;O;3;99;42.701;6.943;0.149807;0.061703;1.0;3346.43
facility:2085194;5171;177;19;2.0;5171;10130424.15;O;3;01;38.982;3.703;0.034229;0.003674;1.0;1959.08
facility:2085976;912;86;298;3.0;912;342836.85;R;1;99;59.125;4.111;0.094298;0.326754;1.0;375.92
facility:2086050;1274;0;20;1.75;1274;694345.28;O;3;01;23.683;1.75;0.0;0.015699;1.0;545.01
facility:2086271;1635;1;19;2.0;1635;818424.33;O;3;03;26.396;2.464;0.000612;0.011621;1.0;500.57
facility:2086336;1863;144;400;2.0;1863;750788.93;J;1;99;48.491;3.129;0.077295;0.214707;1.0;403.0
facility:2086719;202;29;48;3.25;202;108565.04;Z;1;99;63.99;4.332;0.143564;0.237624;1.0;537.45
facility:2087057;9800;641;28;2.0;9800;19251146.98;O;3;01;42.172;3.941;0.065408;0.002857;1.0;1964.4
facility:2087103;1865;436;29;6.5;1865;13270327.01;B;1;01;51.997;10.125;0.23378;0.01555;1.0;7115.46
facility:2087111;6398;541;317;3.0;6398;12310177.74;O;3;01;42.237;5.269;0.084558;0.049547;1.0;1924.07
facility:2087219;2341;206;387;2.0;2341;2451023.97;O;3;01;45.709;3.684;0.087997;0.165314;1.0;1047.0
facility:2087618;3759;324;102;2.5;3759;6104238.77;O;3;01;40.371;4.838;0.086193;0.027135;1.0;1623.9
facility:2087642;22;0;15;2.0;22;9615.97;J;3;01;56.5;2.727;0.0;0.681818;1.0;437.09
facility:2087715;4502;320;330;2.0;4502;3251933.72;O;3;03;38.834;3.24;0.07108;0.073301;1.0;722.33
facility:2087804;8720;514;120;3.0;8720;10645417.11;O;3;03;36.02;4.758;0.058945;0.013761;1.0;1220.8
facility:2088193;3731;467;136;2.0;3731;8689887.28;O;3;01;45.112;4.625;0.125168;0.036451;1.0;2329.1
facility:2088487;1891;195;93;2.0;1891;4361032.82;B;3;01;48.575;3.618;0.10312;0.04918;1.0;2306.2
facility:2088495;8954;683;219;3.0;8954;63382609.39;I;1;01;58.855;8.279;0.076279;0.024458;1.0;7078.69
facility:2088517;3864;25;42;3.0;3864;8406838.01;J;1;99;5.893;4.572;0.00647;0.01087;1.0;2175.68
facility:2088525;1135;12;93;2.0;1135;819624.82;B;3;03;50.914;3.276;0.010573;0.081938;1.0;722.14
facility:2088576;6128;278;28;2.0;6128;12930298.38;C;1;01;59.243;3.92;0.045366;0.004569;1.0;2110.04
facility:2089327;9213;479;247;3.0;9213;21728727.64;O;3;01;45.176;4.234;0.051992;0.02681;1.0;2358.49
facility:2089335;3842;871;172;6.0;3842;16675446.69;B;1;01;62.298;8.006;0.226705;0.044768;1.0;4340.3
facility:2089548;1723;115;158;2.0;1723;1176757.8;O;3;01;49.568;3.074;0.066744;0.091701;1.0;682.97
facility:2089696;2371;36;2;3.0;2371;7460470.54;C;1;03;8.085;7.113;0.015183;0.000844;1.0;3146.55
facility:2089785;6666;45;313;2.0;6666;53423764.26;Z;1;01;47.509;5.702;0.006751;0.046955;1.0;8014.37
facility:2090171;405;14;76;4.25;405;387386.1;B;1;01;56.501;5.6;0.034568;0.187654;1.0;956.51
facility:2090236;14141;1443;43;3.0;14141;31453731.37;C;1;01;48.316;5.144;0.102044;0.003041;1.0;2224.29
facility:2090333;1046;91;137;3.0;1046;618545.92;O;3;01;50.424;4.151;0.086998;0.130975;1.0;591.34
facility:2090376;40;8;21;3.0;40;48226.46;R;1;99;51.85;4.25;0.2;0.525;1.0;1205.66
facility:2090961;5019;510;124;3.0;5019;12849349.22;I;3;01;48.99;5.214;0.101614;0.024706;1.0;2560.14
facility:2091267;951;83;160;2.0;951;484982.69;O;3;01;51.095;2.802;0.087277;0.168244;1.0;509.97
facility:2091305;9;0;0;1.0;9;12575.23;H;3;01;43.111;1.0;0.0;0.0;1.0;1397.25
facility:2091313;5082;469;117;5.0;5082;10599544.46;I;1;03;43.322;8.402;0.092287;0.023022;1.0;2085.7
facility:2091356;137;0;0;2.0;137;27308.21;T;1;01;39.591;3.27;0.0;0.0;1.0;199.33
facility:2091399;6780;15;52;1.0;6780;7649296.71;S;1;01;46.926;1.772;0.002212;0.00767;1.0;1128.21
facility:2091550;1244;0;0;0.0;1244;1407901.64;H;3;01;39.647;0.156;0.0;0.0;1.0;1131.75
facility:2091585;10842;680;677;3.0;10842;13192660.29;O;3;03;38.169;4.619;0.062719;0.062442;1.0;1216.81
facility:2091658;1489;0;0;0.0;1489;548131.31;H;1;03;44.296;0.0;0.0;0.0;1.0;368.12
facility:2091755;5102;995;173;5.5;5102;22142805.23;B;1;99;52.415;7.562;0.195022;0.033908;1.0;4340.02
facility:2092093;418;41;123;2.0;418;361227.55;B;1;01;58.945;2.907;0.098086;0.294258;1.0;864.18
facility:2092298;4911;399;111;3.0;4911;11795622.7;O;3;01;37.285;5.323;0.081246;0.022602;1.0;2401.88
facility:2092395;864;45;122;2.0;864;602944.43;O;3;01;39.297;2.359;0.052083;0.141204;1.0;697.85
facility:2092611;9270;665;232;3.0;9270;21358526.48;I;3;03;46.28;5.37;0.071737;0.025027;1.0;2304.05
facility:2092638;925;84;91;3.0;925;503964.61;O;3;01;51.074;3.871;0.090811;0.098378;1.0;544.83
facility:2092980;953;41;54;2.0;953;432200.22;J;3;01;43.884;2.783;0.043022;0.056663;1.0;453.52
facility:2093227;335;69;60;4.5;335;287915.1;B;1;01;61.146;5.316;0.20597;0.179104;1.0;859.45
facility:2093324;4321;413;220;3.0;4321;9466761.55;O;3;01;48.477;4.814;0.09558;0.050914;1.0;2190.87
facility:2093332;2649;258;109;3.0;2649;6171604.84;O;3;01;49.078;5.549;0.097395;0.041148;1.0;2329.79
facility:2093502;800;55;73;2.0;800;458826.36;J;3;01;60.958;2.945;0.06875;0.09125;1.0;573.53
facility:2095912;815;63;98;2.0;815;1433181.94;B;3;01;49.672;3.696;0.077301;0.120245;1.0;1758.51
facility:2096196;1482;125;347;3.0;1482;700998.15;O;3;03;42.899;3.996;0.084345;0.234143;1.0;473.01
facility:2096412;6567;598;276;2.0;6567;10641572.77;K;1;01;48.975;4.298;0.091061;0.042028;1.0;1620.46
facility:2096463;6454;485;149;2.0;6454;8395371.96;O;3;01;41.826;4.805;0.075147;0.023086;1.0;1300.8
facility:2096498;2541;444;56;3.0;2541;8396339.7;B;1;01;60.933;5.521;0.174734;0.022039;1.0;3304.34
facility:2096617;423;21;65;2.0;423;240985.01;A;3;99;51.296;2.603;0.049645;0.153664;1.0;569.7
facility:2097613;4;0;1;3.0;4;11488.34;I;3;01;46.5;1.5;0.0;0.25;1.0;2872.08
facility:2097877;3848;386;58;3.0;3848;8423459.74;O;3;01;47.635;5.53;0.100312;0.015073;1.0;2189.05
facility:2098156;582;36;50;3.0;582;315815.8;O;3;01;46.344;4.137;0.061856;0.085911;1.0;542.64
facility:2098326;2606;370;103;4.5;2606;9296884.11;S;1;01;52.925;6.754;0.14198;0.039524;1.0;3567.49
facility:2098369;6272;342;225;2.0;6272;8757706.38;O;3;03;43.701;4.219;0.054528;0.035874;1.0;1396.32
facility:2098407;798;37;67;2.5;798;541382.21;O;3;99;50.199;3.86;0.046366;0.08396;1.0;678.42
facility:2098474;1169;225;121;6.5;1169;6370378.27;B;1;01;59.445;9.79;0.192472;0.103507;1.0;5449.43
facility:2098539;2246;154;260;2.0;2246;1364554.94;O;3;01;44.708;3.711;0.068566;0.115761;1.0;607.55
facility:2098911;4372;613;146;3.0;4372;7850539.3;B;3;01;52.927;4.934;0.14021;0.033394;1.0;1795.64
facility:2098938;3635;433;31;4.0;3635;15404825.61;I;1;01;63.52;6.628;0.11912;0.008528;1.0;4237.92
facility:2098946;1607;5;42;31.0;1607;1900066.31;F;1;01;58.915;28.194;0.003111;0.026136;1.0;1182.37
facility:2099209;1353;50;153;3.0;1353;881628.25;O;3;03;46.44;3.85;0.036955;0.113082;1.0;651.61
facility:2099217;752;62;27;3.0;752;1582004.53;B;3;03;47.529;4.206;0.082447;0.035904;1.0;2103.73
facility:2099233;1243;77;105;2.0;1243;603988.7;O;3;99;48.707;3.901;0.061947;0.084473;1.0;485.91
facility:2099438;1980;308;187;5.0;1980;5605531.76;B;1;01;58.455;7.291;0.155556;0.094444;1.0;2831.08
facility:2099454;4241;192;165;2.0;4241;6213164.12;O;3;03;37.465;4.339;0.045272;0.038906;1.0;1465.02
facility:2100363;471;10;1;2.0;471;218637.02;N;3;99;49.251;2.31;0.021231;0.002123;1.0;464.2
facility:2100371;297;26;18;2.0;297;117660.35;N;3;03;56.189;3.253;0.087542;0.060606;1.0;396.16
facility:2100398;68;3;8;3.5;68;33126.82;J;3;03;66.485;3.765;0.044118;0.117647;1.0;487.16
facility:2100681;1628;73;75;2.0;1628;2637342.3;O;3;99;35.63;3.291;0.04484;0.046069;1.0;1619.99
facility:2100754;5152;404;254;3.0;5152;5534386.32;O;3;99;42.603;5.661;0.078416;0.049301;1.0;1074.22
facility:2101025;34;3;2;3.5;34;18617.77;J;1;01;64.412;5.0;0.088235;0.058824;1.0;547.58
facility:2101432;339;29;58;5.0;339;151625.67;B;3;03;57.799;5.746;0.085546;0.171091;1.0;447.27
facility:2101777;2228;186;222;2.0;2228;3273652.82;O;3;03;41.822;4.688;0.083483;0.099641;1.0;1469.32
facility:2101874;537;30;98;2.0;537;400310.41;B;3;99;55.25;3.168;0.055866;0.182495;1.0;745.46
facility:2102021;89;4;3;4.0;89;57749.92;A;3;01;57.225;4.202;0.044944;0.033708;1.0;648.88
facility:2102579;476;17;22;2.0;476;311467.88;O;3;03;45.368;2.689;0.035714;0.046218;1.0;654.34
facility:2102595;1583;25;22;3.0;1583;994104.66;E;3;99;48.866;3.437;0.015793;0.013898;1.0;627.99
facility:2102765;1510;79;113;4.0;1510;902596.55;O;3;03;47.562;4.33;0.052318;0.074834;1.0;597.75
facility:2102773;491;26;11;2.5;491;317719.97;O;3;03;48.998;2.955;0.052953;0.022403;1.0;647.09
facility:2102854;181;14;34;3.5;181;169462.32;B;1;03;58.094;4.177;0.077348;0.187845;1.0;936.26
facility:2103222;81;5;7;3.5;81;51352.74;J;3;03;56.519;3.765;0.061728;0.08642;1.0;633.98
facility:2103230;380;5;1;3.0;380;236047.24;J;3;03;53.305;3.334;0.013158;0.002632;1.0;621.18
facility:2103257;1503;118;37;3.0;1503;3671097.45;O;3;03;45.605;4.782;0.07851;0.024617;1.0;2442.51
facility:2103532;615;14;6;3.0;615;355040.53;J;3;03;47.846;3.158;0.022764;0.009756;1.0;577.3
facility:2103990;1798;72;188;3.0;1798;1039376.41;O;3;03;44.017;4.462;0.040044;0.104561;1.0;578.07
facility:2104741;391;16;14;5.0;391;341032.68;B;1;03;57.148;5.023;0.040921;0.035806;1.0;872.21
facility:2105365;1042;40;149;2.0;1042;761506.9;O;3;03;46.155;3.56;0.038388;0.142994;1.0;730.81
facility:2105780;3813;462;203;3.0;3813;9875855.18;O;3;01;49.284;5.597;0.121164;0.053239;1.0;2590.05
facility:2105799;389;8;7;32.75;389;545152.58;R;1;01;56.835;28.584;0.020566;0.017995;1.0;1401.42
facility:2108933;174;4;8;2.0;174;87092.33;N;3;01;48.776;2.414;0.022989;0.045977;1.0;500.53
facility:2108992;5689;331;257;2.0;5689;6542033.26;O;3;03;41.891;3.542;0.058182;0.045175;1.0;1149.94
facility:2109034;1134;35;235;2.0;1134;865476.77;O;3;01;48.945;3.404;0.030864;0.207231;1.0;763.21
facility:2109700;439;24;66;3.0;439;191273.52;J;3;99;54.194;3.954;0.05467;0.150342;1.0;435.7
facility:2109867;9355;997;602;3.0;9355;10971761.85;S;1;99;51.662;4.352;0.106574;0.064351;1.0;1172.82
facility:2111624;3557;191;116;4.0;3557;13646159.97;O;3;99;31.33;9.012;0.053697;0.032612;1.0;3836.42
facility:2111640;4862;428;111;2.0;4862;10949598.71;O;3;03;45.2;4.894;0.08803;0.02283;1.0;2252.08
facility:2111659;3857;191;60;2.0;3857;8564197.6;O;3;03;37.595;4.309;0.04952;0.015556;1.0;2220.43
facility:2112175;2229;251;32;3.0;2229;5970866.6;B;1;03;53.368;5.469;0.112607;0.014356;1.0;2678.72
facility:2112531;59;10;11;3.0;59;27553.5;J;3;99;72.949;3.831;0.169492;0.186441;1.0;467.01
facility:2112647;119;13;52;3.0;119;79018.06;B;1;01;67.21;3.042;0.109244;0.436975;1.0;664.02
facility:2114143;1017;30;171;1.0;1017;495683.33;K;3;03;47.939;2.478;0.029499;0.168142;1.0;487.4
facility:2114267;849;164;101;7.0;849;5324741.96;B;1;01;61.981;8.958;0.193168;0.118963;1.0;6271.78
facility:2114763;2489;184;350;4.0;2489;3542077.29;B;1;01;58.211;4.836;0.073925;0.140619;1.0;1423.09
facility:2115077;1465;50;229;3.0;1465;805524.57;O;3;03;46.743;3.792;0.03413;0.156314;1.0;549.85
facility:2115654;1044;53;192;4.0;1044;757919.28;B;1;03;58.173;6.828;0.050766;0.183908;1.0;725.98
facility:2115662;525;23;14;31.0;525;981295.46;G;1;03;51.116;26.52;0.04381;0.026667;1.0;1869.13
facility:2117037;4074;270;233;2.5;4074;4194207.74;O;3;03;43.074;4.392;0.066274;0.057192;1.0;1029.51
facility:2117096;802;66;72;4.75;802;766152.29;B;3;99;62.67;5.489;0.082294;0.089776;1.0;955.3
facility:2117282;1195;66;111;3.5;1195;880406.63;B;3;99;59.805;4.526;0.05523;0.092887;1.0;736.74
facility:2117312;1645;151;421;3.0;1645;1079470.85;O;3;03;51.111;4.26;0.091793;0.255927;1.0;656.21
facility:2117398;331;34;41;3.0;331;177873.63;I;1;99;60.263;4.471;0.102719;0.123867;1.0;537.38
facility:2117479;737;24;182;2.0;737;521664.2;B;1;99;49.342;3.384;0.032564;0.246947;1.0;707.82
facility:2117568;1111;90;154;3.0;1111;838143.54;B;3;03;61.222;3.433;0.081008;0.138614;1.0;754.4
facility:2118041;139;4;9;3.0;139;107353.74;B;1;03;58.906;3.899;0.028777;0.064748;1.0;772.33
facility:2118076;192;3;56;4.0;192;171111.07;B;3;03;53.984;4.078;0.015625;0.291667;1.0;891.2
facility:2118092;463;20;60;3.0;463;386242.13;B;3;99;52.559;3.486;0.043197;0.12959;1.0;834.22
facility:2118246;650;17;33;2.0;650;350975.9;O;3;99;40.778;2.826;0.026154;0.050769;1.0;539.96
facility:2118319;182;0;1;3.25;182;141145.7;B;3;99;47.016;5.401;0.0;0.005495;1.0;775.53
facility:2118513;5604;216;91;2.0;5604;6026684.26;O;3;03;41.29;3.238;0.038544;0.016238;1.0;1075.43
facility:2118858;91;3;0;2.0;91;498432.86;I;1;03;64.549;3.275;0.032967;0.0;1.0;5477.28
facility:2118874;379;8;11;3.0;379;347163.5;S;1;99;45.296;3.512;0.021108;0.029024;1.0;916.0
facility:2119404;1825;63;312;3.0;1825;1209138.21;O;3;99;46.977;3.692;0.034521;0.170959;1.0;662.54
facility:2119420;4975;399;285;2.5;4975;4449136.89;O;3;03;42.233;4.726;0.080201;0.057286;1.0;894.3
facility:2119439;1074;33;237;1.0;1074;437847.61;J;3;03;46.864;1.707;0.030726;0.22067;1.0;407.68
facility:2119447;1524;62;261;2.0;1524;1034226.57;A;3;03;51.049;2.993;0.040682;0.17126;1.0;678.63
facility:2119455;452;22;69;2.25;452;278719.19;O;3;99;46.783;3.48;0.048673;0.152655;1.0;616.64
facility:2119463;1056;34;18;2.0;1056;586174.61;O;3;03;45.195;3.288;0.032197;0.017045;1.0;555.09
facility:2119471;3032;157;272;2.0;3032;1788885.52;O;3;99;43.158;3.937;0.051781;0.08971;1.0;590.0
facility:2119501;441;9;35;3.0;441;211071.39;O;3;03;42.197;3.633;0.020408;0.079365;1.0;478.62
facility:2119528;5723;350;155;2.0;5723;10870817.95;O;3;99;41.014;4.12;0.061157;0.027084;1.0;1899.5
facility:2120402;1105;31;30;2.0;1105;650809.36;O;3;03;45.307;3.227;0.028054;0.027149;1.0;588.97
facility:2120410;1250;89;102;3.0;1250;723074.77;J;3;03;45.169;4.271;0.0712;0.0816;1.0;578.46
facility:2120542;2253;133;269;2.0;2253;1996040.77;K;1;01;49.908;3.745;0.059032;0.119396;1.0;885.95
facility:2121409;780;47;46;3.0;780;428528.25;J;3;99;54.927;3.199;0.060256;0.058974;1.0;549.4
facility:2121514;492;15;32;2.0;492;375008.4;B;3;03;49.99;3.453;0.030488;0.065041;1.0;762.21
facility:2121808;942;13;56;2.0;942;430146.47;N;3;99;50.426;2.717;0.0138;0.059448;1.0;456.63
facility:2122618;602;15;2;3.0;602;291705.19;I;3;01;53.796;3.331;0.024917;0.003322;1.0;484.56
facility:2122650;3375;355;148;3.0;3375;8573699.09;B;3;01;50.017;5.529;0.105185;0.043852;1.0;2540.36
facility:2122677;2328;290;146;4.0;2328;2834291.23;B;3;01;46.852;4.953;0.12457;0.062715;1.0;1217.48
facility:2122936;235;9;35;3.0;235;116808.18;I;1;01;64.426;4.004;0.038298;0.148936;1.0;497.06
facility:2122987;121;6;13;4.0;121;52981.1;N;3;01;63.603;4.719;0.049587;0.107438;1.0;437.86
facility:2123061;1293;79;106;2.0;1293;1112265.98;B;3;01;48.064;3.244;0.061098;0.08198;1.0;860.22
facility:2123231;331;22;36;2.0;331;158055.83;O;3;01;47.435;3.082;0.066465;0.108761;1.0;477.51
facility:2123436;437;29;60;3.0;437;276415.26;B;3;99;58.568;3.785;0.066362;0.1373;1.0;632.53
facility:2123711;403;19;49;4.0;403;231754.96;I;3;01;54.814;4.576;0.047146;0.121588;1.0;575.07
facility:2124289;1063;45;81;2.0;1063;402780.22;O;3;99;47.785;3.596;0.042333;0.076199;1.0;378.91
facility:2126494;16110;1533;457;3.5;16110;63862417.92;O;3;99;39.879;6.54;0.095158;0.028367;1.0;3964.15
facility:2126508;2851;0;39;2.0;2851;2176163.66;O;3;99;21.748;2.884;0.0;0.013679;1.0;763.3
facility:2126559;254;10;52;3.5;254;140420.53;E;1;03;60.402;4.559;0.03937;0.204724;1.0;552.84
facility:2126796;1176;88;48;2.0;1176;632375.34;J;3;99;51.205;3.286;0.07483;0.040816;1.0;537.73
facility:2127091;896;88;112;3.0;896;523280.68;I;3;03;59.317;3.247;0.098214;0.125;1.0;584.02
facility:2127687;1515;176;13;3.0;1515;5652209.42;O;3;01;52.492;5.134;0.116172;0.008581;1.0;3730.83
facility:2127695;784;52;156;3.0;784;552664.75;B;1;01;63.054;3.631;0.066327;0.19898;1.0;704.93
facility:2127725;939;62;86;3.0;939;693443.57;B;1;01;52.599;3.689;0.066028;0.091587;1.0;738.49
facility:2127733;441;26;40;2.75;441;273508.88;J;3;01;54.431;3.671;0.058957;0.090703;1.0;620.2
facility:2127768;232;17;10;2.0;232;136214.58;J;1;01;70.043;2.599;0.073276;0.043103;1.0;587.13
facility:2127881;1401;126;52;2.0;1401;3968308.82;O;3;01;44.214;4.492;0.089936;0.037116;1.0;2832.48
facility:2127911;2774;237;202;2.0;2774;1834651.79;O;3;01;50.279;2.798;0.085436;0.072819;1.0;661.37
facility:2127938;171;15;23;3.75;171;92758.76;E;3;01;67.579;4.023;0.087719;0.134503;1.0;542.45
facility:2127946;225;21;31;4.0;225;173916.46;A;1;01;72.84;4.409;0.093333;0.137778;1.0;772.96
facility:2127997;221;32;33;3.0;221;151863.77;J;1;01;63.059;3.891;0.144796;0.149321;1.0;687.17
facility:2128004;178;10;19;3.0;178;113961.74;B;1;01;60.82;4.079;0.05618;0.106742;1.0;640.23
facility:2128012;2026;135;143;2.0;2026;1241972.12;O;3;01;46.687;2.701;0.066634;0.070582;1.0;613.02
facility:2128020;442;29;51;3.0;442;323523.28;B;1;01;61.167;4.448;0.065611;0.115385;1.0;731.95
facility:2129469;7711;540;61;2.0;7711;19955742.5;O;3;01;43.78;4.409;0.07003;0.007911;1.0;2587.96
facility:2129566;2944;446;19;6.0;2944;18955898.03;I;1;01;63.647;7.048;0.151495;0.006454;1.0;6438.82
facility:2132877;2625;199;90;3.5;2625;6174488.43;B;3;99;50.368;4.36;0.07581;0.034286;1.0;2352.19
facility:2134071;539;10;72;3.0;539;281622.66;O;3;03;43.763;4.692;0.018553;0.133581;1.0;522.49
facility:2134268;2626;77;288;2.0;2626;1198809.34;O;3;03;43.174;2.92;0.029322;0.109673;1.0;456.52
facility:2134276;3333;242;264;3.0;3333;3378930.3;O;3;03;44.389;4.979;0.072607;0.079208;1.0;1013.78
facility:2134292;224;7;12;4.0;224;93134.65;I;3;03;55.679;4.969;0.03125;0.053571;1.0;415.78
facility:2134306;160;9;25;4.0;160;47292.42;I;3;99;60.512;4.675;0.05625;0.15625;1.0;295.58
facility:2135108;2230;116;139;2.25;2230;2578399.34;O;3;03;43.687;3.818;0.052018;0.062332;1.0;1156.23
facility:2135116;329;13;87;3.0;329;165495.41;A;1;99;56.565;3.936;0.039514;0.264438;1.0;503.03
facility:2135124;2749;150;318;2.0;2749;3723417.0;O;3;03;41.469;4.258;0.054565;0.115678;1.0;1354.46
facility:2135132;4683;593;161;5.0;4683;17981116.8;I;1;03;58.727;7.724;0.126628;0.03438;1.0;3839.66
facility:2135140;348;16;7;2.0;348;116007.58;J;1;99;54.994;2.922;0.045977;0.020115;1.0;333.36
facility:2135884;457;4;12;2.25;457;193797.82;N;3;99;46.306;2.915;0.008753;0.026258;1.0;424.07
facility:2135914;1521;35;19;2.0;1521;680421.97;B;3;03;50.065;2.488;0.023011;0.012492;1.0;447.35
facility:2135930;2232;51;225;2.0;2232;1013282.17;O;3;03;40.633;2.803;0.022849;0.100806;1.0;453.98
facility:2135949;163;4;2;9.0;163;22165.73;F;1;01;52.607;13.595;0.02454;0.01227;1.0;135.99
facility:2136104;102;8;45;2.0;102;47253.74;E;3;99;55.892;2.392;0.078431;0.441176;1.0;463.27
facility:2136139;180;5;8;5.5;180;55939.82;F;1;03;59.711;5.233;0.027778;0.044444;1.0;310.78
facility:2136937;454;0;36;2.0;454;171272.41;J;1;03;5.095;2.623;0.0;0.079295;1.0;377.25
facility:2136945;1947;5;57;1.0;1947;1056524.69;O;3;01;27.828;1.589;0.002568;0.029276;1.0;542.64
facility:2138875;5574;299;68;3.0;5574;9664147.58;O;3;03;32.761;4.913;0.053642;0.012199;1.0;1733.79
facility:2139030;1824;88;209;2.0;1824;1097677.5;O;3;03;46.966;3.328;0.048246;0.114583;1.0;601.8
facility:2139049;1748;119;224;3.0;1748;1229562.49;O;3;03;42.114;4.144;0.068078;0.128146;1.0;703.41
facility:2139057;625;34;113;2.5;625;448668.84;O;3;03;44.594;3.806;0.0544;0.1808;1.0;717.87
facility:2139065;254;11;28;4.0;254;151119.16;B;1;03;52.126;5.307;0.043307;0.110236;1.0;594.96
facility:2139073;2717;242;218;3.0;2717;3547998.3;O;3;03;43.198;4.265;0.089069;0.080236;1.0;1305.85
facility:2139103;701;27;46;3.0;701;297642.88;N;3;03;44.274;3.531;0.038516;0.065621;1.0;424.6
facility:2139111;240;17;48;3.0;240;148563.0;A;3;99;54.417;3.617;0.070833;0.2;1.0;619.01
facility:2139138;390;39;55;3.0;390;216771.62;O;3;03;53.338;4.326;0.1;0.141026;1.0;555.82
facility:2139146;712;37;39;3.0;712;350307.42;O;3;03;49.899;3.277;0.051966;0.054775;1.0;492.0
facility:2139200;4523;401;133;3.0;4523;7747597.72;O;3;01;46.57;4.214;0.088658;0.029405;1.0;1712.93
facility:2139960;159;7;34;2.5;159;93841.87;I;3;03;62.0;3.572;0.044025;0.213836;1.0;590.2
facility:2140063;900;24;314;2.0;900;549425.01;A;3;99;49.732;2.818;0.026667;0.348889;1.0;610.47
facility:2140098;2802;65;335;2.0;2802;1688250.49;O;3;99;41.857;3.099;0.023198;0.119557;1.0;602.52
facility:2140179;243;6;70;1.0;243;112075.73;I;3;99;44.358;1.77;0.024691;0.288066;1.0;461.22
facility:2140217;3240;218;258;2.25;3240;4123865.11;O;3;03;46.974;4.539;0.067284;0.07963;1.0;1272.8
facility:2142295;357;23;68;5.0;357;265878.43;J;1;01;65.613;5.661;0.064426;0.190476;1.0;744.76
facility:2142376;3877;376;159;3.5;3877;11625852.32;B;3;01;49.356;5.015;0.096982;0.041011;1.0;2998.67
facility:2142406;1448;96;322;3.5;1448;958680.38;B;3;03;51.648;4.801;0.066298;0.222376;1.0;662.07
facility:2142627;626;24;59;2.0;626;371147.67;O;3;01;48.621;3.038;0.038339;0.094249;1.0;592.89
facility:2142937;61;2;17;3.0;61;27627.78;N;3;01;67.033;3.213;0.032787;0.278689;1.0;452.91
facility:2143127;538;21;122;2.0;538;336399.25;O;3;01;46.757;3.225;0.039033;0.226766;1.0;625.28
facility:2143674;240;8;89;3.0;240;89754.91;I;1;01;54.429;3.417;0.033333;0.370833;1.0;373.98
facility:2143801;3729;162;260;1.5;3729;6410883.96;O;3;03;34.701;3.182;0.043443;0.069724;1.0;1719.2
facility:2143852;1358;91;285;2.0;1358;942813.76;A;3;01;50.702;3.806;0.06701;0.209867;1.0;694.27
facility:2143895;745;50;125;2.75;745;373140.74;J;3;01;58.686;3.599;0.067114;0.167785;1.0;500.86
facility:2144026;1373;97;94;4.0;1373;1827049.42;O;3;99;48.267;5.647;0.070648;0.068463;1.0;1330.7
facility:2144042;787;27;108;2.0;787;550556.35;K;3;01;51.455;3.402;0.034307;0.13723;1.0;699.56
facility:2144166;1796;64;215;2.0;1796;1019190.35;S;1;03;48.305;2.751;0.035635;0.11971;1.0;567.48
facility:2144174;332;28;97;2.5;332;224568.83;B;1;01;60.895;3.404;0.084337;0.292169;1.0;676.41
facility:2144182;188;29;29;5.0;188;79789.15;I;1;01;63.495;7.309;0.154255;0.154255;1.0;424.41
facility:2144204;1354;69;218;2.0;1354;837951.48;O;3;01;45.395;3.301;0.05096;0.161004;1.0;618.87
facility:2144255;317;16;56;2.75;317;275144.66;B;1;01;56.978;3.394;0.050473;0.176656;1.0;867.96
facility:2144298;3354;261;99;3.0;3354;5902308.72;S;3;03;49.932;5.027;0.077818;0.029517;1.0;1759.78
facility:2144522;346;17;53;2.0;346;143259.16;Z;1;03;56.714;2.772;0.049133;0.153179;1.0;414.04
facility:2144530;3521;193;418;2.0;3521;4876726.29;O;3;03;44.312;2.986;0.054814;0.118716;1.0;1385.04
facility:2144549;381;44;83;5.0;381;290783.45;B;3;99;58.845;6.294;0.115486;0.217848;1.0;763.21
facility:2144557;836;75;60;3.0;836;444112.15;J;3;03;55.583;3.449;0.089713;0.07177;1.0;531.23
facility:2144573;608;47;160;3.0;608;331903.28;B;1;03;62.345;4.926;0.077303;0.263158;1.0;545.89
facility:2144611;424;30;110;3.0;424;213084.04;I;3;02;61.542;3.625;0.070755;0.259434;1.0;502.56
facility:2144638;1473;85;215;2.0;1473;943716.65;O;3;03;49.958;2.743;0.057705;0.145961;1.0;640.68
facility:2144654;213;4;26;2.0;213;72090.53;E;1;03;59.3;2.789;0.018779;0.122066;1.0;338.45
facility:2145685;1046;14;22;1.0;1046;566288.03;O;3;03;37.402;2.053;0.013384;0.021033;1.0;541.38
facility:2145960;4703;393;104;2.5;4703;14114277.77;O;3;03;40.566;4.746;0.083564;0.022114;1.0;3001.12
facility:2146088;152;8;21;4.0;152;118276.24;I;1;99;59.414;6.007;0.052632;0.138158;1.0;778.13
facility:2146355;20992;1291;33;4.0;20992;75978591.71;O;3;01;41.858;7.104;0.0615;0.001572;1.0;3619.41
facility:2146398;203;4;23;3.0;203;134651.44;B;3;01;59.596;3.01;0.019704;0.1133;1.0;663.31
facility:2146444;24;1;9;3.0;24;20325.37;B;1;01;60.375;3.458;0.041667;0.375;1.0;846.89
facility:2146479;323;29;48;3.0;323;236125.62;B;1;01;57.799;4.056;0.089783;0.148607;1.0;731.04
facility:2146487;27;2;0;1.5;27;8601.98;N;3;01;54.852;2.407;0.074074;0.0;1.0;318.59
facility:2146495;1085;61;33;2.0;1085;592039.54;J;3;01;60.328;2.943;0.056221;0.030415;1.0;545.66
facility:2146517;181;15;58;3.0;181;70289.64;B;3;01;62.735;3.823;0.082873;0.320442;1.0;388.34
facility:2146525;7482;688;78;3.0;7482;19787476.86;B;3;99;48.939;5.063;0.091954;0.010425;1.0;2644.68
facility:2147572;72;5;15;5.75;72;33675.36;J;1;01;65.542;6.861;0.069444;0.208333;1.0;467.71
facility:2147823;75;1;9;4.5;75;42269.2;B;1;01;57.093;7.28;0.013333;0.12;1.0;563.59
facility:2148293;5284;395;212;2.0;5284;10759808.74;O;3;03;45.68;4.216;0.074754;0.040121;1.0;2036.3
facility:2148471;86;5;18;5.5;86;41950.33;J;3;03;65.012;6.012;0.05814;0.209302;1.0;487.79
facility:2149419;1719;133;136;2.0;1719;3156522.13;B;1;01;52.269;3.421;0.077371;0.079116;1.0;1836.25
facility:2149710;1265;68;259;3.5;1265;905507.18;B;3;99;52.391;5.179;0.053755;0.204743;1.0;715.82
facility:2149990;18150;1110;231;3.0;18150;50374714.47;O;3;03;40.541;5.768;0.061157;0.012727;1.0;2775.47
facility:2151855;1944;947;202;10.0;1944;31097941.28;B;1;01;58.427;11.924;0.48714;0.103909;1.0;15996.88
facility:2152940;1332;67;647;2.0;1332;568504.83;R;1;99;56.186;3.327;0.0503;0.485736;1.0;426.81
facility:2152959;3059;189;2054;2.0;3059;2159273.41;R;1;01;57.68;3.148;0.061785;0.671461;1.0;705.88
facility:2152967;2772;143;1196;2.0;2772;1061449.55;R;1;99;54.932;2.954;0.051587;0.431457;1.0;382.92
facility:2153009;2993;200;1280;2.5;2993;1145996.44;K;1;99;53.897;3.686;0.066823;0.427665;1.0;382.89
facility:2153017;1984;134;1021;3.0;1984;1094092.6;B;1;01;52.855;3.978;0.06754;0.514617;1.0;551.46
facility:2153025;1143;208;31;5.5;1143;2611778.91;C;3;01;59.435;7.679;0.181977;0.027122;1.0;2285.02
facility:2153084;10406;748;223;3.0;10406;22957766.32;O;3;03;43.787;6.361;0.071882;0.02143;1.0;2206.2
facility:2153106;2684;138;92;2.0;2684;8070336.72;C;1;01;54.507;3.678;0.051416;0.034277;1.0;3006.83
facility:2153114;2749;207;71;3.25;2749;17492096.37;I;1;01;63.221;5.204;0.0753;0.025828;1.0;6363.08
facility:2153882;6694;430;52;4.5;6694;35560924.42;I;3;01;43.207;7.752;0.064237;0.007768;1.0;5312.36
facility:2154560;1488;1;13;2.0;1488;896126.72;O;3;03;31.085;1.724;0.000672;0.008737;1.0;602.24
facility:2154757;85;0;0;1.0;85;91337.69;I;3;03;51.576;2.518;0.0;0.0;1.0;1074.56
facility:2157063;780;48;30;3.0;780;383745.87;K;3;03;56.969;3.097;0.061538;0.038462;1.0;491.98
facility:2159252;14884;916;171;2.0;14884;42310339.97;C;3;01;47.966;4.304;0.061543;0.011489;1.0;2842.67
facility:2160498;338;14;106;2.75;338;215537.47;B;1;03;54.444;3.521;0.04142;0.313609;1.0;637.68
facility:2161354;4940;460;87;2.0;4940;17181984.22;O;3;01;44.315;4.411;0.093117;0.017611;1.0;3478.13
facility:2161575;447;40;92;2.0;447;252634.21;E;1;01;64.49;2.971;0.089485;0.205817;1.0;565.18
facility:2161702;687;30;131;2.0;687;399636.22;J;1;01;52.183;2.699;0.043668;0.190684;1.0;581.71
facility:2161729;605;38;64;4.0;605;439347.64;B;1;99;58.066;4.448;0.06281;0.105785;1.0;726.19
facility:2162377;226;56;4;7.0;226;1063267.84;B;1;99;59.204;8.394;0.247788;0.017699;1.0;4704.72
facility:2163071;671;13;60;3.0;671;407832.92;J;3;01;52.718;3.241;0.019374;0.089419;1.0;607.8
facility:2163829;3912;326;226;4.0;3912;9607561.4;S;3;03;48.255;6.125;0.083333;0.057771;1.0;2455.92
facility:2164280;1651;66;716;2.5;1651;827867.41;B;1;99;53.1;4.875;0.039976;0.433677;1.0;501.43
facility:2164299;2358;301;51;4.0;2358;9441654.52;B;1;99;53.971;5.285;0.127651;0.021628;1.0;4004.09
facility:2164493;66;3;28;3.0;66;29368.88;J;3;01;63.591;3.5;0.045455;0.424242;1.0;444.98
facility:2164612;163;1;1;1.75;163;130367.11;S;1;01;41.46;2.282;0.006135;0.006135;1.0;799.8
facility:2164620;2552;160;79;2.0;2552;5609679.85;O;3;03;39.331;4.014;0.062696;0.030956;1.0;2198.15
facility:2164795;1467;0;104;2.0;1467;523212.83;J;1;01;5.842;2.522;0.0;0.070893;1.0;356.65
facility:2164825;502;67;25;11.75;502;646474.91;E;1;01;65.369;15.169;0.133466;0.049801;1.0;1287.8
facility:2165058;2997;391;59;3.0;2997;5201622.12;C;3;01;60.845;4.369;0.130464;0.019686;1.0;1735.61
facility:2166305;529;6;38;3.0;529;305945.47;J;3;01;44.605;3.431;0.011342;0.071834;1.0;578.35
facility:2167379;807;42;30;4.0;807;372683.14;O;3;01;54.047;4.755;0.052045;0.037175;1.0;461.81
facility:2167565;537;20;97;2.0;537;263822.7;J;3;01;51.86;2.469;0.037244;0.180633;1.0;491.29
facility:2167573;263;14;49;6.5;263;312629.87;B;3;01;57.829;6.148;0.053232;0.186312;1.0;1188.71
facility:2167670;68;7;9;4.0;68;28280.19;N;3;99;60.662;4.294;0.102941;0.132353;1.0;415.89
facility:2167727;725;56;21;3.0;725;1055345.12;N;3;01;54.097;5.583;0.077241;0.028966;1.0;1455.65
facility:2168200;45;7;16;3.75;45;33364.6;B;3;03;63.133;4.844;0.155556;0.355556;1.0;741.44
facility:2168243;1115;83;184;2.0;1115;755634.35;O;3;99;48.853;4.018;0.074439;0.165022;1.0;677.7
facility:2168421;355;28;50;2.0;355;208144.96;A;3;99;61.535;2.913;0.078873;0.140845;1.0;586.32
facility:2168448;147;19;24;3.0;147;85923.65;A;1;99;62.068;4.422;0.129252;0.163265;1.0;584.51
facility:2168553;1151;63;65;3.0;1151;501498.32;I;3;03;51.235;3.56;0.054735;0.056473;1.0;435.71
facility:2168626;178;3;1;2.0;178;103445.3;O;3;01;45.028;3.135;0.016854;0.005618;1.0;581.15
facility:2168693;1468;101;99;2.25;1468;2601056.65;B;3;01;50.782;3.935;0.068801;0.067439;1.0;1771.84
facility:2168707;3349;306;256;3.0;3349;8965531.78;B;3;01;48.258;5.023;0.091371;0.076441;1.0;2677.08
facility:2171945;6729;642;125;2.0;6729;25076589.0;C;3;01;52.271;4.205;0.095408;0.018576;1.0;3726.64
facility:2171988;5912;431;265;3.0;5912;10571985.55;K;3;01;43.755;5.011;0.072903;0.044824;1.0;1788.22
facility:2172259;2681;200;101;3.0;2681;2114081.79;O;3;03;46.528;5.184;0.074599;0.037673;1.0;788.54
facility:2172836;369;20;25;2.0;369;185946.15;O;3;01;47.604;3.631;0.054201;0.067751;1.0;503.92
facility:2172852;646;44;110;2.0;646;545425.75;B;3;01;55.31;4.152;0.068111;0.170279;1.0;844.31
facility:2172860;214;13;26;3.0;214;193244.31;B;3;01;51.893;4.014;0.060748;0.121495;1.0;903.01
facility:2173166;9698;631;126;3.0;9698;27282831.67;O;3;03;38.705;4.83;0.065065;0.012992;1.0;2813.24
facility:2173565;2445;274;21;5.0;2445;13204934.42;S;1;01;54.53;7.745;0.112065;0.008589;1.0;5400.79
facility:2178559;2659;293;49;4.0;2659;8617417.11;B;1;03;59.558;5.908;0.110192;0.018428;1.0;3240.85
facility:2178591;947;63;139;2.0;947;720483.82;B;3;03;49.464;3.813;0.066526;0.146779;1.0;760.81
facility:2178648;213;15;36;2.5;213;110939.81;I;3;01;56.822;3.047;0.070423;0.169014;1.0;520.84
facility:2178850;392;28;44;4.0;392;209131.19;N;3;99;57.041;4.962;0.071429;0.112245;1.0;533.5
facility:2178982;1010;44;54;6.0;1010;691988.05;E;3;03;53.079;6.419;0.043564;0.053465;1.0;685.14
facility:2178990;342;20;7;4.5;342;182962.41;E;3;03;56.365;6.018;0.05848;0.020468;1.0;534.98
facility:2179172;453;45;54;4.0;453;158402.76;E;3;99;53.539;5.554;0.099338;0.119205;1.0;349.67
facility:2179237;138;10;28;1.0;138;90520.84;J;3;01;61.79;1.696;0.072464;0.202899;1.0;655.95
facility:2179571;116;10;22;3.0;116;87915.11;B;3;01;62.741;3.81;0.086207;0.189655;1.0;757.89
facility:2179628;460;68;72;2.75;460;310735.71;B;3;01;60.954;3.635;0.147826;0.156522;1.0;675.51
facility:2180731;272;4;45;2.0;272;216679.36;O;3;04;43.614;2.794;0.014706;0.165441;1.0;796.62
facility:2180766;2094;189;162;4.0;2094;3307329.71;S;1;03;55.883;7.491;0.090258;0.077364;1.0;1579.43
facility:2181029;480;21;100;2.0;480;337323.99;O;3;99;47.715;3.088;0.04375;0.208333;1.0;702.76
facility:2181770;2382;351;283;8.0;2382;16544199.26;B;1;03;54.615;11.849;0.147355;0.118808;1.0;6945.51
facility:2182610;807;40;233;3.0;807;404428.93;O;3;01;53.193;3.42;0.049566;0.288724;1.0;501.15
facility:2183803;2274;36;61;3.0;2274;1315893.52;O;3;03;40.633;3.783;0.015831;0.026825;1.0;578.67
facility:2183811;1492;72;146;3.0;1492;588540.8;A;3;03;46.456;4.38;0.048257;0.097855;1.0;394.46
facility:2184680;270;1;2;3.0;270;169291.51;J;3;01;53.419;3.896;0.003704;0.007407;1.0;627.01
facility:2184834;2629;409;28;3.0;2629;11413098.58;C;1;03;60.023;5.312;0.155572;0.01065;1.0;4341.23
facility:2185563;1511;109;171;3.0;1511;1012790.92;B;3;03;45.9;4.451;0.072138;0.11317;1.0;670.28
facility:2186276;104;0;0;4.25;104;68036.82;B;1;01;55.519;4.894;0.0;0.0;1.0;654.2
facility:2191164;9181;40;180;2.0;9181;9641117.98;O;3;03;17.216;3.93;0.004357;0.019606;1.0;1050.12
facility:2192020;5346;509;163;2.5;5346;9200341.1;B;3;01;48.906;4.83;0.095211;0.03049;1.0;1720.98
facility:2192128;1536;122;54;2.0;1536;1816439.7;K;3;01;48.857;4.039;0.079427;0.035156;1.0;1182.58
facility:2192896;19722;1074;890;4.0;19722;43189620.23;I;3;03;44.815;6.803;0.054457;0.045127;1.0;2189.92
facility:2193310;6897;696;905;6.0;6897;19053184.04;B;1;03;50.444;8.675;0.100913;0.131216;1.0;2762.53
facility:2194937;275;5;45;3.0;275;214774.78;B;3;01;55.375;3.462;0.018182;0.163636;1.0;781.0
facility:2195224;462;30;39;2.25;462;226348.43;O;3;01;47.963;3.509;0.064935;0.084416;1.0;489.93
facility:2195429;371;18;38;7.0;371;167950.53;E;1;99;64.469;9.946;0.048518;0.102426;1.0;452.7
facility:2195437;7845;772;284;3.0;7845;17755604.33;O;3;01;43.064;5.184;0.098407;0.036201;1.0;2263.3
facility:2195453;7050;765;10;3.0;7050;20315828.13;C;1;03;55.805;4.777;0.108511;0.001418;1.0;2881.68
facility:2196972;1343;172;17;3.0;1343;4181297.54;O;3;99;40.727;5.649;0.128071;0.012658;1.0;3113.4
facility:2197693;1108;37;39;2.0;1108;539782.74;O;3;01;47.274;3.065;0.033394;0.035199;1.0;487.17
facility:2200457;9465;870;25;4.0;9465;25032478.42;C;1;03;60.831;5.713;0.091918;0.002641;1.0;2644.74
facility:2200473;11956;1939;671;4.5;11956;36689636.82;B;1;03;52.856;7.297;0.162178;0.056122;1.0;3068.72
facility:2200481;713;25;31;2.75;713;473843.06;B;3;03;51.941;3.582;0.035063;0.043478;1.0;664.58
facility:2200902;5415;616;196;3.0;5415;9829905.07;O;3;03;46.886;4.436;0.113758;0.036196;1.0;1815.31
facility:2201542;988;83;340;3.0;988;956296.93;B;1;01;55.661;3.43;0.084008;0.34413;1.0;967.91
facility:2202638;255;13;24;3.0;255;133480.94;J;3;99;64.522;3.408;0.05098;0.094118;1.0;523.45
facility:2202883;549;22;80;3.0;549;340378.49;B;3;03;52.421;3.505;0.040073;0.145719;1.0;620.0
facility:2202891;2139;75;201;2.0;2139;1386651.9;O;3;03;44.405;3.308;0.035063;0.093969;1.0;648.27
facility:2204622;3189;243;360;2.0;3189;2631940.52;O;3;99;45.635;3.35;0.076199;0.112888;1.0;825.32
facility:2204649;4534;266;536;2.0;4534;4296103.85;O;3;99;45.234;3.341;0.058668;0.118218;1.0;947.53
facility:2205009;1054;72;29;2.0;1054;789209.69;K;3;99;57.482;3.387;0.068311;0.027514;1.0;748.78
facility:2205440;19198;1376;39;2.0;19198;52438607.64;O;3;03;45.498;4.529;0.071674;0.002031;1.0;2731.46
facility:2205866;877;26;63;4.0;877;435897.7;I;1;03;52.523;5.117;0.029647;0.071836;1.0;497.03
facility:2205904;1466;43;152;2.0;1466;813910.85;O;3;99;45.222;3.126;0.029332;0.103683;1.0;555.19
facility:2205939;3499;42;74;2.0;3499;4707255.01;O;3;03;23.811;3.285;0.012003;0.021149;1.0;1345.31
facility:2205971;1796;115;173;3.0;1796;1146446.33;B;1;99;55.698;3.994;0.064031;0.096325;1.0;638.33
facility:2205998;1731;48;323;1.75;1731;1135897.99;O;3;03;40.934;2.681;0.02773;0.186597;1.0;656.21
facility:2206064;5065;440;118;2.0;5065;13270563.72;O;3;01;45.625;4.145;0.086871;0.023297;1.0;2620.05
facility:2206382;5132;581;253;4.5;5132;17958880.09;S;1;03;55.129;6.868;0.113211;0.049299;1.0;3499.39
facility:2206498;1443;11;68;2.0;1443;773954.75;O;3;99;33.086;2.647;0.007623;0.047124;1.0;536.35
facility:2206501;494;1;18;2.0;494;211743.52;O;3;99;17.555;2.089;0.002024;0.036437;1.0;428.63
facility:2206528;8400;331;86;2.0;8400;12727811.04;O;3;03;36.164;4.035;0.039405;0.010238;1.0;1515.22
facility:2206552;221;0;2;3.0;221;99559.95;A;1;03;51.787;4.081;0.0;0.00905;1.0;450.5
facility:2206595;10980;928;203;4.0;10980;36498590.86;I;3;99;44.441;7.453;0.084517;0.018488;1.0;3324.1
facility:2207664;1205;64;90;4.25;1205;670151.42;B;3;03;48.617;5.378;0.053112;0.074689;1.0;556.14
facility:2208040;881;1;7;1.0;881;554100.22;O;3;01;34.501;1.395;0.001135;0.007946;1.0;628.94
facility:2208067;583;19;98;3.0;583;244453.57;A;3;03;40.864;3.492;0.03259;0.168096;1.0;419.3
facility:2208075;2179;132;183;3.0;2179;987814.74;O;3;03;46.944;3.794;0.060578;0.083983;1.0;453.33
facility:2208083;979;80;99;2.5;979;498926.85;O;3;03;47.41;4.434;0.081716;0.101124;1.0;509.63
facility:2208156;4668;431;1215;3.5;4668;7020252.92;S;1;99;47.476;6.083;0.092331;0.260283;1.0;1503.91
facility:2208172;9145;488;102;3.0;9145;25031314.27;O;3;03;37.485;5.109;0.053362;0.011154;1.0;2737.16
facility:2208822;2300;221;135;2.0;2300;4780096.47;O;3;01;47.935;2.943;0.096087;0.058696;1.0;2078.3
facility:2208849;317;18;51;4.25;317;269466.36;B;3;01;61.041;5.23;0.056782;0.160883;1.0;850.05
facility:2209195;5633;477;28;2.0;5633;11603268.47;O;3;99;41.9;5.194;0.08468;0.004971;1.0;2059.87
facility:2210924;511;121;6;8.0;511;711271.25;B;1;03;60.012;11.016;0.236791;0.011742;1.0;1391.92
facility:2211254;3722;68;162;3.0;3722;3873411.98;S;1;01;44.732;4.376;0.01827;0.043525;1.0;1040.68
facility:2211262;2769;185;370;3.0;2769;2160753.94;O;3;03;45.186;4.39;0.066811;0.133622;1.0;780.34
facility:2213516;115;4;41;3.5;115;66063.77;I;1;99;59.922;5.426;0.034783;0.356522;1.0;574.47
facility:2215586;4273;294;89;5.0;4273;5367919.55;S;1;03;53.302;6.577;0.068804;0.020828;1.0;1256.24
facility:2218690;4669;323;233;3.0;4669;9535192.75;O;3;03;44.995;5.405;0.06918;0.049904;1.0;2042.23
facility:2218798;4057;181;124;4.0;4057;10994025.83;N;3;01;45.893;7.461;0.044614;0.030564;1.0;2709.89
facility:2219638;3700;462;76;6.0;3700;12818579.27;I;1;03;58.277;7.191;0.124865;0.020541;1.0;3464.48
facility:2219646;4382;467;27;3.0;4382;14026490.99;C;3;03;61.156;4.664;0.106572;0.006162;1.0;3200.93
facility:2219654;10757;411;460;3.0;10757;15934074.87;O;3;03;32.518;5.088;0.038208;0.042763;1.0;1481.27
facility:2219662;531;87;20;5.0;531;1132197.3;I;1;99;60.928;7.028;0.163842;0.037665;1.0;2132.2
facility:2221543;886;5;27;2.0;886;424762.65;O;3;03;36.837;2.429;0.005643;0.030474;1.0;479.42
facility:2221756;3929;471;128;17.0;3929;14528383.0;B;1;01;58.806;18.108;0.119878;0.032578;1.0;3697.73
facility:2221772;3832;243;89;2.0;3832;6788727.82;S;3;99;47.65;4.023;0.063413;0.023225;1.0;1771.59
facility:2221985;674;36;90;3.0;674;354595.38;O;3;03;52.724;3.944;0.053412;0.133531;1.0;526.11
facility:2222043;18060;1517;1452;3.0;18060;51599178.06;O;3;03;39.336;5.001;0.083998;0.080399;1.0;2857.1
facility:2223538;10833;943;151;3.0;10833;44283072.96;O;3;01;43.51;6.249;0.087049;0.013939;1.0;4087.79
facility:2223546;8966;595;80;3.0;8966;22666363.96;C;3;01;48.384;5.655;0.066362;0.008923;1.0;2528.04
facility:2223562;3879;429;157;5.0;3879;11579809.53;B;1;99;54.719;7.405;0.110596;0.040474;1.0;2985.26
facility:2223570;83;3;6;1.0;83;157286.27;Q;1;01;25.012;3.458;0.036145;0.072289;1.0;1895.02
facility:2224607;326;42;63;5.0;326;246650.32;J;1;01;62.844;6.712;0.128834;0.193252;1.0;756.6
facility:2224615;155;25;36;3.0;155;143432.93;B;1;99;63.813;4.413;0.16129;0.232258;1.0;925.37
facility:2227665;4111;222;137;1.5;4111;5550680.0;K;3;01;37.396;3.183;0.054001;0.033325;1.0;1350.2
facility:2227673;729;114;113;6.0;729;593447.93;B;3;01;59.055;7.429;0.156379;0.155007;1.0;814.06
facility:2227681;147;17;16;4.0;147;114966.88;B;3;01;64.442;4.422;0.115646;0.108844;1.0;782.09
facility:2227762;5278;453;234;2.0;5278;11071097.73;O;3;01;42.228;4.362;0.085828;0.044335;1.0;2097.59
facility:2227770;914;81;114;5.5;914;857244.84;F;1;01;52.249;9.538;0.088621;0.124726;1.0;937.9
facility:2227932;2246;466;131;5.25;2246;8892820.01;B;1;01;55.995;8.258;0.20748;0.058326;1.0;3959.4
facility:2228548;294;9;19;7.75;294;304663.17;F;1;01;50.061;13.728;0.030612;0.064626;1.0;1036.27
facility:2228556;800;43;50;3.0;800;436092.33;O;3;01;50.618;3.75;0.05375;0.0625;1.0;545.12
facility:2228564;482;20;24;2.0;482;240954.09;K;1;01;54.687;2.969;0.041494;0.049793;1.0;499.9
facility:2228580;1087;48;38;3.0;1087;720326.42;A;1;01;53.922;6.317;0.044158;0.034959;1.0;662.67
facility:2228602;2650;226;83;3.0;2650;3701901.64;B;1;01;45.295;5.126;0.085283;0.031321;1.0;1396.94
facility:2228610;1448;46;83;2.0;1448;1094533.41;O;3;01;41.392;3.135;0.031768;0.05732;1.0;755.89
facility:2228629;356;21;40;3.0;356;335913.49;B;1;01;54.399;4.326;0.058989;0.11236;1.0;943.58
facility:2228653;635;21;39;4.5;635;458465.39;F;1;01;46.831;9.677;0.033071;0.061417;1.0;721.99
facility:2228688;1925;57;93;3.0;1925;1505182.99;J;3;01;42.193;5.278;0.02961;0.048312;1.0;781.91
facility:2228726;2609;260;112;3.0;2609;3791206.64;S;3;01;50.321;5.295;0.099655;0.042928;1.0;1453.13
facility:2228734;1862;67;86;2.0;1862;1408322.5;S;1;01;49.131;2.417;0.035983;0.046187;1.0;756.35
facility:2232014;9731;1094;247;2.0;9731;22776628.12;H;3;01;59.319;4.688;0.112424;0.025383;1.0;2340.63
facility:2232022;9750;1206;405;3.0;9750;21060222.19;O;3;01;43.818;5.867;0.123692;0.041538;1.0;2160.02
facility:2232030;5300;501;251;4.0;5300;10582881.13;O;3;01;46.184;7.021;0.094528;0.047358;1.0;1996.77
facility:2232049;8116;1006;407;3.0;8116;16485781.19;O;3;01;47.741;6.939;0.123953;0.050148;1.0;2031.27
facility:2232073;3748;324;188;2.0;3748;3801640.7;K;3;01;49.981;4.064;0.086446;0.05016;1.0;1014.31
facility:2232081;6436;629;347;3.0;6436;6978222.51;O;3;99;33.359;5.065;0.097732;0.053915;1.0;1084.25
facility:2232103;4506;463;218;3.0;4506;7594457.65;O;3;99;35.461;5.986;0.102752;0.04838;1.0;1685.41
facility:2232146;11601;1279;393;3.5;11601;32211214.39;I;3;01;48.02;6.463;0.110249;0.033876;1.0;2776.59
facility:2232154;5015;480;138;2.0;5015;10373986.53;O;3;01;42.3;5.014;0.095713;0.027517;1.0;2068.59
facility:2232162;7250;903;309;4.5;7250;17540546.55;O;3;01;48.891;6.945;0.124552;0.042621;1.0;2419.39
facility:2232170;1418;132;129;6.0;1418;1337351.57;B;1;01;51.891;6.24;0.093089;0.090973;1.0;943.13
facility:2232928;2061;246;60;4.0;2061;3128370.48;O;3;99;50.211;6.021;0.11936;0.029112;1.0;1517.89
facility:2232995;7948;967;356;5.0;7948;21743770.49;I;1;01;55.162;7.066;0.121666;0.044791;1.0;2735.75
facility:2233312;2007;135;88;3.0;2007;1523512.42;F;3;01;47.665;6.624;0.067265;0.043847;1.0;759.1
facility:2233320;187;35;18;7.0;187;155145.59;B;3;01;65.759;9.176;0.187166;0.096257;1.0;829.66
facility:2233339;300;23;8;6.0;300;232442.8;F;1;01;57.133;7.967;0.076667;0.026667;1.0;774.81
facility:2233347;1419;90;71;1.25;1419;786439.64;N;3;01;52.404;5.631;0.063425;0.050035;1.0;554.22
facility:2233355;571;73;72;6.5;571;388967.44;F;3;01;57.354;8.342;0.127846;0.126095;1.0;681.2
facility:2233371;508;49;12;4.0;508;339070.35;A;3;01;69.236;4.693;0.096457;0.023622;1.0;667.46
facility:2233398;1249;108;107;2.5;1249;894858.13;O;3;01;45.517;4.083;0.086469;0.085669;1.0;716.46
facility:2233401;1344;104;72;3.0;1344;917830.6;O;3;99;43.563;4.639;0.077381;0.053571;1.0;682.91
facility:2233428;427;41;58;5.0;427;372066.76;B;3;01;52.763;6.991;0.096019;0.135831;1.0;871.35
facility:2233436;118;15;0;4.5;118;86946.28;B;3;99;62.602;4.831;0.127119;0.0;1.0;736.83
facility:2234386;1013;69;130;3.0;1013;829376.17;B;1;01;53.605;4.292;0.068115;0.128332;1.0;818.73
facility:2234416;1793;145;116;3.75;1793;1321942.47;O;3;01;51.076;5.67;0.08087;0.064696;1.0;737.28
facility:2234424;1190;63;43;4.0;1190;801933.06;I;3;01;53.043;6.013;0.052941;0.036134;1.0;673.89
facility:2234467;409;21;43;3.0;409;260938.22;I;1;99;65.623;3.966;0.051345;0.105134;1.0;637.99
facility:2234475;472;11;50;3.0;472;287268.37;F;1;01;54.625;5.799;0.023305;0.105932;1.0;608.62
facility:2235307;217;20;0;4.0;217;180349.65;B;1;99;65.401;5.258;0.092166;0.0;1.0;831.1
facility:2235315;374;23;37;7.75;374;310706.72;F;1;01;52.816;12.31;0.061497;0.09893;1.0;830.77
facility:2235323;2596;232;97;2.0;2596;4440591.73;O;3;01;46.086;3.841;0.089368;0.037365;1.0;1710.55
facility:2235366;535;30;39;3.0;535;351021.51;J;1;01;52.594;3.581;0.056075;0.072897;1.0;656.11
facility:2235382;345;22;39;3.0;345;231226.83;B;3;01;56.203;3.774;0.063768;0.113043;1.0;670.22
facility:2235404;1698;72;63;3.0;1698;1393325.29;O;3;01;41.8;5.164;0.042403;0.037102;1.0;820.57
facility:2235412;1197;64;59;3.0;1197;940108.21;F;1;01;53.178;7.581;0.053467;0.04929;1.0;785.39
facility:2235420;752;12;22;6.0;752;672181.27;F;3;01;47.154;11.041;0.015957;0.029255;1.0;893.86
facility:2235447;235;6;15;3.0;235;208856.55;B;3;01;51.945;3.698;0.025532;0.06383;1.0;888.75
facility:2235609;2604;177;94;2.0;2604;2968343.49;K;3;99;42.37;4.685;0.067972;0.036098;1.0;1139.92
facility:2236338;757;61;57;3.0;757;433570.87;J;1;01;58.363;3.773;0.080581;0.075297;1.0;572.75
facility:2236346;490;39;22;3.0;490;348266.81;B;3;01;60.769;3.757;0.079592;0.044898;1.0;710.75
facility:2236354;627;86;66;4.0;627;513886.22;B;1;99;58.203;5.056;0.137161;0.105263;1.0;819.6
facility:2236362;2362;141;100;4.0;2362;1585495.82;F;3;01;46.109;6.963;0.059695;0.042337;1.0;671.25
facility:2236370;3693;355;226;3.0;3693;7675346.83;O;3;01;48.166;5.44;0.096128;0.061197;1.0;2078.35
facility:2237121;398;6;1;26.0;398;677738.74;A;1;01;43.698;20.643;0.015075;0.002513;1.0;1702.86
facility:2237253;19622;1222;12;3.0;19622;89231016.93;C;3;01;43.507;7.56;0.062277;0.000612;1.0;4547.5
facility:2237261;142;49;5;9.5;142;657894.51;B;1;01;64.021;8.324;0.34507;0.035211;1.0;4633.06
facility:2237571;30498;2338;890;5.0;30498;75722113.66;C;3;01;44.077;8.947;0.076661;0.029182;1.0;2482.86
facility:2237601;32308;1873;679;4.0;32308;122483771.9;C;3;01;45.899;7.552;0.057973;0.021016;1.0;3791.13
facility:2237822;8451;30;35;3.0;8451;7973316.66;O;3;01;20.529;5.482;0.00355;0.004142;1.0;943.48
facility:2237849;6466;375;73;4.0;6466;45299971.66;I;1;01;60.566;6.635;0.057996;0.01129;1.0;7005.87
facility:2238810;197;8;21;3.0;197;149513.05;B;1;01;49.553;3.939;0.040609;0.106599;1.0;758.95
facility:2240335;5044;275;162;2.0;5044;12672540.39;S;3;01;46.726;3.962;0.05452;0.032117;1.0;2512.4
facility:2241013;643;25;0;4.0;643;423869.13;K;3;01;60.89;5.824;0.03888;0.0;1.0;659.21
facility:2241021;6612;374;289;3.0;6612;14511129.55;O;3;01;45.115;5.671;0.056564;0.043708;1.0;2194.67
facility:2241048;5132;517;245;3.0;5132;7632643.07;O;3;01;46.506;4.74;0.10074;0.04774;1.0;1487.26
facility:2241056;39;7;5;4.75;39;12293.01;N;1;01;72.949;6.974;0.179487;0.128205;1.0;315.21
facility:2241072;774;48;48;3.0;774;520276.06;B;3;01;49.778;4.43;0.062016;0.062016;1.0;672.19
facility:2241102;987;117;84;3.75;987;737798.64;B;1;01;53.536;5.323;0.118541;0.085106;1.0;747.52
facility:2241129;490;46;38;4.0;490;332760.67;B;1;01;56.382;4.318;0.093878;0.077551;1.0;679.1
facility:2241137;1354;68;121;2.0;1354;1019640.56;K;1;01;53.133;3.328;0.050222;0.089365;1.0;753.06
facility:2241145;878;41;52;2.0;878;701685.16;O;3;01;42.735;4.219;0.046697;0.059226;1.0;799.19
facility:2241161;1573;109;106;2.75;1573;1264455.25;O;3;01;48.882;4.028;0.069294;0.067387;1.0;803.85
facility:2241196;42;5;4;4.25;42;28970.6;B;1;01;54.69;5.881;0.119048;0.095238;1.0;689.78
facility:2241218;367;27;36;4.0;367;274447.71;B;3;01;56.166;6.599;0.073569;0.098093;1.0;747.81
facility:2241226;1359;45;80;2.0;1359;893500.11;K;3;01;47.53;3.146;0.033113;0.058867;1.0;657.47
facility:2244098;662;61;181;3.5;662;452078.34;B;1;01;52.316;4.878;0.092145;0.273414;1.0;682.9
facility:2244101;1093;117;57;2.0;1093;4888893.17;S;3;99;56.946;5.118;0.107045;0.05215;1.0;4472.91
facility:2244128;778;19;76;5.0;778;511396.2;F;1;01;49.275;8.983;0.024422;0.097686;1.0;657.32
facility:2244136;304;23;54;4.0;304;210828.37;J;1;01;57.701;5.872;0.075658;0.177632;1.0;693.51
facility:2244152;643;70;89;4.25;643;441312.44;B;1;01;61.072;6.818;0.108865;0.138414;1.0;686.33
facility:2244179;88;7;13;3.0;88;51524.02;A;3;99;67.5;4.489;0.079545;0.147727;1.0;585.5
facility:2244187;181;8;24;2.0;181;123075.69;B;1;01;60.503;3.215;0.044199;0.132597;1.0;679.98
facility:2244209;129;3;20;3.25;129;41681.15;N;3;01;57.016;3.93;0.023256;0.155039;1.0;323.11
facility:2244217;38;1;0;5.0;38;18260.33;J;1;01;67.263;5.947;0.026316;0.0;1.0;480.54
facility:2244225;908;68;57;3.0;908;561308.15;O;3;01;41.131;6.303;0.07489;0.062775;1.0;618.18
facility:2244233;384;34;48;4.0;384;237138.75;J;3;01;55.948;5.245;0.088542;0.125;1.0;617.55
facility:2244306;13154;798;287;3.5;13154;30124278.88;O;3;01;42.437;7.531;0.060666;0.021818;1.0;2290.12
facility:2244314;506;65;102;5.0;506;396909.07;B;1;01;64.488;5.84;0.128458;0.201581;1.0;784.41
facility:2244322;1034;122;23;5.0;1034;902944.75;B;3;01;58.215;6.48;0.117988;0.022244;1.0;873.25
facility:2244330;856;68;114;5.5;856;473638.47;F;1;99;52.935;9.331;0.079439;0.133178;1.0;553.32
facility:2244357;3532;376;122;4.0;3532;8333151.12;B;3;99;51.322;6.109;0.106455;0.034541;1.0;2359.33
facility:2244969;193;0;0;0.0;193;676122.35;H;1;99;60.316;0.0;0.0;0.0;1.0;3503.22
facility:2246740;2034;107;118;3.0;2034;1702404.06;O;3;01;44.158;4.924;0.052606;0.058014;1.0;836.97
facility:2246767;1601;62;115;2.0;1601;1257834.63;O;3;99;47.574;3.688;0.038726;0.07183;1.0;785.66
facility:2246783;563;4;0;3.0;563;430832.51;B;3;01;54.455;4.375;0.007105;0.0;1.0;765.24
facility:2246805;386;3;3;5.75;386;290994.66;F;1;02;49.106;9.521;0.007772;0.007772;1.0;753.87
facility:2246872;462;26;27;3.75;462;293221.06;J;1;01;50.641;5.452;0.056277;0.058442;1.0;634.68
facility:2246910;807;52;93;3.0;807;627569.96;B;3;01;50.014;4.097;0.064436;0.115242;1.0;777.66
facility:2246929;10432;925;87;3.0;10432;36980808.87;I;3;01;50.905;5.768;0.088669;0.00834;1.0;3544.94
facility:2246937;395;37;65;4.0;395;341575.13;B;1;01;62.678;4.82;0.093671;0.164557;1.0;864.75
facility:2246953;2048;113;142;3.0;2048;1546285.05;O;3;99;46.152;4.314;0.055176;0.069336;1.0;755.02
facility:2246961;2391;229;83;4.0;2391;4587858.02;O;3;01;47.666;5.453;0.095776;0.034714;1.0;1918.8
facility:2246988;18309;1207;110;4.0;18309;64906547.49;I;1;01;45.534;6.456;0.065924;0.006008;1.0;3545.06
facility:2246996;404;12;43;7.5;404;310764.48;F;1;01;51.933;11.181;0.029703;0.106436;1.0;769.22
facility:2247038;326;11;35;3.5;326;243885.78;B;3;01;54.567;4.202;0.033742;0.107362;1.0;748.12
facility:2247046;485;16;17;3.0;485;341105.02;F;3;01;50.61;6.878;0.03299;0.035052;1.0;703.31
facility:2248190;5829;682;87;3.0;5829;13268337.24;O;3;01;43.338;5.318;0.117001;0.014925;1.0;2276.26
facility:2248204;4484;463;103;4.0;4484;8366919.94;B;3;99;47.74;6.501;0.103256;0.022971;1.0;1865.95
facility:2248220;4019;337;153;3.0;4019;5584630.7;O;3;01;40.146;5.563;0.083852;0.038069;1.0;1389.56
facility:2248239;2093;279;109;4.0;2093;5144023.85;B;3;99;47.163;6.877;0.133301;0.052078;1.0;2457.73
facility:2248247;1476;160;6;3.0;1476;1952619.77;J;3;99;47.191;4.775;0.108401;0.004065;1.0;1322.91
facility:2248271;2270;185;131;2.0;2270;1608146.52;O;3;01;41.862;4.216;0.081498;0.057709;1.0;708.43
facility:2248298;5622;401;636;2.0;5622;7740966.17;B;3;01;47.829;4.691;0.071327;0.113127;1.0;1376.91
facility:2248328;5376;532;164;3.0;5376;9729759.51;O;3;01;46.202;6.318;0.098958;0.030506;1.0;1809.85
facility:2249499;281;20;8;3.0;281;179804.92;K;3;01;56.73;4.413;0.071174;0.02847;1.0;639.88
facility:2249502;431;21;22;2.0;431;289352.89;J;3;01;52.958;2.183;0.048724;0.051044;1.0;671.35
facility:2249510;1557;76;82;3.0;1557;1142927.52;K;3;01;47.732;4.645;0.048812;0.052665;1.0;734.06
facility:2249529;206;13;17;4.0;206;186200.68;B;1;01;64.364;4.976;0.063107;0.082524;1.0;903.89
facility:2249537;205;10;14;4.0;205;106907.43;I;3;01;60.263;4.605;0.04878;0.068293;1.0;521.5
facility:2249545;121;7;6;5.0;121;122290.7;B;3;01;69.124;5.595;0.057851;0.049587;1.0;1010.67
facility:2249618;536;9;28;21.5;536;361012.32;F;1;01;51.257;17.743;0.016791;0.052239;1.0;673.53
facility:2250675;712;30;20;3.0;712;486866.81;J;3;99;57.19;4.361;0.042135;0.02809;1.0;683.8
facility:2250705;412;26;0;2.0;412;304937.82;K;3;99;56.84;3.981;0.063107;0.0;1.0;740.14
facility:2250802;536;28;34;5.25;536;411777.25;F;1;01;56.078;11.821;0.052239;0.063433;1.0;768.24
facility:2250810;296;14;12;3.0;296;170009.99;E;1;01;60.834;5.236;0.047297;0.040541;1.0;574.36
facility:2250829;1047;61;57;2.0;1047;752204.34;K;3;01;54.226;3.219;0.058262;0.054441;1.0;718.44
facility:2252007;454;40;73;4.0;454;465487.33;B;3;01;64.648;4.051;0.088106;0.160793;1.0;1025.3
facility:2252058;472;26;42;4.0;472;373867.5;B;3;99;51.03;6.744;0.055085;0.088983;1.0;792.09
facility:2252066;29;0;0;6.5;29;32014.38;B;3;01;60.069;6.862;0.0;0.0;1.0;1103.94
facility:2252074;160;29;33;4.0;160;118881.5;B;1;01;64.056;5.244;0.18125;0.20625;1.0;743.01
facility:2252112;364;33;37;5.0;364;278912.07;J;1;01;67.538;6.745;0.090659;0.101648;1.0;766.24
facility:2252139;270;13;9;3.0;270;180182.19;J;3;01;59.081;5.1;0.048148;0.033333;1.0;667.34
facility:2252147;360;13;14;5.0;360;238433.9;F;1;99;54.503;7.806;0.036111;0.038889;1.0;662.32
facility:2252163;722;42;45;3.0;722;433433.0;J;1;01;51.476;4.093;0.058172;0.062327;1.0;600.32
facility:2252171;121;11;14;3.0;121;49500.11;A;1;01;60.826;4.636;0.090909;0.115702;1.0;409.09
facility:2252244;3312;162;56;1.0;3312;2209902.76;O;3;01;43.601;2.681;0.048913;0.016908;1.0;667.24
facility:2252260;3367;265;69;2.5;3367;9086221.41;O;3;01;44.012;5.419;0.078705;0.020493;1.0;2698.61
facility:2252287;7077;553;99;3.0;7077;20050405.88;C;3;01;47.748;5.041;0.07814;0.013989;1.0;2833.18
facility:2252295;2948;592;39;8.0;2948;13694061.18;I;1;01;63.629;10.649;0.200814;0.013229;1.0;4645.2
facility:2252694;4656;335;114;4.0;4656;11186461.57;O;3;01;39.21;9.732;0.07195;0.024485;1.0;2402.59
facility:2253046;6764;478;138;3.5;6764;13774485.6;O;3;99;34.809;6.674;0.070668;0.020402;1.0;2036.44
facility:2253054;4022;436;36;4.0;4022;12895117.53;S;1;99;54.627;7.746;0.108404;0.008951;1.0;3206.15
facility:2254611;6319;331;130;2.0;6319;11108393.67;O;3;01;42.386;4.214;0.052382;0.020573;1.0;1757.94
facility:2254956;2437;134;119;2.0;2437;2498313.17;B;3;01;46.245;3.103;0.054986;0.048831;1.0;1025.16
facility:2255928;1124;26;19;2.0;1124;510090.26;J;3;01;53.489;2.879;0.023132;0.016904;1.0;453.82
facility:2255936;3347;280;57;1.5;3347;7147653.14;C;3;01;60.774;2.856;0.083657;0.01703;1.0;2135.54
facility:2257467;1002;73;122;5.0;1002;800600.42;F;3;99;50.996;7.779;0.072854;0.121756;1.0;799.0
facility:2257548;4507;555;254;3.0;4507;7851422.96;O;3;01;47.522;5.521;0.123142;0.056357;1.0;1742.05
facility:2257556;5071;519;145;4.0;5071;8809525.64;O;3;01;46.786;6.898;0.102347;0.028594;1.0;1737.24
facility:2257564;852;70;106;3.0;852;548060.08;K;1;01;56.548;4.373;0.08216;0.124413;1.0;643.26
facility:2257645;1905;170;88;3.0;1905;6617006.11;B;3;01;49.825;4.899;0.089239;0.046194;1.0;3473.49
facility:2257815;3227;395;140;3.0;3227;10524201.93;O;3;01;43.954;6.102;0.122405;0.043384;1.0;3261.3
facility:2259850;265;15;14;4.0;265;181300.12;B;1;01;60.725;4.547;0.056604;0.05283;1.0;684.15
facility:2259869;573;37;46;2.0;573;420865.81;K;3;99;58.606;3.48;0.064572;0.080279;1.0;734.5
facility:2259877;452;32;58;4.0;452;387232.58;A;3;01;56.4;4.723;0.070796;0.128319;1.0;856.71
facility:2259893;3751;355;164;3.0;3751;3914095.98;B;1;01;51.997;4.874;0.094641;0.043722;1.0;1043.48
facility:2259907;6362;558;72;2.0;6362;16128429.47;O;3;01;44.341;5.071;0.087708;0.011317;1.0;2535.12
facility:2259931;633;57;22;3.0;633;459411.6;I;1;99;58.818;5.425;0.090047;0.034755;1.0;725.77
facility:2259974;264;14;27;2.75;264;118536.62;A;3;01;64.898;3.091;0.05303;0.102273;1.0;449.0
facility:2259982;596;54;46;3.5;596;554022.64;B;3;99;59.21;5.951;0.090604;0.077181;1.0;929.57
facility:2260050;674;33;94;1.0;674;438750.31;B;3;01;50.447;2.647;0.048961;0.139466;1.0;650.96
facility:2261030;699;69;4;9.0;699;4424508.99;B;1;99;49.322;10.109;0.098712;0.005722;1.0;6329.77
facility:2261057;8061;496;225;2.0;8061;27109601.11;C;3;01;51.932;4.546;0.061531;0.027912;1.0;3363.06
facility:2261065;2257;99;56;3.0;2257;1652749.3;O;3;01;47.628;5.074;0.043864;0.024812;1.0;732.28
facility:2261081;370;20;18;17.0;370;247120.27;F;1;01;46.784;14.93;0.054054;0.048649;1.0;667.89
facility:2261103;287;24;18;3.25;287;212908.21;J;3;01;54.505;4.666;0.083624;0.062718;1.0;741.84
facility:2261111;410;19;35;4.0;410;223237.52;F;1;01;52.459;6.476;0.046341;0.085366;1.0;544.48
facility:2261138;59;0;0;2.0;59;16217.23;J;3;01;50.78;2.322;0.0;0.0;1.0;274.87
facility:2261154;238;2;20;3.0;238;220576.84;B;3;01;52.773;3.567;0.008403;0.084034;1.0;926.79
facility:2261987;6668;805;115;3.0;6668;11405038.15;O;3;99;41.678;5.823;0.120726;0.017247;1.0;1710.41
facility:2261995;851;49;52;4.5;851;1154427.37;B;3;99;55.821;6.444;0.057579;0.061105;1.0;1356.55
facility:2262002;1895;231;70;5.0;1895;4189015.44;B;3;01;51.537;7.174;0.1219;0.036939;1.0;2210.56
facility:2262010;495;26;14;3.0;495;257998.69;K;3;99;50.8;3.974;0.052525;0.028283;1.0;521.21
facility:2262029;51;2;0;4.0;51;31942.11;B;3;01;59.392;5.176;0.039216;0.0;1.0;626.32
facility:2262274;5394;534;217;3.0;5394;9447789.66;O;3;01;50.375;5.291;0.098999;0.04023;1.0;1751.54
facility:2263831;175;9;23;4.0;175;163530.57;F;3;99;50.509;8.977;0.051429;0.131429;1.0;934.46
facility:2263858;4419;678;85;4.0;4419;11626152.9;B;3;01;49.822;6.063;0.153428;0.019235;1.0;2630.95
facility:2263866;70;3;1;3.5;70;46214.74;B;1;01;58.729;4.671;0.042857;0.014286;1.0;660.21
facility:2263874;74;7;10;3.5;74;50383.81;B;1;01;61.649;4.284;0.094595;0.135135;1.0;680.86
facility:2263882;542;30;77;2.5;542;375290.8;B;3;01;52.017;3.718;0.055351;0.142066;1.0;692.42
facility:2263890;665;30;42;3.0;665;551066.64;F;3;01;47.421;6.74;0.045113;0.063158;1.0;828.67
facility:2265052;10717;186;133;2.0;10717;10358693.34;O;3;01;33.051;3.951;0.017356;0.01241;1.0;966.57
facility:2265060;7302;270;527;5.0;7302;16416884.2;S;1;01;47.403;7.667;0.036976;0.072172;1.0;2248.27
facility:2265885;208;20;13;8.5;208;246087.55;B;1;01;59.322;13.76;0.096154;0.0625;1.0;1183.11
facility:2265893;138;6;10;2.0;138;96345.9;B;3;99;53.652;2.688;0.043478;0.072464;1.0;698.16
facility:2265958;191;22;68;4.25;191;196280.55;B;1;01;53.921;6.377;0.115183;0.356021;1.0;1027.65
facility:2266474;6397;596;226;3.0;6397;14318996.65;C;3;01;47.442;5.536;0.093169;0.035329;1.0;2238.39
facility:2266733;7082;543;1599;2.0;7082;5921010.34;O;3;03;46.233;4.296;0.076673;0.225784;1.0;836.06
facility:2267187;1895;115;229;2.0;1895;1265766.24;O;3;01;47.202;3.717;0.060686;0.120844;1.0;667.95
facility:2267209;1892;205;70;3.5;1892;5185285.46;O;3;99;45.416;6.847;0.108351;0.036998;1.0;2740.64
facility:2267454;1155;58;211;3.0;1155;646320.94;B;3;01;50.506;3.865;0.050216;0.182684;1.0;559.59
facility:2267713;1400;96;118;3.0;1400;837892.84;I;3;99;50.074;4.066;0.068571;0.084286;1.0;598.49
facility:2267802;1915;192;198;2.0;1915;1075026.38;O;3;99;47.697;4.622;0.100261;0.103394;1.0;561.37
facility:2267810;420;31;95;3.0;420;277001.84;I;3;01;51.757;3.952;0.07381;0.22619;1.0;659.53
facility:2268051;720;48;97;3.0;720;420198.03;B;1;01;53.654;4.822;0.066667;0.134722;1.0;583.61
facility:2268329;239;21;38;4.5;239;176027.3;B;1;99;54.879;6.188;0.087866;0.158996;1.0;736.52
facility:2268922;4676;681;388;3.0;4676;4280101.88;O;3;99;46.189;6.135;0.145637;0.082977;1.0;915.33
facility:2269341;1685;9;2;1.5;1685;1362911.32;J;1;99;6.658;5.517;0.005341;0.001187;1.0;808.85
facility:2269384;4271;548;58;7.5;4271;5421635.27;C;3;99;53.327;13.469;0.128307;0.01358;1.0;1269.41
facility:2269392;1355;0;30;0.0;1355;528928.43;Z;1;99;38.982;0.023;0.0;0.02214;1.0;390.35
facility:2269430;1223;0;14;20.0;1223;1454563.14;F;3;99;49.088;18.049;0.0;0.011447;1.0;1189.34
facility:2269481;2769;113;58;2.0;2769;2360738.56;N;3;99;51.047;6.004;0.040809;0.020946;1.0;852.56
facility:2269678;3018;90;119;2.0;3018;12047567.16;I;1;99;55.44;6.428;0.029821;0.03943;1.0;3991.9
facility:2269724;1768;0;19;1.0;1768;1017988.72;Q;1;03;5.486;2.994;0.0;0.010747;1.0;575.79
facility:2269775;3526;234;1;4.0;3526;3786223.11;C;3;99;57.51;6.927;0.066364;0.000284;1.0;1073.8
facility:2269783;13662;882;39;5.0;13662;37232565.47;I;3;03;51.648;8.309;0.064559;0.002855;1.0;2725.26
facility:2269821;2172;258;156;4.0;2172;4547452.19;C;3;01;55.49;6.527;0.118785;0.071823;1.0;2093.67
facility:2269880;5373;53;77;3.0;5373;4877927.33;O;3;99;32.279;5.124;0.009864;0.014331;1.0;907.86
facility:2269945;6981;28;151;3.0;6981;6909290.09;O;3;99;21.561;3.977;0.004011;0.02163;1.0;989.73
facility:2269988;4841;365;1;3.0;4841;5032596.37;C;3;99;43.073;8.124;0.075398;0.000207;1.0;1039.58
facility:2270021;2940;15;45;3.0;2940;4156732.53;O;3;03;23.734;4.931;0.005102;0.015306;1.0;1413.85
facility:2270234;13692;1682;62;4.0;13692;23733940.2;S;1;02;46.489;5.338;0.122845;0.004528;1.0;1733.42
facility:2270242;1879;40;78;3.75;1879;1042051.88;L;3;99;47.439;10.922;0.021288;0.041511;1.0;554.58
facility:2270269;8507;820;187;6.5;8507;19970364.85;O;3;99;43.171;10.969;0.096391;0.021982;1.0;2347.52
facility:2270390;3619;18;92;2.0;3619;2580915.92;O;3;03;21.716;3.894;0.004974;0.025421;1.0;713.16
facility:2270498;160;0;0;0.0;160;511006.95;H;3;99;61.606;0.0;0.0;0.0;1.0;3193.79
facility:2270609;12225;596;307;3.0;12225;13628459.95;O;3;99;31.393;6.408;0.048753;0.025112;1.0;1114.8
facility:2270617;40;4;1;22.0;40;46655.45;A;1;01;67.125;33.0;0.1;0.025;1.0;1166.39
facility:2270714;6792;43;73;3.0;6792;7724109.59;O;3;03;24.222;5.514;0.006331;0.010748;1.0;1137.24
facility:2270803;669;0;8;4.0;669;232676.02;E;3;99;47.019;5.297;0.0;0.011958;1.0;347.8
facility:2271141;826;37;187;2.5;826;504213.95;O;3;03;48.877;3.386;0.044794;0.226392;1.0;610.43
facility:2271826;1193;1;22;2.25;1193;567907.73;O;3;01;24.578;3.562;0.000838;0.018441;1.0;476.03
facility:2272601;1099;97;124;3.0;1099;720138.81;B;3;01;49.616;4.92;0.088262;0.11283;1.0;655.27
facility:2272695;618;10;131;1.0;618;4118452.27;I;1;99;65.377;2.303;0.016181;0.211974;1.0;6664.16
facility:2272784;5880;1134;410;7.0;5880;14142185.51;B;1;01;53.641;9.857;0.192857;0.069728;1.0;2405.13
facility:2273101;484;29;127;3.0;484;219271.87;B;1;03;52.645;5.091;0.059917;0.262397;1.0;453.04
facility:2273187;366;22;112;16.5;366;430383.03;I;1;99;58.727;23.142;0.060109;0.306011;1.0;1175.91
facility:2273209;523;22;11;30.0;523;1046802.64;A;1;03;43.556;22.314;0.042065;0.021033;1.0;2001.53
facility:2273276;7294;57;11;3.0;7294;14585584.72;M;1;01;48.775;7.786;0.007815;0.001508;1.0;1999.67
facility:2273349;271;9;56;24.0;271;501130.54;A;1;03;48.347;27.221;0.03321;0.206642;1.0;1849.19
facility:2273357;265;16;0;4.0;265;9227018.36;K;1;99;49.37;5.038;0.060377;0.0;1.0;34818.94
facility:2273411;4114;1160;345;7.0;4114;8278132.91;B;1;03;62.004;9.114;0.281964;0.08386;1.0;2012.19
facility:2273454;4165;466;157;5.0;4165;11224042.14;C;1;01;49.962;9.506;0.111885;0.037695;1.0;2694.85
facility:2273462;3416;1116;111;4.0;3416;4671665.14;C;3;03;58.455;6.194;0.326698;0.032494;1.0;1367.58
facility:2273489;324;21;58;8.0;324;187880.69;A;3;03;60.151;13.444;0.064815;0.179012;1.0;579.88
facility:2273659;5732;289;34;2.0;5732;7882626.6;C;3;99;50.232;5.417;0.050419;0.005932;1.0;1375.2
facility:2273748;4815;652;52;3.5;4815;24223532.09;I;3;03;50.219;6.971;0.13541;0.0108;1.0;5030.85
facility:2273756;21;0;11;22.0;21;74088.61;G;3;99;69.619;25.19;0.0;0.52381;1.0;3528.03
facility:2274108;545;80;77;6.0;545;300504.43;I;1;99;60.156;7.257;0.146789;0.141284;1.0;551.38
facility:2274299;1755;535;157;6.0;1755;1507255.83;B;1;99;56.194;10.14;0.304843;0.089459;1.0;858.84
facility:2275562;9019;364;268;3.0;9019;12575558.41;O;3;99;37.554;5.935;0.040359;0.029715;1.0;1394.34
facility:2275589;1837;280;186;7.0;1837;4045610.65;B;1;01;58.826;9.093;0.152422;0.101252;1.0;2202.29
facility:2275600;1577;12;42;30.0;1577;3432755.55;F;1;01;51.555;26.957;0.007609;0.026633;1.0;2176.76
facility:2275619;2302;121;133;22.5;2302;4315989.89;I;1;01;63.462;19.851;0.052563;0.057776;1.0;1874.89
facility:2276186;2023;211;113;2.0;2023;3495096.22;O;3;01;46.533;3.734;0.104301;0.055858;1.0;1727.68
facility:2276267;654;22;69;3.0;654;368735.4;O;3;01;45.321;4.133;0.033639;0.105505;1.0;563.82
facility:2277174;457;50;139;4.0;457;322930.88;B;1;99;60.182;5.435;0.109409;0.304158;1.0;706.63
facility:2277301;2;0;1;3.5;2;852.8;J;3;01;63.0;3.5;0.0;0.5;1.0;426.4
facility:2277581;603;97;162;6.0;603;616686.36;B;1;03;61.804;7.114;0.160862;0.268657;1.0;1022.7
facility:2277611;192;46;49;2.0;192;121117.58;I;1;99;56.016;3.62;0.239583;0.255208;1.0;630.82
facility:2277662;175;41;47;3.25;175;114290.72;I;3;99;63.954;6.251;0.234286;0.268571;1.0;653.09
facility:2277700;924;68;73;1.0;924;530567.59;R;3;99;59.228;2.758;0.073593;0.079004;1.0;574.21
facility:2277719;399;96;92;5.5;399;358790.84;B;1;99;63.769;6.742;0.240602;0.230576;1.0;899.23
facility:2277743;223;23;73;4.0;223;163567.93;J;1;99;61.036;6.112;0.103139;0.327354;1.0;733.49
facility:2277751;2732;0;40;3.0;2732;1170647.01;J;1;99;4.787;3.672;0.0;0.014641;1.0;428.49
facility:2278138;1175;223;211;4.5;1175;1336575.26;B;1;03;55.914;6.413;0.189787;0.179574;1.0;1137.51
facility:2278286;2744;154;85;1.0;2744;7363371.14;C;1;99;56.316;2.623;0.056122;0.030977;1.0;2683.44
facility:2278324;3090;3;82;2.0;3090;1494735.35;O;3;99;18.434;2.432;0.000971;0.026537;1.0;483.73
facility:2278332;1988;396;585;4.0;1988;1747422.71;I;1;99;54.501;5.87;0.199195;0.294266;1.0;878.99
facility:2278456;607;143;153;6.0;607;1854701.59;B;1;99;60.241;7.247;0.235585;0.252059;1.0;3055.52
facility:2278855;11363;688;4;2.0;11363;39194394.95;I;1;03;50.478;4.379;0.060547;0.000352;1.0;3449.3
facility:2279355;1221;244;202;4.0;1221;868564.47;B;1;01;61.12;5.423;0.199836;0.165438;1.0;711.36
facility:2280051;10672;915;386;2.0;10672;22573967.03;I;1;01;55.552;4.169;0.085738;0.036169;1.0;2115.25
facility:2280132;2797;195;458;6.0;2797;19745892.62;I;1;03;54.296;11.412;0.069718;0.163747;1.0;7059.67
facility:2280167;7823;746;13;5.0;7823;21825322.85;C;3;01;54.553;8.88;0.09536;0.001662;1.0;2789.89
facility:2280183;8843;1217;328;8.0;8843;21327314.47;S;1;99;44.977;13.108;0.137623;0.037091;1.0;2411.77
facility:2280248;4840;7;43;3.0;4840;3648265.68;O;3;03;23.349;3.948;0.001446;0.008884;1.0;753.77
facility:2280396;2672;302;204;2.0;2672;1769408.64;O;3;99;46.04;4.779;0.113024;0.076347;1.0;662.2
facility:2280477;1856;0;3;2.0;1856;887951.76;O;3;03;30.238;1.84;0.0;0.001616;1.0;478.42
facility:2280582;170;14;39;4.0;170;77242.69;I;1;03;60.012;5.588;0.082353;0.229412;1.0;454.37
facility:2280728;149;0;1;30.5;149;178853.76;F;1;99;53.846;28.0;0.0;0.006711;1.0;1200.36
facility:2280868;3017;8;75;2.0;3017;2375432.97;O;3;99;25.479;3.612;0.002652;0.024859;1.0;787.35
facility:2281384;1378;127;100;4.0;1378;3099849.29;S;1;01;47.195;6.628;0.092163;0.072569;1.0;2249.53
facility:2281554;105;20;26;2.5;105;48409.18;J;3;99;63.99;4.276;0.190476;0.247619;1.0;461.04
facility:2282801;1633;124;156;2.0;1633;902330.88;O;3;01;49.528;3.848;0.075934;0.09553;1.0;552.56
facility:2283239;3390;395;319;2.0;3390;2084670.36;O;3;03;50.315;4.04;0.116519;0.0941;1.0;614.95
facility:2283328;2241;266;151;3.0;2241;4223282.06;B;3;01;52.142;6.021;0.118697;0.067381;1.0;1884.55
facility:2283395;1838;229;271;4.75;1838;1294558.11;T;1;03;52.367;6.086;0.124592;0.147443;1.0;704.33
facility:2283735;250;32;65;4.0;250;179413.91;I;1;01;60.696;5.58;0.128;0.26;1.0;717.66
facility:2283794;1315;73;121;2.0;1315;1154263.76;N;1;01;51.925;3.852;0.055513;0.092015;1.0;877.77
facility:2284634;3360;333;209;3.0;3360;2934284.73;O;3;99;40.172;5.044;0.099107;0.062202;1.0;873.3
facility:2285150;938;62;37;2.0;938;608569.25;H;3;01;67.061;3.285;0.066098;0.039446;1.0;648.79
facility:2285932;1588;148;98;2.0;1588;2930629.73;O;3;01;43.906;3.912;0.093199;0.061713;1.0;1845.48
facility:2285975;366;18;118;3.5;366;312249.98;B;1;01;60.628;4.492;0.04918;0.322404;1.0;853.14
facility:2286289;2416;220;287;2.5;2416;1769427.51;O;3;03;49.661;5.67;0.09106;0.118791;1.0;732.38
facility:2287250;3604;494;44;3.0;3604;8213975.52;B;3;03;44.33;6.607;0.13707;0.012209;1.0;2279.13
facility:2287285;1497;158;1;3.0;1497;3436924.03;C;3;01;59.649;4.129;0.105544;0.000668;1.0;2295.87
facility:2287374;449;45;229;5.0;449;1423144.72;B;1;99;59.107;6.189;0.100223;0.510022;1.0;3169.59
facility:2287382;4524;353;8;7.0;4524;14566375.89;I;1;01;61.2;10.783;0.078028;0.001768;1.0;3219.8
facility:2287579;5251;553;1278;6.5;5251;10034837.78;S;1;99;46.075;10.219;0.105313;0.243382;1.0;1911.03
facility:2287919;2412;395;436;5.0;2412;2924905.53;B;1;03;60.215;7.377;0.163765;0.180763;1.0;1212.65
facility:2287927;1375;0;32;2.0;1375;705600.7;O;3;03;23.591;2.652;0.0;0.023273;1.0;513.16
facility:2288109;2436;177;349;2.0;2436;1304429.48;O;3;01;45.929;4.476;0.07266;0.143268;1.0;535.48
facility:2288230;1139;61;240;2.0;1139;430448.63;I;1;99;50.044;3.493;0.053556;0.210711;1.0;377.92
facility:2288338;408;13;16;30.0;408;229159.12;B;1;99;43.85;24.14;0.031863;0.039216;1.0;561.66
facility:2288885;3227;276;72;2.0;3227;1991577.01;K;1;01;54.338;5.235;0.085528;0.022312;1.0;617.16
facility:2288893;3237;435;991;3.0;3237;3815761.02;B;1;01;52.437;4.449;0.134384;0.306148;1.0;1178.8
facility:2288907;2020;16;20;2.0;2020;2311007.14;O;3;03;25.288;3.4;0.007921;0.009901;1.0;1144.06
facility:2289571;1441;436;129;5.5;1441;2703725.4;B;1;99;56.214;7.473;0.302568;0.089521;1.0;1876.28
facility:2290073;373;82;9;7.0;373;1694392.02;B;1;99;63.845;11.038;0.219839;0.024129;1.0;4542.61
facility:2290227;22366;1788;889;2.0;22366;22060997.95;O;3;03;36.833;4.203;0.079943;0.039748;1.0;986.36
facility:2290499;96;0;6;3.5;96;36528.5;I;1;99;52.031;4.396;0.0;0.0625;1.0;380.51
facility:2291266;2541;318;322;3.0;2541;1971160.46;Z;1;99;51.739;7.043;0.125148;0.126722;1.0;775.74
facility:2291320;1233;214;225;4.25;1233;1209782.32;B;1;01;57.941;7.23;0.17356;0.182482;1.0;981.17
facility:2291525;1461;0;0;0.0;1461;2561010.37;H;1;99;62.505;0.0;0.0;0.0;1.0;1752.92
facility:2292084;2494;287;207;7.0;2494;1429958.46;I;1;99;55.26;10.646;0.115076;0.082999;1.0;573.36
facility:2292270;739;46;43;2.0;739;318489.65;O;3;01;45.078;4.123;0.062246;0.058187;1.0;430.97
facility:2292386;2278;400;17;5.5;2278;10853415.94;C;3;01;61.592;8.87;0.175593;0.007463;1.0;4764.45
facility:2292513;2720;47;224;2.0;2720;1911864.43;O;3;01;44.989;4.556;0.017279;0.082353;1.0;702.89
facility:2292912;5909;558;318;4.0;5909;10451567.6;O;3;03;45.173;6.684;0.094432;0.053816;1.0;1768.75
facility:2295067;2917;177;63;6.0;2917;3205411.85;D;1;03;32.086;7.56;0.060679;0.021598;1.0;1098.87
facility:2295075;423;5;49;1.5;423;271849.5;H;3;01;63.981;1.905;0.01182;0.115839;1.0;642.67
facility:2295105;520;1;16;1.0;520;236097.47;I;3;03;53.95;1.627;0.001923;0.030769;1.0;454.03
facility:2295113;28;0;0;8.0;28;16758.0;F;1;02;37.643;10.5;0.0;0.0;1.0;598.5
facility:2295407;10794;1007;373;3.0;10794;13303432.43;O;3;02;39.489;5.555;0.093293;0.034556;1.0;1232.48
facility:2295415;5261;248;15;2.0;5261;9131870.34;O;3;03;44.35;5.708;0.047139;0.002851;1.0;1735.77
facility:2295423;4852;648;280;4.75;4852;5757792.08;N;1;03;54.162;8.179;0.133553;0.057708;1.0;1186.68
facility:2296241;5345;363;143;2.0;5345;8610801.86;C;3;03;45.506;4.394;0.067914;0.026754;1.0;1611.0
facility:2296306;8384;1342;613;8.0;8384;14664127.17;S;1;99;51.078;11.329;0.160067;0.073115;1.0;1749.06
facility:2296616;1981;25;20;3.0;1981;1929679.1;J;1;03;5.969;7.671;0.01262;0.010096;1.0;974.09
facility:2296705;732;123;83;5.0;732;679879.52;B;1;99;59.604;5.612;0.168033;0.113388;1.0;928.8
facility:2297132;3588;2;4;3.0;3588;3836208.2;A;1;99;4.078;3.249;0.000557;0.001115;1.0;1069.18
facility:2297590;6055;3;158;3.0;6055;3073139.54;O;3;99;21.85;3.9;0.000495;0.026094;1.0;507.54
facility:2297795;5501;361;39;3.0;5501;12941486.01;O;3;01;40.083;5.899;0.065624;0.00709;1.0;2352.57
facility:2298031;15010;1807;2008;3.0;15010;29738398.01;S;1;03;49.06;4.858;0.120386;0.133777;1.0;1981.24
facility:2298120;16432;2065;440;4.0;16432;18949657.51;O;3;02;43.65;6.895;0.125669;0.026777;1.0;1153.22
facility:2298708;2182;695;125;4.5;2182;8704672.36;B;3;03;63.362;6.37;0.318515;0.057287;1.0;3989.31
facility:2298724;1410;682;4;7.25;1410;14937745.53;B;1;99;60.101;9.916;0.483688;0.002837;1.0;10594.15
facility:2299569;1074;4;11;1.0;1074;1004086.59;K;3;01;49.951;1.532;0.003724;0.010242;1.0;934.9
facility:2299836;579;35;52;4.0;579;296126.45;J;3;01;56.76;4.572;0.060449;0.08981;1.0;511.44
facility:2300184;936;63;29;15.0;936;926407.48;F;1;01;54.316;15.679;0.067308;0.030983;1.0;989.75
facility:2300435;570;23;73;1.5;570;227054.26;A;3;01;53.904;2.781;0.040351;0.12807;1.0;398.34
facility:2300478;277;16;106;5.0;277;87488.81;J;3;01;62.469;6.159;0.057762;0.382671;1.0;315.84
facility:2300486;897;49;292;4.0;897;771131.05;B;1;01;58.126;5.535;0.054627;0.32553;1.0;859.68
facility:2300516;1664;111;188;3.0;1664;1433796.8;B;3;01;48.793;5.26;0.066707;0.112981;1.0;861.66
facility:2301318;8316;668;125;2.0;8316;15666953.39;S;1;03;48.979;4.353;0.080327;0.015031;1.0;1883.95
facility:2301601;1841;116;198;2.0;1841;1211820.39;K;3;03;41.241;2.817;0.063009;0.10755;1.0;658.24
facility:2301687;2391;96;118;2.0;2391;1077084.76;O;3;03;32.501;3.076;0.040151;0.049352;1.0;450.47
facility:2302101;5107;447;84;3.0;5107;10894130.05;O;3;01;40.19;6.183;0.087527;0.016448;1.0;2133.18
facility:2302500;3784;297;173;2.0;3784;7068084.43;O;3;01;45.048;4.368;0.078488;0.045719;1.0;1867.89
facility:2302543;174;1;26;2.0;174;83233.72;N;3;01;50.132;2.241;0.005747;0.149425;1.0;478.35
facility:2302748;1360;39;34;3.25;1360;1071386.16;F;3;01;41.148;8.509;0.028676;0.025;1.0;787.78
facility:2302780;691;1;23;1.0;691;274329.92;K;3;01;49.311;1.397;0.001447;0.033285;1.0;397.0
facility:2302950;526;26;13;30.0;526;682990.3;L;1;01;60.848;40.165;0.04943;0.024715;1.0;1298.46
facility:2302969;3813;265;171;5.0;3813;27255805.43;I;1;01;61.418;8.271;0.069499;0.044847;1.0;7148.13
facility:2303167;1033;65;122;1.0;1033;949617.54;B;1;99;49.098;3.12;0.062924;0.118103;1.0;919.28
facility:2304295;227;10;21;1.75;227;91909.67;O;3;03;39.013;3.04;0.044053;0.092511;1.0;404.89
facility:2304325;1061;0;4;2.0;1061;450259.64;O;3;03;25.998;2.584;0.0;0.00377;1.0;424.37
facility:2304538;404;15;46;2.75;404;213962.82;O;3;03;41.094;4.025;0.037129;0.113861;1.0;529.61
facility:2304767;460;17;43;1.0;460;215735.56;O;3;99;42.926;2.848;0.036957;0.093478;1.0;468.99
facility:2304848;597;34;52;2.0;597;305649.31;D;3;03;43.687;2.717;0.056951;0.087102;1.0;511.98
facility:2304910;913;1;0;2.0;913;466848.85;J;1;03;18.065;2.619;0.001095;0.0;1.0;511.33
facility:2304953;573;39;120;3.0;573;96559.66;O;3;03;46.871;4.908;0.068063;0.209424;1.0;168.52
facility:2305097;433;26;34;3.0;433;330655.65;B;1;01;54.326;3.681;0.060046;0.078522;1.0;763.64
facility:2305534;1001;41;58;2.5;1001;943438.49;B;3;99;56.949;3.598;0.040959;0.057942;1.0;942.5
facility:2305623;1827;60;83;2.5;1827;1320606.12;I;3;01;53.233;5.031;0.032841;0.04543;1.0;722.83
facility:2306336;9335;875;165;3.0;9335;25702448.9;S;1;01;52.261;5.394;0.093733;0.017675;1.0;2753.34
facility:2306697;1980;29;57;2.0;1980;949074.51;O;3;03;33.891;2.556;0.014646;0.028788;1.0;479.33
facility:2307006;2609;0;0;4.0;2609;1201871.95;G;3;99;29.773;7.454;0.0;0.0;1.0;460.66
facility:2307049;403;1;7;3.0;403;138235.32;I;3;03;40.164;3.171;0.002481;0.01737;1.0;343.02
facility:2307154;2564;56;152;2.0;2564;1195363.42;O;3;99;38.751;2.847;0.021841;0.059282;1.0;466.21
facility:2307510;930;10;14;2.0;930;461443.75;J;3;03;35.575;2.317;0.010753;0.015054;1.0;496.18
facility:2307707;895;6;25;1.0;895;351233.03;K;3;03;39.608;1.488;0.006704;0.027933;1.0;392.44
facility:2307898;1752;0;0;1.0;1752;764077.76;I;3;03;43.618;2.076;0.0;0.0;1.0;436.12
facility:2308061;1218;22;21;2.0;1218;722540.15;B;3;99;44.235;3.093;0.018062;0.017241;1.0;593.22
facility:2308088;849;0;0;29.5;849;677162.4;F;1;99;42.257;28.367;0.0;0.0;1.0;797.6
facility:2308517;185;0;0;0.0;185;459061.21;H;3;99;58.924;0.0;0.0;0.0;1.0;2481.41
facility:2308762;7824;1074;1194;4.0;7824;11941971.65;I;1;99;42.682;6.321;0.13727;0.152607;1.0;1526.33
facility:2308800;7806;851;649;6.0;7806;12752862.2;S;1;99;45.725;9.213;0.109019;0.083141;1.0;1633.73
facility:2308908;167;0;0;1.0;167;64461.85;A;3;03;33.671;2.072;0.0;0.0;1.0;386.0
facility:2309254;9690;198;700;3.0;9690;17436608.17;O;3;99;21.663;6.144;0.020433;0.072239;1.0;1799.44
facility:2309475;1360;273;161;8.0;1360;5458441.61;B;1;99;56.954;10.579;0.200735;0.118382;1.0;4013.56
facility:2309513;629;0;0;2.0;629;308886.45;A;3;03;41.124;2.094;0.0;0.0;1.0;491.08
facility:2309580;847;3;120;3.0;847;501510.71;O;3;03;35.939;3.649;0.003542;0.141677;1.0;592.1
facility:2309602;2117;4;23;3.0;2117;879311.4;A;3;03;39.215;3.053;0.001889;0.010864;1.0;415.36
facility:2310511;2409;70;464;2.5;2409;2455244.39;S;1;99;43.64;3.795;0.029058;0.192611;1.0;1019.2
facility:2310805;896;20;53;2.0;896;433873.9;O;3;03;43.559;2.609;0.022321;0.059152;1.0;484.23
facility:2310821;1898;12;4;2.0;1898;1089387.21;O;3;99;40.072;2.52;0.006322;0.002107;1.0;573.97
facility:2311313;1654;156;15;3.5;1654;1802592.27;O;3;99;42.481;5.0;0.094317;0.009069;1.0;1089.84
facility:2311356;286;0;0;2.0;286;108783.6;A;3;03;38.367;2.021;0.0;0.0;1.0;380.36
facility:2311607;415;8;94;2.0;415;182860.05;O;3;03;36.699;2.475;0.019277;0.226506;1.0;440.63
facility:2311682;12037;235;74;2.0;12037;13641093.55;O;3;03;29.012;3.481;0.019523;0.006148;1.0;1133.26
facility:2311763;2647;0;84;2.0;2647;1359971.79;O;3;03;25.745;2.516;0.0;0.031734;1.0;513.78
facility:2311992;967;49;245;3.0;967;617842.65;J;1;03;41.982;3.614;0.050672;0.253361;1.0;638.93
facility:2312050;1754;17;86;2.0;1754;806327.32;O;3;03;34.155;2.813;0.009692;0.049031;1.0;459.71
facility:2312093;657;0;0;2.5;657;204563.02;A;3;03;41.28;2.601;0.0;0.0;1.0;311.36
facility:2312123;1716;44;62;2.0;1716;1052266.63;O;3;03;34.772;3.61;0.025641;0.036131;1.0;613.21
facility:2312131;1380;28;47;2.0;1380;698015.1;O;3;99;38.55;2.878;0.02029;0.034058;1.0;505.81
facility:2312158;1410;42;106;2.0;1410;700122.08;O;3;03;38.206;2.346;0.029787;0.075177;1.0;496.54
facility:2312166;651;0;0;2.25;651;220975.86;J;3;03;37.467;3.184;0.0;0.0;1.0;339.44
facility:2312174;1122;0;0;3.0;1122;604359.8;O;3;03;34.543;4.123;0.0;0.0;1.0;538.65
facility:2312182;794;8;35;2.0;794;427924.4;A;3;99;39.196;2.596;0.010076;0.044081;1.0;538.95
facility:2312298;362;0;0;3.0;362;243698.55;B;3;03;43.257;3.633;0.0;0.0;1.0;673.2
facility:2312387;204;1;0;3.0;204;100351.34;B;1;03;48.853;3.466;0.004902;0.0;1.0;491.92
facility:2313049;1005;5;46;1.75;1005;372243.13;O;3;03;28.197;1.738;0.004975;0.045771;1.0;370.39
facility:2313057;1914;16;60;2.0;1914;767529.98;O;3;03;29.584;2.229;0.008359;0.031348;1.0;401.01
facility:2313367;1675;29;52;2.5;1675;1046360.66;S;1;03;34.259;3.632;0.017313;0.031045;1.0;624.69
facility:2313669;928;23;54;2.0;928;685751.71;O;3;03;38.98;3.159;0.024784;0.05819;1.0;738.96
facility:2314002;1231;52;126;3.0;1231;665252.74;O;1;03;43.612;4.171;0.042242;0.102356;1.0;540.42
facility:2314037;1259;46;576;2.25;1259;819161.61;B;1;99;53.234;3.858;0.036537;0.457506;1.0;650.64
facility:2314436;2848;9;0;3.0;2848;1061210.47;A;3;03;33.821;3.09;0.00316;0.0;1.0;372.62
facility:2314819;2149;60;104;2.0;2149;1009829.75;O;3;99;31.994;3.291;0.02792;0.048395;1.0;469.91
facility:2315343;730;160;170;6.5;730;4167741.18;B;3;99;55.189;8.377;0.219178;0.232877;1.0;5709.23
facility:2315386;397;0;0;1.0;397;229613.42;O;3;03;28.811;1.003;0.0;0.0;1.0;578.37
facility:2315793;3719;407;21;2.0;3719;7463028.95;C;3;03;45.903;4.15;0.109438;0.005647;1.0;2006.73
facility:2316005;2008;18;85;2.0;2008;809681.37;O;3;03;30.564;2.394;0.008964;0.042331;1.0;403.23
facility:2316013;988;0;0;2.0;988;501888.48;A;3;03;36.157;2.607;0.0;0.0;1.0;507.98
facility:2316021;806;0;0;2.0;806;344516.72;O;3;03;31.326;2.177;0.0;0.0;1.0;427.44
facility:2316048;713;0;12;3.0;713;277471.16;O;3;03;26.509;2.902;0.0;0.01683;1.0;389.16
facility:2316064;834;12;36;2.0;834;496985.14;O;3;99;36.458;2.549;0.014388;0.043165;1.0;595.91
facility:2316080;53;0;2;2.0;53;15962.06;A;3;03;35.396;2.094;0.0;0.037736;1.0;301.17
facility:2316161;440;0;0;3.0;440;141397.82;I;3;03;39.561;3.314;0.0;0.0;1.0;321.36
facility:2316234;1025;0;2;2.0;1025;392381.97;O;3;03;35.261;2.919;0.0;0.001951;1.0;382.81
facility:2316471;1128;52;295;5.0;1128;688879.18;J;1;99;44.51;7.651;0.046099;0.261525;1.0;610.71
facility:2316552;1705;46;43;2.0;1705;621862.07;O;3;03;35.794;1.976;0.026979;0.02522;1.0;364.73
facility:2316641;1974;151;699;2.0;1974;1665113.98;B;1;03;51.482;3.019;0.076494;0.354103;1.0;843.52
facility:2316757;2115;11;145;2.0;2115;1181213.94;O;3;03;32.562;2.642;0.005201;0.068558;1.0;558.49
facility:2317028;1709;22;184;2.0;1709;818614.13;O;3;99;32.613;2.185;0.012873;0.107665;1.0;479.0
facility:2317397;3278;42;196;2.0;3278;1294701.32;O;3;99;34.804;2.277;0.012813;0.059793;1.0;394.97
facility:2317931;41;4;8;4.0;41;16393.03;J;1;03;47.024;4.659;0.097561;0.195122;1.0;399.83
facility:2317958;971;3;59;4.0;971;482959.79;A;3;99;36.915;4.115;0.00309;0.060762;1.0;497.38
facility:2317990;1670;23;171;2.0;1670;1017558.77;O;3;03;37.856;3.041;0.013772;0.102395;1.0;609.32
facility:2318059;1040;4;20;3.0;1040;364568.83;N;3;03;35.841;3.318;0.003846;0.019231;1.0;350.55
facility:2318172;2653;41;18;3.0;2653;1595786.56;J;3;99;36.132;3.008;0.015454;0.006785;1.0;601.5
facility:2318180;1406;30;50;2.0;1406;934471.63;O;3;99;35.061;2.969;0.021337;0.035562;1.0;664.63
facility:2318482;572;84;189;3.75;572;425838.84;B;1;99;50.869;4.909;0.146853;0.33042;1.0;744.47
facility:2318628;4610;11;43;2.0;4610;2713752.85;O;3;03;30.762;3.265;0.002386;0.009328;1.0;588.67
facility:2318660;5031;1;7;3.0;5031;2068546.67;K;3;03;38.55;3.353;0.000199;0.001391;1.0;411.16
facility:2318865;1990;13;55;3.0;1990;1054001.27;O;3;99;32.142;3.494;0.006533;0.027638;1.0;529.65
facility:2319187;136;0;0;0.0;136;424468.12;H;3;01;60.625;0.007;0.0;0.0;1.0;3121.09
facility:2319284;158;13;61;4.5;158;131353.03;B;3;03;56.576;4.734;0.082278;0.386076;1.0;831.35
facility:2319454;5990;234;107;2.5;5990;13089983.3;O;3;03;22.668;4.737;0.039065;0.017863;1.0;2185.31
facility:2319659;9927;1809;3224;4.0;9927;19356565.74;B;1;03;48.429;8.247;0.18223;0.324771;1.0;1949.89
facility:2320045;57;0;6;1.0;57;22916.48;O;3;03;28.86;1.368;0.0;0.105263;1.0;402.04
facility:2320541;234;0;13;2.0;234;85321.42;O;3;05;30.064;2.415;0.0;0.055556;1.0;364.62
facility:2320681;4726;95;20;5.0;4726;4470578.1;J;1;99;4.888;7.261;0.020102;0.004232;1.0;945.95
facility:2320800;91;0;5;2.75;91;35340.3;J;1;03;49.637;3.703;0.0;0.054945;1.0;388.35
facility:2320886;96;0;15;3.25;96;31903.85;J;3;03;44.969;3.875;0.0;0.15625;1.0;332.33
facility:2321122;355;31;62;3.5;355;145640.68;N;3;03;54.67;4.394;0.087324;0.174648;1.0;410.26
facility:2321572;10;0;0;1.0;10;4841.18;O;3;03;38.1;1.4;0.0;0.0;1.0;484.12
facility:2321637;1197;26;29;1.0;1197;633690.19;O;3;03;38.031;2.088;0.021721;0.024227;1.0;529.4
facility:2321963;121;1;13;3.0;121;58743.67;A;3;03;50.471;3.207;0.008264;0.107438;1.0;485.48
facility:2322706;444;45;118;3.0;444;268342.33;J;3;03;54.45;4.216;0.101351;0.265766;1.0;604.37
facility:2322730;1063;0;0;2.0;1063;360871.71;A;3;03;38.027;2.019;0.0;0.0;1.0;339.48
facility:2322935;1938;10;102;2.0;1938;834822.02;J;1;99;35.799;2.432;0.00516;0.052632;1.0;430.76
facility:2323249;1824;72;91;5.0;1824;5113453.74;B;1;99;5.795;9.639;0.039474;0.04989;1.0;2803.43
facility:2323338;1639;449;80;8.5;1639;13626051.91;B;1;03;51.692;11.377;0.273948;0.04881;1.0;8313.64
facility:2323346;2693;6;24;17.0;2693;3693552.54;F;1;03;38.981;18.03;0.002228;0.008912;1.0;1371.54
facility:2323354;676;53;149;6.0;676;386317.36;J;3;99;60.272;6.913;0.078402;0.220414;1.0;571.48
facility:2323397;11834;246;45;4.0;11834;21086495.82;O;3;99;21.075;6.675;0.020788;0.003803;1.0;1781.86
facility:2323427;744;58;237;5.5;744;463612.13;A;3;99;58.258;6.913;0.077957;0.318548;1.0;623.13
facility:2323443;2804;167;1020;4.5;2804;2015408.78;I;1;03;58.941;5.5;0.059558;0.363766;1.0;718.76
facility:2323451;2234;116;79;3.0;2234;4821412.3;S;1;03;47.263;4.565;0.051925;0.035363;1.0;2158.2
facility:2323478;1570;24;123;2.0;1570;576533.05;K;1;99;26.081;3.539;0.015287;0.078344;1.0;367.22
facility:2323524;1333;270;205;6.0;1333;7605289.25;B;1;99;59.911;8.131;0.202551;0.153788;1.0;5705.39
facility:2323540;1188;1;115;3.0;1188;643523.96;J;3;03;48.614;3.62;0.000842;0.096801;1.0;541.69
facility:2323559;1805;26;245;4.0;1805;526271.85;A;3;01;46.786;4.368;0.014404;0.135734;1.0;291.56
facility:2323583;3821;88;337;1.5;3821;2309192.45;O;3;03;41.233;1.985;0.023031;0.088197;1.0;604.34
facility:2323591;240;0;0;2.0;240;59435.18;A;3;99;48.554;2.254;0.0;0.0;1.0;247.65
facility:2323605;1266;0;2;1.0;1266;671357.7;J;3;04;42.7;1.93;0.0;0.00158;1.0;530.3
facility:2323613;358;0;0;3.0;358;217367.91;J;3;03;44.732;2.891;0.0;0.0;1.0;607.17
facility:2323621;1538;27;228;2.0;1538;1016816.62;A;3;03;45.975;2.495;0.017555;0.148244;1.0;661.13
facility:2323680;1815;53;238;2.0;1815;1429841.49;O;3;99;38.5;3.695;0.029201;0.131129;1.0;787.79
facility:2323915;1965;49;127;2.0;1965;1278721.9;O;3;03;44.411;3.354;0.024936;0.064631;1.0;650.75
facility:2323923;719;30;142;3.0;719;507812.77;B;3;99;50.05;3.759;0.041725;0.197497;1.0;706.28
facility:2323931;382;5;40;2.5;382;273799.65;B;3;03;49.66;3.084;0.013089;0.104712;1.0;716.75
facility:2324040;572;0;0;3.0;572;248360.52;A;3;03;42.248;2.995;0.0;0.0;1.0;434.2
facility:2324075;950;23;178;2.0;950;641093.35;J;3;99;46.497;3.554;0.024211;0.187368;1.0;674.84
facility:2324121;101;0;4;2.0;101;64010.46;O;3;99;40.901;2.832;0.0;0.039604;1.0;633.77
facility:2324172;1433;1;1;2.0;1433;796713.7;A;3;03;43.027;2.943;0.000698;0.000698;1.0;555.98
facility:2324199;193;0;40;2.0;193;148236.84;O;3;99;47.642;2.943;0.0;0.207254;1.0;768.07
facility:2324253;138;1;24;3.25;138;85368.81;B;3;03;52.457;4.362;0.007246;0.173913;1.0;618.61
facility:2324261;451;2;37;2.75;451;255072.91;O;3;99;45.588;3.038;0.004435;0.08204;1.0;565.57
facility:2324288;2756;33;134;2.0;2756;1910833.29;K;3;03;38.732;2.859;0.011974;0.048621;1.0;693.34
facility:2324334;1225;5;21;2.0;1225;963686.05;B;3;03;43.355;2.931;0.004082;0.017143;1.0;786.68
facility:2324555;34;0;4;3.0;34;17557.13;E;3;03;47.647;3.441;0.0;0.117647;1.0;516.39
facility:2327945;3829;45;122;2.0;3829;1928530.12;O;3;03;35.459;2.638;0.011752;0.031862;1.0;503.66
facility:2327953;185;7;50;2.0;185;162758.45;B;3;03;53.2;2.676;0.037838;0.27027;1.0;879.78
facility:2327961;369;0;91;2.25;369;249856.66;B;3;03;48.81;3.382;0.0;0.246612;1.0;677.12
facility:2327996;196;15;31;4.0;196;62642.15;J;3;99;63.418;5.73;0.076531;0.158163;1.0;319.6
facility:2328003;5760;169;77;2.0;5760;3017372.09;O;3;03;39.16;2.999;0.02934;0.013368;1.0;523.85
facility:2328038;35;1;2;5.5;35;32020.35;B;1;03;58.8;5.286;0.028571;0.057143;1.0;914.87
facility:2328070;118;9;12;4.0;118;54204.26;J;3;03;61.39;4.373;0.076271;0.101695;1.0;459.36
facility:2328100;213;7;62;2.5;213;160091.19;B;3;03;50.338;4.188;0.032864;0.29108;1.0;751.6
facility:2328119;364;29;67;3.0;364;186790.0;N;3;03;52.78;3.885;0.07967;0.184066;1.0;513.16
facility:2328372;553;0;17;2.0;553;148200.18;J;1;99;4.081;2.778;0.0;0.030741;1.0;267.99
facility:2328380;3349;69;289;2.0;3349;1799717.68;O;3;99;43.072;3.527;0.020603;0.086294;1.0;537.39
facility:2328399;4789;85;248;3.0;4789;4486643.16;O;3;99;25.43;3.578;0.017749;0.051785;1.0;936.86
facility:2328402;796;65;163;5.75;796;368584.99;N;1;99;58.063;7.613;0.081658;0.204774;1.0;463.05
facility:2328429;405;24;56;3.75;405;279871.67;B;3;99;55.133;4.494;0.059259;0.138272;1.0;691.04
facility:2328437;262;16;31;1.25;262;289583.14;B;3;99;48.023;3.29;0.061069;0.118321;1.0;1105.28
facility:2328445;216;14;40;4.0;216;156525.82;B;1;03;55.273;4.343;0.064815;0.185185;1.0;724.66
facility:2328534;351;14;1;3.0;351;348683.32;A;3;99;47.909;4.114;0.039886;0.002849;1.0;993.4
facility:2328798;2761;58;1;3.0;2761;3422855.75;K;3;99;49.055;4.201;0.021007;0.000362;1.0;1239.72
facility:2328968;2378;10;27;2.0;2378;1320681.14;A;3;03;46.042;2.367;0.004205;0.011354;1.0;555.37
facility:2328992;1752;35;10;3.0;1752;1164951.17;O;3;99;38.035;4.584;0.019977;0.005708;1.0;664.93
facility:2329387;471;9;32;2.0;471;288043.77;O;3;03;39.686;2.773;0.019108;0.067941;1.0;611.56
facility:2329484;1369;16;69;2.0;1369;598735.77;O;3;03;34.89;3.126;0.011687;0.050402;1.0;437.35
facility:2329565;2446;0;0;3.0;2446;1487789.67;B;1;03;41.881;3.3;0.0;0.0;1.0;608.25
facility:2329905;12302;576;606;3.0;12302;6867234.75;O;3;03;32.497;4.385;0.046822;0.04926;1.0;558.22
facility:2330830;5178;97;320;2.0;5178;3464897.4;O;3;03;33.681;4.123;0.018733;0.0618;1.0;669.16
facility:2330938;1788;0;63;5.0;1788;1308535.68;O;3;03;29.566;4.139;0.0;0.035235;1.0;731.84
facility:2330946;688;3;3;2.0;688;223368.36;O;3;03;29.744;2.512;0.00436;0.00436;1.0;324.66
facility:2330962;1898;0;0;3.0;1898;1271853.25;O;3;99;33.473;3.311;0.0;0.0;1.0;670.1
facility:2330970;561;21;97;3.0;561;296016.1;J;3;99;41.847;3.275;0.037433;0.172906;1.0;527.66
facility:2331098;4365;203;526;2.0;4365;2552007.4;O;3;03;33.987;3.05;0.046506;0.120504;1.0;584.65
facility:2331292;1253;0;351;2.0;1253;654470.71;O;3;99;35.802;2.659;0.0;0.280128;1.0;522.32
facility:2331470;73;0;9;2.25;73;57887.72;B;1;03;43.562;2.644;0.0;0.123288;1.0;792.98
facility:2331500;356;4;9;3.0;356;145982.83;O;3;03;35.41;2.64;0.011236;0.025281;1.0;410.06
facility:2331578;1920;55;233;2.0;1920;922983.08;O;3;03;33.877;2.757;0.028646;0.121354;1.0;480.72
facility:2331691;126;1;0;2.0;126;49237.36;O;3;03;32.198;2.333;0.007937;0.0;1.0;390.77
facility:2331748;1578;14;0;2.0;1578;893397.34;O;3;03;31.765;2.553;0.008872;0.0;1.0;566.16
facility:2331756;1027;15;30;2.0;1027;682767.32;O;3;03;34.298;2.983;0.014606;0.029211;1.0;664.82
facility:2331861;4291;155;180;2.0;4291;2102710.74;O;3;03;33.815;2.782;0.036122;0.041948;1.0;490.03
facility:2331969;2348;164;272;3.0;2348;1617841.21;B;1;99;40.845;4.729;0.069847;0.115843;1.0;689.03
facility:2332299;2338;116;73;3.0;2338;999261.04;O;3;03;34.278;4.401;0.049615;0.031223;1.0;427.4
facility:2332639;3481;0;11;3.0;3481;1529471.71;J;1;03;3.922;3.982;0.0;0.00316;1.0;439.38
facility:2332671;6006;290;4;2.0;6006;21705172.05;O;3;03;41.535;4.872;0.048285;0.000666;1.0;3613.91
facility:2332914;2419;0;9;4.0;2419;1245734.19;J;1;03;3.745;4.142;0.0;0.003721;1.0;514.98
facility:2332930;2594;2;7;1.0;2594;1686909.93;O;3;03;25.859;1.295;0.000771;0.002699;1.0;650.31
facility:2332981;3741;490;56;9.0;3741;5957811.63;C;3;03;47.447;12.964;0.130981;0.014969;1.0;1592.57
facility:2333031;8540;534;27;6.0;8540;32512338.9;I;1;99;46.649;9.682;0.062529;0.003162;1.0;3807.07
facility:2333430;1234;33;62;2.0;1234;611889.31;O;3;03;36.344;3.04;0.026742;0.050243;1.0;495.86
facility:2333589;706;0;3;2.0;706;216827.12;O;3;03;38.064;2.252;0.0;0.004249;1.0;307.12
facility:2333716;1978;8;55;1.0;1978;1084249.57;O;3;03;22.842;1.903;0.004044;0.027806;1.0;548.15
facility:2333740;2;0;0;11.0;2;1114.22;J;1;99;88.5;11.0;0.0;0.0;1.0;557.11
facility:2333813;126;8;37;3.0;126;68079.07;B;1;03;55.389;3.619;0.063492;0.293651;1.0;540.31
facility:2333848;184;17;58;3.25;184;200865.25;B;1;99;58.043;3.462;0.092391;0.315217;1.0;1091.66
facility:2333856;90;8;27;3.75;90;91130.58;B;3;03;58.344;5.444;0.088889;0.3;1.0;1012.56
facility:2333864;312;8;11;3.0;312;202903.14;B;3;03;51.074;4.106;0.025641;0.035256;1.0;650.33
facility:2333880;1268;64;120;2.5;1268;912135.91;B;3;03;47.694;4.141;0.050473;0.094637;1.0;719.35
facility:2333899;906;0;7;2.0;906;396194.83;O;3;03;32.8;2.968;0.0;0.007726;1.0;437.3
facility:2333902;67;1;7;2.0;67;58053.44;B;3;03;59.657;2.731;0.014925;0.104478;1.0;866.47
facility:2333988;774;5;10;2.0;774;226299.42;J;3;99;44.062;3.078;0.00646;0.01292;1.0;292.38
facility:2334011;47;1;13;2.0;47;12126.87;J;1;03;53.894;2.723;0.021277;0.276596;1.0;258.02
facility:2334216;198;0;0;1.25;198;67294.06;J;1;99;55.242;1.717;0.0;0.0;1.0;339.87
facility:2334275;192;5;14;2.0;192;110539.48;B;3;99;48.135;2.755;0.026042;0.072917;1.0;575.73
facility:2334321;5320;960;11;8.0;5320;17573752.52;C;3;03;54.405;10.844;0.180451;0.002068;1.0;3303.34
facility:2334755;937;0;13;2.0;937;339157.22;O;3;01;42.856;2.648;0.0;0.013874;1.0;361.96
facility:2334801;777;19;17;2.25;777;474608.34;B;3;03;43.323;3.304;0.024453;0.021879;1.0;610.82
facility:2335506;39;0;0;3.0;39;14676.03;A;3;01;54.103;3.051;0.0;0.0;1.0;376.31
facility:2336758;437;8;115;2.0;437;313478.15;B;3;99;51.08;2.421;0.018307;0.263158;1.0;717.34
facility:2336812;1510;59;97;2.0;1510;689930.33;O;3;03;38.708;3.493;0.039073;0.064238;1.0;456.91
facility:2336960;80;0;1;2.25;80;25708.47;A;3;03;58.512;3.212;0.0;0.0125;1.0;321.36
facility:2337339;9048;879;2281;4.0;9048;12618426.59;K;1;99;43.446;6.438;0.097149;0.2521;1.0;1394.61
facility:2337517;2089;2;80;1.0;2089;2565026.76;S;1;99;45.0;1.821;0.000957;0.038296;1.0;1227.87
facility:2337525;136;0;0;1.0;136;109045.53;K;3;03;46.191;1.118;0.0;0.0;1.0;801.81
facility:2337576;2107;66;237;3.0;2107;1312649.32;O;3;01;43.008;3.649;0.031324;0.112482;1.0;622.99
facility:2337754;106;12;0;16.0;106;1147611.99;P;1;01;14.396;20.632;0.113208;0.0;1.0;10826.53
facility:2337800;1861;214;24;6.0;1861;17245830.34;B;1;03;42.939;10.347;0.114992;0.012896;1.0;9266.97
facility:2337851;186;7;1;6.75;186;1174770.45;P;1;03;5.086;11.844;0.037634;0.005376;1.0;6315.97
facility:2338114;9933;0;10;1.0;9933;7755165.05;S;1;01;38.317;1.256;0.0;0.001007;1.0;780.75
facility:2338173;936;62;38;4.0;936;1462929.77;I;3;99;56.245;5.797;0.066239;0.040598;1.0;1562.96
facility:2338262;13858;1108;316;4.0;13858;26382715.1;S;1;03;45.538;7.28;0.079954;0.022803;1.0;1903.79
facility:2338351;9311;644;65;4.0;9311;25529917.73;I;1;03;54.299;5.851;0.069166;0.006981;1.0;2741.91
facility:2338386;2001;0;0;0.0;2001;4151116.84;H;1;03;54.022;0.005;0.0;0.0;1.0;2074.52
facility:2338416;946;1;4;3.0;946;1822864.09;T;1;03;42.039;3.632;0.001057;0.004228;1.0;1926.92
facility:2338424;9323;760;117;4.0;9323;33214079.56;B;3;99;41.716;6.711;0.081519;0.01255;1.0;3562.6
facility:2338440;577;32;4;2.0;577;1229167.53;S;1;03;59.95;3.513;0.055459;0.006932;1.0;2130.27
facility:2338467;22;0;0;0.0;22;57990.09;H;1;03;48.0;1.227;0.0;0.0;1.0;2635.91
facility:2338564;3792;0;1;2.0;3792;2244168.61;O;3;03;22.372;2.683;0.0;0.000264;1.0;591.82
facility:2338734;6525;377;41;5.0;6525;14731656.51;N;3;03;51.1;8.225;0.057778;0.006284;1.0;2257.73
facility:2339080;3211;0;51;2.0;3211;1999273.01;O;3;03;22.732;3.168;0.0;0.015883;1.0;622.63
facility:2339110;4752;1258;14;5.0;4752;30214194.42;B;1;99;56.717;6.227;0.264731;0.002946;1.0;6358.21
facility:2339137;940;8;14;2.5;940;589524.19;I;3;99;55.057;2.279;0.008511;0.014894;1.0;627.15
facility:2339161;1371;0;4;2.0;1371;2297126.02;S;1;99;40.307;2.179;0.0;0.002918;1.0;1675.51
facility:2339196;9049;173;981;3.0;9049;9056500.13;O;3;03;14.916;4.867;0.019118;0.10841;1.0;1000.83
facility:2339218;13;0;0;1.0;13;64233.0;I;3;03;67.385;1.231;0.0;0.0;1.0;4941.0
facility:2339234;5846;507;10;2.0;5846;27727136.96;I;1;99;60.249;3.642;0.086726;0.001711;1.0;4742.92
facility:2339463;1031;0;722;2.0;1031;157548.0;F;1;99;36.387;2.707;0.0;0.700291;1.0;152.81
facility:2339722;487;59;19;8.0;487;5770986.61;Q;1;03;5.127;11.526;0.12115;0.039014;1.0;11850.08
facility:2339765;178;0;0;5.0;178;462578.4;G;3;03;34.292;5.843;0.0;0.0;1.0;2598.76
facility:2340038;1426;73;380;1.0;1426;980610.41;B;3;99;46.522;2.435;0.051192;0.26648;1.0;687.67
facility:2340194;2132;536;45;8.0;2132;16189464.74;B;1;99;54.149;10.064;0.251407;0.021107;1.0;7593.56
facility:2340526;1254;45;309;2.0;1254;645444.13;B;3;99;44.782;2.207;0.035885;0.246411;1.0;514.71
facility:2340690;1752;431;203;7.0;1752;12967432.48;B;1;99;52.786;8.291;0.246005;0.115868;1.0;7401.5
facility:2340704;1614;108;108;4.5;1614;2965665.62;I;1;99;48.968;6.027;0.066914;0.066914;1.0;1837.46
facility:2340720;2866;4;123;2.0;2866;1398911.4;O;3;99;22.423;2.282;0.001396;0.042917;1.0;488.11
facility:2340992;5819;203;20;2.0;5819;18747194.99;O;3;03;39.576;4.837;0.034886;0.003437;1.0;3221.72
facility:2341093;36;2;10;3.0;36;39026.44;B;1;99;63.556;3.083;0.055556;0.277778;1.0;1084.07
facility:2341204;1472;30;48;2.0;1472;688601.28;O;3;03;35.051;2.302;0.02038;0.032609;1.0;467.8
facility:2341727;693;0;0;2.0;693;247910.14;A;3;03;43.351;3.367;0.0;0.0;1.0;357.73
facility:2342073;117;2;37;2.25;117;103640.92;B;1;99;44.821;3.248;0.017094;0.316239;1.0;885.82
facility:2342170;1530;83;166;2.5;1530;877714.83;O;3;99;37.05;3.765;0.054248;0.108497;1.0;573.67
facility:2342642;410;37;70;3.0;410;228349.46;J;3;03;58.071;4.241;0.090244;0.170732;1.0;556.95
facility:2342715;180;7;28;4.0;180;79581.89;J;1;03;54.65;4.306;0.038889;0.155556;1.0;442.12
facility:2343177;50;0;0;1.0;50;15414.98;A;3;03;40.9;0.98;0.0;0.0;1.0;308.3
facility:2343185;2604;0;0;0.0;2604;858663.04;K;3;99;41.087;0.501;0.0;0.0;1.0;329.75
facility:2343525;1159;201;68;3.5;1159;4065612.53;B;3;99;53.572;4.94;0.173425;0.058671;1.0;3507.86
facility:2343738;3160;203;63;5.0;3160;6421163.93;S;1;03;43.67;5.465;0.064241;0.019937;1.0;2032.01
facility:2343894;604;19;92;2.0;604;481297.6;B;3;99;43.442;3.022;0.031457;0.152318;1.0;796.85
facility:2344033;242;8;16;3.0;242;151757.3;B;3;99;50.223;5.021;0.033058;0.066116;1.0;627.1
facility:2344289;446;15;42;2.0;446;201282.88;O;3;99;37.401;4.581;0.033632;0.09417;1.0;451.31
facility:2344408;328;13;57;3.0;328;227625.55;B;3;03;50.149;4.082;0.039634;0.17378;1.0;693.98
facility:2344491;119;9;50;1.25;119;97388.97;B;3;03;53.412;2.37;0.07563;0.420168;1.0;818.39
facility:2344858;2581;559;95;6.0;2581;21788852.2;B;1;03;45.808;8.299;0.216583;0.036807;1.0;8442.02
facility:2344882;6806;357;404;2.0;6806;9296005.55;O;3;03;41.315;6.129;0.052454;0.059359;1.0;1365.85
facility:2345374;468;15;60;6.0;468;342033.43;B;3;03;47.891;6.128;0.032051;0.128205;1.0;730.84
facility:2346621;468;4;5;29.0;468;719334.79;T;1;99;46.88;22.707;0.008547;0.010684;1.0;1537.04
facility:2346826;91;0;20;2.75;91;74410.31;B;3;03;58.044;3.549;0.0;0.21978;1.0;817.7
facility:2346850;76;2;5;3.75;76;32595.08;J;3;03;55.316;4.105;0.026316;0.065789;1.0;428.88
facility:2346869;259;12;37;3.0;259;165811.51;B;3;99;51.073;4.544;0.046332;0.142857;1.0;640.2
facility:2348489;4396;234;580;2.0;4396;5614142.72;O;3;03;37.099;3.257;0.05323;0.131938;1.0;1277.1
facility:2348497;507;1;10;3.0;507;309502.74;J;3;01;45.11;3.905;0.001972;0.019724;1.0;610.46
facility:2348713;17;0;2;2.25;17;11779.31;A;1;99;47.765;2.353;0.0;0.117647;1.0;692.9
facility:2349205;34;0;34;1.25;34;41163.39;B;1;03;62.471;1.735;0.0;1.0;1.0;1210.69
facility:2349361;174;2;19;3.0;174;82223.9;A;3;03;48.121;4.603;0.011494;0.109195;1.0;472.55
facility:2349566;285;1;29;4.0;285;242114.38;B;1;03;51.407;5.246;0.003509;0.101754;1.0;849.52
facility:2349574;219;6;29;3.0;219;158433.1;B;3;99;51.219;4.311;0.027397;0.13242;1.0;723.44
facility:2349906;91;0;7;3.5;91;47281.31;B;1;99;57.736;3.736;0.0;0.076923;1.0;519.57
facility:2350246;77;2;35;3.5;77;48917.44;B;3;99;65.481;3.143;0.025974;0.454545;1.0;635.29
facility:2350289;320;10;28;4.75;320;145059.88;J;3;03;49.403;6.369;0.03125;0.0875;1.0;453.31
facility:2351048;58;1;12;5.25;58;42882.65;B;3;99;57.759;5.414;0.017241;0.206897;1.0;739.36
facility:2351633;1715;110;218;3.0;1715;3291116.66;S;1;03;50.945;3.836;0.06414;0.127114;1.0;1919.02
facility:2351668;478;0;0;1.0;478;179742.34;R;3;03;45.519;0.998;0.0;0.0;1.0;376.03
facility:2351994;8420;34;89;3.0;8420;6564566.18;O;3;99;21.055;3.708;0.004038;0.01057;1.0;779.64
facility:2352133;995;45;163;3.0;995;670592.46;O;3;03;46.52;4.267;0.045226;0.163819;1.0;673.96
facility:2352524;114;3;31;3.25;114;82727.4;B;3;03;53.842;4.439;0.026316;0.27193;1.0;725.68
facility:2352559;342;13;45;3.0;342;186886.13;O;3;03;48.754;4.415;0.038012;0.131579;1.0;546.45
facility:2352575;100;6;25;2.0;100;80816.51;B;3;99;58.25;3.61;0.06;0.25;1.0;808.17
facility:2352761;107;3;28;4.0;107;100756.92;B;3;03;59.495;4.729;0.028037;0.261682;1.0;941.65
facility:2353296;242;9;40;1.0;242;112674.49;O;3;03;41.025;2.934;0.03719;0.165289;1.0;465.6
facility:2353954;42;1;2;3.25;42;18676.93;O;3;03;53.286;3.714;0.02381;0.047619;1.0;444.69
facility:2354454;92;2;22;2.5;92;53189.5;J;3;99;50.772;3.065;0.021739;0.23913;1.0;578.15
facility:2354551;1564;80;363;4.75;1564;1373392.29;T;1;03;52.361;10.754;0.051151;0.232097;1.0;878.13
facility:2354845;346;19;39;3.75;346;233789.22;O;3;03;49.228;4.694;0.054913;0.112717;1.0;675.69
facility:2354888;305;0;0;0.0;305;777834.42;H;1;03;54.518;0.0;0.0;0.0;1.0;2550.28
facility:2354942;121;0;0;0.0;121;261623.4;H;1;99;57.769;0.0;0.0;0.0;1.0;2162.18
facility:2355841;162;4;15;2.0;162;80338.37;O;3;03;45.907;3.247;0.024691;0.092593;1.0;495.92
facility:2356279;349;11;84;2.0;349;201472.6;O;3;99;52.842;3.304;0.031519;0.240688;1.0;577.29
facility:2356287;7722;305;580;2.0;7722;7663935.96;O;3;03;35.484;3.373;0.039498;0.07511;1.0;992.48
facility:2356430;165;6;27;1.0;165;73713.39;O;3;03;48.715;2.648;0.036364;0.163636;1.0;446.75
facility:2357445;633;105;112;3.0;633;269289.91;J;3;03;55.251;4.409;0.165877;0.176935;1.0;425.42
facility:2359693;46;0;24;3.5;46;11699.78;B;3;03;61.935;5.326;0.0;0.521739;1.0;254.34
facility:2360411;3031;43;197;3.0;3031;1405530.34;O;3;03;33.791;2.765;0.014187;0.064995;1.0;463.72
facility:2360470;3669;220;421;2.0;3669;2261558.42;B;3;03;45.033;2.494;0.059962;0.114745;1.0;616.4
facility:2361027;537;5;74;2.0;537;304393.03;O;3;03;40.953;2.799;0.009311;0.137803;1.0;566.84
facility:2361078;291;0;0;1.0;291;150181.32;O;3;01;32.595;1.32;0.0;0.0;1.0;516.09
facility:2361396;70;2;7;2.75;70;25621.94;N;1;03;63.086;2.571;0.028571;0.1;1.0;366.03
facility:2361701;15;0;2;2.75;15;12462.53;B;3;04;60.867;5.467;0.0;0.133333;1.0;830.84
facility:2361736;112;6;54;2.0;112;97942.21;B;1;03;61.446;3.33;0.053571;0.482143;1.0;874.48
facility:2361744;1365;195;292;5.0;1365;730896.52;K;1;99;55.823;7.778;0.142857;0.213919;1.0;535.46
facility:2361787;7831;458;158;2.0;7831;12728512.12;O;3;03;36.287;4.077;0.058486;0.020176;1.0;1625.4
facility:2361868;202;26;42;3.0;202;125530.56;R;1;03;57.614;4.886;0.128713;0.207921;1.0;621.44
facility:2361949;1962;193;468;2.0;1962;3884201.98;B;1;99;46.972;3.485;0.098369;0.238532;1.0;1979.72
facility:2362112;637;0;0;2.5;637;263415.72;A;3;03;40.411;3.077;0.0;0.0;1.0;413.53
facility:2362287;11506;95;711;2.0;11506;9376253.53;O;3;99;23.741;3.36;0.008257;0.061794;1.0;814.9
facility:2362821;4400;24;73;2.0;4400;5392106.59;O;3;03;22.151;3.06;0.005455;0.016591;1.0;1225.48
facility:2362848;778;82;13;5.0;778;4928106.33;S;1;99;50.53;8.712;0.105398;0.01671;1.0;6334.33
facility:2362856;7495;563;43;5.0;7495;10095565.84;S;1;03;43.937;6.857;0.075117;0.005737;1.0;1346.97
facility:2362880;2021;187;320;4.0;2021;553307.35;F;1;99;48.284;5.681;0.092528;0.158337;1.0;273.78
facility:2363070;3503;1006;137;6.0;3503;7077452.39;B;1;99;58.162;7.996;0.287182;0.039109;1.0;2020.4
facility:2363194;45;0;0;0.0;45;132310.65;H;3;99;62.067;0.0;0.0;0.0;1.0;2940.24
facility:2363682;392;42;46;3.75;392;189946.33;J;3;99;52.334;5.531;0.107143;0.117347;1.0;484.56
facility:2364336;171;0;1;2.0;171;55396.69;A;3;01;45.029;2.211;0.0;0.005848;1.0;323.96
facility:2364794;106;0;12;2.5;106;38637.29;J;3;99;51.538;3.245;0.0;0.113208;1.0;364.5
facility:2364816;4838;204;437;3.0;4838;4874973.86;O;3;03;37.631;3.652;0.042166;0.090327;1.0;1007.64
facility:2364824;530;9;37;3.0;530;226391.24;A;3;03;49.451;3.587;0.016981;0.069811;1.0;427.15
facility:2364883;1121;34;254;2.0;1121;614293.98;B;3;03;47.404;2.422;0.03033;0.226583;1.0;547.99
facility:2364913;1310;12;109;2.0;1310;593871.75;O;3;99;39.991;2.637;0.00916;0.083206;1.0;453.34
facility:2364972;206;2;46;3.0;206;51719.37;A;1;03;46.748;4.058;0.009709;0.223301;1.0;251.06
facility:2364999;633;1;5;3.0;633;331594.84;O;3;99;49.311;3.664;0.00158;0.007899;1.0;523.85
facility:2365006;854;2;5;2.0;854;315439.45;A;3;99;34.93;2.255;0.002342;0.005855;1.0;369.37
facility:2365022;730;0;0;2.0;730;372197.02;O;3;03;35.977;2.138;0.0;0.0;1.0;509.86
facility:2365057;1029;5;24;2.5;1029;521717.0;A;3;99;45.607;3.287;0.004859;0.023324;1.0;507.01
facility:2365103;298;2;35;3.25;298;224407.89;B;3;03;48.245;4.534;0.006711;0.11745;1.0;753.05
facility:2365146;11449;771;517;3.0;11449;13909593.9;O;3;03;37.267;5.144;0.067342;0.045157;1.0;1214.92
facility:2365154;1850;28;146;3.0;1850;831114.34;K;3;03;45.222;5.119;0.015135;0.078919;1.0;449.25
facility:2365235;534;0;0;3.0;534;400365.01;A;3;03;40.966;3.024;0.0;0.0;1.0;749.75
facility:2365243;553;8;39;6.5;553;180415.58;I;1;03;53.121;6.606;0.014467;0.070524;1.0;326.25
facility:2365251;497;10;112;2.0;497;238247.4;A;3;03;44.557;3.0;0.020121;0.225352;1.0;479.37
facility:2365359;771;0;0;2.0;771;463376.16;A;3;99;40.691;2.274;0.0;0.0;1.0;601.01
facility:2365375;1331;0;0;2.0;1331;487478.71;A;3;03;35.294;2.038;0.0;0.0;1.0;366.25
facility:2365383;714;38;211;4.0;714;273975.88;B;1;99;54.375;4.702;0.053221;0.295518;1.0;383.72
facility:2365391;524;1;0;6.0;524;255008.34;J;1;03;53.75;6.496;0.001908;0.0;1.0;486.66
facility:2365480;996;13;67;2.0;996;639737.45;O;3;03;39.218;3.068;0.013052;0.067269;1.0;642.31
facility:2365499;3150;0;0;3.0;3150;2361721.25;A;3;03;45.215;3.508;0.0;0.0;1.0;749.75
facility:2369923;60;2;10;2.0;60;21133.18;J;1;03;50.733;2.817;0.033333;0.166667;1.0;352.22
facility:2370328;88;0;0;3.0;88;52465.05;B;1;03;47.943;4.25;0.0;0.0;1.0;596.19
facility:2370344;1122;1;0;2.0;1122;721251.18;O;3;99;38.813;2.398;0.000891;0.0;1.0;642.83
facility:2370816;905;38;148;3.0;905;950111.86;O;3;99;38.602;4.347;0.041989;0.163536;1.0;1049.85
facility:2371065;567;22;53;3.0;567;327417.46;B;3;01;43.862;4.093;0.038801;0.093474;1.0;577.46
facility:2371138;51;2;13;4.0;51;39804.79;B;1;03;54.098;4.471;0.039216;0.254902;1.0;780.49
facility:2371197;1428;37;176;2.0;1428;951408.55;O;3;99;45.971;3.025;0.02591;0.123249;1.0;666.25
facility:2371243;3315;216;95;2.0;3315;4781271.08;O;3;03;42.912;4.216;0.065158;0.028658;1.0;1442.31
facility:2371332;669;5;73;4.0;669;298676.26;J;3;05;29.501;5.889;0.007474;0.109118;1.0;446.45
facility:2371367;56;2;12;3.0;56;13081.92;J;1;03;52.589;3.071;0.035714;0.214286;1.0;233.61
facility:2371375;1667;183;59;4.0;1667;11362031.72;I;1;01;61.505;6.389;0.109778;0.035393;1.0;6815.86
facility:2371618;346;0;51;2.0;346;199914.78;O;3;03;36.78;2.668;0.0;0.147399;1.0;577.79
facility:2371707;3454;147;6;2.0;3454;17178946.31;I;3;03;57.521;3.343;0.042559;0.001737;1.0;4973.64
facility:2371782;801;41;51;3.0;801;1019530.32;O;3;03;42.296;3.717;0.051186;0.06367;1.0;1272.82
facility:2372150;7410;0;10;1.0;7410;4705118.0;K;3;02;40.232;1.192;0.0;0.00135;1.0;634.97
facility:2372207;1043;2;6;2.0;1043;641384.15;O;3;99;27.334;2.063;0.001918;0.005753;1.0;614.94
facility:2372460;216;5;90;2.0;216;136344.36;B;3;03;46.523;2.583;0.023148;0.416667;1.0;631.22
facility:2372479;307;19;19;4.5;307;209646.1;B;3;99;52.954;5.352;0.061889;0.061889;1.0;682.89
facility:2372487;522;11;11;4.0;522;306436.19;J;1;03;41.538;4.602;0.021073;0.021073;1.0;587.04
facility:2372495;77;1;19;3.5;77;68929.22;B;3;03;52.442;4.649;0.012987;0.246753;1.0;895.18
facility:2372509;145;7;11;5.0;145;102558.21;B;1;03;53.359;5.786;0.048276;0.075862;1.0;707.3
facility:2372517;990;61;195;3.0;990;692868.52;B;3;03;49.985;4.479;0.061616;0.19697;1.0;699.87
facility:2372568;175;3;12;3.5;175;171840.32;B;1;03;56.709;4.669;0.017143;0.068571;1.0;981.94
facility:2372622;332;16;87;2.0;332;205790.69;B;3;03;52.494;3.37;0.048193;0.262048;1.0;619.85
facility:2372673;79;7;21;3.5;79;78743.42;B;1;03;59.38;3.987;0.088608;0.265823;1.0;996.75
facility:2372819;853;87;131;3.0;853;551900.17;B;3;03;52.587;3.896;0.101993;0.153576;1.0;647.01
facility:2372967;2131;181;278;3.0;2131;1411105.78;B;1;03;53.11;5.141;0.084937;0.130455;1.0;662.18
facility:2373270;346;75;121;4.75;346;298754.02;B;3;99;59.223;5.682;0.216763;0.349711;1.0;863.45
facility:2373475;171;0;15;4.0;171;170805.6;B;1;03;52.409;4.357;0.0;0.087719;1.0;998.86
facility:2374064;1126;10;122;2.0;1126;630832.03;O;3;03;40.984;2.567;0.008881;0.108348;1.0;560.24
facility:2374226;1505;21;26;2.0;1505;801528.97;J;3;05;37.464;2.838;0.013953;0.017276;1.0;532.58
facility:2374366;293;10;36;2.25;293;126811.09;B;3;03;48.87;3.396;0.03413;0.122867;1.0;432.8
facility:2374439;545;22;57;3.0;545;392239.94;B;3;03;44.196;4.207;0.040367;0.104587;1.0;719.71
facility:2374501;80;14;30;3.25;80;57593.62;B;1;03;51.438;4.05;0.175;0.375;1.0;719.92
facility:2374579;191;0;37;3.5;191;120046.25;B;1;03;61.565;4.885;0.0;0.193717;1.0;628.51
facility:2374749;300;44;67;4.0;300;212189.27;B;1;99;55.997;5.633;0.146667;0.223333;1.0;707.3
facility:2374757;195;35;48;3.25;195;147351.8;B;1;99;59.595;4.585;0.179487;0.246154;1.0;755.65
facility:2375109;30;1;14;3.0;30;26582.04;B;3;03;60.533;3.9;0.033333;0.466667;1.0;886.07
facility:2375206;96;8;47;3.0;96;85362.75;B;1;99;60.281;4.219;0.083333;0.489583;1.0;889.2
facility:2375265;1622;191;179;4.0;1622;2594298.73;K;3;03;53.53;4.687;0.117756;0.110358;1.0;1599.44
facility:2375494;123;13;32;3.0;123;92014.02;B;1;99;68.65;4.252;0.105691;0.260163;1.0;748.08
facility:2375680;784;48;39;2.0;784;514062.34;O;3;01;41.009;3.42;0.061224;0.049745;1.0;655.69
facility:2375826;1960;106;351;2.0;1960;3960594.38;B;3;03;40.389;3.296;0.054082;0.179082;1.0;2020.71
facility:2375850;2777;273;165;2.0;2777;4887965.3;B;3;99;47.87;3.854;0.098308;0.059417;1.0;1760.16
facility:2375958;143;3;8;3.0;143;116531.84;B;3;03;50.643;4.895;0.020979;0.055944;1.0;814.91
facility:2375966;288;5;90;2.75;288;156966.85;J;1;03;49.191;3.337;0.017361;0.3125;1.0;545.02
facility:2375990;300;13;39;3.0;300;128690.83;O;3;03;44.963;3.82;0.043333;0.13;1.0;428.97
facility:2376091;1177;44;91;2.0;1177;562661.3;O;3;03;37.682;3.207;0.037383;0.077315;1.0;478.05
facility:2376334;7465;723;280;3.0;7465;11093811.4;O;3;03;38.084;4.514;0.096852;0.037508;1.0;1486.11
facility:2376458;944;20;84;2.0;944;465324.75;O;3;03;40.661;3.061;0.021186;0.088983;1.0;492.93
facility:2376474;1196;18;123;1.5;1196;599425.69;O;3;03;38.526;2.534;0.01505;0.102843;1.0;501.19
facility:2376547;163;4;20;2.5;163;71809.13;N;1;03;53.656;3.509;0.02454;0.122699;1.0;440.55
facility:2376598;256;4;9;2.0;256;148063.58;O;3;03;41.512;3.02;0.015625;0.035156;1.0;578.37
facility:2376652;213;10;38;3.0;213;120849.37;O;3;03;46.31;3.394;0.046948;0.178404;1.0;567.37
facility:2376776;418;6;35;2.0;418;213443.04;O;3;03;33.249;2.644;0.014354;0.083732;1.0;510.63
facility:2376806;265;10;38;2.25;265;151201.66;O;3;01;42.211;3.102;0.037736;0.143396;1.0;570.57
facility:2376873;378;2;38;2.0;378;178349.25;O;3;01;33.651;3.275;0.005291;0.100529;1.0;471.82
facility:2376946;93;0;0;3.0;93;76041.57;B;1;03;53.495;4.366;0.0;0.0;1.0;817.65
facility:2377187;64;7;18;4.0;64;25782.9;J;1;01;57.578;4.375;0.109375;0.28125;1.0;402.86
facility:2377225;691;43;139;3.0;691;450371.91;J;1;01;53.314;3.679;0.062229;0.201158;1.0;651.77
facility:2377373;788;71;36;31.0;788;1293108.12;G;3;01;70.76;21.648;0.090102;0.045685;1.0;1641.0
facility:2377462;489;18;38;3.0;489;154388.29;N;3;01;50.368;3.667;0.03681;0.07771;1.0;315.72
facility:2377616;1117;39;99;2.0;1117;502697.94;O;3;01;44.369;2.292;0.034915;0.08863;1.0;450.04
facility:2377632;177;11;23;3.0;177;64966.78;J;3;01;56.356;4.22;0.062147;0.129944;1.0;367.04
facility:2377659;165;3;11;3.0;165;70022.15;J;3;01;50.152;3.206;0.018182;0.066667;1.0;424.38
facility:2378108;649;18;35;4.0;649;552722.32;F;1;99;50.475;10.16;0.027735;0.053929;1.0;851.65
facility:2378116;858;98;82;2.0;858;533123.4;B;3;01;58.652;3.494;0.114219;0.095571;1.0;621.36
facility:2378140;544;20;23;8.0;544;517428.47;F;1;01;54.768;14.84;0.036765;0.042279;1.0;951.16
facility:2378167;237;18;20;2.0;237;99890.9;K;1;99;59.329;2.468;0.075949;0.084388;1.0;421.48
facility:2378175;525;14;43;2.0;525;289930.54;J;3;01;50.225;2.37;0.026667;0.081905;1.0;552.25
facility:2378183;986;34;55;3.0;986;1277884.09;B;1;01;52.673;3.527;0.034483;0.055781;1.0;1296.03
facility:2378213;865;23;69;2.0;865;374897.22;O;3;01;43.015;2.228;0.02659;0.079769;1.0;433.41
facility:2378809;474;18;40;1.75;474;324488.73;B;3;01;50.089;2.568;0.037975;0.084388;1.0;684.58
facility:2378876;742;30;61;3.0;742;571102.58;B;3;99;56.675;3.761;0.040431;0.08221;1.0;769.68
facility:2379163;722;50;85;4.25;722;491946.14;F;1;01;50.506;8.216;0.069252;0.117729;1.0;681.37
facility:2379333;5920;519;192;2.0;5920;21415773.78;I;1;01;53.281;4.401;0.087669;0.032432;1.0;3617.53
facility:2379341;2619;13;36;2.0;2619;2812401.3;O;3;01;23.267;3.349;0.004964;0.013746;1.0;1073.85
facility:2379767;2527;166;187;2.0;2527;2081595.75;B;3;01;45.143;3.36;0.065691;0.074001;1.0;823.74
facility:2380188;432;12;44;2.0;432;231472.38;J;3;01;45.426;2.611;0.027778;0.101852;1.0;535.82
facility:2380455;25;0;3;3.0;25;12835.51;B;3;99;56.4;3.76;0.0;0.12;1.0;513.42
facility:2380463;1344;55;32;4.5;1344;11897296.49;I;1;99;51.565;6.805;0.040923;0.02381;1.0;8852.16
facility:2380625;33;2;6;5.0;33;10015.88;A;1;99;62.848;4.758;0.060606;0.181818;1.0;303.51
facility:2380633;75;0;1;4.5;75;54944.18;B;3;03;54.387;4.187;0.0;0.013333;1.0;732.59
facility:2380706;30;0;1;4.0;30;8947.28;A;1;01;67.7;4.167;0.0;0.033333;1.0;298.24
facility:2380846;180;2;43;3.0;180;129618.73;B;3;03;49.739;3.9;0.011111;0.238889;1.0;720.1
facility:2380897;99;1;0;1.0;99;43054.22;A;1;99;54.707;2.535;0.010101;0.0;1.0;434.89
facility:2380986;24;2;1;3.75;24;13996.71;B;3;99;58.917;4.125;0.083333;0.041667;1.0;583.2
facility:2381125;1342;0;0;3.0;1342;1111736.95;K;3;03;38.339;2.738;0.0;0.0;1.0;828.42
facility:2381168;37;1;0;5.5;37;20696.73;B;3;99;60.946;6.649;0.027027;0.0;1.0;559.37
facility:2381206;250;0;0;3.0;250;112900.26;O;3;01;47.364;3.94;0.0;0.0;1.0;451.6
facility:2381303;873;0;2;3.0;873;505883.42;K;3;03;44.743;2.704;0.0;0.002291;1.0;579.48
facility:2381664;29;0;6;2.0;29;11436.46;J;1;01;58.31;2.621;0.0;0.206897;1.0;394.36
facility:2381834;81;0;8;1.0;81;20189.99;R;3;01;56.654;2.432;0.0;0.098765;1.0;249.26
facility:2381885;373;7;29;2.0;373;196458.23;O;3;04;44.322;2.912;0.018767;0.077748;1.0;526.7
facility:2381966;96;3;2;2.0;96;58991.64;B;3;03;46.625;3.24;0.03125;0.020833;1.0;614.5
facility:2381974;178;6;24;2.0;178;86359.74;N;1;03;54.399;2.427;0.033708;0.134831;1.0;485.17
facility:2382032;110;9;7;2.0;110;62472.28;B;3;03;51.182;2.427;0.081818;0.063636;1.0;567.93
facility:2382237;157;7;17;1.0;157;64979.53;A;3;03;47.433;1.93;0.044586;0.10828;1.0;413.88
facility:2382369;91;5;15;3.0;91;69337.94;B;3;01;57.505;4.033;0.054945;0.164835;1.0;761.96
facility:2382377;242;3;5;3.0;242;122355.13;A;3;03;40.095;3.331;0.012397;0.020661;1.0;505.6
facility:2382415;348;4;23;2.0;348;123339.17;Z;3;01;50.118;1.825;0.011494;0.066092;1.0;354.42
facility:2382431;1480;49;631;1.0;1480;773249.06;O;3;99;44.897;1.628;0.033108;0.426351;1.0;522.47
facility:2382466;1725;55;186;2.5;1725;1305613.4;B;3;99;45.992;3.737;0.031884;0.107826;1.0;756.88
facility:2382474;1879;269;294;3.0;1879;5461635.25;B;3;99;52.255;4.894;0.143161;0.156466;1.0;2906.67
facility:2382482;476;29;180;2.0;476;330145.23;B;1;03;53.592;3.088;0.060924;0.378151;1.0;693.58
facility:2382490;793;31;143;2.25;793;699594.2;B;1;99;55.734;3.073;0.039092;0.180328;1.0;882.21
facility:2382644;131;1;3;1.0;131;72314.38;O;3;03;36.595;1.618;0.007634;0.022901;1.0;552.02
facility:2382687;456;26;48;2.0;456;322530.36;B;3;99;49.816;3.471;0.057018;0.105263;1.0;707.3
facility:2382709;100;2;20;2.0;100;50849.2;B;1;99;44.97;2.41;0.02;0.2;1.0;508.49
facility:2382792;2211;99;518;2.0;2211;1184512.94;O;3;03;39.371;2.448;0.044776;0.234283;1.0;535.74
facility:2382911;313;3;9;2.0;313;125610.96;N;3;99;52.256;3.256;0.009585;0.028754;1.0;401.31
facility:2382938;232;2;6;2.5;232;104229.23;N;3;03;44.284;3.461;0.008621;0.025862;1.0;449.26
facility:2383012;1769;62;252;1.0;1769;848926.3;O;3;99;47.609;1.959;0.035048;0.142453;1.0;479.89
facility:2383098;140;3;41;1.0;140;33781.63;R;1;01;56.743;1.193;0.021429;0.292857;1.0;241.3
facility:2383209;1749;56;181;3.0;1749;1443567.79;B;3;03;46.755;3.768;0.032018;0.103488;1.0;825.37
facility:2383233;294;2;0;2.0;294;176195.51;O;3;03;40.282;2.748;0.006803;0.0;1.0;599.3
facility:2383322;74;3;9;3.5;74;55288.51;B;1;99;47.23;4.392;0.040541;0.121622;1.0;747.14
facility:2383381;114;5;40;2.0;114;68315.88;B;1;99;52.553;3.272;0.04386;0.350877;1.0;599.26
facility:2383489;598;12;113;1.25;598;257975.2;O;3;99;47.931;2.378;0.020067;0.188963;1.0;431.4
facility:2383578;790;38;138;2.0;790;487966.29;B;3;99;50.515;2.299;0.048101;0.174684;1.0;617.68
facility:2383586;324;3;28;2.5;324;134612.19;A;3;03;45.21;1.139;0.009259;0.08642;1.0;415.47
facility:2383691;245;9;52;2.0;245;156838.11;B;3;03;45.788;2.18;0.036735;0.212245;1.0;640.16
facility:2383896;1308;12;164;2.0;1308;727282.86;O;3;03;37.5;2.987;0.009174;0.125382;1.0;556.03
facility:2383942;942;33;230;2.0;942;782249.82;B;3;99;50.3;3.375;0.035032;0.244161;1.0;830.41
facility:2383985;125;4;17;2.0;125;82205.07;B;3;03;39.496;2.088;0.032;0.136;1.0;657.64
facility:2384035;73;2;7;3.75;73;59605.58;B;3;04;47.082;5.822;0.027397;0.09589;1.0;816.51
facility:2384086;157;0;0;2.0;157;108073.47;B;1;03;53.93;2.752;0.0;0.0;1.0;688.37
facility:2384256;88;0;2;2.0;88;25469.06;N;3;03;39.83;2.705;0.0;0.022727;1.0;289.42
facility:2384272;248;0;0;3.0;248;116954.96;J;1;99;4.758;2.915;0.0;0.0;1.0;471.59
facility:2384299;20818;1378;63;3.0;20818;74459100.43;O;3;01;39.686;6.405;0.066193;0.003026;1.0;3576.67
facility:2385171;7967;1346;252;4.0;7967;21593069.76;S;1;03;54.667;6.59;0.168947;0.03163;1.0;2710.31
facility:2385880;3277;299;147;2.0;3277;4756813.24;O;3;01;50.267;3.526;0.091242;0.044858;1.0;1451.58
facility:2386038;412;13;30;2.0;412;185023.78;B;3;01;51.34;2.121;0.031553;0.072816;1.0;449.09
facility:2386305;257;7;20;2.5;257;107105.05;J;3;03;54.883;3.397;0.027237;0.077821;1.0;416.75
facility:2386569;4503;301;260;2.0;4503;5042184.13;O;3;99;44.633;3.909;0.066844;0.057739;1.0;1119.74
facility:2386674;518;0;0;3.0;518;291394.2;J;3;03;41.616;3.0;0.0;0.0;1.0;562.54
facility:2386739;107;0;0;3.0;107;57935.95;O;3;03;48.327;3.028;0.0;0.0;1.0;541.46
facility:2386836;9;0;5;1.0;9;19723.36;B;3;03;47.111;1.444;0.0;0.555556;1.0;2191.48
facility:2386879;562;48;107;2.0;562;282864.52;I;3;03;47.173;3.13;0.085409;0.190391;1.0;503.32
facility:2387042;937;38;120;2.0;937;398160.68;O;3;03;43.703;2.955;0.040555;0.128068;1.0;424.93
facility:2387131;609;10;30;2.0;609;352486.35;O;3;03;39.087;3.067;0.01642;0.049261;1.0;578.8
facility:2387263;628;39;56;3.0;628;350646.89;O;3;03;42.111;4.186;0.062102;0.089172;1.0;558.35
facility:2387581;1947;134;517;2.0;1947;1012653.49;O;3;03;42.01;3.908;0.068824;0.265537;1.0;520.11
facility:2387700;271;0;0;3.0;271;106456.9;O;3;03;45.908;3.993;0.0;0.0;1.0;392.83
facility:2387727;1366;36;103;2.0;1366;605995.76;O;3;03;36.951;2.903;0.026354;0.075403;1.0;443.63
facility:2388057;5190;190;185;2.0;5190;4399998.66;O;3;03;34.09;4.637;0.036609;0.035645;1.0;847.78
facility:2388685;4037;89;436;1.5;4037;1723546.58;S;1;03;41.909;1.973;0.022046;0.108001;1.0;426.94
facility:2388928;709;44;43;2.0;709;304371.14;O;3;03;38.365;3.173;0.062059;0.060649;1.0;429.3
facility:2389398;544;20;22;1.0;544;289100.07;N;3;03;42.235;2.489;0.036765;0.040441;1.0;531.43
facility:2389584;1422;0;0;3.0;1422;953515.27;J;3;03;42.44;3.023;0.0;0.0;1.0;670.55
facility:2389592;437;41;154;2.0;437;279491.08;B;3;03;48.757;3.59;0.093822;0.352403;1.0;639.57
facility:2390043;3113;25;95;2.0;3113;1349906.8;O;3;03;34.011;1.818;0.008031;0.030517;1.0;433.64
facility:2390078;376;31;108;3.0;376;190133.12;I;3;03;48.324;4.351;0.082447;0.287234;1.0;505.67
facility:2391163;211;1;31;4.0;211;77399.34;J;3;03;39.758;3.431;0.004739;0.146919;1.0;366.82
facility:2391449;1578;56;42;1.0;1578;724089.71;Z;3;03;50.042;2.203;0.035488;0.026616;1.0;458.87
facility:2391635;8403;616;400;3.0;8403;12519276.45;O;3;03;37.213;5.771;0.073307;0.047602;1.0;1489.86
facility:2391724;595;50;55;2.0;595;375630.45;O;3;03;39.718;2.914;0.084034;0.092437;1.0;631.31
facility:2391996;377;37;89;3.0;377;240490.55;B;1;01;55.101;5.058;0.098143;0.236074;1.0;637.91
facility:2392046;1472;93;134;2.0;1472;951803.11;O;3;03;42.411;3.315;0.063179;0.091033;1.0;646.61
facility:2392380;326;0;0;2.0;326;109158.23;J;3;99;36.095;2.163;0.0;0.0;1.0;334.84
facility:2392410;2314;202;208;2.0;2314;2879271.87;O;3;99;41.693;4.494;0.087295;0.089888;1.0;1244.28
facility:2392704;2110;85;119;2.0;2110;1262866.07;O;3;99;39.612;3.581;0.040284;0.056398;1.0;598.51
facility:2392720;98;5;25;3.0;98;44036.17;N;3;01;43.878;4.112;0.05102;0.255102;1.0;449.35
facility:2392801;507;14;32;1.0;507;275971.04;O;3;03;36.783;2.229;0.027613;0.063116;1.0;544.32
facility:2392895;589;12;139;4.0;589;347246.63;O;3;03;38.988;4.034;0.020374;0.235993;1.0;589.55
facility:2392968;380;14;53;2.0;380;255458.71;O;3;01;43.466;3.3;0.036842;0.139474;1.0;672.26
facility:2394189;112;2;16;3.75;112;45384.58;O;3;03;48.411;3.723;0.017857;0.142857;1.0;405.22
facility:2394324;263;4;57;2.25;263;196752.12;B;3;04;39.848;3.118;0.015209;0.21673;1.0;748.11
facility:2394723;179;14;15;3.0;179;72298.82;E;3;03;54.369;3.011;0.078212;0.083799;1.0;403.9
facility:2394782;103;2;19;1.0;103;76625.23;B;3;03;56.398;1.951;0.019417;0.184466;1.0;743.93
facility:2395037;4177;183;101;3.0;4177;3693181.86;O;3;03;38.738;4.023;0.043811;0.02418;1.0;884.17
facility:2395274;1314;28;104;4.0;1314;786404.01;J;3;03;36.115;3.77;0.021309;0.079148;1.0;598.48
facility:2395398;145;4;24;3.0;145;112919.39;B;3;03;52.221;3.352;0.027586;0.165517;1.0;778.75
facility:2395428;1529;55;159;3.0;1529;1062774.76;O;3;99;44.22;3.428;0.035971;0.10399;1.0;695.08
facility:2395452;32;0;9;3.0;32;23495.39;B;3;03;45.938;4.406;0.0;0.28125;1.0;734.23
facility:2395479;578;6;107;2.0;578;303784.26;O;3;05;28.55;2.457;0.010381;0.185121;1.0;525.58
facility:2395509;445;6;28;3.0;445;241087.25;O;3;03;42.699;2.924;0.013483;0.062921;1.0;541.77
facility:2395584;180;5;21;2.0;180;113401.23;B;3;03;46.022;3.233;0.027778;0.116667;1.0;630.01
facility:2395592;101;1;14;1.0;101;28550.0;K;1;03;50.842;2.267;0.009901;0.138614;1.0;282.67
facility:2395886;3910;321;177;1.5;3910;6895976.71;O;3;01;40.334;3.884;0.082097;0.045269;1.0;1763.68
facility:2395916;328;9;63;2.0;328;168696.86;Z;3;03;40.601;2.963;0.027439;0.192073;1.0;514.32
facility:2396092;418;12;113;2.5;418;223804.87;A;1;03;46.577;3.067;0.028708;0.270335;1.0;535.42
facility:2396106;2038;118;137;2.0;2038;4755691.38;O;3;01;37.268;3.781;0.0579;0.067223;1.0;2333.51
facility:2396343;360;7;5;2.0;360;153224.62;J;3;03;41.781;2.072;0.019444;0.013889;1.0;425.62
facility:2396866;11868;541;34;2.0;11868;32967568.24;O;3;03;37.743;4.065;0.045585;0.002865;1.0;2777.85
facility:2396998;563;17;64;2.0;563;238648.98;O;3;03;45.456;2.631;0.030195;0.113677;1.0;423.89
facility:2397056;149;0;5;2.0;149;92723.45;O;3;99;29.362;2.497;0.0;0.033557;1.0;622.31
facility:2397463;2468;219;93;2.0;2468;10131528.16;O;3;03;36.397;3.766;0.088736;0.037682;1.0;4105.16
facility:2397501;70;3;27;2.0;70;26873.5;I;1;03;54.157;3.157;0.042857;0.385714;1.0;383.91
facility:2397609;346;23;54;2.0;346;193272.19;A;1;03;53.408;3.012;0.066474;0.156069;1.0;558.59
facility:2397676;2778;126;101;2.0;2778;3197544.41;O;3;01;36.461;2.992;0.045356;0.036357;1.0;1151.02
facility:2397684;1037;32;138;2.0;1037;754593.64;B;3;03;48.567;2.643;0.030858;0.133076;1.0;727.67
facility:2398125;1283;30;38;2.0;1283;649577.31;O;3;99;37.227;2.465;0.023383;0.029618;1.0;506.3
facility:2398400;136;0;5;3.0;136;73561.05;J;3;01;34.176;3.61;0.0;0.036765;1.0;540.89
facility:2398443;707;33;80;1.0;707;329646.43;N;1;99;45.731;1.953;0.046676;0.113154;1.0;466.26
facility:2398680;1012;26;72;2.0;1012;486478.25;O;3;03;34.231;3.053;0.025692;0.071146;1.0;480.71
facility:2399237;2077;80;95;4.0;2077;1551212.39;J;3;03;58.203;4.287;0.038517;0.045739;1.0;746.85
facility:2399318;2312;40;85;4.0;2312;2350300.02;K;1;03;7.508;5.814;0.017301;0.036765;1.0;1016.57
facility:2399555;1866;580;54;6.5;1866;14331786.77;B;3;99;56.181;9.919;0.310825;0.028939;1.0;7680.49
facility:2399628;6487;304;410;5.0;6487;5435648.12;S;1;03;42.273;7.965;0.046863;0.063203;1.0;837.93
facility:2399636;2251;20;72;5.0;2251;3161139.93;B;1;99;5.652;5.187;0.008885;0.031986;1.0;1404.33
facility:2399644;9479;103;70;3.0;9479;9690443.42;O;3;03;24.628;4.682;0.010866;0.007385;1.0;1022.31
facility:2399717;2363;228;61;7.0;2363;6858281.81;B;1;99;44.965;10.445;0.096488;0.025815;1.0;2902.36
facility:2399741;4480;541;67;3.5;4480;15446179.08;C;3;03;49.451;5.858;0.120759;0.014955;1.0;3447.81
facility:2399776;4774;411;424;3.0;4774;13800895.93;C;1;03;60.073;5.463;0.086091;0.088814;1.0;2890.85
facility:2400243;8056;235;76;3.0;8056;10703607.63;O;3;03;31.073;6.235;0.029171;0.009434;1.0;1328.65
facility:2400324;9044;662;375;3.0;9044;9092679.05;O;3;03;41.507;6.481;0.073198;0.041464;1.0;1005.38
facility:2400693;8899;994;346;4.0;8899;16751412.92;S;1;03;47.071;7.857;0.111698;0.038881;1.0;1882.39
facility:2400901;646;14;43;3.0;646;433174.11;O;3;03;42.141;2.87;0.021672;0.066563;1.0;670.55
facility:2401231;3560;117;481;2.0;3560;1595610.01;O;3;03;40.054;3.257;0.032865;0.135112;1.0;448.21
facility:2401665;557;16;19;1.0;557;302692.96;O;3;03;42.438;2.153;0.028725;0.034111;1.0;543.43
facility:2402076;11271;1742;177;5.0;11271;32118059.77;S;1;03;51.421;8.191;0.154556;0.015704;1.0;2849.62
facility:2402084;690;90;28;5.0;690;5839484.92;B;1;99;52.858;6.857;0.130435;0.04058;1.0;8463.02
facility:2402394;258;0;10;3.0;258;163129.23;O;3;03;42.442;3.911;0.0;0.03876;1.0;632.28
facility:2402556;3375;14;40;2.0;3375;2199464.57;O;3;03;34.291;1.936;0.004148;0.011852;1.0;651.69
facility:2402564;10233;73;197;2.0;10233;10295522.71;O;3;03;22.014;3.986;0.007134;0.019251;1.0;1006.11
facility:2402874;1444;53;248;2.0;1444;741797.02;O;3;01;46.56;3.308;0.036704;0.171745;1.0;513.71
facility:2402882;2084;57;422;2.0;2084;1119363.97;O;3;99;50.031;3.697;0.027351;0.202495;1.0;537.12
facility:2403331;2078;147;64;2.0;2078;2521179.49;O;3;03;39.51;4.181;0.070741;0.030799;1.0;1213.27
facility:2407205;1335;95;4;2.0;1335;3347896.11;C;3;03;59.256;3.074;0.071161;0.002996;1.0;2507.79
facility:2407566;1763;8;64;3.0;1763;1288662.19;O;3;03;39.997;2.698;0.004538;0.036302;1.0;730.95
facility:2407574;2182;1;95;1.0;2182;1498068.36;K;3;01;43.107;1.723;0.000458;0.043538;1.0;686.56
facility:2407582;12;0;1;2.25;12;4614.34;A;1;01;62.333;3.0;0.0;0.083333;1.0;384.53
facility:2407590;247;0;0;2.0;247;131559.48;A;1;99;53.522;2.356;0.0;0.0;1.0;532.63
facility:2407647;278;4;12;1.5;278;129180.44;D;3;01;50.212;2.288;0.014388;0.043165;1.0;464.68
facility:2407833;84;6;4;5.0;84;41552.95;J;3;99;64.476;6.357;0.071429;0.047619;1.0;494.68
facility:2407841;80;6;13;4.5;80;45861.07;J;3;03;60.075;4.5;0.075;0.1625;1.0;573.26
facility:2407868;1177;0;0;2.0;1177;924184.1;O;3;99;33.595;2.034;0.0;0.0;1.0;785.2
facility:2407930;147;9;51;3.5;147;145952.8;B;3;03;58.905;3.918;0.061224;0.346939;1.0;992.88
facility:2407973;69;0;6;4.5;69;26021.93;N;3;99;57.261;4.464;0.0;0.086957;1.0;377.13
facility:2408023;70;11;22;3.0;70;42923.34;B;1;99;61.257;3.486;0.157143;0.314286;1.0;613.19
facility:2408082;2;0;0;0.5;2;647.9;N;1;01;44.0;0.5;0.0;0.0;1.0;323.95
facility:2408139;153;6;28;4.0;153;121717.52;B;3;03;58.719;4.281;0.039216;0.183007;1.0;795.54
facility:2408252;4752;44;8;1.0;4752;15167195.23;S;1;03;48.384;3.272;0.009259;0.001684;1.0;3191.75
facility:2408260;2228;519;95;13.0;2228;14992960.89;F;1;99;50.084;16.132;0.232944;0.042639;1.0;6729.34
facility:2408325;16;0;0;0.0;16;33120.0;H;3;03;48.438;0.0;0.0;0.0;1.0;2070.0
facility:2408562;332;0;0;0.0;332;1050141.2;H;1;03;57.145;1.096;0.0;0.0;1.0;3163.08
facility:2408570;9700;306;241;3.0;9700;11986218.31;O;3;99;32.143;6.427;0.031546;0.024845;1.0;1235.69
facility:2409151;6166;81;97;1.0;6166;8049344.04;J;1;03;6.295;3.66;0.013137;0.015731;1.0;1305.44
facility:2409208;8579;62;119;3.0;8579;10844159.53;O;3;03;26.07;5.47;0.007227;0.013871;1.0;1264.04
facility:2409275;4102;545;242;2.0;4102;6486093.34;O;3;99;47.084;4.862;0.132862;0.058996;1.0;1581.2
facility:2409283;230;43;68;3.0;230;172173.84;B;1;03;57.287;4.848;0.186957;0.295652;1.0;748.58
facility:2409380;46;0;1;6.0;46;15324.4;A;1;01;58.391;5.717;0.0;0.021739;1.0;333.14
facility:2409399;48;0;0;1.0;48;17710.8;D;3;01;50.292;1.333;0.0;0.0;1.0;368.98
facility:2409550;161;0;0;3.0;161;71414.94;A;3;03;52.13;3.261;0.0;0.0;1.0;443.57
facility:2409658;111;0;0;2.0;111;69133.97;O;3;01;27.946;2.063;0.0;0.0;1.0;622.83
facility:2409895;186;9;43;3.0;186;159157.73;B;1;99;57.774;3.892;0.048387;0.231183;1.0;855.69
facility:2409992;80;2;26;4.25;80;50572.67;J;1;03;62.712;5.012;0.025;0.325;1.0;632.16
facility:2410052;62;1;16;3.25;62;47504.08;J;3;03;66.774;4.726;0.016129;0.258065;1.0;766.19
facility:2410141;421;8;36;2.0;421;289560.1;B;3;03;49.589;3.708;0.019002;0.085511;1.0;687.79
facility:2410192;84;2;23;4.0;84;70286.89;B;1;01;60.702;4.595;0.02381;0.27381;1.0;836.75
facility:2410206;38;2;17;4.0;38;37267.22;B;1;03;55.079;3.474;0.052632;0.447368;1.0;980.72
facility:2410214;24;2;1;3.5;24;16957.62;B;1;03;57.542;6.667;0.083333;0.041667;1.0;706.57
facility:2410222;49;0;1;3.0;49;39166.25;B;1;03;56.469;4.347;0.0;0.020408;1.0;799.31
facility:2410281;10713;548;234;2.0;10713;25318825.99;O;3;99;28.903;4.119;0.051153;0.021843;1.0;2363.37
facility:2410338;391;17;95;2.5;391;309701.89;B;3;03;55.604;3.156;0.043478;0.242967;1.0;792.08
facility:2410362;35;2;3;4.0;35;16203.22;J;1;03;67.914;6.057;0.057143;0.085714;1.0;462.95
facility:2410389;11;2;0;8.0;11;5150.77;J;3;03;61.455;10.0;0.181818;0.0;1.0;468.25
facility:2410443;1129;125;30;3.25;1129;1840589.65;B;3;99;49.748;4.626;0.110717;0.026572;1.0;1630.28
facility:2410486;659;77;71;4.5;659;3639680.77;B;3;03;52.558;6.176;0.116844;0.107739;1.0;5523.04
facility:2410834;1679;32;53;1.5;1679;1128841.85;M;3;01;44.984;1.918;0.019059;0.031566;1.0;672.33
facility:2411164;1851;27;162;3.0;1851;1563878.68;K;3;01;41.982;6.883;0.014587;0.08752;1.0;844.88
facility:2411245;260;6;14;2.0;260;123443.94;J;3;01;49.365;2.788;0.023077;0.053846;1.0;474.78
facility:2411415;1806;110;143;2.0;1806;1513057.01;B;3;01;47.627;3.385;0.060908;0.079181;1.0;837.79
facility:2412241;624;0;1;1.0;624;306850.22;N;1;99;37.433;1.133;0.0;0.001603;1.0;491.75
facility:2412276;521;23;100;2.0;521;227320.58;O;3;04;43.084;2.737;0.044146;0.191939;1.0;436.32
facility:2412381;1080;43;101;1.0;1080;430434.53;O;3;03;39.853;2.468;0.039815;0.093519;1.0;398.55
facility:2412551;957;28;8;1.75;957;359723.53;O;3;03;44.131;2.049;0.029258;0.008359;1.0;375.89
facility:2412713;1062;38;198;2.0;1062;366980.62;O;3;03;43.22;2.256;0.035782;0.186441;1.0;345.56
facility:2412845;194;16;35;2.0;194;84675.41;O;3;03;52.871;3.253;0.082474;0.180412;1.0;436.47
facility:2413043;936;0;0;3.0;936;515511.62;A;3;03;29.904;3.248;0.0;0.0;1.0;550.76
facility:2413051;196;4;10;3.0;196;96131.12;A;3;03;43.281;3.423;0.020408;0.05102;1.0;490.46
facility:2413299;412;0;0;4.0;412;141107.69;J;3;03;29.869;3.536;0.0;0.0;1.0;342.49
facility:2413450;1487;0;153;3.0;1487;906890.37;A;3;03;42.457;3.079;0.0;0.102892;1.0;609.88
facility:2413469;1172;22;16;2.0;1172;474839.66;O;3;03;37.819;2.34;0.018771;0.013652;1.0;405.15
facility:2413507;168;10;27;1.0;168;67257.82;O;3;03;37.167;1.958;0.059524;0.160714;1.0;400.34
facility:2413663;635;1;4;2.0;635;232430.52;A;3;03;40.532;2.833;0.001575;0.006299;1.0;366.03
facility:2413671;502;45;161;2.0;502;178642.51;O;3;03;49.691;2.594;0.089641;0.320717;1.0;355.86
facility:2413922;720;33;45;3.0;720;466354.44;J;3;03;45.399;3.806;0.045833;0.0625;1.0;647.71
facility:2414058;299;8;14;2.0;299;131140.61;O;3;03;34.518;3.846;0.026756;0.046823;1.0;438.6
facility:2414074;155;0;0;2.0;155;72663.25;O;3;03;41.748;2.413;0.0;0.0;1.0;468.8
facility:2414244;1197;80;304;2.0;1197;631634.68;O;3;99;46.988;3.576;0.066834;0.253968;1.0;527.68
facility:2414465;1351;67;257;2.0;1351;493280.7;O;3;03;41.241;2.821;0.049593;0.190229;1.0;365.12
facility:2414651;189;9;28;2.0;189;61785.56;O;3;03;46.132;2.778;0.047619;0.148148;1.0;326.91
facility:2414848;280;6;41;3.75;280;202079.59;B;3;03;54.232;4.629;0.021429;0.146429;1.0;721.71
facility:2414864;398;0;0;3.0;398;304279.66;B;3;03;50.98;3.701;0.0;0.0;1.0;764.52
facility:2414872;446;22;47;2.0;446;154483.61;O;3;03;49.011;3.157;0.049327;0.105381;1.0;346.38
facility:2414996;76;0;7;3.5;76;67890.38;B;1;03;59.855;4.395;0.0;0.092105;1.0;893.29
facility:2415623;686;33;92;2.0;686;481699.88;O;3;99;49.636;3.475;0.048105;0.134111;1.0;702.19
facility:2415631;7;0;0;0.0;7;21130.41;Z;1;03;55.429;0.0;0.0;0.0;1.0;3018.63
facility:2415658;614;14;3;3.0;614;362727.08;B;3;03;50.58;3.511;0.022801;0.004886;1.0;590.76
facility:2417189;3644;257;201;2.0;3644;2963192.66;O;3;03;45.18;3.687;0.070527;0.055159;1.0;813.17
facility:2417456;650;34;6;3.0;650;355681.42;J;3;03;46.218;3.778;0.052308;0.009231;1.0;547.2
facility:2418177;709;99;73;3.0;709;716961.38;B;1;01;56.76;5.275;0.139633;0.102962;1.0;1011.23
facility:2418630;310;9;5;2.0;310;116682.14;J;3;99;53.5;2.755;0.029032;0.016129;1.0;376.39
facility:2418657;5633;114;767;3.0;5633;2976486.74;O;3;99;29.61;3.763;0.020238;0.136162;1.0;528.4
facility:2418665;4702;52;133;2.0;4702;2324733.93;O;3;03;25.672;2.783;0.011059;0.028286;1.0;494.41
facility:2418673;1508;11;163;2.0;1508;890028.44;O;3;03;35.903;2.3;0.007294;0.10809;1.0;590.2
facility:2418967;977;77;132;2.0;977;1319356.29;J;3;01;46.378;3.216;0.078813;0.135107;1.0;1350.42
facility:2419246;349;24;27;5.5;349;228552.85;F;1;01;54.16;9.275;0.068768;0.077364;1.0;654.88
facility:2419378;1752;84;73;4.0;1752;1618174.33;J;3;01;52.793;6.676;0.047945;0.041667;1.0;923.62
facility:2419653;1329;78;47;4.0;1329;961238.14;F;1;01;49.201;6.312;0.058691;0.035365;1.0;723.28
facility:2420015;3713;367;209;2.0;3713;7892305.6;O;3;01;46.396;4.187;0.098842;0.056289;1.0;2125.59
facility:2421488;1488;1;3;2.0;1488;435797.35;B;3;99;43.418;2.042;0.000672;0.002016;1.0;292.87
facility:2421518;1587;172;19;2.0;1587;6263130.07;B;3;99;48.02;3.166;0.108381;0.011972;1.0;3946.52
facility:2421542;1517;96;226;2.0;1517;843949.38;O;3;99;39.237;3.528;0.063283;0.148978;1.0;556.33
facility:2423529;4218;248;24;2.0;4218;7247629.45;O;3;99;30.691;2.6;0.058796;0.00569;1.0;1718.26
facility:2423928;1798;29;13;2.0;1798;924840.32;J;3;03;39.229;2.33;0.016129;0.00723;1.0;514.37
facility:2423936;1146;66;154;2.0;1146;611091.64;O;3;03;43.716;3.291;0.057592;0.13438;1.0;533.24
facility:2425300;2292;213;80;3.5;2292;15718859.16;I;1;03;65.481;5.363;0.092932;0.034904;1.0;6858.14
facility:2425343;459;16;92;3.0;459;316490.1;B;1;99;52.183;3.643;0.034858;0.200436;1.0;689.52
facility:2425432;1145;32;82;2.0;1145;597891.7;O;3;03;41.397;2.903;0.027948;0.071616;1.0;522.18
facility:2425599;495;33;119;5.0;495;421019.29;B;1;99;57.17;5.56;0.066667;0.240404;1.0;850.54
facility:2426072;452;0;37;4.75;452;232863.63;J;1;03;5.372;4.728;0.0;0.081858;1.0;515.19
facility:2426218;18;0;0;2.5;18;7936.63;J;3;03;45.0;2.833;0.0;0.0;1.0;440.92
facility:2426455;103;6;27;3.75;103;110957.33;B;3;03;62.883;4.35;0.058252;0.262136;1.0;1077.26
facility:2426579;1645;6;165;5.0;1645;1247577.46;F;1;03;44.424;6.658;0.003647;0.100304;1.0;758.41
facility:2426730;101;1;1;3.25;101;45787.35;J;3;99;59.267;3.673;0.009901;0.009901;1.0;453.34
facility:2426749;335;24;61;3.0;335;226698.54;B;1;03;53.463;3.887;0.071642;0.18209;1.0;676.71
facility:2427125;1033;66;243;2.0;1033;831957.41;O;3;03;44.18;3.364;0.063892;0.235237;1.0;805.38
facility:2427133;212;0;0;2.5;212;151684.29;B;3;03;53.972;3.038;0.0;0.0;1.0;715.49
facility:2427176;1032;70;146;2.0;1032;688583.36;O;3;03;43.132;3.972;0.067829;0.141473;1.0;667.23
facility:2427184;167;0;1;1.75;167;102301.03;O;3;99;43.982;3.293;0.0;0.005988;1.0;612.58
facility:2427249;1414;0;0;2.0;1414;716915.5;O;3;99;24.557;1.958;0.0;0.0;1.0;507.01
facility:2427419;8976;879;787;4.0;8976;14685217.77;S;1;03;49.232;6.812;0.097928;0.087678;1.0;1636.05
facility:2427427;19332;501;499;3.0;19332;27205072.57;O;3;03;28.569;6.048;0.025916;0.025812;1.0;1407.26
facility:2428385;6339;304;222;2.0;6339;10137494.12;O;3;03;33.692;3.355;0.047957;0.035021;1.0;1599.23
facility:2428393;7506;561;370;3.0;7506;11907622.59;O;3;03;34.751;4.942;0.07474;0.049294;1.0;1586.41
facility:2428784;652;39;225;2.0;652;366899.71;J;3;99;51.577;3.942;0.059816;0.345092;1.0;562.73
facility:2428881;399;7;28;2.0;399;253326.78;K;1;03;47.662;2.714;0.017544;0.070175;1.0;634.9
facility:2428989;1575;83;146;8.0;1575;1309589.09;N;1;03;60.004;10.191;0.052698;0.092698;1.0;831.49
facility:2429004;960;6;47;2.5;960;1011468.51;B;1;99;46.774;8.29;0.00625;0.048958;1.0;1053.61
facility:2429438;1511;4;30;2.0;1511;538839.56;K;3;99;49.733;2.13;0.002647;0.019854;1.0;356.61
facility:2429586;73;2;38;1.0;73;24160.68;B;1;03;41.575;2.027;0.027397;0.520548;1.0;330.97
facility:2430118;239;138;8;10.0;239;3432707.83;B;1;99;58.858;10.695;0.577406;0.033473;1.0;14362.79
facility:2430622;2;0;0;2.5;2;1398.51;C;1;03;36.5;2.5;0.0;0.0;1.0;699.26
facility:2430711;14132;214;194;3.0;14132;11609781.74;O;3;03;19.985;4.686;0.015143;0.013728;1.0;821.52
facility:2431106;400;6;20;4.5;400;291101.62;B;3;03;53.428;5.412;0.015;0.05;1.0;727.75
facility:2431823;169;0;61;1.0;169;118824.61;B;3;99;47.669;2.598;0.0;0.360947;1.0;703.1
facility:2432048;1230;0;0;2.0;1230;751682.93;O;3;99;30.824;2.728;0.0;0.0;1.0;611.12
facility:2432307;705;19;57;4.75;705;593993.32;A;3;99;61.067;5.553;0.02695;0.080851;1.0;842.54
facility:2432471;181;7;36;3.0;181;100755.37;J;1;01;50.376;3.829;0.038674;0.198895;1.0;556.66
facility:2432706;85;4;38;2.0;85;96958.42;B;3;99;52.141;2.271;0.047059;0.447059;1.0;1140.69
facility:2433044;997;1;34;10.0;997;856985.08;F;1;99;49.776;16.208;0.001003;0.034102;1.0;859.56
facility:2433788;333;15;58;4.0;333;212590.44;B;3;01;53.117;4.928;0.045045;0.174174;1.0;638.41
facility:2435454;80;2;22;2.0;80;28652.29;N;3;99;47.988;2.2;0.025;0.275;1.0;358.15
facility:2435802;927;79;186;3.5;927;2488508.63;B;3;99;57.367;5.208;0.085221;0.200647;1.0;2684.48
facility:2436205;77;3;8;3.0;77;33146.41;N;3;01;52.442;3.61;0.038961;0.103896;1.0;430.47
facility:2436310;1029;41;246;2.0;1029;777419.97;B;3;03;50.305;3.89;0.039845;0.239067;1.0;755.51
facility:2436450;10897;1210;197;6.0;10897;39899052.32;I;1;01;56.801;8.102;0.11104;0.018078;1.0;3661.47
facility:2436469;14894;1535;172;3.5;14894;58077540.28;S;1;01;52.876;6.728;0.103062;0.011548;1.0;3899.39
facility:2436477;9578;23;189;2.0;9578;9408599.87;O;3;01;25.211;3.445;0.002401;0.019733;1.0;982.31
facility:2436906;520;17;118;1.0;520;279944.56;R;1;01;53.242;1.927;0.032692;0.226923;1.0;538.35
facility:2436914;77;4;18;2.0;77;58047.96;B;1;99;58.039;4.195;0.051948;0.233766;1.0;753.87
facility:2436930;387;2;48;2.0;387;216224.83;B;3;01;46.77;2.568;0.005168;0.124031;1.0;558.72
facility:2437023;462;0;0;3.0;462;206128.61;J;3;03;43.374;2.697;0.0;0.0;1.0;446.17
facility:2437120;376;3;24;4.0;376;273647.9;B;3;03;53.875;5.324;0.007979;0.06383;1.0;727.79
facility:2437139;2176;24;138;2.0;2176;1020060.44;O;3;03;33.705;3.018;0.011029;0.063419;1.0;468.78
facility:2437171;364;4;2;3.0;364;174989.38;O;3;03;45.618;4.277;0.010989;0.005495;1.0;480.74
facility:2437198;18;0;1;2.5;18;7749.62;J;1;01;57.333;4.444;0.0;0.055556;1.0;430.53
facility:2437244;211;6;93;1.0;211;104740.09;R;3;03;43.9;1.891;0.028436;0.440758;1.0;496.4
facility:2437538;145;0;1;2.75;145;56101.55;O;3;03;49.172;2.903;0.0;0.006897;1.0;386.91
facility:2437570;293;0;126;2.0;293;143397.95;Z;3;03;52.348;2.604;0.0;0.430034;1.0;489.41
facility:2437597;69;4;22;2.0;69;73102.04;B;1;99;51.594;3.797;0.057971;0.318841;1.0;1059.45
facility:2437627;487;55;80;3.0;487;322802.08;B;3;99;54.731;4.643;0.112936;0.164271;1.0;662.84
facility:2437651;2743;151;494;2.0;2743;1981304.55;O;3;99;40.494;2.953;0.055049;0.180095;1.0;722.31
facility:2437775;96;0;0;1.0;96;39390.58;O;3;99;42.688;3.229;0.0;0.0;1.0;410.32
facility:2437783;1564;48;286;2.0;1564;822756.06;K;3;99;45.364;3.156;0.030691;0.182864;1.0;526.06
facility:2437988;308;11;83;2.0;308;82197.0;R;3;99;44.955;2.484;0.035714;0.269481;1.0;266.87
facility:2437996;33;1;10;3.0;33;16200.43;R;1;03;58.97;3.03;0.030303;0.30303;1.0;490.92
facility:2438003;327;5;31;2.0;327;83547.57;N;1;99;50.434;1.942;0.015291;0.094801;1.0;255.5
facility:2438119;61;6;12;3.5;61;49063.51;B;3;99;61.639;3.869;0.098361;0.196721;1.0;804.32
facility:2438143;74;5;29;2.25;74;49835.02;B;3;03;55.541;3.351;0.067568;0.391892;1.0;673.45
facility:2438151;289;11;35;1.0;289;107012.08;O;3;99;42.495;1.775;0.038062;0.121107;1.0;370.28
facility:2438178;142;9;16;2.0;142;70692.77;B;1;03;58.711;3.458;0.06338;0.112676;1.0;497.84
facility:2438291;73;2;43;1.0;73;68445.34;B;1;03;54.562;2.11;0.027397;0.589041;1.0;937.61
facility:2438313;1295;86;216;2.0;1295;711448.93;O;3;03;45.288;2.471;0.066409;0.166795;1.0;549.38
facility:2438410;638;13;72;2.0;638;442182.34;O;3;01;35.861;2.81;0.020376;0.112853;1.0;693.08
facility:2439263;3984;16;150;2.0;3984;4852500.62;O;3;01;19.885;3.45;0.004016;0.037651;1.0;1218.0
facility:2439360;7883;1318;244;3.0;7883;21275532.3;S;1;01;55.61;4.461;0.167195;0.030953;1.0;2698.91
facility:2441268;202;0;1;3.0;202;61186.11;O;3;99;36.54;2.703;0.0;0.00495;1.0;302.9
facility:2441500;123;8;13;2.0;123;51863.53;A;3;99;53.829;2.667;0.065041;0.105691;1.0;421.65
facility:2441675;1761;0;7;2.0;1761;1087150.01;O;3;99;23.122;2.179;0.0;0.003975;1.0;617.35
facility:2441799;29;0;3;2.5;29;7968.51;N;1;01;57.138;2.966;0.0;0.103448;1.0;274.78
facility:2441845;42;1;10;4.25;42;28532.96;B;1;01;55.619;4.333;0.02381;0.238095;1.0;679.36
facility:2441918;102;2;57;2.0;102;85818.04;R;1;03;56.882;2.98;0.019608;0.558824;1.0;841.35
facility:2441969;989;8;91;3.0;989;418629.23;B;3;99;41.894;2.872;0.008089;0.092012;1.0;423.29
facility:2441977;538;3;3;2.0;538;183572.77;O;3;01;49.104;2.225;0.005576;0.005576;1.0;341.21
facility:2442019;2093;517;79;6.0;2093;9755924.15;B;3;03;56.818;7.469;0.247014;0.037745;1.0;4661.22
facility:2442027;757;0;0;4.0;757;484501.97;A;3;99;47.346;4.412;0.0;0.0;1.0;640.03
facility:2442094;6;0;0;3.0;6;1593.44;N;3;99;47.333;3.667;0.0;0.0;1.0;265.57
facility:2442108;2037;215;16;2.0;2037;8577857.27;C;1;99;60.718;4.104;0.105547;0.007855;1.0;4211.02
facility:2442205;98;3;5;2.0;98;43314.02;K;3;01;64.633;2.592;0.030612;0.05102;1.0;441.98
facility:2442272;1;0;0;0.0;1;3809.26;H;1;99;42.0;0.0;0.0;0.0;1.0;3809.26
facility:2442302;74;2;15;4.5;74;21226.19;N;3;03;58.108;8.784;0.027027;0.202703;1.0;286.84
facility:2442450;1140;22;103;2.0;1140;589189.24;J;3;03;44.974;2.747;0.019298;0.090351;1.0;516.83
facility:2442477;938;33;66;2.0;938;844830.51;O;3;99;39.741;3.362;0.035181;0.070362;1.0;900.67
facility:2442604;1052;95;24;2.0;1052;5783786.83;I;3;99;48.498;4.084;0.090304;0.022814;1.0;5497.9
facility:2442612;4073;480;176;2.0;4073;6563766.53;K;3;99;45.821;4.095;0.117849;0.043211;1.0;1611.53
facility:2442620;490;24;3;2.0;490;671335.07;O;3;01;32.971;3.524;0.04898;0.006122;1.0;1370.07
facility:2442728;1503;159;575;3.0;1503;1173108.5;B;1;99;52.484;4.707;0.105788;0.382568;1.0;780.51
facility:2442752;88;0;10;3.25;88;51140.7;R;3;01;48.136;3.886;0.0;0.113636;1.0;581.14
facility:2442965;1172;0;63;2.0;1172;736472.16;O;3;03;25.497;2.361;0.0;0.053754;1.0;628.39
facility:2443031;857;4;22;2.0;857;363220.22;K;3;99;49.847;2.051;0.004667;0.025671;1.0;423.83
facility:2443139;437;13;53;2.0;437;351325.23;B;3;99;45.593;3.128;0.029748;0.121281;1.0;803.95
facility:2444259;167;64;3;10.5;167;3793905.68;B;1;03;58.329;14.216;0.383234;0.017964;1.0;22718.0
facility:2444704;261;10;45;2.0;261;111660.63;O;3;03;39.663;2.18;0.038314;0.172414;1.0;427.82
facility:2444798;1208;14;94;2.0;1208;799413.0;A;3;03;34.704;2.912;0.011589;0.077815;1.0;661.77
facility:2444828;464;3;15;2.0;464;235799.33;O;3;03;22.254;1.744;0.006466;0.032328;1.0;508.19
facility:2445204;983;0;66;3.0;983;480378.69;A;3;03;47.47;3.192;0.0;0.067141;1.0;488.69
facility:2445247;270;26;51;3.0;270;116974.25;O;3;03;52.463;4.63;0.096296;0.188889;1.0;433.24
facility:2445352;462;17;60;1.0;462;202562.42;O;3;03;39.32;2.253;0.036797;0.12987;1.0;438.45
facility:2445956;4143;315;468;3.5;4143;2526629.03;S;3;99;45.93;4.72;0.076032;0.112962;1.0;609.85
facility:2446030;7875;619;1331;3.0;7875;11869546.38;S;1;03;53.851;5.171;0.078603;0.169016;1.0;1507.24
facility:2446782;487;24;266;2.0;487;367652.33;B;3;01;59.121;2.951;0.049281;0.546201;1.0;754.93
facility:2447029;3097;371;134;3.0;3097;10870582.99;O;3;01;49.925;5.507;0.119793;0.043268;1.0;3510.04
facility:2447886;1235;11;60;1.0;1235;523970.01;O;3;01;45.492;1.904;0.008907;0.048583;1.0;424.27
facility:2447894;2006;73;197;2.0;2006;1463427.21;K;1;01;50.639;4.122;0.036391;0.098205;1.0;729.53
facility:2448173;1529;57;262;2.0;1529;892135.64;O;3;01;49.154;4.177;0.037279;0.171354;1.0;583.48
facility:2448203;709;18;88;3.0;709;564588.22;B;3;03;53.841;3.007;0.025388;0.124118;1.0;796.32
facility:2448521;16387;537;163;2.0;16387;39984243.39;O;3;03;39.278;3.569;0.03277;0.009947;1.0;2440.0
facility:2448637;3291;120;112;3.5;3291;5465520.98;B;3;01;46.147;5.111;0.036463;0.034032;1.0;1660.75
facility:2448653;144;4;25;3.0;144;105617.22;B;1;03;60.951;4.007;0.027778;0.173611;1.0;733.45
facility:2449439;1872;0;0;3.0;1872;908073.31;I;3;99;42.467;3.056;0.0;0.0;1.0;485.08
facility:2449552;843;0;1;3.0;843;246422.67;K;3;03;38.741;3.711;0.0;0.001186;1.0;292.32
facility:2449641;4841;287;281;2.0;4841;2728984.09;O;3;99;36.83;4.291;0.059285;0.058046;1.0;563.72
facility:2450143;1057;41;176;3.0;1057;416435.09;B;1;03;55.02;4.672;0.038789;0.166509;1.0;393.98
facility:2450178;2289;61;192;2.0;2289;1037925.44;S;1;03;40.708;4.046;0.026649;0.083879;1.0;453.44
facility:2450429;3031;0;0;2.0;3031;1265576.88;A;3;99;36.075;2.102;0.0;0.0;1.0;417.54
facility:2450453;2020;1;31;2.0;2020;769025.06;I;3;03;37.515;2.576;0.000495;0.015347;1.0;380.71
facility:2450631;438;10;0;3.0;438;304925.46;J;3;03;38.135;4.189;0.022831;0.0;1.0;696.18
facility:2451425;1100;0;0;3.0;1100;402436.61;A;3;03;38.644;2.765;0.0;0.0;1.0;365.85
facility:2451565;1975;4;2;4.0;1975;790573.67;A;3;03;40.006;3.635;0.002025;0.001013;1.0;400.29
facility:2451573;677;1;3;2.0;677;279903.8;O;3;04;35.579;2.71;0.001477;0.004431;1.0;413.45
facility:2451999;1344;1;1;6.0;1344;1120958.55;J;1;99;57.874;7.246;0.000744;0.000744;1.0;834.05
facility:2452383;9861;462;166;2.0;9861;15141953.76;O;3;03;24.573;4.634;0.046851;0.016834;1.0;1535.54
facility:2452774;436;2;17;2.0;436;172776.01;J;3;03;41.8;2.427;0.004587;0.038991;1.0;396.28
facility:2452782;5853;307;244;2.0;5853;8606620.68;O;3;99;31.189;3.552;0.052452;0.041688;1.0;1470.46
facility:2452820;4333;51;326;2.0;4333;2384210.64;O;3;03;32.858;3.136;0.01177;0.075237;1.0;550.24
facility:2452855;225;0;0;2.0;225;109381.46;A;1;03;41.396;2.36;0.0;0.0;1.0;486.14
facility:2452952;2721;27;402;2.0;2721;1503358.27;O;3;03;35.61;2.484;0.009923;0.14774;1.0;552.5
facility:2453347;1439;3;24;2.0;1439;635965.14;A;3;03;37.905;2.573;0.002085;0.016678;1.0;441.95
facility:2453355;5;0;0;3.0;5;1738.6;E;1;03;34.0;3.2;0.0;0.0;1.0;347.72
facility:2453363;1291;0;0;3.0;1291;504561.84;A;3;03;35.096;3.002;0.0;0.0;1.0;390.83
facility:2453665;4243;38;11;2.0;4243;4344317.54;O;3;03;23.555;3.259;0.008956;0.002593;1.0;1023.88
facility:2453851;668;1;23;5.0;668;334004.78;J;1;99;4.958;5.142;0.001497;0.034431;1.0;500.01
facility:2454475;1631;62;135;2.0;1631;908691.93;S;1;03;47.214;3.89;0.038013;0.082771;1.0;557.14
facility:2454696;4097;117;128;2.0;4097;1880192.68;O;3;03;36.256;3.099;0.028557;0.031242;1.0;458.92
facility:2454750;1041;46;168;2.0;1041;656849.6;B;3;03;45.941;3.66;0.044188;0.161383;1.0;630.98
facility:2454947;1169;0;16;1.0;1169;519956.07;O;3;03;31.441;1.722;0.0;0.013687;1.0;444.79
facility:2455145;1388;16;150;2.0;1388;944379.96;O;3;03;38.371;3.732;0.011527;0.108069;1.0;680.39
facility:2455463;1108;7;141;2.0;1108;791754.17;B;3;99;37.64;2.38;0.006318;0.127256;1.0;714.58
facility:2455625;1331;3;141;2.0;1331;819943.08;J;3;03;37.968;2.315;0.002254;0.105935;1.0;616.04
facility:2455706;739;9;34;2.0;739;386595.41;O;3;03;35.342;2.56;0.012179;0.046008;1.0;523.13
facility:2455773;506;21;87;8.25;506;238904.18;A;1;99;49.389;10.077;0.041502;0.171937;1.0;472.14
facility:2456672;11948;780;402;4.0;11948;12763875.64;S;1;99;38.712;6.433;0.065283;0.033646;1.0;1068.29
facility:2456710;360;0;0;37.75;360;384044.4;F;1;99;40.022;35.594;0.0;0.0;1.0;1066.79
facility:2456907;701;28;108;9.0;701;463805.4;N;1;99;54.899;12.887;0.039943;0.154066;1.0;661.63
facility:2456915;569;26;130;8.0;569;339016.15;A;3;99;53.67;10.701;0.045694;0.228471;1.0;595.81
facility:2456958;9376;68;366;2.0;9376;12035250.69;O;3;03;44.748;4.679;0.007253;0.039036;1.0;1283.62
facility:2457121;5374;82;620;1.5;5374;2487419.69;O;3;03;32.296;2.449;0.015259;0.11537;1.0;462.86
facility:2457156;1130;10;103;1.0;1130;328041.3;A;3;03;46.249;1.994;0.00885;0.09115;1.0;290.3
facility:2457253;61;1;0;2.0;61;23549.06;A;1;99;41.426;4.311;0.016393;0.0;1.0;386.05
facility:2457512;628;11;122;2.0;628;379487.68;B;1;03;46.72;3.08;0.017516;0.194268;1.0;604.28
facility:2457555;200;1;30;3.0;200;125973.62;A;1;03;46.135;4.525;0.005;0.15;1.0;629.87
facility:2457571;560;0;1;2.0;560;226321.63;J;3;03;30.795;2.48;0.0;0.001786;1.0;404.15
facility:2457768;2098;72;245;18.75;2098;1945602.12;F;1;99;45.724;18.978;0.034318;0.116778;1.0;927.36
facility:2457911;918;0;0;2.0;918;466303.41;A;1;03;43.808;2.874;0.0;0.0;1.0;507.96
facility:2458055;3654;237;698;2.0;3654;2532021.23;B;1;99;52.753;2.979;0.06486;0.191024;1.0;692.95
facility:2458292;515;86;18;18.0;515;1759993.63;B;1;03;42.932;18.274;0.16699;0.034951;1.0;3417.46
facility:2458470;1606;4;32;3.0;1606;686983.07;A;3;03;35.545;2.943;0.002491;0.019925;1.0;427.76
facility:2458705;2675;7;45;2.0;2675;1442760.75;O;3;99;29.831;2.45;0.002617;0.016822;1.0;539.35
facility:2458799;3215;117;603;5.0;3215;1474551.54;J;1;03;4.896;7.381;0.036392;0.187558;1.0;458.65
facility:2458888;341;0;68;2.0;341;89383.4;K;3;03;40.592;1.581;0.0;0.199413;1.0;262.12
facility:2459477;3107;21;232;2.0;3107;1759436.1;O;3;03;36.621;2.85;0.006759;0.07467;1.0;566.28
facility:2459620;2325;33;195;2.0;2325;1103633.05;O;3;99;34.781;2.622;0.014194;0.083871;1.0;474.68
facility:2460017;419;1;11;2.0;419;245606.39;O;3;03;38.461;2.296;0.002387;0.026253;1.0;586.17
facility:2460262;2851;260;186;5.0;2851;5647744.28;S;1;03;39.834;6.789;0.091196;0.06524;1.0;1980.97
facility:2460335;584;0;0;2.0;584;207375.43;O;3;03;33.604;2.14;0.0;0.0;1.0;355.09
facility:2460343;457;4;60;3.0;457;262371.15;B;1;03;47.168;3.921;0.008753;0.131291;1.0;574.12
facility:2460432;1058;0;1;2.0;1058;341995.58;A;3;03;35.139;2.153;0.0;0.000945;1.0;323.25
facility:2460564;575;0;0;3.0;575;285976.11;A;3;03;37.722;3.527;0.0;0.0;1.0;497.35
facility:2460580;649;0;0;3.0;649;345115.03;A;3;03;40.085;2.787;0.0;0.0;1.0;531.76
facility:2460726;55;0;0;2.5;55;30355.49;N;3;03;43.491;2.509;0.0;0.0;1.0;551.92
facility:2460831;2047;6;2;2.0;2047;678444.32;O;3;99;40.424;3.027;0.002931;0.000977;1.0;331.43
facility:2460912;38;2;1;1.0;38;14589.6;O;3;03;30.368;1.342;0.052632;0.026316;1.0;383.94
facility:2460963;1590;0;0;2.0;1590;511065.18;A;3;03;35.118;2.408;0.0;0.0;1.0;321.42
facility:2461005;595;0;1;2.25;595;259204.29;O;3;03;34.012;2.709;0.0;0.001681;1.0;435.64
facility:2461099;880;0;1;2.0;880;350309.7;A;3;99;38.069;3.503;0.0;0.001136;1.0;398.08
facility:2461153;851;3;2;2.0;851;541347.6;B;3;99;41.115;3.351;0.003525;0.00235;1.0;636.13
facility:2461234;677;0;0;4.0;677;255206.15;J;3;03;35.238;3.789;0.0;0.0;1.0;376.97
facility:2461277;1601;0;2;4.0;1601;968533.43;O;3;99;37.567;3.557;0.0;0.001249;1.0;604.96
facility:2461285;622;10;16;2.25;622;402917.4;O;3;03;40.169;3.243;0.016077;0.025723;1.0;647.78
facility:2461390;1017;0;0;4.0;1017;262392.74;A;3;04;39.337;3.902;0.0;0.0;1.0;258.01
facility:2461625;389;1;3;3.0;389;165856.89;O;3;03;36.933;3.051;0.002571;0.007712;1.0;426.37
facility:2461641;756;0;0;2.0;756;246464.15;A;3;03;36.554;2.053;0.0;0.0;1.0;326.01
facility:2461714;239;1;3;2.0;239;89944.68;O;3;03;32.749;1.799;0.004184;0.012552;1.0;376.34
facility:2461765;1335;0;0;2.0;1335;512192.38;A;3;03;39.413;2.126;0.0;0.0;1.0;383.66
facility:2461838;1350;14;10;2.0;1350;613250.06;A;3;03;40.373;2.408;0.01037;0.007407;1.0;454.26
facility:2461897;529;0;1;3.0;529;201991.14;A;3;03;28.718;2.82;0.0;0.00189;1.0;381.84
facility:2461900;643;0;0;2.0;643;245552.15;A;3;03;36.328;2.325;0.0;0.0;1.0;381.89
facility:2462095;579;0;0;2.0;579;210214.37;O;3;03;27.131;2.323;0.0;0.0;1.0;363.06
facility:2462184;1039;0;1;2.0;1039;392636.27;O;3;99;28.474;2.314;0.0;0.000962;1.0;377.9
facility:2462192;2403;10;0;2.0;2403;1084119.17;O;3;99;36.425;2.162;0.004161;0.0;1.0;451.15
facility:2462214;1731;3;3;2.0;1731;871644.72;O;3;03;33.63;2.66;0.001733;0.001733;1.0;503.55
facility:2462583;2340;2;81;2.0;2340;1224363.32;O;3;03;21.969;1.909;0.000855;0.034615;1.0;523.23
facility:2462591;1233;15;0;2.0;1233;867801.86;B;3;03;48.485;3.657;0.012165;0.0;1.0;703.81
facility:2462729;1881;2;3;1.0;1881;984204.56;O;3;03;25.228;1.476;0.001063;0.001595;1.0;523.23
facility:2463016;6791;346;127;2.0;6791;6008033.72;O;3;99;36.418;4.143;0.05095;0.018701;1.0;884.71
facility:2463784;2161;38;89;2.0;2161;1310576.7;O;3;99;34.151;3.425;0.017584;0.041185;1.0;606.47
facility:2463946;396;1;26;2.0;396;175978.89;K;3;03;39.556;2.932;0.002525;0.065657;1.0;444.39
facility:2463954;1633;2;72;1.0;1633;725548.69;O;3;03;33.816;1.704;0.001225;0.044091;1.0;444.3
facility:2464268;373;1;0;2.0;373;120298.48;O;3;99;37.038;2.732;0.002681;0.0;1.0;322.52
facility:2464276;604;46;127;7.25;604;666939.36;B;1;99;53.323;8.568;0.076159;0.210265;1.0;1104.2
facility:2464454;1535;10;0;3.0;1535;745011.04;O;3;03;32.357;2.448;0.006515;0.0;1.0;485.35
facility:2464594;6394;1018;97;5.5;6394;34329129.37;I;1;03;52.096;10.739;0.159212;0.01517;1.0;5368.96
facility:2465027;427;0;2;2.0;427;146962.34;A;3;03;34.604;2.71;0.0;0.004684;1.0;344.17
facility:2465086;672;0;6;3.0;672;481435.88;B;3;03;39.862;4.555;0.0;0.008929;1.0;716.42
facility:2465108;492;0;2;2.0;492;235653.6;O;3;03;31.315;2.047;0.0;0.004065;1.0;478.97
facility:2465469;3578;101;338;3.0;3578;1953105.4;O;3;99;37.324;3.153;0.028228;0.094466;1.0;545.87
facility:2465655;1166;0;0;3.0;1166;599983.28;A;3;03;25.381;3.097;0.0;0.0;1.0;514.57
facility:2465752;2861;116;86;10.5;2861;2429104.23;F;1;03;48.712;14.409;0.040545;0.030059;1.0;849.04
facility:2465787;1694;1;38;2.0;1694;823672.75;O;3;03;26.566;2.218;0.00059;0.022432;1.0;486.23
facility:2465825;4915;542;985;4.0;4915;12633222.44;B;1;03;50.797;6.026;0.110275;0.200407;1.0;2570.34
facility:2465833;7564;334;198;2.0;7564;20211701.31;O;3;03;41.503;3.896;0.044157;0.026177;1.0;2672.09
facility:2466562;241;0;0;0.0;241;684183.81;H;1;99;54.66;0.012;0.0;0.0;1.0;2838.94
facility:2466694;421;30;8;3.0;421;209740.68;J;3;03;52.245;4.534;0.071259;0.019002;1.0;498.2
facility:2467372;5520;224;596;2.0;5520;2399655.29;O;3;03;35.618;2.881;0.04058;0.107971;1.0;434.72
facility:2467569;2;0;0;3.0;2;500.87;N;3;03;13.0;3.0;0.0;0.0;1.0;250.44
facility:2468271;1147;24;152;2.0;1147;647307.58;O;3;03;41.211;2.936;0.020924;0.13252;1.0;564.35
facility:2468840;37;0;4;3.0;37;19179.8;B;1;03;52.676;4.459;0.0;0.108108;1.0;518.37
facility:2468972;3625;254;169;2.0;3625;2716811.47;O;3;03;37.896;4.123;0.070069;0.046621;1.0;749.47
facility:2469499;484;2;62;2.0;484;399339.74;B;1;03;49.289;2.314;0.004132;0.128099;1.0;825.08
facility:2470098;2231;51;86;2.0;2231;1155705.33;O;3;03;34.485;3.922;0.02286;0.038548;1.0;518.02
facility:2470357;72;0;0;0.0;72;236405.52;H;1;03;59.208;0.0;0.0;0.0;1.0;3283.41
facility:2470748;832;212;40;5.0;832;3714819.96;B;1;03;58.257;7.714;0.254808;0.048077;1.0;4464.93
facility:2471345;4385;190;356;2.0;4385;3084309.8;O;3;03;38.261;3.629;0.04333;0.081186;1.0;703.38
facility:2471590;526;1;32;2.0;526;342065.88;B;3;99;40.597;3.053;0.001901;0.060837;1.0;650.32
facility:2471663;813;1;21;2.0;813;506313.09;K;3;99;39.817;2.729;0.00123;0.02583;1.0;622.77
facility:2471795;950;34;276;2.0;950;445800.86;O;3;03;31.544;3.005;0.035789;0.290526;1.0;469.26
facility:2472244;1565;15;40;1.5;1565;711994.63;O;3;03;37.693;1.95;0.009585;0.025559;1.0;454.95
facility:2472716;651;7;30;2.75;651;363288.35;A;3;03;43.35;2.711;0.010753;0.046083;1.0;558.05
facility:2472783;277;0;0;3.0;277;126721.77;N;3;03;46.123;3.209;0.0;0.0;1.0;457.48
facility:2472791;318;4;51;3.0;318;132567.17;J;3;03;41.129;3.563;0.012579;0.160377;1.0;416.88
facility:2472945;269;7;103;3.0;269;402582.42;B;1;99;51.16;3.52;0.026022;0.3829;1.0;1496.59
facility:2473046;4894;227;549;2.0;4894;5940681.39;O;3;03;35.979;3.079;0.046383;0.112178;1.0;1213.87
facility:2473062;30;0;0;0.0;30;133562.75;H;1;99;53.0;0.2;0.0;0.0;1.0;4452.09
facility:2473372;602;51;182;7.0;602;430301.55;I;3;03;61.973;8.068;0.084718;0.302326;1.0;714.79
facility:2473380;3915;59;82;2.0;3915;6779550.23;O;3;99;26.422;3.602;0.01507;0.020945;1.0;1731.69
facility:2473577;2044;111;129;2.25;2044;3915978.88;O;3;99;33.379;4.867;0.054305;0.063112;1.0;1915.84
facility:2473844;296;31;53;2.0;296;152845.18;B;1;03;53.003;4.294;0.10473;0.179054;1.0;516.37
facility:2474328;373;34;51;4.0;373;252118.27;B;3;03;52.901;6.882;0.091153;0.136729;1.0;675.92
facility:2474506;780;55;65;2.0;780;1101707.0;O;3;99;41.488;4.338;0.070513;0.083333;1.0;1412.44
facility:2474751;667;77;61;5.5;667;1622023.85;B;1;03;55.105;6.465;0.115442;0.091454;1.0;2431.82
facility:2474786;5;0;0;1.0;5;1209.45;I;1;03;64.2;1.6;0.0;0.0;1.0;241.89
facility:2474905;78;3;35;2.75;78;79900.36;B;1;99;56.872;3.179;0.038462;0.448718;1.0;1024.36
facility:2474972;5;0;3;2.0;5;3183.04;A;1;01;80.0;2.6;0.0;0.6;1.0;636.61
facility:2475227;875;178;117;4.0;875;2793054.89;B;1;03;59.856;4.941;0.203429;0.133714;1.0;3192.06
facility:2475278;85;0;1;3.0;85;31474.8;A;3;03;47.576;3.835;0.0;0.011765;1.0;370.29
facility:2475596;41;1;4;3.0;41;30631.26;J;1;01;65.878;3.122;0.02439;0.097561;1.0;747.1
facility:2475847;767;13;45;1.0;767;538211.58;H;3;99;51.016;1.816;0.016949;0.05867;1.0;701.71
facility:2476061;27;0;0;4.5;27;10391.96;J;3;01;69.037;4.222;0.0;0.0;1.0;384.89
facility:2476266;198;9;51;2.0;198;134532.4;A;3;01;58.066;2.485;0.045455;0.257576;1.0;679.46
facility:2476274;80;7;12;4.0;80;34765.75;J;1;03;63.288;5.6;0.0875;0.15;1.0;434.57
facility:2476398;51;2;6;3.5;51;22592.94;N;3;99;59.569;3.98;0.039216;0.117647;1.0;443.0
facility:2476487;3556;294;110;2.0;3556;4116670.66;K;3;01;48.685;3.582;0.082677;0.030934;1.0;1157.67
facility:2476541;9;0;0;4.0;9;6987.94;A;3;01;67.778;4.889;0.0;0.0;1.0;776.44
facility:2476649;162;1;25;2.0;162;67877.23;O;3;03;28.623;3.222;0.006173;0.154321;1.0;419.0
facility:2476703;106;2;10;2.0;106;18616.97;Z;1;03;42.472;2.632;0.018868;0.09434;1.0;175.63
facility:2476711;176;0;28;2.0;176;41015.7;Z;3;03;37.892;2.062;0.0;0.159091;1.0;233.04
facility:2476827;453;1;69;2.0;453;202174.21;O;3;03;26.879;2.512;0.002208;0.152318;1.0;446.3
facility:2477661;4084;503;714;3.0;4084;3117943.34;B;1;99;49.158;5.58;0.123164;0.174829;1.0;763.45
facility:2477947;444;9;37;2.0;444;126460.09;A;3;03;38.883;3.3;0.02027;0.083333;1.0;284.82
facility:2478080;1206;42;63;2.0;1206;786918.32;O;3;99;44.989;3.689;0.034826;0.052239;1.0;652.5
facility:2478277;520;0;8;3.0;520;311681.95;O;3;03;44.473;3.408;0.0;0.015385;1.0;599.39
facility:2478307;95;4;10;4.5;95;95934.4;B;3;03;51.379;5.011;0.042105;0.105263;1.0;1009.84
facility:2478374;128;6;11;4.5;128;151972.63;B;3;03;52.742;5.969;0.046875;0.085938;1.0;1187.29
facility:2478994;227;7;53;1.0;227;131960.99;O;3;03;49.242;2.022;0.030837;0.23348;1.0;581.33
facility:2479028;1185;67;128;2.0;1185;797816.77;B;3;03;47.658;2.918;0.05654;0.108017;1.0;673.26
facility:2479214;12442;2379;212;9.0;12442;57896372.84;I;1;99;60.12;12.274;0.191207;0.017039;1.0;4653.3
facility:2479419;303;24;31;2.75;303;190958.01;O;3;99;48.772;3.871;0.079208;0.10231;1.0;630.22
facility:2479427;275;0;13;4.0;275;199197.37;B;3;03;56.396;4.484;0.0;0.047273;1.0;724.35
facility:2479478;434;17;79;2.0;434;296967.59;O;3;03;42.479;3.263;0.039171;0.182028;1.0;684.26
facility:2479710;325;0;0;2.0;325;130907.37;O;3;99;41.474;4.363;0.0;0.0;1.0;402.79
facility:2479818;307;13;40;4.0;307;187927.42;J;3;99;48.612;4.893;0.042345;0.130293;1.0;612.14
facility:2479893;334;21;56;3.0;334;213816.72;B;3;03;53.967;4.246;0.062874;0.167665;1.0;640.17
facility:2479907;4247;69;19;2.0;4247;3107738.55;O;3;03;35.989;3.821;0.016247;0.004474;1.0;731.75
facility:2480050;128;1;2;5.0;128;102228.92;B;1;03;50.789;4.75;0.007812;0.015625;1.0;798.66
facility:2480565;35;0;0;0.0;35;72450.0;H;3;99;50.457;0.0;0.0;0.0;1.0;2070.0
facility:2480638;91;0;0;0.0;91;207007.66;H;3;03;57.044;0.0;0.0;0.0;1.0;2274.81
facility:2480646;5186;270;163;2.0;5186;7807832.85;O;3;03;39.77;3.165;0.052063;0.031431;1.0;1505.56
facility:2480654;801;7;16;3.0;801;461220.54;J;3;03;55.086;2.968;0.008739;0.019975;1.0;575.81
facility:2481286;12258;82;328;3.0;12258;14517176.52;O;3;03;21.392;5.207;0.00669;0.026758;1.0;1184.3
facility:2482258;73;0;0;0.0;73;153239.57;H;1;03;56.63;0.0;0.0;0.0;1.0;2099.17
facility:2482339;5353;153;607;2.0;5353;3362443.92;O;3;99;28.313;3.169;0.028582;0.113394;1.0;628.14
facility:2482525;46;0;2;2.0;46;15639.21;O;3;01;40.848;2.348;0.0;0.043478;1.0;339.98
facility:2483033;512;8;18;3.0;512;253135.59;O;3;03;40.449;3.494;0.015625;0.035156;1.0;494.41
facility:2483041;20;0;1;1.75;20;9254.58;O;3;99;43.5;3.35;0.0;0.05;1.0;462.73
facility:2483300;167;21;47;1.75;167;94394.97;B;3;03;57.766;2.174;0.125749;0.281437;1.0;565.24
facility:2483408;324;21;57;2.0;324;140017.75;I;3;03;47.667;4.201;0.064815;0.175926;1.0;432.15
facility:2483424;380;15;20;1.0;380;168217.78;O;3;03;38.353;3.289;0.039474;0.052632;1.0;442.68
facility:2483548;862;23;115;2.0;862;540980.78;O;3;03;40.483;3.523;0.026682;0.133411;1.0;627.59
facility:2483998;731;16;84;2.5;731;432601.3;J;3;03;42.703;3.328;0.021888;0.114911;1.0;591.79
facility:2484072;3399;1;388;2.0;3399;1566962.44;O;3;03;21.447;1.892;0.000294;0.114151;1.0;461.01
facility:2484269;414;5;19;2.0;414;187459.78;O;3;99;32.07;2.401;0.012077;0.045894;1.0;452.8
facility:2484366;696;2;107;2.5;696;417814.53;J;3;99;45.557;3.197;0.002874;0.153736;1.0;600.31
facility:2484676;828;12;94;2.75;828;515013.2;J;3;03;43.114;2.978;0.014493;0.113527;1.0;622.0
facility:2485249;193;2;33;2.0;193;95748.2;A;1;03;49.212;2.798;0.010363;0.170984;1.0;496.1
facility:2485397;96;5;44;3.5;96;35018.51;J;1;03;61.583;4.396;0.052083;0.458333;1.0;364.78
facility:2485680;9437;509;489;4.0;9437;18245558.99;S;1;03;49.482;5.763;0.053937;0.051817;1.0;1933.41
facility:2485729;7262;419;162;3.0;7262;21980768.33;B;3;03;31.361;5.569;0.057698;0.022308;1.0;3026.82
facility:2485966;2022;0;0;3.0;2022;1116729.4;O;3;99;26.194;3.259;0.0;0.0;1.0;552.29
facility:2486199;7745;923;247;5.5;7745;19619914.66;K;3;03;55.613;9.241;0.119174;0.031892;1.0;2533.24
facility:2487411;2471;9;45;2.0;2471;1213692.42;O;3;99;25.209;2.378;0.003642;0.018211;1.0;491.17
facility:2487438;6347;635;224;3.0;6347;4488958.38;S;1;03;46.952;5.469;0.100047;0.035292;1.0;707.26
facility:2487616;2372;100;352;2.0;2372;1232043.93;O;3;03;44.058;3.478;0.042159;0.148398;1.0;519.41
facility:2487756;5924;255;139;3.0;5924;11290109.84;K;3;03;44.715;4.837;0.043045;0.023464;1.0;1905.83
facility:2488892;1158;40;497;1.0;1158;9487733.39;I;1;03;60.846;3.466;0.034542;0.429188;1.0;8193.21
facility:2490218;359;35;85;3.0;359;141994.53;I;3;03;55.632;4.426;0.097493;0.236769;1.0;395.53
facility:2490501;654;0;0;3.0;654;500358.35;A;3;03;34.998;3.028;0.0;0.0;1.0;765.07
facility:2490773;243;0;0;2.0;243;75964.97;A;3;03;42.342;2.461;0.0;0.0;1.0;312.61
facility:2490781;113;1;14;6.0;113;79615.42;A;3;03;49.478;6.283;0.00885;0.123894;1.0;704.56
facility:2490935;1630;41;148;3.0;1630;1136419.97;O;3;01;39.932;5.161;0.025153;0.090798;1.0;697.19
facility:2491249;3078;261;143;2.0;3078;7829765.71;O;3;01;42.294;4.08;0.084795;0.046459;1.0;2543.78
facility:2491311;300;32;68;2.0;300;172422.39;J;1;01;54.967;3.42;0.106667;0.226667;1.0;574.74
facility:2491710;15115;1124;555;3.0;15115;40932424.6;O;3;01;46.213;5.403;0.074363;0.036718;1.0;2708.07
facility:2492342;1041;62;68;3.0;1041;964663.95;B;1;01;53.579;4.029;0.059558;0.065322;1.0;926.67
facility:2492881;279;12;80;2.5;279;132068.63;O;3;03;41.341;3.122;0.043011;0.286738;1.0;473.36
facility:2492911;1238;32;37;3.0;1238;772940.76;J;3;03;46.728;4.284;0.025848;0.029887;1.0;624.35
facility:2493195;561;28;99;2.75;561;303828.66;O;3;03;40.077;3.889;0.049911;0.176471;1.0;541.58
facility:2493330;742;86;235;3.0;742;411143.16;O;3;99;48.883;4.937;0.115903;0.316712;1.0;554.1
facility:2493578;438;4;0;3.0;438;259740.04;J;3;03;40.979;2.838;0.009132;0.0;1.0;593.01
facility:2493845;2917;22;27;2.0;2917;3186892.26;S;1;99;44.581;4.427;0.007542;0.009256;1.0;1092.52
facility:2493853;2289;247;371;6.0;2289;7073460.96;B;1;03;49.284;8.97;0.107907;0.16208;1.0;3090.2
facility:2493888;12992;814;6057;3.0;12992;16113050.75;S;1;99;46.592;4.109;0.062654;0.46621;1.0;1240.23
facility:2493896;2985;12;31;4.0;2985;1294997.27;T;1;03;5.88;7.016;0.00402;0.010385;1.0;433.83
facility:2494167;506;11;116;2.0;506;309256.83;B;3;03;45.174;3.172;0.021739;0.229249;1.0;611.18
facility:2494280;1805;0;80;1.0;1805;729085.19;J;1;99;4.994;2.071;0.0;0.044321;1.0;403.93
facility:2494299;4843;141;647;1.0;4843;3638074.29;O;3;03;43.268;2.583;0.029114;0.133595;1.0;751.2
facility:2494345;109;14;38;3.0;109;46097.91;J;3;01;61.138;3.862;0.12844;0.348624;1.0;422.92
facility:2494442;11005;729;124;2.75;11005;38671990.17;I;1;03;59.642;4.255;0.066243;0.011268;1.0;3514.04
facility:2494450;304;7;0;7.25;304;6516232.81;A;1;03;45.944;8.0;0.023026;0.0;1.0;21434.98
facility:2494523;76;4;21;5.5;76;1016424.9;Q;3;03;4.947;9.171;0.052632;0.276316;1.0;13374.01
facility:2494930;1236;100;80;6.0;1236;5204172.98;B;1;03;52.214;7.349;0.080906;0.064725;1.0;4210.5
facility:2495015;2194;845;57;9.0;2194;23093632.15;B;1;99;50.514;11.086;0.385141;0.02598;1.0;10525.81
facility:2495228;2874;54;308;2.0;2874;1719150.69;O;3;99;35.252;2.313;0.018789;0.107168;1.0;598.17
facility:2495279;7814;302;919;2.0;7814;7936157.22;O;3;03;40.997;3.697;0.038649;0.117609;1.0;1015.63
facility:2495414;703;38;63;3.0;703;511589.87;B;3;03;46.741;3.531;0.054054;0.089616;1.0;727.72
facility:2496046;2596;1;158;2.0;2596;1154131.25;O;3;03;18.71;2.035;0.000385;0.060863;1.0;444.58
facility:2496461;71;0;71;1.0;71;129478.56;B;1;99;56.07;1.732;0.0;1.0;1.0;1823.64
facility:2496534;2707;85;187;1.25;2707;1351369.7;O;3;99;37.107;2.129;0.0314;0.06908;1.0;499.21
facility:2496879;2569;45;13;1.0;2569;1674853.7;O;3;99;40.743;2.591;0.017517;0.00506;1.0;651.95
facility:2497468;676;47;100;3.5;676;538347.7;B;3;03;46.596;4.615;0.069527;0.147929;1.0;796.37
facility:2497654;25074;2896;1873;6.0;25074;69838534.65;I;3;03;49.649;8.929;0.115498;0.074699;1.0;2785.3
facility:2497751;4575;0;2;2.0;4575;2193473.48;G;1;99;34.373;5.701;0.0;0.000437;1.0;479.45
facility:2498227;221;14;19;3.0;221;143265.35;O;3;03;43.955;4.294;0.063348;0.085973;1.0;648.26
facility:2498421;3493;84;291;2.5;3493;1792561.89;S;3;03;41.406;3.037;0.024048;0.083309;1.0;513.19
facility:2498456;206;3;5;3.0;206;97448.73;O;3;03;45.529;4.388;0.014563;0.024272;1.0;473.05
facility:2498731;368;13;68;2.0;368;131856.96;O;3;03;41.543;3.288;0.035326;0.184783;1.0;358.31
facility:2498790;373;2;41;2.0;373;182984.69;O;3;03;39.909;2.812;0.005362;0.10992;1.0;490.58
facility:2498804;1646;71;93;2.0;1646;951696.56;O;3;03;38.584;2.585;0.043135;0.056501;1.0;578.19
facility:2499029;1523;52;150;2.0;1523;1077337.64;B;3;99;49.456;2.475;0.034143;0.09849;1.0;707.38
facility:2499037;656;55;77;2.0;656;506814.05;B;3;03;48.125;2.947;0.083841;0.117378;1.0;772.58
facility:2499045;75;1;5;2.75;75;39953.13;A;3;03;43.08;4.107;0.013333;0.066667;1.0;532.71
facility:2499339;326;5;0;2.25;326;183123.04;O;3;03;46.009;3.65;0.015337;0.0;1.0;561.73
facility:2499363;14829;315;282;3.0;14829;20037140.02;O;3;04;26.073;6.53;0.021242;0.019017;1.0;1351.21
facility:2499568;888;27;295;2.5;888;654210.41;B;1;03;55.666;3.846;0.030405;0.332207;1.0;736.72
facility:2499835;39;0;6;3.0;39;10568.07;J;3;99;50.462;3.538;0.0;0.153846;1.0;270.98
facility:2499843;103;16;34;4.5;103;42772.5;J;3;03;64.34;5.311;0.15534;0.330097;1.0;415.27
facility:2499851;44;1;24;1.5;44;59402.57;B;1;03;58.977;1.523;0.022727;0.545455;1.0;1350.06
facility:2499975;663;56;105;2.0;663;493724.35;B;3;99;48.998;3.753;0.084465;0.158371;1.0;744.68
facility:2503654;876;59;163;7.0;876;4057875.81;B;1;99;53.345;8.486;0.067352;0.186073;1.0;4632.28
facility:2503689;5825;746;873;4.0;5825;10066530.78;S;1;03;49.719;7.306;0.128069;0.149871;1.0;1728.16
facility:2503824;2721;1;14;2.0;2721;1510834.68;O;3;03;25.383;1.944;0.000368;0.005145;1.0;555.25
facility:2504316;4986;608;194;4.0;4986;20959595.17;I;1;01;54.328;6.05;0.121941;0.038909;1.0;4203.69
facility:2504332;9591;927;245;4.0;9591;24281756.46;O;3;01;44.916;6.334;0.096653;0.025545;1.0;2531.72
facility:2504502;1367;7;52;2.0;1367;699171.97;J;3;03;26.057;3.28;0.005121;0.03804;1.0;511.46
facility:2504537;2233;146;27;2.0;2233;1824817.53;O;3;03;36.986;3.865;0.065383;0.012091;1.0;817.2
facility:2504901;2564;3;168;2.0;2564;1200119.06;O;3;03;19.605;2.093;0.00117;0.065523;1.0;468.07
facility:2505231;1891;0;2;2.0;1891;1057167.73;O;3;03;25.342;2.039;0.0;0.001058;1.0;559.05
facility:2505819;99;10;28;3.0;99;58962.76;B;1;03;54.404;4.525;0.10101;0.282828;1.0;595.58
facility:2505843;397;28;80;1.0;397;188255.02;O;3;03;45.227;3.378;0.070529;0.201511;1.0;474.19
facility:2505886;456;1;37;2.0;456;257499.51;O;3;03;37.728;3.228;0.002193;0.08114;1.0;564.69
facility:2506114;620;0;0;0.0;620;478150.58;H;3;03;67.723;0.002;0.0;0.0;1.0;771.21
facility:2506254;1277;97;182;2.0;1277;714265.81;O;3;03;45.418;3.572;0.075959;0.142522;1.0;559.33
facility:2506572;595;36;84;2.0;595;294459.76;O;3;03;44.681;3.484;0.060504;0.141176;1.0;494.89
facility:2506661;3130;239;512;5.5;3130;5528314.69;B;1;03;38.983;9.143;0.076358;0.163578;1.0;1766.23
facility:2506815;10807;1099;65;2.0;10807;29892878.85;C;3;03;53.908;3.33;0.101693;0.006015;1.0;2766.07
facility:2506858;9969;41;286;3.0;9969;8307211.59;O;3;03;21.336;3.521;0.004113;0.028689;1.0;833.3
facility:2507102;3;0;0;3.0;3;2069.58;B;3;99;63.667;3.333;0.0;0.0;1.0;689.86
facility:2507129;58;0;1;1.0;58;41242.4;O;3;01;29.621;1.552;0.0;0.017241;1.0;711.08
facility:2507137;53;0;6;2.5;53;21925.73;J;3;03;51.226;2.491;0.0;0.113208;1.0;413.69
facility:2507358;395;17;45;3.0;395;190393.45;J;3;99;51.653;3.537;0.043038;0.113924;1.0;482.01
facility:2507420;300;0;0;2.0;300;211968.37;B;3;03;48.44;3.143;0.0;0.0;1.0;706.56
facility:2507447;5596;316;383;2.0;5596;4514554.67;O;3;03;39.584;3.939;0.056469;0.068442;1.0;806.75
facility:2507870;1889;17;52;0.0;1889;370074.67;Z;3;01;47.363;1.175;0.008999;0.027528;1.0;195.91
facility:2508141;163;10;29;1.5;163;68785.14;O;3;03;40.031;2.491;0.06135;0.177914;1.0;421.99
facility:2508176;671;31;78;2.0;671;403616.58;O;3;03;45.89;2.523;0.0462;0.116244;1.0;601.52
facility:2508222;584;14;13;2.0;584;360427.07;O;3;03;44.336;3.147;0.023973;0.02226;1.0;617.17
facility:2508532;57;10;14;4.0;57;24142.08;J;3;03;51.333;4.702;0.175439;0.245614;1.0;423.55
facility:2508915;250;17;18;3.0;250;96012.07;I;3;03;48.94;3.588;0.068;0.072;1.0;384.05
facility:2509040;294;16;61;2.75;294;200552.99;O;3;03;46.054;4.966;0.054422;0.207483;1.0;682.15
facility:2509113;501;0;0;2.0;501;248684.27;J;3;03;46.539;3.076;0.0;0.0;1.0;496.38
facility:2509245;314;35;24;3.0;314;122222.63;O;3;99;44.459;3.847;0.111465;0.076433;1.0;389.24
facility:2509369;323;99;7;7.25;323;3530191.68;B;1;03;57.808;9.294;0.306502;0.021672;1.0;10929.39
facility:2509636;318;23;97;2.0;318;103925.21;I;3;03;51.676;3.296;0.072327;0.305031;1.0;326.81
facility:2509830;442;16;71;2.0;442;218610.3;A;3;03;48.876;2.333;0.036199;0.160633;1.0;494.59
facility:2509954;90;4;10;2.0;90;35681.16;O;3;03;42.278;2.878;0.044444;0.111111;1.0;396.46
facility:2510278;1704;74;457;2.0;1704;816138.6;O;3;03;43.562;3.815;0.043427;0.268192;1.0;478.95
facility:2510391;5369;87;269;1.0;5369;2476361.96;S;1;03;39.463;1.569;0.016204;0.050102;1.0;461.23
facility:2510782;220;21;68;2.0;220;81638.97;B;3;99;52.623;3.227;0.095455;0.309091;1.0;371.09
facility:2510936;546;17;31;3.0;546;257180.41;A;3;03;49.337;2.963;0.031136;0.056777;1.0;471.03
facility:2511215;483;0;0;1.0;483;200780.02;K;3;03;53.563;1.176;0.0;0.0;1.0;415.69
facility:2511223;34;0;0;1.75;34;16697.37;K;3;03;43.912;1.735;0.0;0.0;1.0;491.1
facility:2512084;10;0;5;2.0;10;4764.93;J;1;03;55.2;4.0;0.0;0.5;1.0;476.49
facility:2512149;115;8;14;1.75;115;47875.17;O;3;03;36.904;1.826;0.069565;0.121739;1.0;416.31
facility:2514311;1062;36;135;2.0;1062;507489.93;O;3;03;41.29;3.066;0.033898;0.127119;1.0;477.86
facility:2514362;61;8;4;4.0;61;29197.63;O;3;03;53.213;3.705;0.131148;0.065574;1.0;478.65
facility:2514435;308;11;42;2.0;308;117847.0;O;3;03;45.549;2.886;0.035714;0.136364;1.0;382.62
facility:2514729;1689;8;22;2.0;1689;953642.28;O;3;03;39.782;2.648;0.004737;0.013025;1.0;564.62
facility:2515229;289;2;23;2.0;289;172749.76;B;3;03;48.931;3.318;0.00692;0.079585;1.0;597.75
facility:2515237;7;0;1;3.0;7;3873.38;B;3;03;50.286;3.714;0.0;0.142857;1.0;553.34
facility:2515369;1688;590;351;6.5;1688;14529023.73;I;1;03;57.268;10.637;0.349526;0.207938;1.0;8607.24
facility:2515598;254;94;119;7.5;254;1551413.57;I;1;99;58.362;9.276;0.370079;0.468504;1.0;6107.93
facility:2516632;4231;66;151;2.0;4231;2046657.77;O;3;03;31.962;2.963;0.015599;0.035689;1.0;483.73
facility:2516640;6476;145;408;2.5;6476;3776360.11;S;1;03;43.411;3.518;0.02239;0.063002;1.0;583.13
facility:2516667;346;25;54;6.0;346;477996.84;B;1;03;53.919;8.647;0.072254;0.156069;1.0;1381.49
facility:2516683;5032;260;597;3.0;5032;2943345.69;S;1;99;47.506;4.841;0.051669;0.118641;1.0;584.93
facility:2516764;453;1;39;2.0;453;470666.87;K;3;99;42.954;2.415;0.002208;0.086093;1.0;1039.0
facility:2517019;454;0;2;8.0;454;239628.0;F;1;03;40.227;9.319;0.0;0.004405;1.0;527.81
facility:2517124;1551;1;0;1.0;1551;1153474.14;O;3;03;35.029;1.219;0.000645;0.0;1.0;743.7
facility:2517949;2528;15;18;3.0;2528;3960937.91;N;3;03;35.925;5.428;0.005934;0.00712;1.0;1566.83
facility:2519089;111;0;0;2.0;111;30837.85;N;3;99;24.297;2.0;0.0;0.0;1.0;277.82
facility:2519151;408;0;0;1.0;408;279770.77;K;3;01;48.23;1.208;0.0;0.0;1.0;685.71
facility:2519208;552;54;3;4.0;552;3197621.6;M;3;99;68.926;4.933;0.097826;0.005435;1.0;5792.79
facility:2519445;117;0;0;2.5;117;56380.96;J;3;03;52.35;2.915;0.0;0.0;1.0;481.89
facility:2519569;427;20;110;2.0;427;211415.94;Z;1;03;55.433;2.574;0.046838;0.257611;1.0;495.12
facility:2519593;1011;30;114;1.5;1011;577387.35;O;3;03;47.673;2.685;0.029674;0.11276;1.0;571.11
facility:2520168;1275;67;319;2.5;1275;629677.57;O;3;03;39.809;4.037;0.052549;0.250196;1.0;493.86
facility:2520524;6572;8;87;2.0;6572;2940725.71;O;3;03;23.614;2.386;0.001217;0.013238;1.0;447.46
facility:2520583;202;20;46;4.0;202;110751.99;I;3;99;54.743;5.351;0.09901;0.227723;1.0;548.28
facility:2520613;3056;112;102;1.0;3056;2824178.09;O;3;03;46.494;2.669;0.036649;0.033377;1.0;924.14
facility:2521296;3001;405;86;6.0;3001;21064776.67;B;3;01;56.122;7.914;0.134955;0.028657;1.0;7019.25
facility:2521385;1;0;0;1.0;1;3378.63;I;1;03;47.0;1.0;0.0;0.0;1.0;3378.63
facility:2521431;5;0;0;13.75;5;9773.15;Z;1;01;73.0;13.0;0.0;0.0;1.0;1954.63
facility:2521458;1;0;0;0.0;1;1862.63;H;3;01;60.0;0.0;0.0;0.0;1.0;1862.63
facility:2521695;2175;160;85;2.5;2175;1642971.96;O;3;01;44.021;4.518;0.073563;0.03908;1.0;755.39
facility:2521792;4825;301;159;2.0;4825;8055098.6;O;3;01;45.9;3.133;0.062383;0.032953;1.0;1669.45
facility:2521873;3249;231;86;2.0;3249;6302126.88;O;3;01;41.762;5.03;0.071099;0.02647;1.0;1939.71
facility:2522209;2016;110;44;2.0;2016;1182099.47;F;1;01;48.416;4.379;0.054563;0.021825;1.0;586.36
facility:2522411;7670;571;199;2.0;7670;13473858.51;O;3;01;42.166;4.402;0.074446;0.025945;1.0;1756.7
facility:2522489;1273;0;0;1.0;1273;740560.41;K;3;01;41.181;1.159;0.0;0.0;1.0;581.74
facility:2523051;421;30;100;1.0;421;285952.9;B;3;99;47.91;2.223;0.071259;0.23753;1.0;679.22
facility:2523132;380;21;34;2.75;380;220841.01;O;3;03;43.832;3.479;0.055263;0.089474;1.0;581.16
facility:2523299;174;7;15;3.0;174;89023.43;O;3;03;46.983;3.506;0.04023;0.086207;1.0;511.63
facility:2523310;636;39;94;2.0;636;303694.17;O;3;03;44.888;3.225;0.061321;0.147799;1.0;477.51
facility:2523396;148;17;51;2.0;148;70720.18;O;3;03;52.696;2.453;0.114865;0.344595;1.0;477.84
facility:2523515;337;1;1;2.0;337;131623.0;I;3;03;52.582;3.095;0.002967;0.002967;1.0;390.57
facility:2523779;3;0;3;1.0;3;5936.16;B;3;03;59.0;1.0;0.0;1.0;1.0;1978.72
facility:2523787;626;29;74;3.0;626;367264.78;A;3;03;47.855;3.895;0.046326;0.118211;1.0;586.68
facility:2524163;360;28;1;3.0;360;242504.86;B;3;03;45.656;4.45;0.077778;0.002778;1.0;673.62
facility:2524686;67;2;15;2.0;67;44567.86;O;3;03;51.612;2.522;0.029851;0.223881;1.0;665.19
facility:2524740;507;9;20;2.5;507;207889.27;A;3;03;29.026;3.126;0.017751;0.039448;1.0;410.04
facility:2524805;846;22;71;2.0;846;347697.68;O;3;03;35.165;3.045;0.026005;0.083924;1.0;410.99
facility:2524848;404;3;0;3.0;404;201437.25;J;3;03;38.252;2.458;0.007426;0.0;1.0;498.61
facility:2524996;919;51;226;2.0;919;391653.29;O;3;03;45.473;2.379;0.055495;0.245919;1.0;426.17
facility:2525062;456;11;11;2.5;456;194458.03;A;3;03;41.064;3.55;0.024123;0.024123;1.0;426.44
facility:2525259;501;45;140;2.75;501;330254.86;B;3;03;53.281;3.683;0.08982;0.279441;1.0;659.19
facility:2525453;339;27;51;2.0;339;215348.07;O;3;03;49.749;3.746;0.079646;0.150442;1.0;635.25
facility:2525658;189;8;40;2.0;189;99465.45;O;3;03;43.825;2.958;0.042328;0.21164;1.0;526.27
facility:2525933;5344;282;297;2.0;5344;7731917.1;O;3;03;37.463;3.302;0.052769;0.055576;1.0;1446.84
facility:2526042;89;6;29;2.0;89;35524.56;A;3;03;41.416;3.045;0.067416;0.325843;1.0;399.15
facility:2526093;1088;1;2;3.0;1088;992309.59;A;3;99;17.286;3.015;0.000919;0.001838;1.0;912.05
facility:2526239;369;18;53;1.75;369;195861.71;O;3;03;38.106;2.55;0.04878;0.143631;1.0;530.79
facility:2526492;1666;0;3;3.0;1666;961183.38;A;3;03;39.215;2.974;0.0;0.001801;1.0;576.94
facility:2526557;388;0;0;2.5;388;148876.41;O;3;03;41.66;2.206;0.0;0.0;1.0;383.7
facility:2526638;11234;14;370;4.5;11234;7821255.99;A;1;03;6.402;5.325;0.001246;0.032936;1.0;696.21
facility:2526662;186;21;69;4.0;186;182880.78;B;3;03;59.199;4.274;0.112903;0.370968;1.0;983.23
facility:2526670;25;3;6;4.0;25;22154.93;B;3;01;65.28;4.48;0.12;0.24;1.0;886.2
facility:2527065;84;1;25;4.0;84;54196.69;B;1;99;52.929;5.012;0.011905;0.297619;1.0;645.2
facility:2527391;274;0;0;1.0;274;131999.19;O;3;99;26.609;1.058;0.0;0.0;1.0;481.75
facility:2527413;4893;182;188;2.0;4893;5420175.84;O;3;99;40.693;3.551;0.037196;0.038422;1.0;1107.74
facility:2527677;153;7;34;3.0;153;100745.69;B;3;03;54.052;3.706;0.045752;0.222222;1.0;658.47
facility:2527685;160;7;31;4.0;160;111390.15;B;3;03;56.244;5.0;0.04375;0.19375;1.0;696.19
facility:2527693;711;38;117;4.0;711;619891.96;B;3;03;54.726;4.669;0.053446;0.164557;1.0;871.86
facility:2528282;429;21;61;2.5;429;255287.39;J;3;03;46.562;4.177;0.048951;0.142191;1.0;595.08
facility:2528843;3650;457;47;6.0;3650;8896786.89;C;1;03;55.427;7.783;0.125205;0.012877;1.0;2437.48
facility:2529068;1698;172;303;5.5;1698;1472005.39;B;3;99;50.343;5.9;0.101296;0.178445;1.0;866.91
facility:2529149;20059;1225;880;6.0;20059;50526181.15;S;1;99;40.144;10.028;0.06107;0.043871;1.0;2518.88
facility:2529386;902;28;48;11.0;902;787761.91;I;1;03;65.045;12.557;0.031042;0.053215;1.0;873.35
facility:2529475;4904;1;271;2.5;4904;1968823.18;J;1;03;7.533;3.479;0.000204;0.055261;1.0;401.47
facility:2529769;756;0;1;2.0;756;231172.76;J;3;03;37.308;1.992;0.0;0.001323;1.0;305.78
facility:2529777;736;0;0;2.0;736;393280.81;A;3;03;38.942;2.101;0.0;0.0;1.0;534.35
facility:2530031;2073;3;52;3.0;2073;1190199.25;O;3;03;36.834;3.002;0.001447;0.025084;1.0;574.14
facility:2530236;3119;40;148;3.0;3119;2019022.57;O;3;99;28.305;3.903;0.012825;0.047451;1.0;647.33
facility:2530473;2488;21;26;1.0;2488;1098432.08;A;3;03;37.047;1.862;0.008441;0.01045;1.0;441.49
facility:2530805;330;0;0;0.0;330;657041.04;H;1;03;55.848;0.0;0.0;0.0;1.0;1991.03
facility:2531348;2341;280;95;2.0;2341;6042366.92;C;3;03;53.32;4.021;0.119607;0.040581;1.0;2581.11
facility:2531771;978;19;124;2.0;978;660084.13;A;3;99;37.366;2.259;0.019427;0.126789;1.0;674.93
facility:2531801;1541;22;5;2.0;1541;815138.23;O;3;03;36.628;2.244;0.014276;0.003245;1.0;528.97
facility:2531836;517;1;1;2.0;517;210154.11;A;3;03;34.352;2.484;0.001934;0.001934;1.0;406.49
facility:2531933;3104;1;1;3.0;3104;1213661.64;J;3;03;34.545;2.883;0.000322;0.000322;1.0;391.0
facility:2532093;2092;0;3;2.0;2092;811650.12;O;3;03;34.349;2.626;0.0;0.001434;1.0;387.98
facility:2532190;4468;230;176;2.0;4468;7162962.03;S;3;01;47.165;3.372;0.051477;0.039391;1.0;1603.17
facility:2532387;3176;193;600;2.0;3176;1362132.6;O;3;03;38.855;4.401;0.060768;0.188917;1.0;428.88
facility:2532522;598;53;219;2.5;598;216319.53;B;3;99;51.768;4.834;0.088629;0.366221;1.0;361.74
facility:2532549;1063;26;177;2.0;1063;596816.8;O;3;03;34.262;3.119;0.024459;0.16651;1.0;561.45
facility:2532638;31;1;27;2.25;31;91020.96;B;1;03;58.0;3.194;0.032258;0.870968;1.0;2936.16
facility:2532883;348;4;72;1.0;348;226965.13;O;3;03;31.23;1.736;0.011494;0.206897;1.0;652.2
facility:2533057;1444;96;155;2.0;1444;672587.52;O;3;03;43.817;3.808;0.066482;0.107341;1.0;465.78
facility:2533480;5654;193;417;2.0;5654;2869573.72;O;3;03;35.43;3.763;0.034135;0.073753;1.0;507.53
facility:2534444;3182;344;24;3.0;3182;7251545.33;C;3;03;46.132;5.383;0.108108;0.007542;1.0;2278.93
facility:2534460;5636;368;330;3.0;5636;9174596.21;S;1;03;43.582;4.541;0.065295;0.058552;1.0;1627.86
facility:2534517;901;21;103;3.0;901;542289.25;O;3;03;46.284;3.397;0.023307;0.114317;1.0;601.87
facility:2534525;90;6;36;2.0;90;79745.12;B;1;01;62.167;2.633;0.066667;0.4;1.0;886.06
facility:2534584;3273;98;207;2.0;3273;1517933.02;O;3;03;40.323;3.249;0.029942;0.063245;1.0;463.77
facility:2534789;1792;35;130;2.0;1792;1238100.85;B;3;03;47.468;3.121;0.019531;0.072545;1.0;690.9
facility:2534797;8;1;0;3.0;8;3956.78;J;3;03;58.875;3.5;0.125;0.0;1.0;494.6
facility:2534835;77;3;25;2.0;77;41132.53;R;3;99;54.416;3.494;0.038961;0.324675;1.0;534.19
facility:2534886;100;0;0;2.5;100;58997.66;N;3;03;53.66;2.51;0.0;0.0;1.0;589.98
facility:2534916;1093;26;199;2.0;1093;537950.42;O;3;99;35.36;2.681;0.023788;0.182068;1.0;492.18
facility:2534924;93;1;5;4.0;93;72820.83;B;1;99;56.344;5.097;0.010753;0.053763;1.0;783.02
facility:2534932;80;2;24;2.25;80;54356.43;B;3;03;51.662;2.9;0.025;0.3;1.0;679.46
facility:2534940;686;15;140;2.0;686;270349.53;O;3;99;40.964;2.052;0.021866;0.204082;1.0;394.1
facility:2534967;4609;410;900;2.0;4609;8501941.06;O;3;99;43.877;3.151;0.088956;0.19527;1.0;1844.64
facility:2535157;1163;55;132;2.0;1163;686163.18;Z;3;03;52.995;2.137;0.047291;0.1135;1.0;589.99
facility:2535165;526;5;23;2.0;526;336905.04;O;3;03;39.837;2.534;0.009506;0.043726;1.0;640.5
facility:2535181;157;3;44;2.5;157;75564.33;B;3;99;55.35;2.643;0.019108;0.280255;1.0;481.3
facility:2535211;82;3;9;2.0;82;27949.8;Z;1;99;54.829;3.073;0.036585;0.109756;1.0;340.85
facility:2535238;169;1;4;2.0;169;91253.04;O;3;03;37.556;1.775;0.005917;0.023669;1.0;539.96
facility:2535270;136;8;17;2.0;136;50528.31;J;3;04;48.669;3.471;0.058824;0.125;1.0;371.53
facility:2535408;211;18;84;4.0;211;311204.26;B;1;03;54.592;4.635;0.085308;0.398104;1.0;1474.9
facility:2535556;2394;246;74;3.0;2394;9694054.94;B;3;99;44.079;6.315;0.102757;0.030911;1.0;4049.31
facility:2535637;263;0;0;2.0;263;137260.88;B;3;99;46.304;2.821;0.0;0.0;1.0;521.9
facility:2535742;227;1;25;1.0;227;160052.71;O;3;03;38.921;1.63;0.004405;0.110132;1.0;705.08
facility:2535785;82;3;15;1.75;82;60201.13;B;1;03;58.634;2.159;0.036585;0.182927;1.0;734.16
facility:2535939;3197;9;14;31.0;3197;7043213.78;G;3;03;45.707;29.897;0.002815;0.004379;1.0;2203.07
facility:2535963;236;8;20;2.0;236;178818.31;B;3;01;46.534;3.097;0.033898;0.084746;1.0;757.7
facility:2536021;184;0;0;2.0;184;153757.55;B;1;99;60.571;2.88;0.0;0.0;1.0;835.64
facility:2536048;139;2;3;2.0;139;47023.98;Z;1;99;50.763;3.137;0.014388;0.021583;1.0;338.3
facility:2536293;2059;42;258;2.0;2059;1664590.01;O;3;01;37.869;3.287;0.020398;0.125304;1.0;808.45
facility:2536587;231;11;19;2.5;231;111419.6;J;3;03;47.186;3.26;0.047619;0.082251;1.0;482.34
facility:2536781;203;0;23;3.0;203;137997.53;B;3;01;48.296;4.379;0.0;0.1133;1.0;679.79
facility:2536838;400;14;19;2.0;400;165627.49;O;3;03;43.21;2.188;0.035;0.0475;1.0;414.07
facility:2536862;791;17;48;2.0;791;351866.25;O;3;01;44.861;2.399;0.021492;0.060683;1.0;444.84
facility:2536935;236;10;35;3.0;236;175146.07;O;3;03;41.102;4.11;0.042373;0.148305;1.0;742.14
facility:2537028;3285;61;423;2.0;3285;1706561.66;O;3;03;35.963;3.47;0.018569;0.128767;1.0;519.5
facility:2537788;19988;1724;768;2.0;19988;69963007.88;C;3;01;47.48;5.012;0.086252;0.038423;1.0;3500.25
facility:2537826;943;43;48;1.0;943;607452.32;O;3;01;41.871;2.569;0.045599;0.050901;1.0;644.17
facility:2537850;569;18;5;2.0;569;263255.45;J;3;99;45.359;2.719;0.031634;0.008787;1.0;462.66
facility:2537958;303;16;18;2.0;303;237026.51;J;1;01;56.941;2.211;0.052805;0.059406;1.0;782.27
facility:2538083;180;13;1;3.0;180;124399.31;J;1;01;60.633;4.161;0.072222;0.005556;1.0;691.11
facility:2538148;697;9;7;0.0;697;451745.4;M;1;01;49.344;0.615;0.012912;0.010043;1.0;648.13
facility:2538180;2778;188;136;2.0;2778;3829073.56;O;3;01;46.233;3.508;0.067675;0.048956;1.0;1378.36
facility:2538229;386;19;17;2.0;386;251668.55;J;3;01;49.92;2.534;0.049223;0.044041;1.0;651.99
facility:2538571;924;66;36;3.0;924;640465.66;B;3;01;53.36;3.543;0.071429;0.038961;1.0;693.14
facility:2543044;3180;332;82;2.0;3180;5429359.33;C;3;01;50.711;3.749;0.104403;0.025786;1.0;1707.35
facility:2543079;687;18;88;1.5;687;358481.2;K;3;01;49.167;1.76;0.026201;0.128093;1.0;521.81
facility:2545829;592;67;73;5.25;592;428221.75;B;1;03;55.231;6.274;0.113176;0.123311;1.0;723.35
facility:2546027;4686;2;12;2.0;4686;2701892.63;O;3;03;25.482;1.94;0.000427;0.002561;1.0;576.59
facility:2546671;348;4;47;2.5;348;194187.64;B;3;03;45.644;3.339;0.011494;0.135057;1.0;558.01
facility:2546736;214;6;45;3.0;214;158775.86;B;1;03;50.911;3.561;0.028037;0.21028;1.0;741.94
facility:2546957;6365;175;818;3.0;6365;7273346.18;S;1;03;48.099;4.273;0.027494;0.128515;1.0;1142.71
facility:2547090;308;19;96;3.0;308;152060.28;J;1;03;56.019;3.438;0.061688;0.311688;1.0;493.7
facility:2547201;415;16;135;2.25;415;166484.68;J;1;01;61.277;3.337;0.038554;0.325301;1.0;401.17
facility:2547317;1470;85;76;3.0;1470;1263586.81;K;3;01;49.502;5.511;0.057823;0.051701;1.0;859.58
facility:2547821;10600;577;385;3.0;10600;26467138.31;C;3;03;51.792;4.865;0.054434;0.036321;1.0;2496.9
facility:2549182;1181;56;173;3.0;1181;864701.52;O;3;03;48.666;4.041;0.047417;0.146486;1.0;732.18
facility:2549263;796;27;123;2.0;796;321617.56;O;3;01;42.647;2.657;0.03392;0.154523;1.0;404.04
facility:2549328;450;24;89;2.0;450;239421.64;O;3;01;46.936;4.073;0.053333;0.197778;1.0;532.05
facility:2549751;2039;65;146;2.0;2039;771767.36;O;3;01;41.468;2.367;0.031878;0.071604;1.0;378.5
facility:2549905;1388;213;212;4.0;1388;3982807.15;B;1;99;49.061;6.216;0.153458;0.152738;1.0;2869.46
facility:2550032;1301;2;1;2.0;1301;795514.44;O;3;99;40.041;4.101;0.001537;0.000769;1.0;611.46
facility:2550679;594;11;196;2.0;594;364271.98;B;3;03;44.684;2.012;0.018519;0.329966;1.0;613.25
facility:2550687;13860;1142;950;3.0;13860;13660052.79;S;1;03;51.834;3.999;0.082395;0.068543;1.0;985.57
facility:2550792;10008;677;213;3.0;10008;19978085.84;I;1;01;51.309;4.731;0.067646;0.021283;1.0;1996.21
facility:2550881;301;21;23;2.0;301;131486.22;J;1;01;57.299;3.073;0.069767;0.076412;1.0;436.83
facility:2550938;816;42;78;3.0;816;442086.53;B;3;01;56.26;3.275;0.051471;0.095588;1.0;541.77
facility:2550962;537;53;78;4.0;537;375524.29;J;1;01;57.972;4.994;0.098696;0.145251;1.0;699.3
facility:2551764;8317;552;598;2.0;8317;10475255.42;O;3;03;39.041;3.773;0.06637;0.071901;1.0;1259.5
facility:2552345;67;1;6;4.75;67;58017.54;B;3;03;60.463;4.851;0.014925;0.089552;1.0;865.93
facility:2553066;416;18;38;3.0;416;348680.18;J;1;01;54.76;4.036;0.043269;0.091346;1.0;838.17
facility:2553155;1659;89;164;2.0;1659;1040927.68;O;3;01;46.297;3.056;0.053647;0.098855;1.0;627.44
facility:2553163;270;9;28;3.0;270;225065.46;B;3;01;58.556;3.663;0.033333;0.103704;1.0;833.58
facility:2554011;470;23;102;3.0;470;204411.25;K;3;01;52.728;3.255;0.048936;0.217021;1.0;434.92
facility:2554097;664;38;118;4.5;664;542045.98;I;1;01;58.181;10.301;0.057229;0.177711;1.0;816.33
facility:2554429;728;22;51;2.0;728;347799.41;J;3;99;45.074;2.685;0.03022;0.070055;1.0;477.75
facility:2554518;1158;25;54;3.0;1158;802721.87;B;3;99;37.718;3.228;0.021589;0.046632;1.0;693.2
facility:2554623;345;1;48;2.0;345;280188.0;O;3;99;39.217;2.939;0.002899;0.13913;1.0;812.14
facility:2554658;230;0;5;2.75;230;145512.94;B;3;03;54.539;3.057;0.0;0.021739;1.0;632.66
facility:2554755;217;9;93;2.0;217;194160.87;B;1;99;52.622;3.369;0.041475;0.428571;1.0;894.75
facility:2554771;164;8;17;3.25;164;142061.45;B;3;03;53.067;4.378;0.04878;0.103659;1.0;866.23
facility:2554798;2156;177;351;1.25;2156;2418162.64;O;3;99;46.111;3.774;0.082096;0.162801;1.0;1121.6
facility:2555646;20325;1167;642;3.0;20325;34391771.81;O;3;01;42.083;5.366;0.057417;0.031587;1.0;1692.09
facility:2555840;1427;79;132;3.0;1427;1056035.13;B;3;01;48.24;4.048;0.055361;0.092502;1.0;740.04
facility:2555956;53;1;5;3.0;53;19674.83;J;1;03;52.811;3.189;0.018868;0.09434;1.0;371.22
facility:2556510;744;219;22;6.0;744;7930400.0;B;1;03;54.851;8.539;0.294355;0.02957;1.0;10659.14
facility:2556847;4657;179;193;2.0;4657;2404985.0;O;3;03;39.824;3.121;0.038437;0.041443;1.0;516.42
facility:2557088;392;36;79;3.0;392;144213.02;O;3;99;52.735;3.816;0.091837;0.201531;1.0;367.89
facility:2557118;2755;81;115;2.0;2755;1313428.28;O;3;01;42.674;3.438;0.029401;0.041742;1.0;476.74
facility:2557185;211;2;37;3.0;211;150988.75;A;1;01;53.393;3.128;0.009479;0.175355;1.0;715.59
facility:2557207;464;0;4;2.0;464;199811.26;O;3;01;25.946;2.08;0.0;0.008621;1.0;430.63
facility:2557509;1891;218;49;5.0;1891;7787762.05;I;1;03;62.018;6.783;0.115283;0.025912;1.0;4118.33
facility:2558017;2631;360;141;5.0;2631;5510042.83;B;3;01;51.089;7.368;0.13683;0.053592;1.0;2094.28
facility:2558246;9224;715;372;3.0;9224;56080855.21;I;1;01;57.652;5.338;0.077515;0.04033;1.0;6079.88
facility:2558254;16978;751;362;2.0;16978;33773800.79;O;3;01;38.456;3.162;0.044234;0.021322;1.0;1989.27
facility:2558262;588;12;71;2.0;588;289101.45;O;3;01;39.541;3.173;0.020408;0.120748;1.0;491.67
facility:2558289;1538;61;122;2.0;1538;2147985.7;O;3;01;41.443;3.148;0.039662;0.079324;1.0;1396.61
facility:2558300;239;5;23;2.0;239;83646.53;O;3;03;38.741;2.197;0.020921;0.096234;1.0;349.99
facility:2558327;492;14;31;2.0;492;261448.75;O;3;01;41.352;2.947;0.028455;0.063008;1.0;531.4
facility:2558351;176;9;20;2.25;176;87054.08;O;3;01;48.205;3.347;0.051136;0.113636;1.0;494.63
facility:2558408;38;1;4;3.0;38;15674.06;J;3;03;46.553;4.132;0.026316;0.105263;1.0;412.48
facility:2558459;2400;64;169;2.0;2400;1360032.57;O;3;01;38.895;2.928;0.026667;0.070417;1.0;566.68
facility:2558580;228;22;37;3.0;228;153566.3;B;3;03;52.377;4.64;0.096491;0.162281;1.0;673.54
facility:2558610;1431;56;152;2.75;1431;768150.34;O;3;03;47.493;4.096;0.039133;0.106219;1.0;536.79
facility:2559188;191;16;49;2.0;191;36146.24;R;1;01;54.984;2.791;0.08377;0.256545;1.0;189.25
facility:2560089;3718;0;13;2.0;3718;2050312.53;O;3;99;24.391;2.679;0.0;0.003497;1.0;551.46
facility:2560240;295;5;32;1.75;295;163196.97;O;3;03;41.169;2.115;0.016949;0.108475;1.0;553.21
facility:2560828;1245;92;236;3.0;1245;742637.82;O;3;03;49.087;3.932;0.073896;0.189558;1.0;596.5
facility:2560836;121;0;1;2.75;121;95794.2;B;3;99;46.711;3.521;0.0;0.008264;1.0;791.69
facility:2560852;7281;315;353;2.5;7281;10201453.03;O;3;01;32.971;3.953;0.043263;0.048482;1.0;1401.11
facility:2560976;493;26;91;4.0;493;353270.31;B;3;03;55.237;5.298;0.052738;0.184584;1.0;716.57
facility:2560984;577;34;91;3.0;577;402543.41;O;3;03;45.166;3.707;0.058925;0.157712;1.0;697.65
facility:2560992;244;11;42;3.0;244;132531.94;B;3;03;47.988;3.84;0.045082;0.172131;1.0;543.16
facility:2561018;138;5;16;5.0;138;75967.52;J;3;99;51.79;4.899;0.036232;0.115942;1.0;550.49
facility:2561034;92;7;19;4.0;92;98503.98;B;3;03;57.207;4.674;0.076087;0.206522;1.0;1070.7
facility:2561050;167;12;24;3.0;167;114068.65;B;1;99;53.743;4.006;0.071856;0.143713;1.0;683.05
facility:2561069;265;8;60;4.0;265;235231.2;B;3;99;53.762;4.589;0.030189;0.226415;1.0;887.66
facility:2561298;515;13;132;2.0;515;372787.44;B;3;03;49.233;3.167;0.025243;0.256311;1.0;723.86
facility:2561328;1725;33;892;1.0;1725;650884.0;O;3;02;39.749;1.679;0.01913;0.517101;1.0;377.32
facility:2561336;802;23;200;2.0;802;436619.17;O;3;03;45.771;3.378;0.028678;0.249377;1.0;544.41
facility:2561344;626;12;1;3.0;626;463717.11;O;3;03;41.489;3.297;0.019169;0.001597;1.0;740.76
facility:2561352;355;15;45;3.0;355;196986.94;B;3;99;44.789;4.138;0.042254;0.126761;1.0;554.89
facility:2561395;1872;110;154;2.0;1872;1072333.86;O;3;99;41.175;3.616;0.058761;0.082265;1.0;572.83
facility:2561409;371;12;19;3.0;371;213671.34;B;3;99;49.765;4.038;0.032345;0.051213;1.0;575.93
facility:2561417;3788;512;197;9.0;3788;10938410.21;B;1;03;48.114;12.819;0.135164;0.052006;1.0;2887.65
facility:2561425;2483;60;97;2.0;2483;1520435.52;O;3;99;35.457;3.638;0.024164;0.039066;1.0;612.34
facility:2561433;1483;16;56;1.0;1483;899756.01;O;3;03;34.79;3.01;0.010789;0.037761;1.0;606.71
facility:2561441;293;31;63;3.0;293;189299.59;B;3;03;54.922;4.304;0.105802;0.215017;1.0;646.07
facility:2561468;477;27;77;4.0;477;320008.54;B;1;99;54.881;4.969;0.056604;0.161426;1.0;670.88
facility:2561492;5641;302;60;5.0;5641;26995993.57;K;3;03;49.131;8.557;0.053537;0.010636;1.0;4785.68
facility:2561891;418;29;103;3.0;418;309505.64;B;3;99;49.878;4.443;0.069378;0.246411;1.0;740.44
facility:2562138;843;46;110;2.0;843;597291.26;B;3;99;47.391;4.855;0.054567;0.130486;1.0;708.53
facility:2562146;114;8;12;2.0;114;69718.71;O;3;99;43.412;3.535;0.070175;0.105263;1.0;611.57
facility:2562154;815;24;80;2.0;815;517727.45;O;3;03;44.466;3.223;0.029448;0.09816;1.0;635.25
facility:2562162;60;1;5;3.5;60;41197.45;J;3;03;49.983;5.05;0.016667;0.083333;1.0;686.62
facility:2562200;88;5;12;2.5;88;60441.8;O;3;03;48.466;3.886;0.056818;0.136364;1.0;686.84
facility:2562227;70;3;14;3.5;70;58147.69;B;3;03;47.814;3.629;0.042857;0.2;1.0;830.68
facility:2562316;4322;485;261;5.0;4322;3843733.88;S;1;03;47.843;7.573;0.112217;0.060389;1.0;889.34
facility:2562391;755;66;96;3.0;755;529436.17;O;3;03;46.662;4.249;0.087417;0.127152;1.0;701.24
facility:2562499;3651;16;33;2.0;3651;2825538.35;O;3;99;26.826;3.188;0.004382;0.009039;1.0;773.91
facility:2562545;3267;0;0;2.0;3267;1769473.01;O;3;03;25.623;2.706;0.0;0.0;1.0;541.62
facility:2562871;3398;70;155;1.0;3398;1628479.7;O;3;03;42.415;2.102;0.0206;0.045615;1.0;479.25
facility:2563347;92;3;17;3.5;92;76172.98;B;1;03;58.924;4.033;0.032609;0.184783;1.0;827.97
facility:2563355;215;5;36;3.25;215;124322.9;J;1;03;53.321;4.702;0.023256;0.167442;1.0;578.25
facility:2563363;231;0;0;4.5;231;157526.26;B;1;03;46.749;5.55;0.0;0.0;1.0;681.93
facility:2563460;845;58;108;3.0;845;618408.06;B;3;99;45.776;3.981;0.068639;0.127811;1.0;731.84
facility:2563479;299;4;3;3.0;299;184260.01;O;3;03;48.033;3.635;0.013378;0.010033;1.0;616.25
facility:2563487;547;23;106;2.5;547;362921.69;O;3;03;47.272;4.022;0.042048;0.193784;1.0;663.48
facility:2563681;11421;287;2298;3.0;11421;20101181.45;K;1;03;7.402;8.837;0.025129;0.201208;1.0;1760.02
facility:2564211;7417;587;108;3.0;7417;18057080.65;O;3;03;39.791;5.635;0.079143;0.014561;1.0;2434.55
facility:2564580;101;2;22;5.5;101;46415.85;J;1;03;57.703;6.218;0.019802;0.217822;1.0;459.56
facility:2564769;310;25;103;3.0;310;154972.25;B;3;03;53.603;3.671;0.080645;0.332258;1.0;499.91
facility:2566168;18765;114;90;3.0;18765;13512749.65;O;3;03;22.741;4.052;0.006075;0.004796;1.0;720.1
facility:2567466;521;42;142;3.0;521;523344.44;B;1;01;54.19;4.025;0.080614;0.272553;1.0;1004.5
facility:2568349;3199;317;125;2.0;3199;5294949.92;S;1;01;49.851;4.13;0.099093;0.039075;1.0;1655.19
facility:2568373;2920;168;106;2.0;2920;3901064.37;O;3;01;31.07;4.222;0.057534;0.036301;1.0;1335.98
facility:2568713;8226;534;307;3.0;8226;27273764.28;O;3;01;43.116;5.002;0.064916;0.037321;1.0;3315.56
facility:2568926;299;8;86;3.0;299;190405.76;A;3;01;58.281;3.221;0.026756;0.287625;1.0;636.81
facility:2569213;2104;35;243;2.0;2104;1031283.95;O;3;01;41.739;2.388;0.016635;0.115494;1.0;490.15
facility:2569671;231;6;19;2.0;231;120180.32;O;3;99;40.017;2.58;0.025974;0.082251;1.0;520.26
facility:2569701;281;7;67;1.25;281;106299.76;O;3;99;49.238;2.335;0.024911;0.238434;1.0;378.29
facility:2569760;487;9;102;2.0;487;282468.65;B;3;03;49.004;2.548;0.01848;0.209446;1.0;580.02
facility:2569809;650;0;0;0.0;650;681054.07;H;3;03;60.932;0.009;0.0;0.0;1.0;1047.78
facility:2569841;99;2;8;2.0;99;56815.49;I;1;03;66.182;2.374;0.020202;0.080808;1.0;573.89
facility:2570076;305;7;17;3.0;305;157409.62;A;3;99;58.803;3.056;0.022951;0.055738;1.0;516.1
facility:2570084;76;0;1;3.0;76;48411.18;A;1;03;52.816;2.803;0.0;0.013158;1.0;636.99
facility:2570378;341;13;41;2.0;341;332564.02;K;1;99;53.944;4.076;0.038123;0.120235;1.0;975.26
facility:2570416;233;0;0;2.0;233;76752.29;B;3;99;52.232;2.545;0.0;0.0;1.0;329.41
facility:2570424;60;3;9;3.5;60;41950.35;B;3;99;57.067;4.45;0.05;0.15;1.0;699.17
facility:2570777;143;4;2;7.0;143;216895.47;B;1;03;55.441;7.629;0.027972;0.013986;1.0;1516.75
facility:2570823;83;38;4;7.0;83;405635.26;J;1;03;62.518;9.096;0.457831;0.048193;1.0;4887.17
facility:2571072;116;0;0;1.0;116;213311.12;K;3;99;38.905;1.198;0.0;0.0;1.0;1838.89
facility:2571196;138;0;0;2.0;138;274999.16;K;3;04;43.196;1.645;0.0;0.0;1.0;1992.75
facility:2571218;194;4;14;2.0;194;84522.5;O;3;03;41.526;2.649;0.020619;0.072165;1.0;435.68
facility:2571242;238;0;3;2.0;238;264496.03;N;3;99;44.66;1.912;0.0;0.012605;1.0;1111.33
facility:2571439;121;2;19;2.0;121;106492.77;B;3;03;45.05;2.76;0.016529;0.157025;1.0;880.11
facility:2571811;786;71;102;3.0;786;532017.2;B;3;01;51.548;3.06;0.090331;0.129771;1.0;676.87
facility:2571978;259;15;51;4.0;259;204574.39;B;1;01;55.927;4.031;0.057915;0.196911;1.0;789.86
facility:2572192;706;53;123;2.5;706;622121.06;B;1;01;51.841;4.312;0.075071;0.174221;1.0;881.19
facility:2572257;142;4;48;3.5;142;123311.65;B;1;01;60.401;4.028;0.028169;0.338028;1.0;868.39
facility:2572265;14;0;0;3.0;14;2867.52;N;3;01;41.643;3.286;0.0;0.0;1.0;204.82
facility:2572370;690;19;55;3.0;690;439828.75;B;3;01;51.949;3.606;0.027536;0.07971;1.0;637.43
facility:2572443;1043;70;164;3.0;1043;769855.29;B;3;01;53.116;3.543;0.067114;0.157239;1.0;738.12
facility:2572818;1903;73;305;2.0;1903;1120118.92;K;3;01;44.874;1.916;0.03836;0.160273;1.0;588.61
facility:2573032;341;25;118;2.75;341;243558.3;B;3;01;57.56;3.155;0.073314;0.346041;1.0;714.25
facility:2573075;371;26;27;3.0;371;235305.5;B;3;01;49.655;3.625;0.070081;0.072776;1.0;634.25
facility:2573172;1336;148;114;4.0;1336;4610113.36;B;1;01;53.856;5.679;0.110778;0.085329;1.0;3450.68
facility:2573318;103;0;0;3.0;103;40224.64;J;3;01;49.398;3.078;0.0;0.0;1.0;390.53
facility:2573415;126;7;6;4.5;126;91283.42;J;3;99;58.389;4.698;0.055556;0.047619;1.0;724.47
facility:2573423;15;2;1;3.0;15;5443.14;I;1;01;65.267;6.733;0.133333;0.066667;1.0;362.88
facility:2573466;417;7;64;2.0;417;209985.97;J;3;01;48.247;2.916;0.016787;0.153477;1.0;503.56
facility:2575957;1158;77;14;2.0;1158;1002166.68;B;3;01;48.819;2.87;0.066494;0.01209;1.0;865.43
facility:2576198;3326;108;178;2.0;3326;2490481.82;O;3;01;35.173;2.835;0.032471;0.053518;1.0;748.79
facility:2576341;10121;1496;14;3.0;10121;53947319.43;I;1;01;59.207;5.373;0.147811;0.001383;1.0;5330.24
facility:2577283;497;6;275;2.0;497;160086.81;S;3;01;51.98;2.541;0.012072;0.55332;1.0;322.11
facility:2577380;719;182;29;6.5;719;3776553.05;B;1;01;59.345;8.324;0.253129;0.040334;1.0;5252.51
facility:2577410;2749;288;217;3.0;2749;5432212.27;B;3;01;51.441;4.777;0.104765;0.078938;1.0;1976.07
facility:2577445;9;1;2;2.75;9;2656.75;C;1;01;73.778;2.889;0.111111;0.222222;1.0;295.19
facility:2577623;8184;956;52;2.0;8184;18056062.88;C;3;01;56.673;4.337;0.116813;0.006354;1.0;2206.26
facility:2577763;4611;191;1034;4.0;4611;2625781.06;N;3;01;52.089;5.19;0.041423;0.224246;1.0;569.46
facility:2578506;999;0;0;0.0;999;2000571.27;H;1;99;58.849;0.104;0.0;0.0;1.0;2002.57
facility:2578670;3332;136;684;4.0;3332;3347668.32;B;1;01;53.374;5.149;0.040816;0.205282;1.0;1004.7
facility:2579391;2499;0;4;3.0;2499;1569843.88;O;3;01;25.632;2.838;0.0;0.001601;1.0;628.19
facility:2580055;7518;657;83;3.0;7518;30131510.66;I;1;01;50.082;5.805;0.08739;0.01104;1.0;4007.92
facility:2582058;208;4;54;3.0;208;146194.43;J;1;01;60.144;4.024;0.019231;0.259615;1.0;702.86
facility:2582066;301;14;95;2.25;301;150075.4;J;1;01;64.332;3.518;0.046512;0.315615;1.0;498.59
facility:2582449;5772;417;338;3.0;5772;5298286.57;O;3;01;42.858;4.262;0.072245;0.058559;1.0;917.93
facility:2582465;1008;41;301;2.0;1008;536224.09;I;3;01;50.086;2.092;0.040675;0.298611;1.0;531.97
facility:2582503;22;0;0;4.0;22;8715.63;N;3;01;56.318;4.182;0.0;0.0;1.0;396.16
facility:2582554;820;49;238;3.0;820;374238.54;B;3;01;54.604;2.867;0.059756;0.290244;1.0;456.39
facility:2582597;22;0;0;4.0;22;1928.79;R;3;99;68.864;4.455;0.0;0.0;1.0;87.67
facility:2582716;2989;116;126;2.0;2989;3984527.45;O;3;01;40.853;2.942;0.038809;0.042155;1.0;1333.06
facility:2583712;667;30;57;2.5;667;646081.54;B;3;01;51.541;3.795;0.044978;0.085457;1.0;968.64
facility:2584573;853;25;79;2.0;853;721082.6;B;3;01;50.237;2.444;0.029308;0.092614;1.0;845.35
facility:2584832;467;3;15;2.75;467;277928.3;J;3;01;48.079;2.662;0.006424;0.03212;1.0;595.14
facility:2585030;359;6;82;3.0;359;180694.28;J;3;01;54.047;3.178;0.016713;0.228412;1.0;503.33
facility:2585057;979;26;43;3.0;979;649336.11;J;3;01;45.822;3.383;0.026558;0.043922;1.0;663.26
facility:2586061;968;11;35;2.0;968;698864.51;A;3;01;46.636;2.51;0.011364;0.036157;1.0;721.97
facility:2586096;406;10;23;3.0;406;259947.43;A;1;01;57.648;3.453;0.024631;0.05665;1.0;640.26
facility:2586142;2405;143;38;2.5;2405;2892504.93;K;3;01;51.843;4.124;0.059459;0.0158;1.0;1202.7
facility:2586169;4596;393;19;2.0;4596;11137676.38;C;3;01;59.193;3.639;0.085509;0.004134;1.0;2423.34
facility:2587165;1;0;0;1.0;1;215.0;I;1;99;62.0;1.0;0.0;0.0;1.0;215.0
facility:2587289;2718;2;25;27.5;2718;2208123.0;F;1;01;35.834;21.321;0.000736;0.009198;1.0;812.41
facility:2587335;10308;592;864;3.0;10308;24877248.65;K;1;01;41.204;4.915;0.057431;0.083818;1.0;2413.39
facility:2587645;128;6;29;2.0;128;51451.4;B;3;01;58.055;3.336;0.046875;0.226562;1.0;401.96
facility:2587734;872;16;53;2.0;872;427455.53;J;3;01;47.128;2.947;0.018349;0.06078;1.0;490.2
facility:2587777;672;9;26;3.0;672;303819.97;I;3;99;51.981;3.292;0.013393;0.03869;1.0;452.11
facility:2587785;233;4;14;2.0;233;139290.24;O;3;01;41.833;2.691;0.017167;0.060086;1.0;597.81
facility:2587793;166;0;0;2.0;166;94722.25;J;3;99;74.072;2.596;0.0;0.0;1.0;570.62
facility:2587823;515;4;23;2.0;515;253269.02;O;3;01;44.833;2.217;0.007767;0.04466;1.0;491.78
facility:2588188;1644;53;172;2.0;1644;844981.67;O;3;01;45.555;2.663;0.032238;0.104623;1.0;513.98
facility:2588242;374;11;117;2.0;374;252397.59;O;3;01;45.746;1.898;0.029412;0.312834;1.0;674.86
facility:2589192;755;47;222;3.5;755;1048337.04;B;1;01;60.085;4.579;0.062252;0.29404;1.0;1388.53
facility:2589214;133;1;1;1.75;133;71562.6;O;3;03;43.105;1.654;0.007519;0.007519;1.0;538.06
facility:2589230;411;0;2;1.0;411;233284.66;O;3;01;30.092;1.234;0.0;0.004866;1.0;567.6
facility:2589265;2199;562;43;6.0;2199;15679090.96;B;1;03;55.216;7.872;0.255571;0.019554;1.0;7130.1
facility:2589516;2035;0;5;2.0;2035;1065500.98;O;3;99;25.537;2.513;0.0;0.002457;1.0;523.59
facility:2589532;452;14;70;4.5;452;1419693.74;B;1;03;50.927;7.08;0.030973;0.154867;1.0;3140.92
facility:2589605;2840;85;10;2.0;2840;7624087.75;O;3;99;35.635;3.507;0.02993;0.003521;1.0;2684.54
facility:2589737;1907;290;43;6.0;1907;10224510.38;B;1;03;54.785;8.594;0.152071;0.022549;1.0;5361.57
facility:2590166;327;7;22;3.0;327;135071.42;J;3;99;53.688;2.829;0.021407;0.067278;1.0;413.06
facility:2590182;2324;210;85;3.0;2324;3428706.71;N;1;01;54.065;3.74;0.090361;0.036575;1.0;1475.35
facility:2590727;2358;158;76;2.0;2358;3983345.33;S;3;99;42.263;4.087;0.067006;0.032231;1.0;1689.29
facility:2591049;7638;407;43;2.0;7638;16307171.56;O;3;01;38.368;4.001;0.053286;0.00563;1.0;2135.01
facility:2591340;496;8;10;2.25;496;249295.83;B;3;01;45.03;2.911;0.016129;0.020161;1.0;502.61
facility:2591863;264;16;34;4.0;264;89226.52;E;3;01;56.216;5.242;0.060606;0.128788;1.0;337.98
facility:2592053;1;0;0;8.0;1;416.39;K;3;99;69.0;8.0;0.0;0.0;1.0;416.39
facility:2592363;353;12;48;2.0;353;148200.18;O;3;01;44.278;2.414;0.033994;0.135977;1.0;419.83
facility:2592460;970;28;67;1.0;970;413274.43;O;3;03;39.662;1.873;0.028866;0.069072;1.0;426.06
facility:2592568;1800;162;64;2.0;1800;1303302.4;O;3;03;47.581;3.633;0.09;0.035556;1.0;724.06
facility:2592746;4474;230;122;2.0;4474;4879648.76;O;3;03;39.111;4.002;0.051408;0.027269;1.0;1090.67
facility:2593262;11925;1289;1749;5.0;11925;30349499.72;S;1;03;48.592;6.443;0.108092;0.146667;1.0;2545.03
facility:2593874;323;31;70;2.5;323;212726.6;B;3;03;51.217;4.861;0.095975;0.216718;1.0;658.6
facility:2593912;809;0;0;2.0;809;171399.0;F;1;01;32.896;3.791;0.0;0.0;1.0;211.87
facility:2594277;6195;31;94;2.0;6195;4407065.2;O;3;01;21.163;3.442;0.005004;0.015174;1.0;711.39
facility:2594366;3827;312;68;2.0;3827;7548905.09;I;1;01;55.978;3.626;0.081526;0.017768;1.0;1972.54
facility:2594714;9279;262;174;2.0;9279;17958483.19;O;3;01;30.342;4.129;0.028236;0.018752;1.0;1935.39
facility:2595125;1026;47;61;2.0;1026;683457.81;B;3;01;45.367;2.989;0.045809;0.059454;1.0;666.14
facility:2595265;1084;35;74;2.0;1084;757225.29;B;3;99;44.445;3.04;0.032288;0.068266;1.0;698.55
facility:2596784;188;16;15;3.0;188;90540.15;J;3;99;53.569;3.144;0.085106;0.079787;1.0;481.6
facility:2596792;264;6;5;4.0;264;122028.52;A;3;01;57.144;4.227;0.022727;0.018939;1.0;462.23
facility:2597586;380;21;37;2.0;380;201054.05;J;3;03;48.753;3.505;0.055263;0.097368;1.0;529.09
facility:2597594;1636;69;116;2.0;1636;668224.56;O;3;03;42.227;2.418;0.042176;0.070905;1.0;408.45
facility:2598183;3996;125;272;3.0;3996;1634636.82;S;1;03;45.345;3.102;0.031281;0.068068;1.0;409.07
facility:2598191;676;21;3;3.0;676;396597.9;O;3;03;46.564;2.652;0.031065;0.004438;1.0;586.68
facility:2598205;2124;7;81;2.0;2124;925447.39;O;3;03;18.031;2.508;0.003296;0.038136;1.0;435.71
facility:2598213;778;35;0;1.0;778;337427.32;O;3;99;39.055;2.988;0.044987;0.0;1.0;433.71
facility:2598221;560;0;0;4.0;560;216173.07;O;3;03;43.102;3.066;0.0;0.0;1.0;386.02
facility:2599643;135;1;0;1.0;135;77582.54;D;3;01;48.57;2.696;0.007407;0.0;1.0;574.69
facility:2599848;2;0;0;10.0;2;3019.05;B;1;03;53.0;10.0;0.0;0.0;1.0;1509.52
facility:2599856;309;148;35;10.25;309;3405156.24;B;1;99;57.023;13.867;0.478964;0.113269;1.0;11019.92
facility:2599899;1220;10;27;1.0;1220;805631.13;I;3;03;54.361;1.349;0.008197;0.022131;1.0;660.35
facility:2599996;216;7;54;2.0;216;80370.1;O;3;01;42.208;2.245;0.032407;0.25;1.0;372.08
facility:2600331;1426;206;86;4.0;1426;2066649.12;B;3;03;51.565;5.297;0.14446;0.060309;1.0;1449.26
facility:2600390;10;0;0;1.25;10;2887.76;E;3;03;55.9;1.7;0.0;0.0;1.0;288.78
facility:2600420;90;0;0;3.0;90;57046.08;J;1;03;50.478;3.389;0.0;0.0;1.0;633.85
facility:2600536;8256;814;216;6.0;8256;17481019.0;S;1;03;48.595;9.678;0.098595;0.026163;1.0;2117.37
facility:2600609;514;57;195;3.0;514;269775.31;B;1;03;50.397;4.835;0.110895;0.379377;1.0;524.85
facility:2600714;550;11;1;2.0;550;263512.08;O;3;03;37.378;2.671;0.02;0.001818;1.0;479.11
facility:2600730;495;23;48;2.0;495;255415.08;O;3;03;42.396;3.406;0.046465;0.09697;1.0;515.99
facility:2600854;1058;61;119;3.0;1058;599018.02;J;3;03;50.085;4.306;0.057656;0.112476;1.0;566.18
facility:2600935;97;3;4;2.0;97;32809.14;O;3;03;38.598;4.227;0.030928;0.041237;1.0;338.24
facility:2601079;30;2;9;6.0;30;12031.14;E;1;03;61.133;7.1;0.066667;0.3;1.0;401.04
facility:2601117;470;22;72;3.0;470;181867.1;O;3;03;49.149;4.27;0.046809;0.153191;1.0;386.95
facility:2601397;341;0;0;2.0;341;185932.17;J;3;03;41.677;2.22;0.0;0.0;1.0;545.26
facility:2601400;632;32;73;2.0;632;336892.34;O;3;03;42.715;3.68;0.050633;0.115506;1.0;533.06
facility:2601575;777;48;126;2.0;777;358710.97;O;3;03;46.501;3.118;0.061776;0.162162;1.0;461.66
facility:2601583;1656;92;299;2.0;1656;673333.91;O;3;03;40.002;4.309;0.055556;0.180556;1.0;406.6
facility:2601591;1017;50;30;2.0;1017;596497.25;T;3;03;45.467;2.347;0.049164;0.029499;1.0;586.53
facility:2601680;4873;296;37;2.0;4873;16737397.01;C;3;03;56.132;3.198;0.060743;0.007593;1.0;3434.72
facility:2601702;794;3;0;2.0;794;390510.78;O;3;03;29.621;2.538;0.003778;0.0;1.0;491.83
facility:2601710;2166;120;254;2.0;2166;1096965.9;O;3;03;40.746;3.295;0.055402;0.117267;1.0;506.45
facility:2601729;1790;66;131;2.0;1790;749469.8;O;3;03;37.237;3.199;0.036872;0.073184;1.0;418.7
facility:2601737;638;56;0;4.0;638;495034.09;A;1;03;57.373;4.918;0.087774;0.0;1.0;775.92
facility:2601753;498;0;0;4.0;498;302460.42;A;3;03;37.94;3.99;0.0;0.0;1.0;607.35
facility:2601761;46;3;15;2.0;46;21977.11;I;3;99;54.0;3.304;0.065217;0.326087;1.0;477.76
facility:2602032;392;0;0;2.0;392;158049.0;A;1;99;51.952;2.918;0.0;0.0;1.0;403.19
facility:2602075;1077;44;174;1.5;1077;480159.82;O;3;03;42.975;2.238;0.040854;0.16156;1.0;445.83
facility:2602083;2331;92;331;2.0;2331;1090784.5;O;3;03;38.004;3.094;0.039468;0.141999;1.0;467.95
facility:2602105;310;45;54;3.75;310;129178.84;I;3;03;58.123;5.768;0.145161;0.174194;1.0;416.71
facility:2602121;3308;84;201;2.0;3308;1684572.17;O;3;03;37.685;2.391;0.025393;0.060762;1.0;509.24
facility:2602172;948;39;72;2.0;948;366947.2;I;3;03;44.291;2.612;0.041139;0.075949;1.0;387.08
facility:2602202;229;14;31;1.75;229;77135.67;O;3;03;44.275;2.799;0.061135;0.135371;1.0;336.84
facility:2602210;365;12;15;3.0;365;204447.84;A;3;03;49.222;3.479;0.032877;0.041096;1.0;560.13
facility:2602563;229;17;77;2.0;229;117638.68;O;3;01;47.939;2.86;0.074236;0.336245;1.0;513.71
facility:2602571;466;7;0;1.0;466;248524.06;O;3;03;43.442;2.124;0.015021;0.0;1.0;533.31
facility:2602598;524;0;0;3.0;524;301202.87;B;1;03;47.914;3.019;0.0;0.0;1.0;574.81
facility:2602636;1539;56;129;3.0;1539;945278.25;A;3;03;33.364;2.855;0.036387;0.083821;1.0;614.22
facility:2602652;1728;26;220;2.0;1728;977439.31;J;3;03;35.906;2.528;0.015046;0.127315;1.0;565.65
facility:2602814;1739;0;287;3.0;1739;1426507.12;A;3;03;41.534;3.021;0.0;0.165037;1.0;820.3
facility:2602857;2070;1;0;2.0;2070;1149681.78;K;3;03;44.231;1.886;0.000483;0.0;1.0;555.4
facility:2602881;252;9;6;2.0;252;171194.67;B;3;03;46.056;2.944;0.035714;0.02381;1.0;679.34
facility:2603012;908;53;184;3.0;908;416651.9;O;3;03;42.909;4.523;0.05837;0.202643;1.0;458.87
facility:2603055;3342;253;434;2.0;3342;1974653.32;O;3;03;42.683;4.166;0.075703;0.129862;1.0;590.86
facility:2603071;236;23;42;2.5;236;93002.38;O;3;03;49.64;4.919;0.097458;0.177966;1.0;394.08
facility:2603284;38;2;0;2.0;38;11232.59;O;3;03;46.026;2.947;0.052632;0.0;1.0;295.59
facility:2603292;37;0;3;1.0;37;16996.88;O;3;03;28.243;1.297;0.0;0.081081;1.0;459.38
facility:2603691;68;0;1;4.0;68;40331.89;A;3;03;56.206;4.074;0.0;0.014706;1.0;593.12
facility:2603748;239;0;5;3.0;239;92189.9;J;3;04;50.874;2.753;0.0;0.020921;1.0;385.73
facility:2603799;49;1;8;2.0;49;20154.81;J;3;01;6.837;2.184;0.020408;0.163265;1.0;411.32
facility:2603802;1390;88;48;2.0;1390;877657.97;O;3;99;37.318;3.946;0.063309;0.034532;1.0;631.41
facility:2604388;12;0;0;2.75;12;72004.21;N;1;01;42.833;4.75;0.0;0.0;1.0;6000.35
facility:2604426;1386;27;110;2.0;1386;788702.28;O;3;03;38.215;2.304;0.019481;0.079365;1.0;569.05
facility:2604434;6876;619;266;3.0;6876;13880457.37;S;1;99;44.896;5.057;0.090023;0.038685;1.0;2018.68
facility:2604779;53;1;6;3.0;53;25123.41;O;3;03;49.17;3.132;0.018868;0.113208;1.0;474.03
facility:2605414;4344;36;22;2.0;4344;3926584.81;O;3;99;24.383;3.855;0.008287;0.005064;1.0;903.91
facility:2605430;150;1;2;3.0;150;59855.91;N;3;03;54.72;3.707;0.006667;0.013333;1.0;399.04
facility:2605449;24;3;6;1.75;24;11408.64;J;1;99;64.667;3.375;0.125;0.25;1.0;475.36
facility:2605473;3680;760;6;5.0;3680;9761056.38;S;1;03;54.208;6.914;0.206522;0.00163;1.0;2652.46
facility:2605481;1087;13;8;3.0;1087;983631.93;A;1;03;6.467;3.483;0.01196;0.00736;1.0;904.91
facility:2609673;1238;0;0;3.0;1238;940674.19;A;3;03;42.325;2.83;0.0;0.0;1.0;759.83
facility:2611201;259;15;67;3.0;259;139977.43;J;3;03;55.842;4.193;0.057915;0.258687;1.0;540.45
facility:2611295;3335;54;3;2.0;3335;2485210.06;O;3;03;31.476;2.172;0.016192;0.0009;1.0;745.19
facility:2611309;3364;202;38;1.0;3364;5582297.87;O;3;03;41.048;3.164;0.060048;0.011296;1.0;1659.42
facility:2611465;176;10;49;3.0;176;135416.21;B;3;03;56.222;4.102;0.056818;0.278409;1.0;769.41
facility:2611635;1159;1;16;3.0;1159;578027.71;A;1;99;4.242;3.58;0.000863;0.013805;1.0;498.73
facility:2611643;62;1;13;2.0;62;29390.28;O;3;03;45.419;2.823;0.016129;0.209677;1.0;474.04
facility:2611686;3879;12;10;2.0;3879;10798645.63;O;3;03;32.383;2.871;0.003094;0.002578;1.0;2783.87
facility:2611864;1095;54;61;2.0;1095;545952.08;O;3;99;42.738;2.621;0.049315;0.055708;1.0;498.59
facility:2613298;45;2;8;2.0;45;22418.65;O;3;03;51.956;2.8;0.044444;0.177778;1.0;498.19
facility:2613301;269;0;4;2.0;269;148098.81;K;3;03;35.981;1.68;0.0;0.01487;1.0;550.55
facility:2613379;2231;58;162;2.0;2231;1047952.79;O;3;03;43.547;2.635;0.025997;0.072613;1.0;469.72
facility:2613409;24;0;0;1.0;24;10657.6;O;3;03;28.375;1.042;0.0;0.0;1.0;444.07
facility:2613476;6131;654;137;2.0;6131;14704066.8;O;3;99;46.654;4.967;0.106671;0.022345;1.0;2398.31
facility:2613530;135;7;20;3.0;135;53917.12;J;3;03;60.089;4.311;0.051852;0.148148;1.0;399.39
facility:2613549;863;32;112;2.0;863;435852.12;Z;3;03;45.254;2.527;0.03708;0.12978;1.0;505.04
facility:2613565;191;5;35;3.0;191;94788.82;N;1;01;58.927;3.12;0.026178;0.183246;1.0;496.28
facility:2613611;62;2;10;2.75;62;27717.71;J;3;99;64.161;3.097;0.032258;0.16129;1.0;447.06
facility:2613638;117;2;24;2.0;117;36815.03;A;3;01;66.094;3.752;0.017094;0.205128;1.0;314.66
facility:2613689;146;11;32;4.25;146;92288.29;J;3;03;62.555;4.788;0.075342;0.219178;1.0;632.11
facility:2613697;39;5;10;2.0;39;24306.74;A;3;03;55.667;2.872;0.128205;0.25641;1.0;623.25
facility:2613743;1603;162;17;5.0;1603;7454928.85;I;1;99;63.598;6.646;0.101061;0.010605;1.0;4650.61
facility:2613751;1886;15;18;3.0;1886;764001.19;A;3;03;38.287;3.063;0.007953;0.009544;1.0;405.09
facility:2615711;1410;46;118;2.0;1410;1022194.63;O;3;03;35.202;3.301;0.032624;0.083688;1.0;724.96
facility:2615738;1065;13;159;2.0;1065;654444.48;O;3;03;38.131;2.668;0.012207;0.149296;1.0;614.5
facility:2615746;9376;349;444;2.0;9376;7807651.81;O;3;99;31.042;4.442;0.037223;0.047355;1.0;832.73
facility:2615797;5022;453;465;4.0;5022;3782354.21;S;1;03;42.419;6.04;0.090203;0.092593;1.0;753.16
facility:2615800;1746;0;0;1.5;1746;1112628.54;K;3;03;36.597;1.741;0.0;0.0;1.0;637.24
facility:2615835;3707;2;21;3.0;3707;2450309.39;O;3;03;19.913;3.793;0.00054;0.005665;1.0;661.0
facility:2615843;1509;29;175;2.0;1509;763910.5;O;3;03;32.099;2.645;0.019218;0.115971;1.0;506.24
facility:2615991;287;5;43;3.0;287;232893.4;B;1;03;45.411;3.275;0.017422;0.149826;1.0;811.48
facility:2616181;1487;21;147;3.0;1487;991979.68;O;3;99;34.746;4.241;0.014122;0.098857;1.0;667.1
facility:2616211;2322;27;334;2.0;2322;1168533.44;O;3;99;35.043;2.468;0.011628;0.143842;1.0;503.24
facility:2616483;3207;24;247;3.5;3207;1894777.42;O;3;99;34.335;3.454;0.007484;0.077019;1.0;590.83
facility:2616513;795;5;14;2.25;795;496370.11;J;3;99;41.784;3.016;0.006289;0.01761;1.0;624.36
facility:2619717;5793;89;23;2.0;5793;5022509.22;S;3;99;30.993;3.365;0.015363;0.00397;1.0;867.0
facility:2619938;2195;2;29;2.0;2195;1106304.78;O;3;99;19.188;2.179;0.000911;0.013212;1.0;504.01
facility:2619946;1094;32;71;2.0;1094;621624.48;O;3;03;33.971;3.346;0.02925;0.064899;1.0;568.21
facility:2620006;1158;11;106;2.0;1158;573375.09;O;3;03;38.301;2.342;0.009499;0.091537;1.0;495.14
facility:2620111;887;24;91;2.0;887;462686.53;O;3;03;40.188;2.988;0.027057;0.102593;1.0;521.63
facility:2620421;386;20;71;2.0;386;143671.1;O;3;03;43.376;3.554;0.051813;0.183938;1.0;372.2
facility:2620464;490;23;124;2.0;490;157053.06;O;3;99;40.257;3.367;0.046939;0.253061;1.0;320.52
facility:2621584;176;10;51;2.0;176;74072.54;J;1;03;46.574;2.915;0.056818;0.289773;1.0;420.87
facility:2621592;2623;31;215;2.0;2623;1760613.58;O;3;99;35.599;3.061;0.011819;0.081967;1.0;671.22
facility:2621614;1232;60;48;5.0;1232;1694260.08;S;1;99;33.646;8.181;0.048701;0.038961;1.0;1375.21
facility:2621649;2673;5;61;2.0;2673;1958238.71;O;3;03;31.586;2.511;0.001871;0.022821;1.0;732.6
facility:2622319;773;14;50;2.0;773;391775.3;O;3;03;36.3;3.511;0.018111;0.064683;1.0;506.82
facility:2622475;1663;4;0;2.0;1663;859835.48;O;3;99;35.849;2.457;0.002405;0.0;1.0;517.04
facility:2622491;729;0;0;2.0;729;224530.89;N;3;03;34.25;2.196;0.0;0.0;1.0;308.0
facility:2626659;1182;67;55;2.0;1182;1015005.07;S;1;01;49.307;4.242;0.056684;0.046531;1.0;858.72
facility:2626667;442;28;44;2.0;442;326496.23;B;3;01;52.778;3.774;0.063348;0.099548;1.0;738.68
facility:2627183;1340;64;125;2.0;1340;605245.34;O;3;99;37.726;2.766;0.047761;0.093284;1.0;451.68
facility:2627256;475;18;17;2.0;475;276985.96;D;3;01;47.789;2.943;0.037895;0.035789;1.0;583.13
facility:2627418;1795;72;329;2.0;1795;800702.64;O;3;99;40.031;3.573;0.040111;0.183287;1.0;446.07
facility:2627442;104;6;9;2.0;104;46053.77;O;3;03;43.846;2.817;0.057692;0.086538;1.0;442.82
facility:2629992;244;17;84;3.0;244;132239.7;B;1;01;62.127;3.992;0.069672;0.344262;1.0;541.97
facility:2630079;122;1;36;2.25;122;52335.57;J;3;01;54.697;2.77;0.008197;0.295082;1.0;428.98
facility:2630524;144;1;33;4.5;144;66424.57;J;3;99;56.333;4.326;0.006944;0.229167;1.0;461.28
facility:2631180;351;22;66;1.0;351;166048.12;O;3;04;42.607;2.425;0.062678;0.188034;1.0;473.07
facility:2638835;371;23;52;1.25;371;169733.95;O;3;03;42.377;2.803;0.061995;0.140162;1.0;457.5
facility:2638843;71;4;19;3.5;71;62138.03;B;1;03;56.338;4.155;0.056338;0.267606;1.0;875.18
facility:2638851;163;7;35;2.5;163;79907.44;N;3;03;54.969;3.466;0.042945;0.214724;1.0;490.23
facility:2638878;1540;74;253;2.0;1540;1063180.83;O;3;99;41.345;3.223;0.048052;0.164286;1.0;690.38
facility:2638894;160;5;13;3.75;160;104944.25;J;3;03;59.8;4.806;0.03125;0.08125;1.0;655.9
facility:2638908;250;21;79;3.0;250;73592.36;B;3;03;57.136;4.12;0.084;0.316;1.0;294.37
facility:2638916;127;3;27;4.5;127;130112.39;B;3;99;56.827;4.937;0.023622;0.212598;1.0;1024.51
facility:2638924;480;4;58;2.0;480;296630.55;O;3;99;43.827;3.306;0.008333;0.120833;1.0;617.98
facility:2638932;174;6;36;5.0;174;132509.44;B;3;99;58.81;5.546;0.034483;0.206897;1.0;761.55
facility:2638940;254;4;46;4.0;254;187702.52;B;3;03;52.224;4.327;0.015748;0.181102;1.0;738.99
facility:2638959;358;10;22;3.0;358;219386.75;O;3;03;47.757;4.235;0.027933;0.061453;1.0;612.81
facility:2638967;136;10;12;4.25;136;90667.28;O;3;03;50.912;5.882;0.073529;0.088235;1.0;666.67
facility:2638975;236;2;53;2.0;236;148613.37;J;3;04;50.869;2.898;0.008475;0.224576;1.0;629.72
facility:2638991;3013;8;69;2.0;3013;2009529.12;O;3;99;31.559;2.153;0.002655;0.022901;1.0;666.95
facility:2639009;936;261;34;4.0;936;3152031.29;C;3;99;61.388;6.665;0.278846;0.036325;1.0;3367.55
facility:2639025;704;34;108;4.0;704;404349.59;U;3;03;52.398;5.023;0.048295;0.153409;1.0;574.36
facility:2639033;52;3;14;5.75;52;25254.8;B;1;99;61.173;5.115;0.057692;0.269231;1.0;485.67
facility:2639041;225;12;57;4.0;225;194923.58;B;3;03;53.68;4.671;0.053333;0.253333;1.0;866.33
facility:2639068;533;19;55;3.0;533;314675.34;B;3;03;49.238;3.91;0.035647;0.103189;1.0;590.39
facility:2639092;434;7;50;2.5;434;206298.12;O;3;99;39.359;3.468;0.016129;0.115207;1.0;475.34
facility:2639106;219;6;18;3.0;219;132634.42;O;3;03;44.831;4.575;0.027397;0.082192;1.0;605.64
facility:2639114;36;0;0;2.0;36;12738.12;O;3;03;41.889;2.611;0.0;0.0;1.0;353.84
facility:2639157;139;5;15;4.0;139;92512.34;B;1;99;55.95;5.122;0.035971;0.107914;1.0;665.56
facility:2639173;522;18;57;2.0;522;348404.74;O;3;03;42.96;3.586;0.034483;0.109195;1.0;667.44
facility:2639203;174;5;10;3.0;174;117618.82;O;3;03;40.552;4.195;0.028736;0.057471;1.0;675.97
facility:2639211;351;12;35;2.0;351;210668.05;O;3;03;38.957;2.875;0.034188;0.099715;1.0;600.19
facility:2639238;323;15;14;3.0;323;135157.02;O;3;03;45.511;4.316;0.04644;0.043344;1.0;418.44
facility:2639246;559;14;62;2.0;559;278390.53;O;3;03;40.066;3.555;0.025045;0.110912;1.0;498.02
facility:2639254;68;0;5;2.0;68;20580.17;N;3;03;52.941;2.015;0.0;0.073529;1.0;302.65
facility:2639262;6941;355;168;3.0;6941;20537620.22;O;3;03;38.143;5.075;0.051145;0.024204;1.0;2958.88
facility:2639270;118;4;20;5.0;118;98524.04;B;1;99;58.051;5.517;0.033898;0.169492;1.0;834.95
facility:2639297;65;0;26;3.0;65;43962.7;J;3;01;54.692;3.492;0.0;0.4;1.0;676.35
facility:2639300;75;0;15;2.0;75;50908.6;B;3;01;48.627;2.947;0.0;0.2;1.0;678.78
facility:2639319;174;2;25;1.0;174;93138.85;O;3;01;39.69;2.351;0.011494;0.143678;1.0;535.28
facility:2639327;30;1;3;2.5;30;9270.97;E;1;01;53.767;2.667;0.033333;0.1;1.0;309.03
facility:2639343;164;3;110;2.0;164;108557.11;B;3;99;62.756;3.604;0.018293;0.670732;1.0;661.93
facility:2644711;1234;8;44;2.0;1234;604063.43;O;3;03;28.7;2.348;0.006483;0.035656;1.0;489.52
facility:2644827;130;7;3;2.5;130;53810.23;O;3;03;41.346;4.623;0.053846;0.023077;1.0;413.92
facility:2644835;368;12;91;2.0;368;170496.26;A;3;03;47.128;3.291;0.032609;0.247283;1.0;463.31
facility:2645157;13537;214;937;2.5;13537;10221117.69;O;3;99;32.76;4.646;0.015809;0.069218;1.0;755.05
facility:2646277;55;1;3;11.0;55;82500.0;B;1;03;57.655;11.782;0.018182;0.054545;1.0;1500.0
facility:2646358;457;3;9;2.0;457;168413.74;A;3;03;34.022;2.182;0.006565;0.019694;1.0;368.52
facility:2646366;689;1;0;2.0;689;423396.31;A;3;03;38.418;2.348;0.001451;0.0;1.0;614.51
facility:2646404;249;4;9;2.0;249;75131.48;A;3;99;36.996;2.799;0.016064;0.036145;1.0;301.73
facility:2646439;1035;0;1;2.0;1035;445857.6;K;3;03;37.957;2.222;0.0;0.000966;1.0;430.78
facility:2646447;446;3;28;2.0;446;183969.25;O;3;03;36.527;2.646;0.006726;0.06278;1.0;412.49
facility:2646463;594;0;1;2.0;594;195595.21;J;3;03;35.51;2.431;0.0;0.001684;1.0;329.28
facility:2646471;225;0;8;3.0;225;107108.79;N;3;03;37.667;3.764;0.0;0.035556;1.0;476.04
facility:2646498;247;0;0;4.0;247;78670.99;A;3;99;32.53;4.024;0.0;0.0;1.0;318.51
facility:2646536;3542;674;15;5.0;3542;8538145.79;C;3;99;55.413;8.993;0.190288;0.004235;1.0;2410.54
facility:2646544;1595;33;1129;0.0;1595;446809.75;O;3;99;37.727;2.213;0.02069;0.707837;1.0;280.13
facility:2646595;997;5;108;3.0;997;511652.21;N;3;03;36.487;3.252;0.005015;0.108325;1.0;513.19
facility:2646617;1072;0;0;3.0;1072;554588.23;A;3;03;38.759;3.242;0.0;0.0;1.0;517.34
facility:2646633;411;0;0;3.0;411;218483.97;J;1;03;41.703;3.282;0.0;0.0;1.0;531.59
facility:2646676;1491;0;0;2.0;1491;535438.82;A;3;03;31.517;2.042;0.0;0.0;1.0;359.11
facility:2646773;2329;197;11;0.0;2329;5979740.49;S;1;01;44.003;3.949;0.084586;0.004723;1.0;2567.51
facility:2646943;2778;76;194;2.0;2778;1376286.1;O;3;03;37.311;3.108;0.027358;0.069834;1.0;495.42
facility:2647036;94;16;0;7.5;94;659088.41;B;1;03;49.596;7.223;0.170213;0.0;1.0;7011.58
facility:2647095;792;38;152;2.0;792;563448.07;B;1;03;45.184;3.278;0.04798;0.191919;1.0;711.42
facility:2649497;126;40;66;13.0;126;1063732.51;I;1;03;45.175;17.151;0.31746;0.52381;1.0;8442.32
facility:2649527;841;313;25;14.25;841;1229663.42;C;1;03;59.195;16.017;0.372176;0.029727;1.0;1462.14
facility:2649985;32;3;4;2.0;32;15159.42;O;3;03;54.469;3.562;0.09375;0.125;1.0;473.73
facility:2650355;434;0;41;1.0;434;248665.44;O;3;03;25.111;1.23;0.0;0.09447;1.0;572.96
facility:2650533;1766;50;243;2.0;1766;905881.87;O;3;01;43.638;2.575;0.028313;0.137599;1.0;512.96
facility:2651351;4332;117;237;2.0;4332;2479044.19;O;3;99;29.108;2.963;0.027008;0.054709;1.0;572.26
facility:2651394;6536;255;84;3.0;6536;11710253.21;C;1;03;51.66;6.903;0.039015;0.012852;1.0;1791.65
facility:2651505;508;27;30;2.0;508;324514.57;O;3;01;44.02;3.321;0.05315;0.059055;1.0;638.81
facility:2651610;8009;613;189;2.75;8009;16103697.95;O;3;03;38.89;4.241;0.076539;0.023598;1.0;2010.7
facility:2652099;978;9;46;1.0;978;656173.81;K;3;01;43.777;2.194;0.009202;0.047035;1.0;670.93
facility:2652706;1405;85;274;2.25;1405;773321.06;B;1;03;44.006;3.459;0.060498;0.195018;1.0;550.41
facility:2653125;277;17;31;2.0;277;138283.02;O;3;03;45.899;2.83;0.061372;0.111913;1.0;499.22
facility:2653230;272;17;35;1.5;272;115733.27;O;3;99;41.618;3.548;0.0625;0.128676;1.0;425.49
facility:2653494;810;0;0;1.0;810;309510.75;O;3;03;28.607;1.738;0.0;0.0;1.0;382.11
facility:2653567;2410;0;0;0.0;2410;836053.0;Z;1;99;38.514;0.0;0.0;0.0;1.0;346.91
facility:2653699;953;38;230;3.0;953;359689.63;O;3;99;43.292;4.712;0.039874;0.241343;1.0;377.43
facility:2653923;15487;863;2227;3.0;15487;27669834.36;S;1;03;46.225;6.808;0.055724;0.143798;1.0;1786.65
facility:2653931;2354;0;8;2.0;2354;1365578.41;O;3;03;26.02;3.038;0.0;0.003398;1.0;580.11
facility:2653982;6564;367;180;4.0;6564;20391247.88;I;1;03;47.551;7.918;0.055911;0.027422;1.0;3106.53
facility:2654261;2460;24;76;4.5;2460;2590775.76;J;1;03;6.166;6.174;0.009756;0.030894;1.0;1053.16
facility:2655411;3185;79;51;3.0;3185;6694540.88;O;3;03;33.541;7.741;0.024804;0.016013;1.0;2101.9
facility:2655780;762;10;99;3.0;762;506276.26;B;3;03;48.43;3.66;0.013123;0.129921;1.0;664.4
facility:2655837;357;0;0;3.0;357;152119.33;A;3;03;41.863;3.476;0.0;0.0;1.0;426.1
facility:2655896;500;0;1;2.0;500;276627.65;A;3;03;41.264;2.788;0.0;0.002;1.0;553.26
facility:2655918;643;2;0;4.0;643;354729.1;A;3;03;41.017;5.003;0.00311;0.0;1.0;551.68
facility:2655969;356;1;0;4.0;356;186216.7;A;3;03;38.331;4.441;0.002809;0.0;1.0;523.08
facility:2656159;886;17;56;2.0;886;389375.32;N;3;99;44.599;2.251;0.019187;0.063205;1.0;439.48
facility:2656930;1461;91;0;4.0;1461;8586788.5;C;1;03;48.849;6.966;0.062286;0.0;1.0;5877.34
facility:2658372;1294;77;147;2.0;1294;830935.4;O;3;01;47.032;2.719;0.059505;0.113601;1.0;642.14
facility:2658542;111;4;12;2.0;111;45405.84;J;3;03;46.631;2.622;0.036036;0.108108;1.0;409.06
facility:2658801;70;3;7;3.0;70;90370.07;J;1;03;56.986;5.986;0.042857;0.1;1.0;1291.0
facility:2658860;43;0;0;1.0;43;34453.93;B;3;03;50.93;1.419;0.0;0.0;1.0;801.25
facility:2659069;1922;49;263;2.0;1922;1843717.63;B;1;99;47.57;4.844;0.025494;0.136837;1.0;959.27
facility:2659107;7138;252;35;3.0;7138;23958195.44;I;3;03;39.911;6.554;0.035304;0.004903;1.0;3356.43
facility:2659417;3224;245;103;2.0;3224;3225341.2;O;3;03;41.982;3.381;0.075993;0.031948;1.0;1000.42
facility:2659603;2191;38;305;2.0;2191;1376628.6;O;3;01;40.526;3.008;0.017344;0.139206;1.0;628.31
facility:2659832;525;0;0;0.0;525;928203.27;H;1;03;56.947;0.008;0.0;0.0;1.0;1768.01
facility:2659999;371;18;23;4.0;371;224447.83;O;3;03;44.73;4.162;0.048518;0.061995;1.0;604.98
facility:2660091;281;0;1;2.0;281;148404.03;O;3;03;38.107;1.868;0.0;0.003559;1.0;528.13
facility:2660210;2698;0;0;3.0;2698;1807687.42;J;3;03;34.069;3.069;0.0;0.0;1.0;670.01
facility:2660229;104;13;32;3.0;104;69294.99;B;3;03;58.913;5.0;0.125;0.307692;1.0;666.3
facility:2660253;85;10;15;2.5;85;32446.11;O;3;03;47.753;3.212;0.117647;0.176471;1.0;381.72
facility:2662914;1743;48;66;3.0;1743;3278212.78;J;1;01;8.5;4.791;0.027539;0.037866;1.0;1880.79
facility:2664151;1102;52;245;3.0;1102;780376.42;B;3;99;50.276;3.75;0.047187;0.222323;1.0;708.15
facility:2664283;90;4;27;3.75;90;74392.35;B;3;99;53.989;4.156;0.044444;0.3;1.0;826.58
facility:2664364;79;8;28;4.0;79;78312.74;B;1;03;58.987;5.051;0.101266;0.35443;1.0;991.3
facility:2664372;46;2;11;4.25;46;18837.65;J;1;03;60.283;5.957;0.043478;0.23913;1.0;409.51
facility:2664666;1251;57;145;2.0;1251;1164968.73;O;3;03;46.257;3.066;0.045564;0.115907;1.0;931.23
facility:2664690;55;2;25;1.5;55;27649.42;B;3;03;51.8;2.691;0.036364;0.454545;1.0;502.72
facility:2664879;2175;179;66;6.25;2175;5304898.34;B;1;01;51.048;11.014;0.082299;0.030345;1.0;2439.03
facility:2664984;1550;61;89;3.0;1550;1543029.59;F;1;99;50.554;8.705;0.039355;0.057419;1.0;995.5
facility:2665085;483;25;56;4.0;483;377497.93;B;3;01;55.621;5.793;0.05176;0.115942;1.0;781.57
facility:2665107;299;30;76;4.0;299;320686.23;B;1;01;60.411;4.946;0.100334;0.254181;1.0;1072.53
facility:2665190;771;6;76;1.5;771;368887.68;O;3;03;39.682;3.152;0.007782;0.098573;1.0;478.45
facility:2665352;289;1;0;2.0;289;138023.45;B;3;01;52.277;3.042;0.00346;0.0;1.0;477.59
facility:2665778;2019;2;5;1.5;2019;1053434.9;O;3;99;28.52;1.686;0.000991;0.002476;1.0;521.76
facility:2665883;2840;115;261;2.0;2840;2256797.59;O;3;01;40.144;3.247;0.040493;0.091901;1.0;794.65
facility:2666138;279;5;17;2.0;279;96560.96;K;3;01;57.48;2.706;0.017921;0.060932;1.0;346.1
facility:2666626;592;20;15;3.0;592;415227.49;J;3;01;48.887;4.152;0.033784;0.025338;1.0;701.4
facility:2666731;5224;270;98;2.0;5224;6788862.92;O;3;01;42.406;3.222;0.051685;0.01876;1.0;1299.55
facility:2667711;295;0;0;5.0;295;233054.47;A;3;99;41.841;4.542;0.0;0.0;1.0;790.02
facility:2667746;65;1;4;2.0;65;41713.15;J;1;03;60.8;3.246;0.015385;0.061538;1.0;641.74
facility:2672154;242;19;11;7.25;242;206045.29;B;1;01;56.033;6.979;0.078512;0.045455;1.0;851.43
facility:2672197;9797;284;365;2.0;9797;13799174.07;O;3;03;38.809;3.712;0.028988;0.037256;1.0;1408.51
facility:2672839;2089;102;113;2.0;2089;1561846.12;K;1;01;50.974;1.999;0.048827;0.054093;1.0;747.65
facility:2673916;7978;17;5;2.0;7978;10528555.32;M;3;99;35.784;4.906;0.002131;0.000627;1.0;1319.7
facility:2673932;4210;144;27;3.0;4210;9209625.18;S;1;03;50.64;5.377;0.034204;0.006413;1.0;2187.56
facility:2674327;2254;95;148;2.0;2254;1603986.19;O;3;01;38.737;3.529;0.042147;0.065661;1.0;711.62
facility:2674513;931;65;202;2.0;931;462222.65;O;3;03;40.149;2.467;0.069817;0.216971;1.0;496.48
facility:2674769;2322;228;930;4.5;2322;2541455.38;B;1;99;47.751;5.527;0.098191;0.400517;1.0;1094.51
facility:2674785;765;19;129;2.0;765;218056.32;R;3;99;40.725;2.675;0.024837;0.168627;1.0;285.04
facility:2675536;382;80;62;5.0;382;2338354.47;B;1;99;56.707;7.144;0.209424;0.162304;1.0;6121.35
facility:2675560;5594;369;344;2.0;5594;5123347.77;O;3;03;38.17;3.653;0.065964;0.061494;1.0;915.86
facility:2675714;1145;85;221;4.5;1145;767157.88;J;1;99;56.884;7.741;0.074236;0.193013;1.0;670.01
facility:2675951;664;5;0;3.0;664;294249.94;A;3;03;35.203;3.289;0.00753;0.0;1.0;443.15
facility:2676001;192;5;25;1.5;192;85233.69;B;1;03;44.526;2.411;0.026042;0.130208;1.0;443.93
facility:2676060;4162;265;65;4.0;4162;6081665.23;C;3;03;38.566;7.358;0.063671;0.015617;1.0;1461.24
facility:2676125;511;16;135;2.0;511;311715.2;B;3;99;43.593;2.947;0.031311;0.264188;1.0;610.01
facility:2676192;2065;53;165;2.75;2065;993789.58;O;3;03;36.023;3.221;0.025666;0.079903;1.0;481.25
facility:2676869;43;0;10;4.5;43;17957.57;J;1;03;58.442;4.814;0.0;0.232558;1.0;417.62
facility:2676923;2016;17;68;2.0;2016;939733.02;O;3;03;29.686;2.737;0.008433;0.03373;1.0;466.14
facility:2677040;1229;0;0;2.0;1229;363450.34;A;3;03;31.229;2.398;0.0;0.0;1.0;295.73
facility:2677407;2706;29;117;2.0;2706;1349232.79;J;3;99;37.71;2.807;0.010717;0.043237;1.0;498.61
facility:2677431;1718;0;0;4.0;1718;1123114.67;O;3;03;32.573;3.576;0.0;0.0;1.0;653.73
facility:2677563;2583;48;90;2.0;2583;1544637.94;O;3;03;35.523;3.964;0.018583;0.034843;1.0;598.0
facility:2677571;1912;61;96;2.0;1912;949463.61;O;3;03;37.076;2.546;0.031904;0.050209;1.0;496.58
facility:2677598;217;3;30;3.5;217;325500.0;B;1;03;51.147;3.382;0.013825;0.138249;1.0;1500.0
facility:2678179;9639;88;170;3.0;9639;9221939.91;O;3;03;14.998;4.459;0.00913;0.017637;1.0;956.73
facility:2678233;1484;6;89;1.0;1484;489940.64;A;3;99;41.319;1.129;0.004043;0.059973;1.0;330.15
facility:2678322;1034;2;12;3.0;1034;433396.49;F;3;01;36.527;4.103;0.001934;0.011605;1.0;419.15
facility:2678403;5316;303;106;2.0;5316;11187848.87;O;3;03;32.24;4.729;0.056998;0.01994;1.0;2104.56
facility:2678500;1162;0;84;2.0;1162;674554.47;O;3;99;37.35;3.434;0.0;0.072289;1.0;580.51
facility:2678578;3255;11;72;3.0;3255;1706195.07;A;3;03;31.543;3.624;0.003379;0.02212;1.0;524.18
facility:2678624;1144;7;5;2.25;1144;604725.31;O;3;99;38.83;3.174;0.006119;0.004371;1.0;528.61
facility:2678756;4592;31;59;3.0;4592;3055776.73;O;3;03;27.12;3.421;0.006751;0.012848;1.0;665.46
facility:2679191;391;17;0;4.0;391;238647.69;B;1;99;47.864;3.941;0.043478;0.0;1.0;610.35
facility:2679205;94;0;7;3.0;94;71240.72;B;3;03;56.298;3.489;0.0;0.074468;1.0;757.88
facility:2679469;3814;164;74;3.0;3814;4784355.59;I;1;99;58.293;5.082;0.042999;0.019402;1.0;1254.42
facility:2679477;1385;28;9;2.0;1385;668243.67;B;3;03;43.36;2.708;0.020217;0.006498;1.0;482.49
facility:2679639;4355;80;530;3.0;4355;2606427.68;O;3;99;33.935;4.169;0.01837;0.121699;1.0;598.49
facility:2679647;5439;101;631;3.0;5439;2560285.56;O;3;99;33.385;3.456;0.01857;0.116014;1.0;470.73
facility:2679671;582;1;48;7.0;582;289041.98;F;1;03;42.545;6.684;0.001718;0.082474;1.0;496.64
facility:2679736;3341;297;56;3.0;3341;7759486.32;S;1;01;48.737;4.917;0.088896;0.016761;1.0;2322.5
facility:2680017;218;5;211;1.0;218;361467.84;B;1;03;54.761;1.674;0.022936;0.96789;1.0;1658.11
facility:2680033;2201;0;0;2.0;2201;4511155.79;S;1;99;33.1;1.855;0.0;0.0;1.0;2049.59
facility:2680327;9;0;0;3.0;9;2975.45;J;1;03;30.444;3.0;0.0;0.0;1.0;330.61
facility:2680807;733;12;38;2.0;733;335372.01;O;3;01;32.749;2.377;0.016371;0.051842;1.0;457.53
facility:2680971;334;11;43;2.0;334;144617.58;O;3;01;40.955;3.018;0.032934;0.128743;1.0;432.99
facility:2681498;104;0;104;1.0;104;7321.39;B;3;01;55.712;2.75;0.0;1.0;1.0;70.4
facility:2682710;471;22;82;2.0;471;240555.34;J;3;03;53.187;2.476;0.046709;0.174098;1.0;510.73
facility:2683202;3329;234;242;4.0;3329;2034889.48;S;1;01;48.83;4.998;0.070291;0.072695;1.0;611.26
facility:2683210;3269;247;89;2.0;3269;3519767.09;O;3;01;40.567;4.19;0.075558;0.027225;1.0;1076.71
facility:2686791;3878;345;67;4.0;3878;10485760.8;I;1;01;59.172;4.978;0.088963;0.017277;1.0;2703.91
facility:2686813;88;6;4;3.0;88;35983.07;J;3;01;58.648;3.477;0.068182;0.045455;1.0;408.9
facility:2686929;1166;87;294;2.0;1166;678091.11;B;1;01;51.391;3.228;0.074614;0.252144;1.0;581.55
facility:2686953;6776;499;83;2.0;6776;15288518.7;C;3;01;48.582;4.128;0.073642;0.012249;1.0;2256.27
facility:2687038;2075;117;440;2.0;2075;1373378.47;B;3;01;44.72;2.289;0.056386;0.212048;1.0;661.87
facility:2687046;217;14;76;2.0;217;52951.44;J;1;01;56.525;2.47;0.064516;0.35023;1.0;244.02
facility:2687089;437;26;58;2.0;437;209845.45;O;3;01;45.211;2.767;0.059497;0.132723;1.0;480.2
facility:2687119;218;12;59;3.0;218;88001.5;J;3;01;54.101;3.367;0.055046;0.270642;1.0;403.68
facility:2687127;7281;803;432;3.0;7281;13706262.27;O;3;99;43.038;5.285;0.110287;0.059333;1.0;1882.47
facility:2688433;6694;685;333;3.0;6694;13718232.35;B;3;01;49.037;4.423;0.10233;0.049746;1.0;2049.33
facility:2688573;7365;827;85;4.0;7365;11063406.52;N;1;99;50.107;7.298;0.112288;0.011541;1.0;1502.16
facility:2688638;818;0;0;0.0;818;1371109.64;H;3;01;61.868;0.002;0.0;0.0;1.0;1676.17
facility:2688689;27513;2385;310;3.0;27513;79496640.67;C;1;01;46.667;7.036;0.086686;0.011267;1.0;2889.42
facility:2689863;214;4;5;1.0;214;111132.0;K;3;01;52.276;1.883;0.018692;0.023364;1.0;519.31
facility:2691469;1193;11;48;1.0;1193;2259965.54;M;1;01;45.253;2.218;0.00922;0.040235;1.0;1894.36
facility:2691477;315;12;63;3.0;315;128518.31;J;3;01;60.638;3.216;0.038095;0.2;1.0;407.99
facility:2691485;3434;263;269;2.0;3434;6586761.67;O;3;01;43.229;3.28;0.076587;0.078334;1.0;1918.1
facility:2691493;27;1;1;1.0;27;15181.99;K;3;01;57.556;1.333;0.037037;0.037037;1.0;562.3
facility:2691507;129;12;28;3.0;129;111227.37;B;1;01;63.961;3.597;0.093023;0.217054;1.0;862.23
facility:2691515;7080;596;349;2.5;7080;15867855.88;O;3;01;41.85;4.552;0.084181;0.049294;1.0;2241.22
facility:2691523;995;5;41;1.0;995;934755.73;B;1;01;43.776;2.027;0.005025;0.041206;1.0;939.45
facility:2691558;661;25;16;1.0;661;335212.13;N;3;01;53.979;1.967;0.037821;0.024206;1.0;507.13
facility:2691566;433;12;56;2.0;433;397038.42;B;3;01;52.416;2.767;0.027714;0.12933;1.0;916.95
facility:2691574;215;4;9;2.0;215;92492.91;J;1;01;59.972;3.293;0.018605;0.04186;1.0;430.2
facility:2691833;375;9;89;2.25;375;222554.05;B;1;01;55.805;3.048;0.024;0.237333;1.0;593.48
facility:2691841;8356;371;257;2.0;8356;11670188.41;S;1;01;51.945;5.195;0.044399;0.030756;1.0;1396.62
facility:2691868;8990;58;211;1.5;8990;9774339.98;K;1;01;6.983;3.67;0.006452;0.023471;1.0;1087.25
facility:2691876;509;54;19;29.0;509;401538.03;G;1;01;58.743;23.862;0.10609;0.037328;1.0;788.88
facility:2691884;3696;284;175;2.0;3696;9550132.18;O;3;01;44.445;4.678;0.07684;0.047348;1.0;2583.91
facility:2691892;223;10;37;3.0;223;213419.57;B;1;01;53.076;4.717;0.044843;0.165919;1.0;957.04
facility:2693801;12088;1840;370;7.0;12088;24368090.88;B;1;01;58.533;9.16;0.152217;0.030609;1.0;2015.89
facility:2694212;36;0;0;2.0;36;15699.67;A;3;03;55.056;3.056;0.0;0.0;1.0;436.1
facility:2694298;210;0;0;2.0;210;89978.3;A;3;03;47.467;2.281;0.0;0.0;1.0;428.47
facility:2694301;2258;1;2;3.0;2258;1345410.04;A;3;03;41.941;3.315;0.000443;0.000886;1.0;595.84
facility:2694530;1422;4;63;2.0;1422;590244.22;O;3;03;18.558;2.743;0.002813;0.044304;1.0;415.08
facility:2694719;1050;0;3;2.0;1050;409595.46;J;3;03;53.453;2.307;0.0;0.002857;1.0;390.09
facility:2694751;982;0;0;1.0;982;1512990.5;H;3;03;40.76;0.852;0.0;0.0;1.0;1540.72
facility:2694778;3350;373;1318;5.0;3350;4820702.04;B;1;99;55.254;6.978;0.111343;0.393433;1.0;1439.02
facility:2694891;1431;24;207;3.0;1431;687896.7;K;1;03;45.429;4.289;0.016771;0.144654;1.0;480.71
facility:2695138;708;10;43;2.0;708;332659.91;O;3;03;44.775;3.298;0.014124;0.060734;1.0;469.86
facility:2695324;11710;453;41;1.0;11710;21154475.2;S;3;03;44.338;2.602;0.038685;0.003501;1.0;1806.53
facility:2695375;1122;62;54;17.25;1122;1866407.0;I;1;03;62.73;17.784;0.055258;0.048128;1.0;1663.46
facility:2695634;522;16;28;6.0;522;6666913.69;Q;1;01;11.077;6.594;0.030651;0.05364;1.0;12771.87
facility:2695839;1093;30;128;2.0;1093;914470.54;B;3;99;49.012;3.47;0.027447;0.117109;1.0;836.66
facility:2696029;4515;41;187;3.0;4515;2080944.99;J;3;03;40.03;3.249;0.009081;0.041417;1.0;460.9
facility:2696746;5008;1119;1645;3.0;5008;4082363.17;B;1;99;58.782;4.513;0.223442;0.328474;1.0;815.17
facility:2696908;998;1;11;30.0;998;1735849.68;F;1;03;40.566;23.041;0.001002;0.011022;1.0;1739.33
facility:2696924;3006;243;246;3.0;3006;1736835.65;O;3;99;45.586;5.611;0.080838;0.081836;1.0;577.79
facility:2696932;1597;117;52;2.5;1597;2296569.89;S;1;02;36.301;6.852;0.073262;0.032561;1.0;1438.05
facility:2697041;2475;125;83;2.0;2475;5565730.09;I;1;03;53.167;4.796;0.050505;0.033535;1.0;2248.78
facility:2697254;105;0;0;0.0;105;326091.1;H;1;99;60.238;0.0;0.0;0.0;1.0;3105.63
facility:2697289;2165;51;308;2.0;2165;996452.47;O;3;99;34.497;2.826;0.023557;0.142263;1.0;460.26
facility:2697548;1294;44;105;2.25;1294;643535.07;K;3;03;46.923;3.409;0.034003;0.081144;1.0;497.32
facility:2697661;1390;38;78;8.0;1390;990848.59;N;1;03;49.766;6.777;0.027338;0.056115;1.0;712.84
facility:2697688;1368;0;34;2.0;1368;735360.66;O;3;99;25.365;2.422;0.0;0.024854;1.0;537.54
facility:2697947;1935;60;81;1.0;1935;829886.89;S;3;03;46.758;2.578;0.031008;0.04186;1.0;428.88
facility:2698374;715;38;120;3.0;715;359024.04;E;1;01;59.582;3.143;0.053147;0.167832;1.0;502.13
facility:2698463;1172;3;14;2.25;1172;940158.36;O;3;99;22.725;3.948;0.00256;0.011945;1.0;802.18
facility:2698471;1352;75;246;6.0;1352;2128747.24;I;1;99;52.138;8.82;0.055473;0.181953;1.0;1574.52
facility:2699842;3141;181;116;2.0;3141;3442781.9;O;3;03;37.201;3.68;0.057625;0.036931;1.0;1096.08
facility:2699850;813;9;129;2.0;813;522509.6;O;3;03;36.969;2.354;0.01107;0.158672;1.0;642.69
facility:2699915;4036;328;61;2.0;4036;5054121.62;O;3;01;48.165;3.984;0.081269;0.015114;1.0;1252.26
facility:2699966;1381;19;128;3.5;1381;879988.78;A;3;03;39.909;4.189;0.013758;0.092686;1.0;637.21
facility:2701561;159;0;0;0.0;159;281060.25;H;3;99;61.717;0.0;0.0;0.0;1.0;1767.67
facility:2701626;9;0;0;1.0;9;5574.75;D;3;03;48.444;1.444;0.0;0.0;1.0;619.42
facility:2702193;4036;215;505;3.0;4036;3841045.67;O;3;01;42.019;3.834;0.053271;0.125124;1.0;951.7
facility:2702681;123;0;0;2.0;123;178689.61;B;3;03;39.976;2.016;0.0;0.0;1.0;1452.76
facility:2702703;831;20;247;1.0;831;343239.38;T;3;03;39.39;1.67;0.024067;0.297232;1.0;413.04
facility:2702711;480;6;37;2.0;480;231905.21;O;3;03;36.075;3.075;0.0125;0.077083;1.0;483.14
facility:2702746;934;0;0;2.0;934;608774.59;B;3;03;37.919;3.349;0.0;0.0;1.0;651.79
facility:2702827;138;0;20;3.25;138;65113.08;J;3;99;48.0;4.58;0.0;0.144928;1.0;471.83
facility:2702835;105;0;0;5.0;105;46227.68;J;3;03;49.876;5.962;0.0;0.0;1.0;440.26
facility:2702843;137;7;33;2.75;137;87288.18;B;3;03;55.263;3.606;0.051095;0.240876;1.0;637.14
facility:2702886;9914;147;922;3.0;9914;12689230.96;O;3;99;18.665;5.481;0.014828;0.093;1.0;1279.93
facility:2702975;297;2;8;1.25;297;161990.07;O;3;03;38.68;2.222;0.006734;0.026936;1.0;545.42
facility:2702983;8606;731;770;3.0;8606;9279788.39;O;3;99;39.939;4.347;0.084941;0.089472;1.0;1078.29
facility:2702991;618;15;55;2.0;618;338267.98;O;3;03;41.432;3.023;0.024272;0.088997;1.0;547.36
facility:2703017;247;6;35;2.0;247;92260.35;O;3;99;49.575;3.279;0.024291;0.1417;1.0;373.52
facility:2703025;704;25;173;3.0;704;538091.98;B;3;99;51.124;3.615;0.035511;0.245739;1.0;764.34
facility:2703033;119;3;19;4.25;119;59743.55;J;3;03;53.79;3.941;0.02521;0.159664;1.0;502.05
facility:2703041;1696;2;15;2.0;1696;544578.63;O;3;03;34.632;2.873;0.001179;0.008844;1.0;321.1
facility:2703068;229;0;6;1.0;229;154580.94;O;3;03;36.55;2.782;0.0;0.026201;1.0;675.03
facility:2703076;139;3;14;4.0;139;98351.98;B;3;03;58.899;4.115;0.021583;0.100719;1.0;707.57
facility:2703084;329;7;53;3.5;329;242790.71;O;3;99;47.052;4.116;0.021277;0.161094;1.0;737.97
facility:2703092;168;0;12;2.25;168;99683.11;O;3;03;41.452;4.167;0.0;0.071429;1.0;593.35
facility:2703106;84;0;21;4.5;84;66487.09;B;3;03;60.19;4.988;0.0;0.25;1.0;791.51
facility:2703343;126;4;26;2.25;126;70186.44;J;3;99;43.429;2.944;0.031746;0.206349;1.0;557.04
facility:2703351;583;27;120;3.0;583;368916.02;O;3;03;47.926;4.105;0.046312;0.205832;1.0;632.79
facility:2703378;428;21;47;2.0;428;317304.11;O;3;03;48.829;3.528;0.049065;0.109813;1.0;741.36
facility:2703386;102;5;27;2.0;102;83149.65;U;1;99;55.186;3.196;0.04902;0.264706;1.0;815.19
facility:2703394;228;12;60;1.0;228;146725.68;K;3;03;50.421;3.268;0.052632;0.263158;1.0;643.53
facility:2703505;130;0;0;1.0;130;70326.99;O;3;01;26.938;1.023;0.0;0.0;1.0;540.98
facility:2704390;252;1;79;2.5;252;133740.18;J;3;99;50.921;2.829;0.003968;0.313492;1.0;530.71
facility:2704587;2429;148;176;3.0;2429;1572171.11;O;3;01;40.546;4.992;0.06093;0.072458;1.0;647.25
facility:2704595;1217;10;54;3.75;1217;1104799.36;J;1;99;5.232;4.406;0.008217;0.044371;1.0;907.81
facility:2704633;755;60;24;3.0;755;478354.09;B;1;01;50.473;4.819;0.07947;0.031788;1.0;633.58
facility:2704900;9410;823;254;2.0;9410;24945432.91;O;3;01;42.867;4.546;0.08746;0.026993;1.0;2650.95
facility:2705222;4198;481;162;2.5;4198;8204637.12;O;3;01;46.938;4.657;0.114578;0.03859;1.0;1954.42
facility:2705249;406;49;55;3.0;406;343048.51;B;1;01;54.121;4.099;0.12069;0.135468;1.0;844.95
facility:2705737;2795;0;38;1.0;2795;1829297.82;O;3;03;24.342;1.626;0.0;0.013596;1.0;654.49
facility:2705842;1493;0;58;2.0;1493;734005.63;O;3;03;23.922;2.585;0.0;0.038848;1.0;491.63
facility:2705923;348;8;58;2.0;348;189884.84;O;3;03;49.776;3.468;0.022989;0.166667;1.0;545.65
facility:2705982;18039;1763;124;3.0;18039;50574986.84;O;3;01;45.324;4.896;0.097733;0.006874;1.0;2803.65
facility:2706563;6514;16;14;3.0;6514;3660647.5;A;3;03;48.42;2.85;0.002456;0.002149;1.0;561.97
facility:2706709;387;0;29;3.0;387;269270.94;B;1;03;49.755;4.078;0.0;0.074935;1.0;695.79
facility:2707519;890;173;57;15.0;890;1293347.15;E;1;03;64.819;18.275;0.194382;0.064045;1.0;1453.2
facility:2707527;1628;40;22;4.0;1628;2673066.13;B;3;03;36.327;6.02;0.02457;0.013514;1.0;1641.93
facility:2707608;174;27;12;3.0;174;113334.78;I;3;01;61.402;4.805;0.155172;0.068966;1.0;651.35
facility:2707632;1346;120;491;3.0;1346;808272.63;B;1;99;45.632;5.161;0.089153;0.364785;1.0;600.5
facility:2707675;5472;314;153;4.0;5472;9770380.59;O;3;99;35.764;7.458;0.057383;0.027961;1.0;1785.52
facility:2707918;11307;662;166;2.0;11307;24129353.37;C;3;01;47.663;3.876;0.058548;0.014681;1.0;2134.02
facility:2707942;251;21;30;4.0;251;268116.38;B;3;01;62.562;5.47;0.083665;0.119522;1.0;1068.19
facility:2707950;3475;306;178;2.0;3475;5816965.28;O;3;01;45.947;5.091;0.088058;0.051223;1.0;1673.95
facility:2707969;4316;317;210;2.0;4316;4295051.38;O;3;01;43.413;4.566;0.073448;0.048656;1.0;995.15
facility:2707993;461;45;52;3.5;461;366698.84;J;3;01;66.026;6.189;0.097614;0.112798;1.0;795.44
facility:2708000;1038;32;25;3.0;1038;651691.66;I;3;01;49.583;4.624;0.030829;0.024085;1.0;627.83
facility:2708078;978;63;270;5.0;978;515175.68;F;1;99;53.141;7.178;0.064417;0.276074;1.0;526.76
facility:2708353;2818;47;31;3.0;2818;5615867.08;O;3;03;20.652;8.519;0.016678;0.011001;1.0;1992.86
facility:2708566;280;1;0;0.0;280;4039642.43;I;1;99;43.079;3.129;0.003571;0.0;1.0;14427.29
facility:2708760;23;0;0;0.0;23;8206.63;D;1;99;67.87;0.0;0.0;0.0;1.0;356.81
facility:2708779;14376;2104;317;3.0;14376;30353122.48;O;3;01;50.405;5.752;0.146355;0.022051;1.0;2111.37
facility:2708892;792;16;40;2.0;792;420484.78;O;3;03;32.398;3.028;0.020202;0.050505;1.0;530.92
facility:2708906;432;11;37;2.0;432;274494.53;O;3;03;36.375;3.104;0.025463;0.085648;1.0;635.4
facility:2708914;167;4;3;2.0;167;78427.01;O;3;03;27.814;3.006;0.023952;0.017964;1.0;469.62
facility:2708922;922;21;53;2.0;922;568675.54;O;3;03;34.451;2.398;0.022777;0.057484;1.0;616.78
facility:2708930;454;16;53;3.0;454;346222.37;B;3;03;43.925;3.65;0.035242;0.11674;1.0;762.6
facility:2709848;5101;587;225;2.5;5101;9255230.98;O;3;03;48.199;5.159;0.115075;0.044109;1.0;1814.4
facility:2710447;568;11;38;2.0;568;314692.49;O;3;03;39.917;2.741;0.019366;0.066901;1.0;554.04
facility:2710455;238;9;37;3.0;238;133749.34;J;1;03;52.063;4.718;0.037815;0.155462;1.0;561.97
facility:2710463;733;6;47;2.0;733;354371.28;O;3;03;33.808;2.538;0.008186;0.06412;1.0;483.45
facility:2710498;4248;244;137;3.0;4248;6011618.64;B;3;99;42.197;4.525;0.057439;0.03225;1.0;1415.16
facility:2710935;7241;328;152;3.0;7241;13899839.58;O;3;03;26.709;5.991;0.045298;0.020992;1.0;1919.6
facility:2711184;1977;8;0;2.0;1977;806932.71;O;3;03;30.224;2.319;0.004047;0.0;1.0;408.16
facility:2711389;27;0;11;4.25;27;12110.87;J;3;99;62.852;4.926;0.0;0.407407;1.0;448.55
facility:2711451;120;0;21;2.25;120;61494.7;J;1;03;45.083;2.267;0.0;0.175;1.0;512.46
facility:2711613;8031;28;70;3.0;8031;7854253.91;O;3;03;26.013;4.543;0.003486;0.008716;1.0;977.99
facility:2711850;1451;30;71;2.0;1451;822049.21;O;3;99;35.334;3.157;0.020675;0.048932;1.0;566.54
facility:2711877;226;12;76;2.75;226;141656.71;B;3;03;51.283;3.08;0.053097;0.336283;1.0;626.8
facility:2711885;2784;100;158;2.0;2784;1298548.92;O;3;99;34.37;4.121;0.03592;0.056753;1.0;466.43
facility:2711893;825;19;39;1.0;825;456791.57;O;3;03;36.475;2.446;0.02303;0.047273;1.0;553.69
facility:2711907;142;1;9;3.25;142;79513.35;B;1;01;49.486;4.085;0.007042;0.06338;1.0;559.95
facility:2711931;165;21;60;2.25;165;151525.68;B;3;03;57.394;4.042;0.127273;0.363636;1.0;918.34
facility:2711958;3403;17;126;2.0;3403;1687639.91;O;3;03;24.735;2.478;0.004996;0.037026;1.0;495.93
facility:2711974;3346;58;377;4.0;3346;1905054.0;J;1;03;27.992;5.098;0.017334;0.112672;1.0;569.35
facility:2711990;2030;39;273;6.0;2030;1316323.35;J;1;03;35.794;7.2;0.019212;0.134483;1.0;648.44
facility:2712008;5525;211;129;3.0;5525;8777042.33;O;3;03;23.338;4.755;0.03819;0.023348;1.0;1588.6
facility:2712016;516;10;15;3.75;516;410826.42;B;3;03;47.936;4.692;0.01938;0.02907;1.0;796.18
facility:2712024;96;8;20;4.25;96;28385.64;J;3;99;69.146;5.427;0.083333;0.208333;1.0;295.68
facility:2712032;3532;70;61;2.0;3532;1966775.87;O;3;03;37.239;2.985;0.019819;0.017271;1.0;556.84
facility:2712040;6832;335;245;2.0;6832;6287242.33;O;3;03;35.042;3.853;0.049034;0.035861;1.0;920.26
facility:2712059;366;28;137;3.0;366;282631.31;B;3;99;55.653;4.156;0.076503;0.374317;1.0;772.22
facility:2712067;234;17;53;5.0;234;197760.54;B;1;03;59.662;5.06;0.07265;0.226496;1.0;845.13
facility:2712180;12;0;0;2.0;12;5788.88;O;3;03;45.917;3.25;0.0;0.0;1.0;482.41
facility:2713497;505;140;170;6.0;505;2513658.61;J;3;03;62.192;7.22;0.277228;0.336634;1.0;4977.54
facility:2714485;334;4;35;6.75;334;244726.01;B;1;03;49.512;7.602;0.011976;0.10479;1.0;732.71
facility:2715163;450;0;0;1.0;450;202385.59;O;3;99;35.342;1.636;0.0;0.0;1.0;449.75
facility:2715171;95;4;47;1.75;95;84933.0;B;3;99;61.074;3.042;0.042105;0.494737;1.0;894.03
facility:2715198;88;2;22;2.75;88;57260.4;J;1;99;47.739;3.92;0.022727;0.25;1.0;650.69
facility:2715201;536;3;36;2.0;536;329834.33;K;3;99;41.903;2.409;0.005597;0.067164;1.0;615.36
facility:2715228;226;2;1;4.0;226;111267.49;J;3;03;48.686;4.544;0.00885;0.004425;1.0;492.33
facility:2715244;2;0;0;5.5;2;1731.82;A;1;03;45.0;5.5;0.0;0.0;1.0;865.91
facility:2715252;118;1;22;3.25;118;80223.96;B;3;03;52.873;3.873;0.008475;0.186441;1.0;679.86
facility:2715260;136;10;29;2.25;136;59946.37;O;3;99;52.588;4.11;0.073529;0.213235;1.0;440.78
facility:2715279;80;1;21;1.0;80;51627.52;O;3;99;38.262;1.725;0.0125;0.2625;1.0;645.34
facility:2715287;219;11;73;6.0;219;137824.07;B;1;03;59.671;5.703;0.050228;0.333333;1.0;629.33
facility:2715295;21;0;6;1.75;21;9768.71;J;3;99;65.81;3.048;0.0;0.285714;1.0;465.18
facility:2715309;217;8;29;2.75;217;93178.85;O;3;99;43.235;4.816;0.036866;0.133641;1.0;429.4
facility:2715317;607;29;38;2.0;607;378649.73;O;3;99;45.649;3.104;0.047776;0.062603;1.0;623.81
facility:2715341;45;3;19;1.75;45;38744.7;B;3;99;53.267;2.311;0.066667;0.422222;1.0;860.99
facility:2715368;58;3;13;4.5;58;20117.88;B;3;03;60.81;4.155;0.051724;0.224138;1.0;346.86
facility:2715376;15;0;5;2.0;15;9028.1;O;3;03;48.133;2.6;0.0;0.333333;1.0;601.87
facility:2715384;282;8;53;4.75;282;203908.65;B;3;03;51.426;5.099;0.028369;0.187943;1.0;723.08
facility:2715392;47;6;18;2.0;47;20979.65;R;3;99;52.447;3.362;0.12766;0.382979;1.0;446.38
facility:2715864;6768;7;89;2.0;6768;5066405.0;O;3;01;24.41;2.513;0.001034;0.01315;1.0;748.58
facility:2716097;6885;939;95;4.0;6885;16484428.78;O;3;03;36.718;6.585;0.136383;0.013798;1.0;2394.25
facility:2716275;1546;14;45;1.5;1546;645194.66;O;3;01;44.646;1.965;0.009056;0.029107;1.0;417.33
facility:2716291;228;14;19;2.0;228;99260.76;N;3;01;54.504;2.741;0.061404;0.083333;1.0;435.35
facility:2716593;1014;69;590;1.5;1014;402663.84;I;1;01;49.466;2.466;0.068047;0.581854;1.0;397.1
facility:2716801;113;1;2;3.0;113;174773.59;C;1;03;11.965;3.531;0.00885;0.017699;1.0;1546.67
facility:2717379;685;3;0;3.0;685;248535.72;O;3;03;32.888;2.82;0.00438;0.0;1.0;362.83
facility:2717395;821;28;46;2.0;821;568578.23;O;3;03;35.449;3.719;0.034105;0.056029;1.0;692.54
facility:2719010;367;1;0;2.0;367;158554.64;L;3;03;49.237;4.128;0.002725;0.0;1.0;432.03
facility:2719290;842;14;509;0.0;842;309779.2;R;3;03;41.008;1.474;0.016627;0.604513;1.0;367.91
facility:2719363;80;0;0;1.0;80;36112.0;O;3;99;24.925;1.0;0.0;0.0;1.0;451.4
facility:2719894;29;0;0;1.0;29;12858.6;O;3;03;24.793;0.966;0.0;0.0;1.0;443.4
facility:2720035;1266;142;45;7.0;1266;1854829.74;B;1;99;36.199;11.237;0.112164;0.035545;1.0;1465.11
facility:2720043;446;36;136;5.0;446;399514.33;B;1;03;58.652;6.289;0.080717;0.304933;1.0;895.77
facility:2721643;432;2;42;2.0;432;210646.01;A;3;03;34.688;2.836;0.00463;0.097222;1.0;487.61
facility:2722321;136;0;16;4.75;136;157669.49;B;1;03;46.632;5.206;0.0;0.117647;1.0;1159.33
facility:2722356;174;4;9;1.0;174;67571.3;O;3;03;36.81;2.523;0.022989;0.051724;1.0;388.34
facility:2722364;114;1;13;3.5;114;45584.3;O;3;03;43.307;4.447;0.008772;0.114035;1.0;399.86
facility:2722372;290;2;24;1.5;290;205657.97;O;3;03;37.917;2.593;0.006897;0.082759;1.0;709.17
facility:2722380;316;0;0;1.0;316;142997.4;O;3;03;23.766;1.0;0.0;0.0;1.0;452.52
facility:2722399;1078;27;131;4.0;1078;604911.36;O;3;03;38.158;4.643;0.025046;0.121521;1.0;561.14
facility:2722410;804;16;133;4.5;804;793154.73;B;3;99;44.218;5.723;0.0199;0.165423;1.0;986.51
facility:2722429;307;7;26;3.5;307;125512.32;O;3;99;44.033;4.052;0.022801;0.084691;1.0;408.83
facility:2722844;955;61;187;3.0;955;462349.0;O;3;03;47.083;3.729;0.063874;0.195812;1.0;484.14
facility:2722895;594;0;0;1.0;594;554746.35;K;1;03;37.785;0.798;0.0;0.0;1.0;933.92
facility:2723190;39;18;0;9.0;39;28962.31;C;3;03;59.333;12.256;0.461538;0.0;1.0;742.62
facility:2723212;5996;11;66;2.0;5996;4224161.06;O;3;99;21.595;3.05;0.001835;0.011007;1.0;704.5
facility:2723220;5450;166;6;2.0;5450;19816027.17;C;3;03;59.939;3.428;0.030459;0.001101;1.0;3635.97
facility:2723255;827;45;114;2.0;827;484618.48;O;3;99;47.231;3.322;0.054414;0.137848;1.0;586.0
facility:2724308;347;48;88;5.0;347;278868.6;B;1;99;58.184;6.092;0.138329;0.253602;1.0;803.66
facility:2724359;240;20;59;4.75;240;181610.62;B;1;99;58.479;5.196;0.083333;0.245833;1.0;756.71
facility:2726610;957;0;0;2.0;957;339638.05;A;3;99;41.491;2.048;0.0;0.0;1.0;354.9
facility:2726645;522;6;8;3.0;522;220749.24;J;1;99;4.724;3.193;0.011494;0.015326;1.0;422.89
facility:2726653;16348;338;26;3.0;16348;34684567.93;O;3;99;34.055;6.32;0.020675;0.00159;1.0;2121.64
facility:2726688;639;0;0;2.0;639;322609.06;O;3;01;45.027;2.628;0.0;0.0;1.0;504.87
facility:2726726;6682;486;161;3.0;6682;10999071.67;O;3;01;38.133;5.814;0.072733;0.024095;1.0;1646.07
facility:2726971;11938;966;277;4.0;11938;35847764.38;I;1;03;50.926;7.112;0.080918;0.023203;1.0;3002.83
facility:2726998;4836;230;18;3.0;4836;17921085.84;C;3;03;45.889;4.818;0.04756;0.003722;1.0;3705.77
facility:2727005;1411;17;279;2.0;1411;8393359.04;I;1;03;60.444;2.952;0.012048;0.197732;1.0;5948.52
facility:2727056;1458;25;274;6.0;1458;789598.2;J;1;99;20.396;6.573;0.017147;0.187929;1.0;541.56
facility:2727064;3675;29;95;2.0;3675;3126311.47;O;3;03;22.358;3.347;0.007891;0.02585;1.0;850.7
facility:2729385;3078;105;424;2.0;3078;1817895.28;O;3;01;44.421;3.199;0.034113;0.137752;1.0;590.61
facility:2729393;108;5;66;2.5;108;51526.71;B;1;01;59.519;2.944;0.046296;0.611111;1.0;477.1
facility:2729407;302;13;162;2.0;302;117289.93;N;3;01;57.672;2.523;0.043046;0.536424;1.0;388.38
facility:2729415;71;1;18;4.0;71;46474.45;J;1;99;57.521;4.113;0.014085;0.253521;1.0;654.57
facility:2729423;194;9;48;4.75;194;114283.28;J;1;01;54.943;5.031;0.046392;0.247423;1.0;589.09
facility:2729466;230;8;56;3.0;230;147637.75;B;1;01;59.396;3.265;0.034783;0.243478;1.0;641.9
facility:2729474;16;2;4;3.0;16;3186.89;Z;3;01;68.562;4.312;0.125;0.25;1.0;199.18
facility:2729482;31;0;6;2.5;31;8914.16;Z;3;01;57.548;3.387;0.0;0.193548;1.0;287.55
facility:2729490;102;5;26;2.75;102;48943.89;J;3;01;60.5;3.333;0.04902;0.254902;1.0;479.84
facility:2729512;263;3;1;2.75;263;132292.19;A;3;01;48.551;2.525;0.011407;0.003802;1.0;503.01
facility:2729520;171;4;70;3.0;171;85218.47;B;1;01;56.199;3.813;0.023392;0.409357;1.0;498.35
facility:2729547;392;18;199;2.0;392;178975.02;J;1;01;59.589;2.62;0.045918;0.507653;1.0;456.57
facility:2730650;4593;267;768;2.5;4593;5285043.68;O;3;01;45.358;4.225;0.058132;0.167211;1.0;1150.67
facility:2731444;523;22;101;3.0;523;356676.99;B;3;01;48.059;3.533;0.042065;0.193117;1.0;681.98
facility:2732114;580;0;0;0.0;580;491070.77;H;3;99;69.398;0.0;0.0;0.0;1.0;846.67
facility:2733145;245;4;17;3.0;245;229258.72;B;3;01;56.702;3.49;0.016327;0.069388;1.0;935.75
facility:2733188;480;4;40;3.0;480;281780.1;A;3;03;44.381;2.819;0.008333;0.083333;1.0;587.04
facility:2733196;266;7;54;4.0;266;263712.3;B;1;99;52.195;4.564;0.026316;0.203008;1.0;991.4
facility:2733285;1210;20;96;3.0;1210;738375.41;B;3;01;46.06;2.827;0.016529;0.079339;1.0;610.23
facility:2733307;4754;301;286;2.0;4754;9925307.73;B;1;03;45.181;3.569;0.063315;0.06016;1.0;2087.78
facility:2733315;678;15;36;2.0;678;394761.34;B;3;03;50.792;3.097;0.022124;0.053097;1.0;582.24
facility:2733358;186;8;40;2.0;186;130947.78;B;1;01;52.962;2.731;0.043011;0.215054;1.0;704.02
facility:2733455;58;5;16;3.25;58;28192.05;N;1;01;65.569;4.397;0.086207;0.275862;1.0;486.07
facility:2733463;261;2;61;1.0;261;95547.64;B;1;01;50.222;1.701;0.007663;0.233716;1.0;366.08
facility:2733528;257;3;48;2.0;257;135062.26;Z;3;01;49.093;2.14;0.011673;0.18677;1.0;525.53
facility:2733579;1896;127;288;3.0;1896;1242543.43;B;3;01;48.191;4.188;0.066983;0.151899;1.0;655.35
facility:2733617;480;16;33;3.0;480;283363.73;J;3;01;63.733;3.296;0.033333;0.06875;1.0;590.34
facility:2733633;2470;147;204;2.0;2470;1728144.81;I;3;01;49.578;3.134;0.059514;0.082591;1.0;699.65
facility:2733676;2627;81;96;2.0;2627;2003284.2;O;3;01;29.427;2.448;0.030834;0.036544;1.0;762.57
facility:2735962;1084;33;94;2.0;1084;595899.29;I;3;99;49.441;2.706;0.030443;0.086716;1.0;549.72
facility:2735970;2582;182;208;3.0;2582;6400919.71;B;3;01;45.861;4.419;0.070488;0.080558;1.0;2479.05
facility:2735989;3714;400;217;2.0;3714;6963217.05;S;1;01;52.6;3.898;0.107701;0.058428;1.0;1874.86
facility:2737434;13017;551;5;2.0;13017;25227260.62;C;3;01;58.363;2.306;0.042329;0.000384;1.0;1938.02
facility:2737531;659;32;149;1.0;659;287256.32;O;3;01;47.285;1.897;0.048558;0.2261;1.0;435.9
facility:2738090;450;0;0;0.0;450;475993.93;Z;1;99;53.449;0.889;0.0;0.0;1.0;1057.76
facility:2738120;678;28;26;3.0;678;575798.52;B;3;01;53.847;3.588;0.041298;0.038348;1.0;849.26
facility:2738171;142;0;0;2.0;142;75312.46;B;3;01;52.394;2.246;0.0;0.0;1.0;530.37
facility:2738198;191;3;0;2.0;191;147006.42;B;1;99;54.586;2.571;0.015707;0.0;1.0;769.67
facility:2738201;492;42;107;3.0;492;402221.21;B;1;01;55.596;3.886;0.085366;0.21748;1.0;817.52
facility:2738228;22;0;0;4.5;22;22708.62;B;3;01;60.409;4.591;0.0;0.0;1.0;1032.21
facility:2738252;3067;373;38;4.0;3067;16940409.85;I;1;01;60.545;5.371;0.121617;0.01239;1.0;5523.45
facility:2738279;2278;43;117;2.0;2278;1508480.75;M;1;01;47.105;2.142;0.018876;0.051361;1.0;662.2
facility:2738287;2690;376;101;2.0;2690;3509495.82;B;3;99;37.384;3.453;0.139777;0.037546;1.0;1304.65
facility:2738309;3692;136;12;2.0;3692;7669496.03;O;3;01;37.283;3.618;0.036836;0.00325;1.0;2077.33
facility:2738368;14230;945;176;3.0;14230;48701560.27;O;3;01;33.977;5.615;0.066409;0.012368;1.0;3422.46
facility:2738384;111;0;0;0.0;111;220768.67;H;1;99;52.081;0.18;0.0;0.0;1.0;1988.91
facility:2740338;6919;325;12;2.0;6919;15567464.37;C;3;01;52.067;3.235;0.046972;0.001734;1.0;2249.96
facility:2740435;5348;430;237;2.0;5348;10301242.29;O;3;99;40.32;3.929;0.080404;0.044316;1.0;1926.19
facility:2740567;532;50;95;3.0;532;393933.54;B;1;01;55.87;5.288;0.093985;0.178571;1.0;740.48
facility:2741873;1896;320;106;3.0;1896;5259868.24;B;1;99;52.021;5.213;0.168776;0.055907;1.0;2774.19
facility:2741962;815;21;358;1.0;815;217233.62;B;1;03;48.729;1.683;0.025767;0.439264;1.0;266.54
facility:2741989;6722;584;127;2.0;6722;15016922.13;O;3;01;47.105;4.051;0.086879;0.018893;1.0;2234.0
facility:2742012;2183;40;207;2.0;2183;569976.47;O;3;99;38.128;1.93;0.018323;0.094824;1.0;261.1
facility:2742020;695;20;30;3.0;695;399167.94;J;3;01;42.673;2.873;0.028777;0.043165;1.0;574.34
facility:2742039;1806;53;404;2.0;1806;832839.03;J;3;01;41.408;2.594;0.029347;0.223699;1.0;461.15
facility:2742047;5882;248;222;2.0;5882;6651323.75;O;3;01;34.223;3.507;0.042163;0.037742;1.0;1130.79
facility:2742071;2213;85;94;2.0;2213;1120006.17;O;3;01;32.787;2.468;0.038409;0.042476;1.0;506.1
facility:2742098;3723;112;985;2.0;3723;1557952.61;O;3;01;43.342;2.135;0.030083;0.264572;1.0;418.47
facility:2743388;1466;103;242;3.0;1466;696963.95;J;1;01;53.186;3.73;0.070259;0.165075;1.0;475.42
facility:2743469;7732;766;88;3.0;7732;28735722.77;I;1;01;59.792;4.084;0.099069;0.011381;1.0;3716.47
facility:2743477;3955;674;174;7.0;3955;18089029.4;B;1;01;51.063;9.003;0.170417;0.043995;1.0;4573.71
facility:2743612;255;11;27;2.0;255;200100.15;B;1;03;50.173;2.698;0.043137;0.105882;1.0;784.71
facility:2744392;576;10;21;2.0;576;256624.22;O;3;03;37.745;2.604;0.017361;0.036458;1.0;445.53
facility:2744406;88;1;0;3.0;88;56875.4;J;1;03;56.045;3.477;0.011364;0.0;1.0;646.31
facility:2744414;46;0;0;4.0;46;23919.24;J;3;03;47.826;4.13;0.0;0.0;1.0;519.98
facility:2744422;171;8;30;4.0;171;172358.77;B;1;99;54.743;4.444;0.046784;0.175439;1.0;1007.95
facility:2744937;3108;22;43;2.0;3108;2874369.0;J;1;01;6.537;4.549;0.007079;0.013835;1.0;924.83
facility:2745259;1048;36;42;2.0;1048;437572.51;A;1;03;40.512;2.965;0.034351;0.040076;1.0;417.53
facility:2745402;477;27;74;2.5;477;261476.52;B;3;01;51.671;3.3;0.056604;0.155136;1.0;548.17
facility:2745798;2175;72;103;1.0;2175;1235818.24;O;3;01;44.46;1.839;0.033103;0.047356;1.0;568.19
facility:2745801;1560;73;128;2.0;1560;1589400.3;B;3;03;44.415;2.943;0.046795;0.082051;1.0;1018.85
facility:2746298;697;46;138;4.0;697;375110.96;B;1;01;58.004;4.933;0.065997;0.197991;1.0;538.18
facility:2747685;358;25;35;2.0;358;219559.35;O;3;01;50.693;3.006;0.069832;0.097765;1.0;613.29
facility:2747693;251;20;41;2.0;251;140414.14;O;3;01;44.287;2.932;0.079681;0.163347;1.0;559.42
facility:2747871;2670;60;145;2.0;2670;2008483.37;O;3;99;42.474;3.281;0.022472;0.054307;1.0;752.24
facility:2748029;5134;349;19;2.0;5134;23483024.11;C;3;99;54.75;5.351;0.067978;0.003701;1.0;4574.02
facility:2748223;23088;1671;159;4.0;23088;71281106.67;I;3;01;45.307;6.105;0.072375;0.006887;1.0;3087.37
facility:2748436;311;28;103;3.0;311;181654.94;B;1;01;56.344;3.457;0.090032;0.33119;1.0;584.1
facility:2748568;2254;232;323;2.0;2254;2223619.13;O;3;01;44.577;3.5;0.102928;0.143301;1.0;986.52
facility:2749149;1097;59;70;2.0;1097;579626.9;O;3;01;44.213;2.976;0.053783;0.06381;1.0;528.37
facility:2749319;9291;626;121;3.0;9291;25438341.79;O;3;01;35.231;5.978;0.067377;0.013023;1.0;2737.96
facility:2750511;3636;25;42;3.0;3636;3651114.11;O;3;01;19.959;3.977;0.006876;0.011551;1.0;1004.16
facility:2750538;602;29;110;3.25;602;494451.01;B;3;01;50.631;3.973;0.048173;0.182724;1.0;821.35
facility:2750546;2661;147;246;3.0;2661;1791417.88;K;3;01;47.898;5.956;0.055242;0.092446;1.0;673.21
facility:2750988;3052;491;124;3.0;3052;9829270.71;B;3;01;49.347;4.955;0.160878;0.040629;1.0;3220.6
facility:2751003;1275;86;198;2.0;1275;789043.4;B;3;01;53.278;3.577;0.067451;0.155294;1.0;618.86
facility:2751011;1369;113;334;3.0;1369;947155.31;B;3;01;54.491;3.604;0.082542;0.243974;1.0;691.86
facility:2751038;2183;218;246;2.0;2183;3233120.99;O;3;03;48.509;3.643;0.099863;0.112689;1.0;1481.04
facility:2751046;1371;71;269;2.0;1371;738393.23;E;3;01;53.205;3.395;0.051787;0.196207;1.0;538.58
facility:2751569;945;97;178;4.0;945;719819.89;B;1;01;57.388;4.925;0.102646;0.18836;1.0;761.71
facility:2751623;2481;234;171;2.0;2481;5363371.96;N;3;01;49.672;4.284;0.094317;0.068924;1.0;2161.78
facility:2751674;1087;86;166;2.0;1087;636127.3;B;3;01;48.295;3.291;0.079117;0.152714;1.0;585.21
facility:2751704;3511;469;183;2.0;3511;8037349.49;B;3;99;50.625;3.393;0.13358;0.052122;1.0;2289.19
facility:2751852;788;0;0;0.0;788;472005.97;K;1;01;35.827;0.0;0.0;0.0;1.0;598.99
facility:2751925;1563;0;39;0.0;1563;769936.0;K;1;03;33.29;0.099;0.0;0.024952;1.0;492.6
facility:2751933;1404;0;0;0.0;1404;625830.32;I;1;01;40.217;0.0;0.0;0.0;1.0;445.75
facility:2751976;2421;0;1;0.0;2421;1449645.38;K;1;01;39.968;0.12;0.0;0.000413;1.0;598.78
facility:2752077;2472;138;109;3.0;2472;3703589.53;O;3;99;38.91;6.207;0.055825;0.044094;1.0;1498.22
facility:2752611;96;1;4;1.0;96;37941.76;J;1;03;45.698;1.312;0.010417;0.041667;1.0;395.23
facility:2752638;484;25;161;3.5;484;257738.76;B;1;03;48.605;4.585;0.051653;0.332645;1.0;532.52
facility:2752646;446;16;40;2.0;446;226744.09;O;3;03;41.336;2.37;0.035874;0.089686;1.0;508.39
facility:2752654;3895;167;509;2.0;3895;2011390.12;O;3;03;37.164;2.777;0.042875;0.13068;1.0;516.4
facility:2752700;25678;603;363;3.0;25678;42633300.38;O;3;03;22.501;5.686;0.023483;0.014137;1.0;1660.3
facility:2752743;909;3;28;1.0;909;471022.16;K;1;99;47.179;3.268;0.0033;0.030803;1.0;518.18
facility:2752808;2242;247;41;4.5;2242;7175854.56;L;1;99;58.241;6.649;0.110169;0.018287;1.0;3200.65
facility:2753278;11557;301;195;2.5;11557;16234512.07;O;3;01;34.785;3.761;0.026045;0.016873;1.0;1404.73
facility:2753332;2830;1;73;2.0;2830;1375501.7;O;3;01;24.639;2.407;0.000353;0.025795;1.0;486.04
facility:2753545;595;14;19;3.0;595;603101.17;B;1;99;49.842;3.815;0.023529;0.031933;1.0;1013.62
facility:2753685;17;0;0;0.0;17;11755.23;H;3;99;65.706;0.0;0.0;0.0;1.0;691.48
facility:2753766;192;2;36;2.0;192;146789.87;B;3;99;49.734;2.266;0.010417;0.1875;1.0;764.53
facility:2753774;550;27;218;3.0;550;480100.1;B;1;03;55.584;3.658;0.049091;0.396364;1.0;872.91
facility:2753782;143;3;17;3.75;143;91132.27;B;3;01;49.986;4.741;0.020979;0.118881;1.0;637.29
facility:2753804;543;33;86;2.0;543;286154.63;O;3;01;53.541;3.328;0.060773;0.158379;1.0;526.99
facility:2753812;66;2;7;3.5;66;35352.66;B;1;03;47.894;3.864;0.030303;0.106061;1.0;535.65
facility:2753820;115;6;18;2.0;115;50360.03;I;3;03;56.791;3.287;0.052174;0.156522;1.0;437.91
facility:2753839;87;4;13;3.0;87;46077.17;B;1;01;57.425;3.011;0.045977;0.149425;1.0;529.62
facility:2753847;112;0;55;1.75;112;22867.38;I;3;03;51.054;2.554;0.0;0.491071;1.0;204.17
facility:2753863;63;5;8;3.0;63;18339.85;I;3;01;59.524;3.762;0.079365;0.126984;1.0;291.11
facility:2753871;75;12;37;2.5;75;39318.41;B;1;01;64.613;3.787;0.16;0.493333;1.0;524.25
facility:2753898;51;2;7;3.5;51;26399.35;B;3;01;60.569;4.235;0.039216;0.137255;1.0;517.63
facility:2753901;228;5;40;3.0;228;101146.36;B;3;01;52.864;4.623;0.02193;0.175439;1.0;443.62
facility:2753928;361;10;51;3.0;361;148956.71;B;3;03;47.266;3.08;0.027701;0.141274;1.0;412.62
facility:2753936;82;7;28;2.0;82;69617.22;B;3;99;58.049;3.134;0.085366;0.341463;1.0;848.99
facility:2753944;195;15;33;3.5;195;105526.82;B;1;01;53.923;4.462;0.076923;0.169231;1.0;541.16
facility:2753952;81;2;7;2.0;81;34384.61;N;3;99;44.802;2.469;0.024691;0.08642;1.0;424.5
facility:2753960;334;23;27;2.0;334;213043.59;O;3;03;46.59;2.928;0.068862;0.080838;1.0;637.86
facility:2753979;138;7;19;2.0;138;51353.77;N;1;01;48.681;2.239;0.050725;0.137681;1.0;372.13
facility:2753987;1065;1;20;15.0;1065;1330023.6;F;1;03;44.174;15.15;0.000939;0.018779;1.0;1248.85
facility:2753995;613;13;61;3.0;613;366433.8;J;3;01;50.706;3.475;0.021207;0.099511;1.0;597.77
facility:2754738;7852;818;214;2.0;7852;14440745.36;O;3;01;40.258;4.358;0.104177;0.027254;1.0;1839.12
facility:2754843;10108;867;122;3.0;10108;18701279.76;O;3;03;37.826;5.803;0.085774;0.01207;1.0;1850.15
facility:2755092;6386;526;129;3.0;6386;11130580.15;O;3;01;39.871;5.641;0.082368;0.0202;1.0;1742.97
facility:2755130;20446;1416;451;4.5;20446;43077582.74;I;3;01;46.026;7.036;0.069256;0.022058;1.0;2106.9
facility:2755149;3314;123;393;2.0;3314;2090520.61;O;3;03;39.679;3.65;0.037115;0.118588;1.0;630.81
facility:2755157;7442;105;2;2.0;7442;8837262.74;O;3;03;22.558;4.252;0.014109;0.000269;1.0;1187.48
facility:2755173;606;12;77;2.0;606;371672.65;K;3;03;45.449;2.563;0.019802;0.127063;1.0;613.32
facility:2755289;42;0;40;1.0;42;100340.16;B;1;03;52.714;0.952;0.0;0.952381;1.0;2389.05
facility:2755483;1118;51;2;3.0;1118;11860284.86;I;1;01;62.947;4.324;0.045617;0.001789;1.0;10608.48
facility:2756676;866;87;16;4.0;866;463246.52;I;3;01;64.764;4.779;0.100462;0.018476;1.0;534.93
facility:2756749;3977;348;877;3.0;3977;4767413.73;O;3;99;45.554;5.289;0.087503;0.220518;1.0;1198.75
facility:2756951;6554;710;187;2.0;6554;14794418.83;O;3;03;44.108;4.495;0.108331;0.028532;1.0;2257.31
facility:2757214;4197;21;9;2.0;4197;1346178.38;N;3;03;36.563;2.846;0.005004;0.002144;1.0;320.75
facility:2757664;733;46;84;3.75;733;287969.95;N;3;03;52.584;3.944;0.062756;0.114598;1.0;392.86
facility:2757672;1118;11;78;2.0;1118;826064.82;B;3;03;35.436;2.403;0.009839;0.069767;1.0;738.88
facility:2757699;331;22;116;2.0;331;179131.45;B;3;03;60.323;3.411;0.066465;0.350453;1.0;541.18
facility:2757702;137;5;40;3.5;137;76646.75;J;3;99;56.803;4.453;0.036496;0.291971;1.0;559.47
facility:2757710;987;42;42;2.0;987;458320.48;O;3;03;41.112;2.295;0.042553;0.042553;1.0;464.36
facility:2757729;11;0;0;3.0;11;3838.52;A;3;03;51.818;3.818;0.0;0.0;1.0;348.96
facility:2758040;137;2;14;1.25;137;47516.4;J;3;99;49.679;2.044;0.014599;0.10219;1.0;346.84
facility:2758245;5221;600;201;2.0;5221;7077356.7;O;3;01;43.748;4.073;0.114921;0.038498;1.0;1355.56
facility:2760436;2445;107;137;3.0;2445;1979004.67;O;3;01;50.226;3.612;0.043763;0.056033;1.0;809.41
facility:2760657;5144;541;171;2.0;5144;13844117.74;O;3;03;44.059;5.341;0.105171;0.033243;1.0;2691.31
facility:2760681;1260;167;20;2.5;1260;2923007.33;B;3;01;54.855;4.491;0.13254;0.015873;1.0;2319.85
facility:2760703;1866;212;83;4.0;1866;2552220.7;N;1;01;56.591;6.035;0.113612;0.04448;1.0;1367.75
facility:2760711;888;7;1;5.0;888;410566.46;A;3;03;39.161;4.654;0.007883;0.001126;1.0;462.35
facility:2760819;49;3;6;3.5;49;24047.37;N;3;03;63.408;3.898;0.061224;0.122449;1.0;490.76
facility:2760827;414;18;71;2.0;414;249084.18;E;3;01;55.367;3.082;0.043478;0.171498;1.0;601.65
facility:2760843;4581;330;161;3.0;4581;4563381.16;J;3;03;54.547;3.565;0.072037;0.035145;1.0;996.15
facility:2760851;79;1;4;3.25;79;38026.6;E;1;01;68.316;3.709;0.012658;0.050633;1.0;481.35
facility:2760886;799;75;176;2.0;799;247725.62;I;1;01;58.496;3.775;0.093867;0.220275;1.0;310.04
facility:2760908;234;15;32;3.0;234;159075.84;B;1;01;66.342;4.051;0.064103;0.136752;1.0;679.81
facility:2760916;547;13;137;2.0;547;454580.4;B;3;03;46.713;2.484;0.023766;0.250457;1.0;831.04
facility:2760924;5204;308;460;2.0;5204;5519400.47;O;3;99;43.62;4.307;0.059185;0.088394;1.0;1060.61
facility:2760932;224;16;23;3.0;224;118536.7;N;1;01;62.982;3.643;0.071429;0.102679;1.0;529.18
facility:2760940;1556;86;92;3.75;1556;917989.84;B;1;03;48.397;3.906;0.05527;0.059126;1.0;589.97
facility:2760959;76;0;0;7.5;76;34436.44;J;3;01;48.461;7.342;0.0;0.0;1.0;453.11
facility:2760967;32;4;10;3.0;32;14489.06;N;3;99;72.594;4.062;0.125;0.3125;1.0;452.78
facility:2760975;519;8;0;4.0;519;204021.98;J;3;03;45.78;4.545;0.015414;0.0;1.0;393.11
facility:2760991;1274;43;88;2.0;1274;553002.79;E;3;03;48.228;2.633;0.033752;0.069074;1.0;434.07
facility:2761009;1538;58;220;1.0;1538;909239.81;K;3;01;49.769;2.124;0.037711;0.143043;1.0;591.18
facility:2761017;485;29;100;2.25;485;322921.44;A;3;99;53.918;3.087;0.059794;0.206186;1.0;665.82
facility:2761041;4881;395;72;3.0;4881;20662681.87;I;3;01;41.735;5.67;0.080926;0.014751;1.0;4233.29
facility:2761092;5080;334;55;3.0;5080;14776350.16;C;1;01;56.147;4.472;0.065748;0.010827;1.0;2908.73
facility:2761106;2309;165;93;2.5;2309;5474680.79;O;3;01;54.256;4.797;0.07146;0.040277;1.0;2371.02
facility:2761114;786;51;88;3.0;786;476860.84;J;1;01;56.863;3.77;0.064885;0.111959;1.0;606.69
facility:2761130;127;5;1;4.0;127;56687.6;N;1;01;60.85;4.094;0.03937;0.007874;1.0;446.36
facility:2761149;561;49;116;3.5;561;260330.21;I;1;01;59.353;3.483;0.087344;0.206774;1.0;464.05
facility:2761165;734;32;82;2.5;734;370335.84;J;1;01;59.38;2.535;0.043597;0.111717;1.0;504.54
facility:2761173;301;11;12;2.0;301;163544.4;O;3;01;40.645;2.472;0.036545;0.039867;1.0;543.34
facility:2761181;331;34;57;3.0;331;197321.44;J;3;01;57.961;3.789;0.102719;0.172205;1.0;596.14
facility:2761203;3506;33;80;2.0;3506;3934435.12;O;3;99;29.364;3.732;0.009412;0.022818;1.0;1122.2
facility:2761238;562;19;42;4.0;562;343489.55;E;3;03;53.822;4.989;0.033808;0.074733;1.0;611.19
facility:2761262;367;24;44;3.0;367;188884.6;E;3;03;55.213;4.03;0.065395;0.119891;1.0;514.67
facility:2761270;872;36;63;2.0;872;445102.73;O;3;01;43.272;3.291;0.041284;0.072248;1.0;510.44
facility:2761467;617;40;41;4.25;617;366816.38;I;3;01;54.976;5.958;0.06483;0.066451;1.0;594.52
facility:2762528;35;0;0;2.0;35;12426.94;J;1;03;53.314;2.514;0.0;0.0;1.0;355.06
facility:2762536;118;0;19;3.5;118;81503.92;B;1;99;57.686;5.153;0.0;0.161017;1.0;690.71
facility:2762544;1328;57;298;2.0;1328;507960.58;Z;3;03;45.713;2.31;0.042922;0.224398;1.0;382.5
facility:2764776;6329;383;119;2.0;6329;17664248.02;S;3;01;42.567;5.568;0.060515;0.018802;1.0;2791.0
facility:2764784;804;29;0;2.0;804;378411.0;J;3;01;52.1;3.219;0.03607;0.0;1.0;470.66
facility:2764792;1472;136;93;3.0;1472;4245685.4;B;3;01;51.164;4.562;0.092391;0.063179;1.0;2884.3
facility:2764806;736;40;12;2.0;736;341880.52;O;3;01;48.391;3.31;0.054348;0.016304;1.0;464.51
facility:2764814;5945;587;1088;3.0;5945;16450931.39;B;3;01;46.863;4.975;0.098738;0.183011;1.0;2767.19
facility:2764822;295;30;46;3.0;295;147622.91;J;3;01;60.793;4.6;0.101695;0.155932;1.0;500.42
facility:2764830;870;47;185;2.0;870;557002.71;O;3;01;54.072;2.946;0.054023;0.212644;1.0;640.23
facility:2764865;1179;78;40;2.0;1179;1369754.59;K;3;99;54.228;3.057;0.066158;0.033927;1.0;1161.79
facility:2765098;613;25;20;3.0;613;355543.0;O;3;99;41.597;3.589;0.040783;0.032626;1.0;580.0
facility:2765632;257;0;0;1.0;257;124570.51;J;3;99;43.331;1.482;0.0;0.0;1.0;484.71
facility:2765640;1684;69;177;2.0;1684;1127120.22;O;3;03;37.613;2.626;0.040974;0.105107;1.0;669.31
facility:2765659;2607;71;206;2.0;2607;2714239.6;O;3;03;37.731;3.779;0.027234;0.079018;1.0;1041.14
facility:2765667;1179;62;337;2.0;1179;982731.79;B;1;99;49.913;3.06;0.052587;0.285835;1.0;833.53
facility:2765934;4084;177;417;2.0;4084;4058881.9;O;3;01;41.762;3.876;0.04334;0.102106;1.0;993.85
facility:2766167;466;80;123;4.0;466;1225742.47;B;1;01;58.09;5.429;0.171674;0.263948;1.0;2630.35
facility:2766663;90;3;9;4.0;90;52030.28;J;1;99;58.211;4.189;0.033333;0.1;1.0;578.11
facility:2766671;541;0;0;3.0;541;258660.97;J;3;03;47.58;3.031;0.0;0.0;1.0;478.12
facility:2766922;91;1;0;3.75;91;33684.99;A;3;04;49.714;4.824;0.010989;0.0;1.0;370.16
facility:2766930;107;0;0;3.0;107;39966.78;A;1;03;47.056;3.075;0.0;0.0;1.0;373.52
facility:2767384;3286;329;412;3.0;3286;6527271.06;B;1;04;47.326;5.337;0.100122;0.12538;1.0;1986.39
facility:2767678;428;34;166;2.0;428;387319.38;B;3;01;52.474;2.362;0.079439;0.38785;1.0;904.95
facility:2767953;4841;89;284;1.0;4841;3401837.21;O;3;99;37.273;3.034;0.018385;0.058666;1.0;702.71
facility:2769514;118;3;54;1.5;118;117443.99;B;3;03;60.542;2.61;0.025424;0.457627;1.0;995.29
facility:2769549;101;0;0;1.5;101;32592.89;K;3;99;50.941;2.871;0.0;0.0;1.0;322.7
facility:2769603;1614;46;273;1.0;1614;540662.34;Z;3;99;50.031;1.364;0.028501;0.169145;1.0;334.98
facility:2769875;950;34;211;2.0;950;611498.62;B;3;03;49.544;3.136;0.035789;0.222105;1.0;643.68
facility:2769883;92;1;5;2.0;92;69777.54;K;3;03;44.37;2.739;0.01087;0.054348;1.0;758.45
facility:2770326;5038;268;235;2.0;5038;7186508.19;O;3;03;42.227;4.0;0.053196;0.046645;1.0;1426.46
facility:2770512;2747;125;107;2.0;2747;4472387.23;O;3;99;37.447;3.426;0.045504;0.038952;1.0;1628.1
facility:2771268;228;3;4;2.0;228;81946.17;O;3;03;43.083;2.557;0.013158;0.017544;1.0;359.41
facility:2771276;467;20;122;2.0;467;178385.97;O;3;03;47.141;3.91;0.042827;0.261242;1.0;381.98
facility:2771411;32;2;5;2.5;32;10775.56;A;1;03;45.344;4.094;0.0625;0.15625;1.0;336.74
facility:2772299;9401;244;275;3.0;9401;4857254.16;O;3;03;33.63;3.49;0.025955;0.029252;1.0;516.67
facility:2772310;11535;712;36;3.0;11535;30502649.55;O;3;01;42.564;4.777;0.061725;0.003121;1.0;2644.36
facility:2772329;1049;6;86;3.0;1049;518158.1;A;3;03;33.119;3.0;0.00572;0.081983;1.0;493.95
facility:2772671;378;22;98;2.0;378;179390.76;O;3;99;41.421;3.743;0.058201;0.259259;1.0;474.58
facility:2772973;648;17;140;3.0;648;463311.49;B;3;99;47.136;3.519;0.026235;0.216049;1.0;714.99
facility:2773333;1181;52;228;2.5;1181;814939.81;O;3;01;45.604;3.56;0.04403;0.193057;1.0;690.04
facility:2774216;623;20;208;2.5;623;304534.56;O;3;01;44.079;3.313;0.032103;0.333868;1.0;488.82
facility:2774720;1262;16;149;2.0;1262;533538.56;O;3;01;39.646;2.25;0.012678;0.118067;1.0;422.77
facility:2775905;422;7;37;8.0;422;195495.94;A;1;01;61.036;9.682;0.016588;0.087678;1.0;463.26
facility:2775913;1503;58;318;2.0;1503;905361.31;O;3;01;45.851;2.512;0.038589;0.211577;1.0;602.37
facility:2775921;245;21;30;3.5;245;172302.67;B;1;01;64.788;4.388;0.085714;0.122449;1.0;703.28
facility:2775956;2018;130;168;2.0;2018;1401587.07;O;3;01;44.395;2.875;0.06442;0.083251;1.0;694.54
facility:2775964;416;21;45;2.5;416;246172.47;B;3;01;50.3;3.697;0.050481;0.108173;1.0;591.76
facility:2775972;1770;204;50;2.0;1770;4131031.93;B;3;01;45.897;4.028;0.115254;0.028249;1.0;2333.92
facility:2775980;1051;72;40;2.0;1051;533412.61;O;3;01;48.997;3.532;0.068506;0.038059;1.0;507.53
facility:2775999;14880;1403;133;3.0;14880;50466649.18;C;3;01;45.957;4.778;0.094288;0.008938;1.0;3391.58
facility:2776006;3804;244;326;2.0;3804;4632944.3;O;3;01;47.641;3.591;0.064143;0.085699;1.0;1217.91
facility:2776014;392;31;94;4.5;392;194983.82;F;1;01;55.571;6.38;0.079082;0.239796;1.0;497.41
facility:2776022;817;37;60;2.0;817;593020.04;O;3;01;50.847;3.132;0.045288;0.073439;1.0;725.85
facility:2776030;880;70;124;4.0;880;565940.89;I;1;03;58.061;4.349;0.079545;0.140909;1.0;643.11
facility:2777460;5041;124;116;4.0;5041;7525087.85;S;1;03;51.411;5.778;0.024598;0.023011;1.0;1492.78
facility:2777576;1412;0;0;2.0;1412;825248.97;J;3;99;42.639;2.36;0.0;0.0;1.0;584.45
facility:2777584;19;0;0;1.0;19;53811.09;H;1;03;62.316;1.0;0.0;0.0;1.0;2832.16
facility:2777592;1873;0;0;3.0;1873;948322.73;J;3;03;49.148;2.804;0.0;0.0;1.0;506.31
facility:2777649;5003;228;434;2.0;5003;5952342.25;O;3;99;37.187;3.152;0.045573;0.086748;1.0;1189.75
facility:2777665;1411;0;0;2.0;1411;735998.03;A;3;03;34.64;2.78;0.0;0.0;1.0;521.61
facility:2777681;828;23;160;2.0;828;411536.43;O;3;03;45.902;4.28;0.027778;0.193237;1.0;497.02
facility:2777711;500;1;62;2.0;500;199955.62;J;3;03;41.282;2.092;0.002;0.124;1.0;399.91
facility:2777746;4564;331;82;2.0;4564;5622837.11;O;3;04;39.267;4.191;0.072524;0.017967;1.0;1232.0
facility:2777754;3361;146;504;2.0;3361;2091976.08;O;3;03;45.141;3.816;0.043439;0.149955;1.0;622.43
facility:2777762;3587;230;308;2.0;3587;7052526.51;O;3;99;42.604;4.43;0.06412;0.085866;1.0;1966.14
facility:2777770;1385;37;60;2.0;1385;877409.33;O;3;99;35.778;3.131;0.026715;0.043321;1.0;633.51
facility:2777789;2400;51;138;2.0;2400;1390995.72;O;3;03;42.375;2.59;0.02125;0.0575;1.0;579.58
facility:2778718;5726;205;1507;3.0;5726;9423563.01;S;1;01;44.494;4.97;0.035802;0.263185;1.0;1645.75
facility:2778831;478;127;13;4.25;478;2419676.69;B;3;01;54.029;7.326;0.26569;0.027197;1.0;5062.09
facility:2778858;1727;35;130;2.0;1727;995378.82;K;3;01;46.936;2.1;0.020266;0.075275;1.0;576.36
facility:2781700;671;37;94;1.0;671;444907.36;O;3;01;45.411;2.173;0.055142;0.140089;1.0;663.05
facility:2781719;437;14;50;4.0;437;303656.26;B;3;03;51.984;3.833;0.032037;0.114416;1.0;694.87
facility:2781743;160;9;13;3.0;160;92608.39;O;3;01;48.044;3.831;0.05625;0.08125;1.0;578.8
facility:2781751;768;29;99;2.0;768;526586.11;B;1;01;51.401;3.121;0.03776;0.128906;1.0;685.66
facility:2781778;62;5;11;4.0;62;56497.37;B;1;01;56.403;4.532;0.080645;0.177419;1.0;911.25
facility:2781786;149;6;18;4.0;149;83981.47;J;1;01;58.711;3.913;0.040268;0.120805;1.0;563.63
facility:2781816;1469;87;108;2.5;1469;1057779.1;B;1;01;51.547;3.293;0.059224;0.073519;1.0;720.07
facility:2781824;198;5;52;3.5;198;126948.58;I;1;01;52.823;4.53;0.025253;0.262626;1.0;641.15
facility:2781832;436;11;266;2.0;436;353758.24;B;1;99;53.851;3.078;0.025229;0.610092;1.0;811.37
facility:2781859;14723;2280;418;4.0;14723;67870145.85;B;1;01;44.545;7.291;0.15486;0.028391;1.0;4609.8
facility:2783789;5023;361;129;3.0;5023;6433818.86;O;3;01;38.578;4.576;0.071869;0.025682;1.0;1280.87
facility:2783797;487;33;87;3.0;487;331222.32;B;3;01;56.318;2.879;0.067762;0.178645;1.0;680.13
facility:2783800;4030;507;407;3.0;4030;3681733.84;S;3;99;48.843;4.019;0.125806;0.100993;1.0;913.58
facility:2783819;197;5;47;2.75;197;198640.53;B;1;01;54.523;3.619;0.025381;0.238579;1.0;1008.33
facility:2785188;3128;229;443;3.0;3128;1572637.9;O;3;03;45.606;4.943;0.07321;0.141624;1.0;502.76
facility:2785382;2309;305;71;2.0;2309;3226390.36;O;3;01;45.689;4.96;0.132092;0.030749;1.0;1397.31
facility:2785722;3832;137;2067;2.0;3832;1208977.25;S;1;01;48.062;3.165;0.035752;0.539405;1.0;315.5
facility:2785900;12668;948;169;9.0;12668;19448674.44;G;1;03;49.23;13.045;0.074834;0.013341;1.0;1535.26
facility:2786095;950;40;105;1.0;950;581881.39;O;3;03;39.549;2.32;0.042105;0.110526;1.0;612.51
facility:2786109;6914;494;199;3.0;6914;12012794.27;O;3;03;39.385;4.915;0.071449;0.028782;1.0;1737.46
facility:2786117;16997;1464;290;4.0;16997;35619922.17;S;1;03;46.093;7.735;0.086133;0.017062;1.0;2095.66
facility:2786125;3158;161;199;3.0;3158;2311123.33;S;1;03;47.618;4.679;0.050982;0.063015;1.0;731.83
facility:2786435;20408;2111;1939;4.0;20408;43224837.01;I;1;01;57.263;7.279;0.10344;0.095012;1.0;2118.03
facility:2786680;16472;931;1050;3.0;16472;16439871.86;O;3;03;35.171;5.03;0.05652;0.063745;1.0;998.05
facility:2789647;4459;480;858;2.0;4459;4102552.71;O;3;99;43.863;2.925;0.107647;0.19242;1.0;920.06
facility:2790556;8916;632;225;4.0;8916;20140495.33;S;1;01;53.841;6.463;0.070884;0.025236;1.0;2258.92
facility:2790564;2703;0;3;1.0;2703;9365888.99;Q;1;01;16.592;1.78;0.0;0.00111;1.0;3465.0
facility:2790580;6365;40;68;2.0;6365;5592114.83;O;3;01;21.117;3.674;0.006284;0.010683;1.0;878.57
facility:2790602;11602;1380;416;5.0;11602;30657491.16;C;1;01;47.36;7.903;0.118945;0.035856;1.0;2642.43
facility:2790610;2278;322;102;4.0;2278;4828439.4;K;3;01;52.614;5.043;0.141352;0.044776;1.0;2119.6
facility:2790637;1292;93;379;2.0;1292;635758.25;J;1;01;47.221;2.673;0.071981;0.293344;1.0;492.07
facility:2790653;2131;4;58;26.5;2131;2827704.34;F;1;01;45.534;22.9;0.001877;0.027217;1.0;1326.94
facility:2790734;178;4;2;13.0;178;61401.65;L;1;01;55.871;16.539;0.022472;0.011236;1.0;344.95
facility:2791668;175;10;70;2.0;175;60640.31;I;1;99;54.349;2.783;0.057143;0.4;1.0;346.52
facility:2791676;1905;191;193;2.0;1905;1252170.56;O;3;01;47.278;3.498;0.100262;0.101312;1.0;657.31
facility:2791684;779;37;163;2.0;779;477189.92;O;3;01;47.046;3.202;0.047497;0.209243;1.0;612.57
facility:2791692;1228;99;100;4.0;1228;767866.3;J;3;01;46.208;4.974;0.080619;0.081433;1.0;625.3
facility:2791706;13;0;2;3.0;13;3107.62;N;1;01;63.231;3.462;0.0;0.153846;1.0;239.05
facility:2791714;454;20;166;2.0;454;70200.25;J;3;01;48.628;2.432;0.044053;0.365639;1.0;154.63
facility:2791722;10309;902;157;3.0;10309;21687203.46;O;3;01;43.877;5.399;0.087496;0.015229;1.0;2103.72
facility:2791730;183;23;35;4.0;183;171213.36;B;3;01;59.454;4.596;0.125683;0.191257;1.0;935.59
facility:2791749;1738;158;336;2.0;1738;3371794.14;O;3;03;44.141;4.203;0.090909;0.193326;1.0;1940.04
facility:2791757;354;13;187;3.0;354;177001.32;B;1;01;62.04;4.144;0.036723;0.528249;1.0;500.0
facility:2792141;12592;984;206;2.5;12592;19436253.09;O;3;03;39.555;4.321;0.078145;0.01636;1.0;1543.54
facility:2792168;13630;610;257;2.0;13630;18873201.79;O;3;03;36.53;4.754;0.044754;0.018855;1.0;1384.68
facility:2792176;12481;810;384;2.0;12481;15817670.75;S;1;03;42.173;4.343;0.064899;0.030767;1.0;1267.34
facility:2792346;316;25;212;2.0;316;557215.5;U;1;01;56.443;3.095;0.079114;0.670886;1.0;1763.34
facility:2792451;749;21;0;1.0;749;355116.5;O;3;03;44.674;3.087;0.028037;0.0;1.0;474.12
facility:2792974;2866;214;175;3.0;2866;2167082.69;O;3;03;47.583;6.191;0.074669;0.061061;1.0;756.13
facility:2793008;6149;766;349;3.0;6149;16517691.08;O;3;01;44.349;6.362;0.124573;0.056757;1.0;2686.24
facility:2793237;1300;45;72;2.0;1300;978310.95;O;3;01;44.092;4.068;0.034615;0.055385;1.0;752.55
facility:2793636;3491;56;193;2.0;3491;1730191.82;O;3;03;31.198;2.591;0.016041;0.055285;1.0;495.61
facility:2793903;511;24;59;3.0;511;271348.65;O;3;03;43.503;3.63;0.046967;0.11546;1.0;531.01
facility:2794136;501;26;51;3.0;501;281941.15;I;3;01;58.212;3.858;0.051896;0.101796;1.0;562.76
facility:2795299;1199;70;162;2.0;1199;636284.7;O;3;03;49.605;2.891;0.058382;0.135113;1.0;530.68
facility:2795655;6388;329;202;3.0;6388;6514184.14;O;3;03;35.051;5.09;0.051503;0.031622;1.0;1019.75
facility:2795671;4599;132;36;2.0;4599;6009531.16;O;3;03;32.476;3.323;0.028702;0.007828;1.0;1306.7
facility:2796112;1273;70;243;2.0;1273;858428.53;O;3;03;47.889;2.994;0.054988;0.190888;1.0;674.34
facility:2796341;603;17;12;2.0;603;284933.87;O;3;01;51.086;3.206;0.028192;0.0199;1.0;472.53
facility:2796368;163;27;10;4.5;163;92580.23;E;1;99;63.65;5.35;0.165644;0.06135;1.0;567.98
facility:2796376;1046;37;173;2.0;1046;654815.17;O;3;01;51.448;2.581;0.035373;0.165392;1.0;626.02
facility:2796384;1371;41;8;2.0;1371;893204.06;K;3;01;48.144;5.87;0.029905;0.005835;1.0;651.5
facility:2796392;1531;84;324;2.0;1531;907147.98;O;3;01;49.101;2.851;0.054866;0.211626;1.0;592.52
facility:2796430;686;53;30;3.0;686;312745.04;O;3;01;46.276;3.862;0.077259;0.043732;1.0;455.9
facility:2796449;3376;382;146;3.0;3376;9241788.49;B;3;01;49.527;4.473;0.113152;0.043246;1.0;2737.5
facility:2796562;2484;250;82;3.0;2484;4266504.39;B;3;99;51.166;4.285;0.100644;0.033011;1.0;1717.59
facility:2796570;200;9;46;3.0;200;103549.96;J;3;01;64.875;3.395;0.045;0.23;1.0;517.75
facility:2796589;252;27;89;4.0;252;101288.39;J;1;99;60.917;4.833;0.107143;0.353175;1.0;401.94
facility:2796619;1060;55;216;1.75;1060;452618.23;J;3;01;53.767;2.473;0.051887;0.203774;1.0;427.0
facility:2796775;616;68;146;3.0;616;245127.5;J;3;01;59.239;5.037;0.11039;0.237013;1.0;397.93
facility:2796791;226;7;18;3.0;226;125049.52;J;3;01;65.491;3.779;0.030973;0.079646;1.0;553.32
facility:2797364;407;13;72;4.0;407;383976.32;B;3;01;48.167;3.993;0.031941;0.176904;1.0;943.43
facility:2797496;575;29;101;3.5;575;309107.52;B;1;99;49.518;4.67;0.050435;0.175652;1.0;537.58
facility:2798239;231;17;59;2.5;231;127674.74;J;1;01;56.442;3.082;0.073593;0.255411;1.0;552.7
facility:2798298;12533;1274;32;2.0;12533;41192290.28;O;3;01;49.292;3.992;0.101652;0.002553;1.0;3286.71
facility:2798484;9036;562;385;2.0;9036;11126641.99;O;3;99;37.394;4.495;0.062196;0.042607;1.0;1231.37
facility:2798662;25807;3352;1120;3.0;25807;26750703.23;O;3;99;36.346;6.321;0.129887;0.043399;1.0;1036.57
facility:2799103;140;12;43;4.0;140;91887.19;I;1;03;56.886;6.729;0.085714;0.307143;1.0;656.34
facility:2799278;10855;38;129;2.0;10855;8316490.1;O;3;03;24.852;3.699;0.003501;0.011884;1.0;766.14
facility:2799286;3828;97;188;2.0;3828;4033263.44;O;3;99;30.848;3.489;0.02534;0.049112;1.0;1053.62
facility:2799308;1737;237;102;30.0;1737;2242481.69;I;1;01;68.513;23.12;0.136442;0.058722;1.0;1291.01
facility:2799456;1746;7;27;3.0;1746;1295745.45;A;3;03;12.867;3.466;0.004009;0.015464;1.0;742.12
facility:2799731;845;7;0;2.0;845;277546.29;Z;3;03;39.347;1.957;0.008284;0.0;1.0;328.46
facility:2799758;9920;1459;338;4.25;9920;27420501.21;S;1;03;50.432;8.983;0.147077;0.034073;1.0;2764.16
facility:2799766;378;25;79;2.0;378;132124.29;O;3;03;40.521;2.95;0.066138;0.208995;1.0;349.54
facility:2799782;504;12;71;3.0;504;193478.36;O;3;99;36.629;3.083;0.02381;0.140873;1.0;383.89
facility:2799790;4924;254;351;2.0;4924;3384516.37;O;3;99;37.387;3.972;0.051584;0.071284;1.0;687.35
facility:2799804;1518;99;269;2.0;1518;900181.91;O;3;99;43.597;3.291;0.065217;0.177207;1.0;593.01
facility:2799812;373;11;68;2.0;373;139129.01;O;3;03;45.555;3.512;0.029491;0.182306;1.0;373.0
facility:2799820;1965;29;71;2.0;1965;612212.22;J;3;03;39.934;2.332;0.014758;0.036132;1.0;311.56
facility:2799839;3501;208;195;2.0;3501;3644413.01;O;3;03;36.765;3.373;0.059412;0.055698;1.0;1040.96
facility:2799847;2467;8;19;2.0;2467;1203221.1;O;3;03;29.749;2.122;0.003243;0.007702;1.0;487.73
facility:2799855;1710;77;315;2.0;1710;814922.24;O;3;03;36.52;3.109;0.045029;0.184211;1.0;476.56
facility:2800527;646;45;155;2.0;646;416737.54;A;3;99;44.955;4.022;0.069659;0.239938;1.0;645.1
facility:2800950;2987;120;413;2.0;2987;1431789.05;O;3;99;35.063;2.732;0.040174;0.138266;1.0;479.34
facility:2801051;2104;110;386;3.0;2104;1427494.07;J;1;99;40.746;4.873;0.052281;0.18346;1.0;678.47
facility:2801558;766;4;31;2.0;766;290573.78;N;3;03;43.282;3.016;0.005222;0.04047;1.0;379.34
facility:2801566;484;28;209;3.0;484;218301.44;S;1;03;53.529;3.952;0.057851;0.431818;1.0;451.04
facility:2801574;1548;0;0;3.0;1548;1046801.82;O;3;03;42.645;3.0;0.0;0.0;1.0;676.23
facility:2801582;691;9;98;2.0;691;343827.24;O;3;03;42.463;2.666;0.013025;0.141823;1.0;497.58
facility:2801590;248;7;12;2.0;248;139417.94;O;3;03;39.234;2.133;0.028226;0.048387;1.0;562.17
facility:2801779;1882;0;202;3.0;1882;1519243.41;A;3;03;38.926;2.965;0.0;0.107333;1.0;807.25
facility:2801906;1923;60;203;2.0;1923;947051.36;O;3;03;40.42;3.15;0.031201;0.105564;1.0;492.49
facility:2801914;778;128;183;5.5;778;1444089.16;B;1;99;53.938;7.959;0.164524;0.235219;1.0;1856.16
facility:2801922;305;0;0;2.0;305;200030.11;O;3;03;27.397;2.013;0.0;0.0;1.0;655.84
facility:2802015;1564;76;240;1.0;1564;794406.94;O;3;03;38.911;2.241;0.048593;0.153453;1.0;507.93
facility:2802023;4079;206;593;3.0;4079;3365161.12;O;3;03;43.762;6.205;0.050503;0.145379;1.0;825.0
facility:2802074;724;74;144;2.0;724;401703.52;O;3;99;47.427;3.622;0.10221;0.198895;1.0;554.84
facility:2802090;8523;453;172;2.0;8523;10453607.93;O;3;03;32.407;4.615;0.05315;0.020181;1.0;1226.52
facility:2802104;14945;786;335;5.0;14945;26629462.35;C;3;02;50.973;11.534;0.052593;0.022416;1.0;1781.83
facility:2802112;3174;97;33;2.0;3174;2365892.21;O;3;03;32.92;2.53;0.030561;0.010397;1.0;745.4
facility:2802120;9;0;8;1.0;9;461.98;R;3;99;63.778;1.0;0.0;0.888889;1.0;51.33
facility:2802252;420;33;32;4.0;420;197120.79;J;1;03;51.964;5.055;0.078571;0.07619;1.0;469.34
facility:2802473;1076;37;149;2.0;1076;675346.36;B;3;99;44.351;2.744;0.034387;0.138476;1.0;627.65
facility:2802783;20553;1565;2276;5.0;20553;48404004.16;S;1;03;49.877;7.78;0.076145;0.110738;1.0;2355.08
facility:2804034;6386;384;402;3.0;6386;9147051.1;O;3;99;36.048;6.22;0.060132;0.06295;1.0;1432.36
facility:2804042;559;41;103;3.0;559;313664.4;J;3;03;46.884;4.619;0.073345;0.184258;1.0;561.12
facility:2804638;1073;83;294;4.0;1073;702218.78;J;3;99;46.107;4.818;0.077353;0.273998;1.0;654.44
facility:2806215;8681;392;343;2.0;8681;10963780.56;O;3;99;29.931;4.244;0.045156;0.039512;1.0;1262.96
facility:2806339;859;18;84;2.0;859;503404.13;O;3;03;40.115;3.4;0.020955;0.097788;1.0;586.04
facility:2806681;566;2;16;3.0;566;340150.96;B;1;03;44.034;3.475;0.003534;0.028269;1.0;600.97
facility:2806738;210;1;2;1.0;210;9423.45;B;3;03;38.933;0.995;0.004762;0.009524;1.0;44.87
facility:2806754;28;0;5;1.75;28;14340.28;B;3;99;42.321;2.857;0.0;0.178571;1.0;512.15
facility:2807076;1016;45;130;2.0;1016;702415.16;B;1;03;42.937;3.159;0.044291;0.127953;1.0;691.35
facility:2807084;141;0;30;2.5;141;96162.56;B;1;03;48.56;3.355;0.0;0.212766;1.0;682.0
facility:2807092;4130;88;634;6.5;4130;2488424.03;T;1;03;44.271;8.446;0.021308;0.153511;1.0;602.52
facility:2808501;558;0;0;2.0;558;150949.24;Z;3;99;44.95;3.159;0.0;0.0;1.0;270.52
facility:2808528;195;1;16;3.0;195;144919.85;B;3;99;51.405;3.215;0.005128;0.082051;1.0;743.18
facility:2808544;363;15;38;4.0;363;322547.31;B;1;03;53.57;5.366;0.041322;0.104683;1.0;888.56
facility:2808560;182;6;27;2.0;182;65686.12;B;1;99;43.786;3.621;0.032967;0.148352;1.0;360.91
facility:2808579;773;13;16;0.0;773;404636.46;B;1;03;38.049;0.0;0.016818;0.020699;1.0;523.46
facility:2808587;1165;27;169;2.0;1165;569360.52;B;1;03;40.651;2.327;0.023176;0.145064;1.0;488.72
facility:2808609;2621;139;254;2.0;2621;3226801.56;O;3;99;40.141;3.446;0.053033;0.09691;1.0;1231.13
facility:2808617;1128;44;130;2.0;1128;715765.8;O;3;99;39.462;2.549;0.039007;0.115248;1.0;634.54
facility:2808625;223;10;30;4.0;223;140301.09;B;1;03;49.462;4.09;0.044843;0.134529;1.0;629.15
facility:2808633;785;16;60;2.0;785;459018.24;O;3;03;43.167;2.778;0.020382;0.076433;1.0;584.74
facility:2808641;185;0;0;2.0;185;151116.51;B;1;03;48.032;2.492;0.0;0.0;1.0;816.85
facility:2808668;1570;33;109;1.0;1570;865694.42;O;3;99;39.083;1.896;0.021019;0.069427;1.0;551.4
facility:2808676;262;4;23;2.0;262;180173.38;B;1;03;46.916;2.95;0.015267;0.087786;1.0;687.68
facility:2810018;198;11;31;3.0;198;152953.89;B;3;01;56.192;3.066;0.055556;0.156566;1.0;772.49
facility:2810026;172;1;6;3.0;172;112747.63;A;3;01;46.035;3.256;0.005814;0.034884;1.0;655.51
facility:2810034;56;4;3;3.0;56;60418.13;B;1;03;55.821;3.786;0.071429;0.053571;1.0;1078.9
facility:2810107;96;11;30;2.0;96;62600.52;B;1;01;60.719;2.51;0.114583;0.3125;1.0;652.09
facility:2810123;1334;36;110;2.5;1334;1042713.23;O;3;01;44.906;3.717;0.026987;0.082459;1.0;781.64
facility:2811278;772;3;10;2.0;772;592647.45;B;3;99;39.212;2.883;0.003886;0.012953;1.0;767.68
facility:2811626;1092;100;344;4.0;1092;2807345.28;B;1;99;54.178;6.242;0.091575;0.315018;1.0;2570.83
facility:2814048;922;17;35;2.0;922;480328.23;J;3;03;38.415;2.069;0.018438;0.037961;1.0;520.96
facility:2814056;830;44;189;2.0;830;318964.32;O;3;99;44.389;3.958;0.053012;0.227711;1.0;384.29
facility:2814218;3520;216;164;2.5;3520;2826473.39;K;1;03;47.235;4.789;0.061364;0.046591;1.0;802.98
facility:2814897;4407;140;937;1.0;4407;1137089.44;J;1;99;36.222;2.779;0.031768;0.212616;1.0;258.02
facility:2816210;16325;2243;940;5.0;16325;38931222.29;S;1;99;42.695;10.1;0.137397;0.05758;1.0;2384.76
facility:2816830;250;39;74;3.0;250;186190.23;I;3;03;58.652;5.184;0.156;0.296;1.0;744.76
facility:2816881;608;27;226;3.0;608;902501.96;J;1;03;55.079;3.801;0.044408;0.371711;1.0;1484.38
facility:2817667;568;39;264;2.0;568;354311.62;J;1;99;58.07;2.342;0.068662;0.464789;1.0;623.79
facility:2819120;160;12;17;3.25;160;61483.04;O;3;03;48.556;4.325;0.075;0.10625;1.0;384.27
facility:2819139;2526;0;0;3.0;2526;1109924.55;K;3;03;43.794;2.605;0.0;0.0;1.0;439.4
facility:2819147;530;30;53;2.0;530;378613.72;O;3;03;49.913;3.409;0.056604;0.1;1.0;714.37
facility:2825376;1045;6;2;31.0;1045;2753317.15;F;3;01;73.29;29.775;0.005742;0.001914;1.0;2634.75
facility:2825589;6825;884;66;3.0;6825;29594611.64;S;3;01;43.691;5.92;0.129524;0.00967;1.0;4336.21
facility:3001083;354;11;57;3.0;354;133253.24;O;3;03;38.593;2.723;0.031073;0.161017;1.0;376.42
facility:3001113;1;0;0;0.0;1;3211.0;Z;1;03;66.0;0.0;0.0;0.0;1.0;3211.0
facility:3001466;2324;41;5;23.0;2324;2464913.6;A;1;03;39.27;20.935;0.017642;0.002151;1.0;1060.63
facility:3002187;1792;169;208;5.0;1792;1694717.79;J;1;99;42.886;7.522;0.094308;0.116071;1.0;945.71
facility:3003469;1272;0;1;2.0;1272;658880.42;J;3;03;37.745;2.651;0.0;0.000786;1.0;517.99
facility:3004104;5905;17;68;3.0;5905;4610120.05;O;3;03;21.698;3.902;0.002879;0.011516;1.0;780.71
facility:3004791;4635;0;2;4.0;4635;2014555.24;G;1;99;33.375;5.979;0.0;0.000431;1.0;434.64
facility:3005011;6869;240;159;2.0;6869;8833400.34;O;3;01;33.921;3.649;0.03494;0.023147;1.0;1285.98
facility:3005410;41;0;0;1.0;41;2687289.98;H;3;99;30.756;1.0;0.0;0.0;1.0;65543.66
facility:3005860;99;9;30;4.25;99;75484.3;B;1;99;58.424;5.354;0.090909;0.30303;1.0;762.47
facility:3007472;192;21;89;2.5;192;102745.92;J;1;01;61.677;3.573;0.109375;0.463542;1.0;535.14
facility:3007847;1;0;0;0.0;1;1330.0;Z;1;01;66.0;0.0;0.0;0.0;1.0;1330.0
facility:3007898;1;0;0;0.0;1;2918.63;Z;1;03;6.0;0.0;0.0;0.0;1.0;2918.63
facility:3008045;146;42;104;8.0;146;794998.62;I;1;04;59.137;9.925;0.287671;0.712329;1.0;5445.2
facility:3010902;260;24;54;3.0;260;72162.22;I;1;03;56.862;4.215;0.092308;0.207692;1.0;277.55
facility:3012212;9058;54;101;2.0;9058;7776489.28;O;3;01;22.912;3.428;0.005962;0.01115;1.0;858.52
facility:3013588;353;75;6;10.25;353;4598399.24;B;1;99;58.227;13.892;0.212465;0.016997;1.0;13026.63
facility:3015408;4860;704;1101;5.0;4860;15856217.89;B;1;99;47.078;8.333;0.144856;0.226543;1.0;3262.6
facility:3015920;71;15;1;7.0;71;106500.0;B;3;03;53.803;11.197;0.211268;0.014085;1.0;1500.0
facility:3016986;116;6;33;3.0;116;51428.17;J;3;03;41.009;2.853;0.051724;0.284483;1.0;443.35
facility:3017060;1198;267;124;10.0;1198;11565159.92;B;1;01;51.24;12.594;0.222871;0.103506;1.0;9653.72
facility:3017230;128;2;2;3.0;128;49251.89;A;3;99;46.156;3.172;0.015625;0.015625;1.0;384.78
facility:3017826;1;0;0;0.0;1;3283.41;H;1;03;70.0;0.0;0.0;0.0;1.0;3283.41
facility:3018172;3168;12;120;2.0;3168;1545614.0;O;3;03;21.446;2.008;0.003788;0.037879;1.0;487.88
facility:3018520;256;96;109;10.5;256;2765787.62;B;1;03;38.895;13.203;0.375;0.425781;1.0;10803.86
facility:3021114;23009;1677;1030;3.0;23009;45854297.56;O;3;03;36.42;5.786;0.072885;0.044765;1.0;1992.89
facility:3021378;5794;1011;566;3.25;5794;9063463.73;I;1;99;49.159;5.772;0.174491;0.097687;1.0;1564.28
facility:3021823;474;0;1;0.0;474;285794.98;J;3;03;24.076;0.019;0.0;0.00211;1.0;602.94
facility:3023036;139;5;8;2.75;139;64603.51;I;3;03;43.957;3.568;0.035971;0.057554;1.0;464.77
facility:3028399;5928;334;93;3.0;5928;9897439.28;O;3;03;29.436;5.389;0.056343;0.015688;1.0;1669.61
facility:3028593;700;0;2;2.0;700;344007.45;O;3;03;32.337;2.326;0.0;0.002857;1.0;491.44
facility:3028925;2769;236;903;4.0;2769;1957923.45;B;1;03;51.146;5.272;0.085229;0.326111;1.0;707.09
facility:3030415;85;33;19;7.5;85;1471500.0;B;1;01;67.659;9.282;0.388235;0.223529;1.0;17311.76
facility:3032191;1932;89;771;2.75;1932;763132.99;R;3;99;51.467;3.477;0.046066;0.399068;1.0;395.0
facility:3036472;25;0;0;2.0;25;1139020.25;H;3;03;16.44;2.0;0.0;0.0;1.0;45560.81
facility:3040119;3195;154;268;2.0;3195;1933295.64;B;3;01;46.035;3.857;0.0482;0.083881;1.0;605.1
facility:3043142;224;5;1;6.0;224;936042.82;A;1;99;6.799;7.286;0.022321;0.004464;1.0;4178.76
facility:3048209;1114;38;6;2.0;1114;1103296.09;S;1;03;45.536;3.953;0.034111;0.005386;1.0;990.39
facility:3048675;2441;111;364;3.0;2441;1227359.04;O;3;03;47.658;4.307;0.045473;0.149119;1.0;502.81
facility:3049469;6;0;0;0.0;6;19700.46;H;1;03;61.167;0.0;0.0;0.0;1.0;3283.41
facility:3050637;150;0;0;0.0;150;492511.5;H;1;03;59.707;0.0;0.0;0.0;1.0;3283.41
facility:3051625;63;38;13;13.5;63;1158498.59;B;1;03;60.413;13.429;0.603175;0.206349;1.0;18388.87
facility:3055450;523;0;0;0.0;523;1096357.8;H;1;99;51.342;0.0;0.0;0.0;1.0;2096.29
facility:3056724;7;0;0;0.0;7;87310.03;Z;1;01;53.714;1.143;0.0;0.0;1.0;12472.86
facility:3060918;38;0;0;0.0;38;104992.46;H;1;03;52.158;0.0;0.0;0.0;1.0;2762.96
facility:3074889;35;18;2;9.75;35;530291.79;B;3;01;52.886;10.029;0.514286;0.057143;1.0;15151.19
facility:3075516;3526;359;83;2.0;3526;17272352.7;C;3;01;59.297;3.83;0.101815;0.023539;1.0;4898.57
facility:3083721;5284;1;21;2.0;5284;2640883.01;O;3;99;25.995;2.118;0.000189;0.003974;1.0;499.79
facility:3092399;8;0;0;0.0;8;14901.04;H;1;99;71.125;0.125;0.0;0.0;1.0;1862.63
facility:3094863;512;0;0;2.0;512;204061.91;Z;3;03;38.777;1.83;0.0;0.0;1.0;398.56
facility:3122786;38;0;0;0.0;38;124769.58;H;1;99;64.184;0.0;0.0;0.0;1.0;3283.41
facility:3126838;9592;884;69;3.0;9592;31832932.5;S;1;01;53.444;5.125;0.09216;0.007193;1.0;3318.7
facility:3134423;434;47;151;2.0;434;279519.03;B;1;01;58.002;2.963;0.108295;0.347926;1.0;644.05
facility:3139050;8196;981;463;3.0;8196;11074254.54;O;3;01;44.319;5.542;0.119693;0.056491;1.0;1351.18
facility:3139301;246;11;22;3.0;246;91643.62;J;3;01;53.797;3.646;0.044715;0.089431;1.0;372.54
facility:3142663;813;24;96;2.0;813;463760.33;O;3;03;39.732;2.8;0.02952;0.118081;1.0;570.43
facility:3148130;158;0;0;0.0;158;441604.37;H;1;01;58.323;0.0;0.0;0.0;1.0;2794.96
facility:3151794;12259;86;96;4.0;12259;13619417.28;O;3;03;20.141;6.163;0.007015;0.007831;1.0;1110.97
facility:3152928;181;93;43;10.5;181;2450950.07;B;1;03;61.017;13.11;0.513812;0.237569;1.0;13541.16
facility:3157245;11038;575;267;3.0;11038;23236924.0;O;3;01;42.823;5.486;0.052093;0.024189;1.0;2105.18
facility:3170527;2393;105;1061;2.0;2393;873774.52;K;3;01;54.987;3.015;0.043878;0.443377;1.0;365.14
facility:3189546;193;7;0;2.25;193;8674535.81;Z;1;99;47.917;5.073;0.036269;0.0;1.0;44945.78
facility:3205282;437;0;0;2.0;437;252579.69;O;3;03;32.146;2.007;0.0;0.0;1.0;577.99
facility:3208419;215;0;0;1.0;215;81993.56;J;3;03;42.149;1.609;0.0;0.0;1.0;381.37
facility:3210243;3456;308;467;4.0;3456;2800444.43;B;3;99;46.288;5.544;0.08912;0.135127;1.0;810.31
facility:3212130;11228;1025;796;3.0;11228;15730474.17;O;3;03;41.305;5.452;0.09129;0.070894;1.0;1401.0
facility:3220214;84;0;0;0.0;84;210865.47;H;3;99;59.774;0.0;0.0;0.0;1.0;2510.3
facility:3220966;1581;24;16;2.0;1581;856099.71;O;3;03;30.199;2.766;0.01518;0.01012;1.0;541.49
facility:3223728;556;53;8;31.0;556;1554708.49;I;1;99;65.973;24.829;0.095324;0.014388;1.0;2796.24
facility:3225143;869;0;0;0.0;869;1344805.43;H;1;99;44.644;0.0;0.0;0.0;1.0;1547.53
facility:3225798;79;11;10;5.0;79;1182279.44;Q;1;03;10.709;5.165;0.139241;0.126582;1.0;14965.56
facility:3226816;53;3;38;1.0;53;84765.92;B;1;03;42.189;1.528;0.056604;0.716981;1.0;1599.36
facility:3245500;567;101;21;9.75;567;8225897.73;B;1;03;55.889;11.109;0.178131;0.037037;1.0;14507.76
facility:3246558;309;11;10;2.5;309;222334.79;O;3;03;26.405;3.272;0.035599;0.032362;1.0;719.53
facility:3249336;298;9;61;3.0;298;135917.97;J;3;03;49.46;3.809;0.030201;0.204698;1.0;456.1
facility:3250415;62;3;3;2.0;62;38702.29;J;3;03;47.242;2.645;0.048387;0.048387;1.0;624.23
facility:3254631;164;0;0;0.0;164;484925.13;H;3;01;58.945;0.0;0.0;0.0;1.0;2956.86
facility:3269728;1541;33;226;2.0;1541;978476.94;O;3;99;43.016;3.043;0.021415;0.146658;1.0;634.96
facility:3276678;2313;72;404;3.5;2313;27748108.4;I;1;03;47.166;7.091;0.031128;0.174665;1.0;11996.59
facility:3283437;7;0;0;7.0;7;91458.25;Q;1;01;5.286;10.714;0.0;0.0;1.0;13065.46
facility:3285391;5242;677;56;7.0;5242;21464345.39;C;3;03;54.747;10.634;0.129149;0.010683;1.0;4094.69
facility:3294889;955;0;18;2.0;955;498244.56;O;3;03;26.706;2.764;0.0;0.018848;1.0;521.72
facility:3302490;1364;0;4;2.0;1364;710362.69;O;3;99;33.207;1.858;0.0;0.002933;1.0;520.79
facility:3312216;178;17;53;2.0;178;81499.78;O;3;03;50.371;2.831;0.095506;0.297753;1.0;457.86
facility:3314766;2067;0;42;1.0;2067;1032417.04;O;3;01;18.635;1.455;0.0;0.020319;1.0;499.48
facility:3316300;4188;222;54;2.5;4188;8997345.62;O;3;99;29.572;4.419;0.053009;0.012894;1.0;2148.36
facility:3321452;47;0;0;0.0;47;128265.15;H;1;03;61.872;0.0;0.0;0.0;1.0;2729.05
facility:3324060;21;0;3;1.0;21;6830.9;A;1;99;37.381;1.952;0.0;0.142857;1.0;325.28
facility:3344169;35;0;0;0.0;35;113705.94;H;3;03;58.4;0.0;0.0;0.0;1.0;3248.74
facility:3344614;1105;113;277;7.5;1105;787938.1;N;3;99;49.902;10.886;0.102262;0.250679;1.0;713.07
facility:3354423;1657;59;349;1.0;1657;568818.14;B;3;01;46.315;2.823;0.035607;0.210622;1.0;343.28
facility:3358860;436;33;76;2.0;436;177700.19;O;3;03;44.516;3.117;0.075688;0.174312;1.0;407.57
facility:3369293;486;14;2;1.0;486;2077818.24;C;3;99;57.352;2.802;0.028807;0.004115;1.0;4275.35
facility:3374599;44;13;0;22.5;44;1470416.55;B;1;99;52.932;21.364;0.295455;0.0;1.0;33418.56
facility:3378691;406;19;72;4.0;406;333451.17;B;1;01;54.83;4.059;0.046798;0.17734;1.0;821.31
facility:3384993;65;2;17;2.25;65;44400.34;B;3;03;61.354;3.538;0.030769;0.261538;1.0;683.08
facility:3385205;537;4;48;3.0;537;352807.94;B;3;03;43.764;3.305;0.007449;0.089385;1.0;657.0
facility:3386023;1220;4;17;2.0;1220;433148.42;A;3;03;30.342;2.087;0.003279;0.013934;1.0;355.04
facility:3388301;4029;487;307;5.0;4029;5561517.74;S;1;99;47.419;6.648;0.120874;0.076198;1.0;1380.37
facility:3407829;186;15;51;3.0;186;63512.43;O;3;03;54.629;5.452;0.080645;0.274194;1.0;341.46
facility:3426572;75;0;0;1.0;75;38521.2;K;1;99;46.827;0.84;0.0;0.0;1.0;513.62
facility:3452263;545;14;165;2.0;545;411418.71;B;3;03;49.686;2.194;0.025688;0.302752;1.0;754.9
facility:3470350;961;112;168;4.0;961;841525.05;B;1;01;58.254;5.283;0.116545;0.174818;1.0;875.68
facility:3477304;352;0;0;0.0;352;1064340.16;H;1;01;61.997;0.0;0.0;0.0;1.0;3023.69
facility:3485536;178;3;13;3.0;178;125984.73;B;3;03;47.882;3.517;0.016854;0.073034;1.0;707.78
facility:3488578;23;0;0;0.0;23;42906.5;H;3;99;62.565;0.0;0.0;0.0;1.0;1865.5
facility:3499359;179;0;0;1.0;179;578046.66;H;1;03;54.877;0.978;0.0;0.0;1.0;3229.31
facility:3508528;19334;1226;249;4.0;19334;55941007.31;O;3;01;42.843;7.087;0.063412;0.012879;1.0;2893.4
facility:3513351;260;1;29;2.0;260;156743.77;O;3;03;42.538;3.154;0.003846;0.111538;1.0;602.86
facility:3515168;2725;108;61;4.0;2725;4570180.46;K;1;99;44.184;7.484;0.039633;0.022385;1.0;1677.13
facility:3537943;1962;405;259;7.0;1962;3201486.82;B;1;99;61.073;8.422;0.206422;0.132008;1.0;1631.75
facility:3542998;33;0;0;0.0;33;104062.01;H;3;99;63.636;0.0;0.0;0.0;1.0;3153.39
facility:3549097;762;0;0;0.0;762;576933.32;H;3;99;61.773;0.0;0.0;0.0;1.0;757.13
facility:3558134;65;0;7;2.25;65;58009.36;B;3;01;62.708;2.631;0.0;0.107692;1.0;892.45
facility:3559629;2650;201;225;2.5;2650;1548923.1;O;3;03;38.626;4.195;0.075849;0.084906;1.0;584.5
facility:3567486;113;0;0;1.0;113;61871.8;O;3;03;27.522;1.832;0.0;0.0;1.0;547.54
facility:3569543;752;11;55;2.0;752;426914.5;O;3;03;37.457;2.972;0.014628;0.073138;1.0;567.71
facility:3574261;1216;51;183;1.0;1216;682012.18;O;3;99;36.988;2.093;0.041941;0.150493;1.0;560.87
facility:3575497;406;0;0;0.0;406;795118.72;H;1;99;60.759;0.047;0.0;0.0;1.0;1958.42
facility:3584968;567;39;46;2.0;567;314854.01;I;1;01;53.642;3.339;0.068783;0.081129;1.0;555.3
facility:3587010;297;10;42;2.0;297;232851.4;B;3;03;51.899;3.125;0.03367;0.141414;1.0;784.01
facility:3588572;421;0;0;2.0;421;118307.56;A;3;99;38.933;2.401;0.0;0.0;1.0;281.02
facility:3597156;252;0;0;1.0;252;197531.93;K;3;01;47.869;0.857;0.0;0.0;1.0;783.86
facility:3626245;7617;439;2488;3.0;7617;7757032.05;S;1;01;48.715;4.322;0.057634;0.326638;1.0;1018.38
facility:3647153;145;0;0;0.0;145;476094.45;H;3;99;62.076;0.0;0.0;0.0;1.0;3283.41
facility:3650413;13;0;0;0.0;13;61683.56;H;3;99;64.692;0.0;0.0;0.0;1.0;4744.89
facility:3654796;1392;8;133;2.0;1392;344178.48;O;3;03;34.514;2.144;0.005747;0.095546;1.0;247.25
facility:3654826;1074;24;140;5.5;1074;821056.1;B;1;03;40.741;8.475;0.022346;0.130354;1.0;764.48
facility:3663051;2932;175;248;3.0;2932;6963937.14;B;1;03;21.07;5.053;0.059686;0.084584;1.0;2375.15
facility:3665216;118;0;0;0.0;118;365736.16;H;1;99;56.22;0.0;0.0;0.0;1.0;3099.46
facility:3667804;3632;15;581;2.0;3632;1683140.97;O;3;03;32.744;2.333;0.00413;0.159967;1.0;463.42
facility:3668770;2252;1;27;2.0;2252;1125744.24;O;3;03;21.002;3.045;0.000444;0.011989;1.0;499.89
facility:3675580;2743;209;21;2.0;2743;7956317.31;C;3;99;56.613;3.48;0.076194;0.007656;1.0;2900.59
facility:3681548;10;0;0;0.0;10;24345.19;H;1;03;63.5;0.0;0.0;0.0;1.0;2434.52
facility:3698548;2868;229;129;7.0;2868;4618107.05;K;1;01;54.783;8.722;0.079847;0.044979;1.0;1610.22
facility:3708926;1233;301;146;12.0;1233;6070976.13;B;1;03;61.286;14.516;0.24412;0.11841;1.0;4923.74
facility:3738698;665;29;82;3.0;665;424275.62;O;3;03;43.872;4.227;0.043609;0.123308;1.0;638.01
facility:3745325;15;0;0;1.0;15;11594.8;S;1;03;39.267;1.2;0.0;0.0;1.0;772.99
facility:3746410;1741;15;36;2.0;1741;597131.61;L;3;99;46.932;3.0;0.008616;0.020678;1.0;342.98
facility:3753433;1645;23;3;31.0;1645;3418042.65;A;1;01;45.061;25.018;0.013982;0.001824;1.0;2077.84
facility:3759148;260;14;53;3.75;260;169837.71;B;3;03;58.062;3.923;0.053846;0.203846;1.0;653.22
facility:3771962;5666;491;208;3.0;5666;11681809.18;S;1;03;47.195;5.773;0.086657;0.03671;1.0;2061.74
facility:3774554;4574;541;250;3.0;4574;4688783.86;O;3;01;47.136;4.313;0.118277;0.054657;1.0;1025.09
facility:3784916;2584;764;147;6.0;2584;2661008.15;B;1;99;63.002;8.6;0.295666;0.056889;1.0;1029.8
facility:3791130;661;142;16;9.5;661;3419608.3;N;1;03;61.525;12.596;0.214826;0.024206;1.0;5173.39
facility:3795292;554;17;89;2.0;554;316083.93;O;3;03;43.014;2.247;0.030686;0.16065;1.0;570.55
facility:3825752;321;18;118;2.0;321;174346.55;I;3;01;63.433;3.692;0.056075;0.367601;1.0;543.14
facility:3827127;130;0;0;3.0;130;57522.37;J;1;03;57.7;3.223;0.0;0.0;1.0;442.48
facility:3828107;434;45;138;4.0;434;681960.5;B;1;01;55.048;5.82;0.103687;0.317972;1.0;1571.34
facility:3841375;1667;240;870;3.0;1667;1686570.28;B;1;03;57.657;4.861;0.143971;0.521896;1.0;1011.74
facility:3906787;201;43;8;8.0;201;3378725.75;B;1;03;58.075;13.612;0.21393;0.039801;1.0;16809.58
facility:3913163;708;0;3;2.0;708;246161.21;A;3;03;31.692;2.195;0.0;0.004237;1.0;347.69
facility:3913899;451;145;6;6.0;451;5840687.25;B;1;99;51.131;9.519;0.321508;0.013304;1.0;12950.53
facility:3940829;525;0;0;10.0;525;787500.0;B;1;99;53.526;9.81;0.0;0.0;1.0;1500.0
facility:3949621;783;12;2;4.0;783;563016.12;B;1;01;57.324;4.581;0.015326;0.002554;1.0;719.05
facility:3956369;16152;206;103;3.0;16152;19813987.97;O;3;03;21.514;4.754;0.012754;0.006377;1.0;1226.72
facility:3969800;2456;173;34;4.5;2456;3388034.04;S;1;03;46.241;6.778;0.07044;0.013844;1.0;1379.49
facility:3970442;5081;0;36;2.0;5081;2565876.42;O;3;99;24.246;2.261;0.0;0.007085;1.0;504.99
facility:3972925;11345;1127;183;4.0;11345;29495577.9;O;3;03;35.313;6.662;0.099339;0.01613;1.0;2599.87
facility:3983730;6678;667;276;6.0;6678;38161625.69;I;1;99;60.826;9.007;0.09988;0.04133;1.0;5714.53
facility:3984338;189;42;3;10.0;189;1388900.73;B;1;03;58.169;12.651;0.222222;0.015873;1.0;7348.68
facility:3987884;9088;404;1467;5.0;9088;14464847.04;S;1;03;34.274;7.199;0.044454;0.161422;1.0;1591.64
facility:4001303;14175;376;199;4.0;14175;27265370.46;O;3;99;32.904;8.349;0.026526;0.014039;1.0;1923.48
facility:4001958;665;29;119;3.0;665;419656.31;B;3;03;43.191;3.788;0.043609;0.178947;1.0;631.06
facility:4002385;339;20;84;3.0;339;219667.94;B;1;99;52.655;3.9;0.058997;0.247788;1.0;647.99
facility:4002768;76;0;15;1.0;76;46785.88;B;1;03;46.868;1.237;0.0;0.197368;1.0;615.6
facility:4003039;269;13;46;3.0;269;212984.39;B;3;03;50.234;4.234;0.048327;0.171004;1.0;791.76
facility:4003357;88;0;0;2.5;88;34761.36;J;1;03;53.716;2.898;0.0;0.0;1.0;395.02
facility:4004787;1581;68;103;2.25;1581;748752.72;O;3;05;28.848;3.818;0.043011;0.065149;1.0;473.59
facility:4004876;141;1;15;3.0;141;46985.75;J;1;99;47.397;3.667;0.007092;0.106383;1.0;333.23
facility:4005732;1519;14;62;2.0;1519;602546.42;O;3;03;31.092;2.34;0.009217;0.040816;1.0;396.67
facility:4005759;596;68;154;2.25;596;432171.12;O;3;03;46.757;5.597;0.114094;0.258389;1.0;725.12
facility:4005775;16832;9;5;0.0;16832;40787665.51;S;1;99;37.587;0.603;0.000535;0.000297;1.0;2423.22
facility:4006429;2241;29;308;2.0;2241;1001578.15;O;3;03;31.635;2.779;0.012941;0.137439;1.0;446.93
facility:4007514;850;0;0;2.0;850;238900.98;K;3;99;41.189;2.524;0.0;0.0;1.0;281.06
facility:4008065;51;0;0;1.0;51;2409.82;A;3;03;47.745;1.0;0.0;0.0;1.0;47.25
facility:4008081;54;0;1;2.75;54;16361.55;A;3;99;50.778;2.963;0.0;0.018519;1.0;302.99
facility:4008774;7;0;0;3.5;7;3070.19;A;1;03;58.429;6.286;0.0;0.0;1.0;438.6
facility:4009045;76;0;0;4.5;76;34916.53;J;3;03;52.132;4.513;0.0;0.0;1.0;459.43
facility:4009444;3628;52;41;2.0;3628;4490781.3;O;3;03;34.637;3.083;0.014333;0.011301;1.0;1237.81
facility:4009622;6149;487;309;3.0;6149;5856073.99;O;3;03;41.583;4.513;0.0792;0.050252;1.0;952.36
facility:4009819;23;0;0;1.25;23;6476.8;A;1;03;63.609;1.565;0.0;0.0;1.0;281.6
facility:4010779;1474;92;123;3.0;1474;1239827.59;S;1;03;50.093;5.421;0.062415;0.083446;1.0;841.13
facility:4010825;293;17;39;3.0;293;207141.13;B;3;03;51.355;3.87;0.05802;0.133106;1.0;706.97
facility:4013034;41;2;17;2.0;41;25483.76;J;1;03;58.902;3.39;0.04878;0.414634;1.0;621.56
facility:4013484;2766;383;104;19.0;2766;16642791.45;B;1;03;53.535;20.11;0.138467;0.037599;1.0;6016.92
facility:4014111;4537;9;52;2.0;4537;2707756.06;O;3;03;25.372;3.073;0.001984;0.011461;1.0;596.82
facility:4014138;689;106;82;6.0;689;1777911.04;B;1;03;62.965;7.2;0.153846;0.119013;1.0;2580.42
facility:4014235;2831;141;91;4.0;2831;3783149.35;J;3;99;26.531;4.777;0.049806;0.032144;1.0;1336.33
facility:4014359;88;13;29;4.0;88;71658.07;B;3;99;61.08;6.636;0.147727;0.329545;1.0;814.3
facility:4014715;136;17;47;3.0;136;86848.24;B;3;03;60.301;6.324;0.125;0.345588;1.0;638.59
facility:4018044;205;2;10;2.0;205;83082.25;O;3;05;35.649;3.054;0.009756;0.04878;1.0;405.28
facility:4020197;242;0;8;2.0;242;100994.94;O;3;03;36.62;2.149;0.0;0.033058;1.0;417.33
facility:4020383;153;2;28;6.0;153;69855.62;A;3;03;48.294;7.013;0.013072;0.183007;1.0;456.57
facility:4020405;356;1;26;3.0;356;67702.6;F;3;03;32.904;4.051;0.002809;0.073034;1.0;190.18
facility:4020472;14;0;0;3.0;14;6794.22;J;3;03;49.286;4.286;0.0;0.0;1.0;485.3
facility:4020510;425;7;34;1.0;425;201589.57;O;3;03;32.412;1.852;0.016471;0.08;1.0;474.33
facility:4021185;164;7;28;2.0;164;55621.65;J;1;03;55.811;2.61;0.042683;0.170732;1.0;339.16
facility:4021460;328;0;0;2.0;328;139747.89;O;3;03;41.079;2.982;0.0;0.0;1.0;426.06
facility:4022068;363;0;4;3.0;363;122155.54;I;3;03;50.03;2.603;0.0;0.011019;1.0;336.52
facility:4022262;340;5;0;3.0;340;184565.79;A;3;03;44.6;3.441;0.014706;0.0;1.0;542.84
facility:4022416;336;15;4;3.0;336;205621.32;O;3;03;43.815;3.854;0.044643;0.011905;1.0;611.97
facility:4022718;2878;129;283;3.0;2878;3688168.64;B;1;99;45.708;5.309;0.044823;0.098332;1.0;1281.5
facility:4022750;419;17;112;2.75;419;169197.15;O;3;03;44.893;3.403;0.040573;0.267303;1.0;403.81
facility:4022807;823;44;159;2.0;823;425682.95;O;3;03;45.536;3.522;0.053463;0.193196;1.0;517.23
facility:4023463;637;21;52;3.0;637;391683.99;A;3;03;41.901;3.697;0.032967;0.081633;1.0;614.89
facility:4023536;665;6;0;3.0;665;414319.26;A;3;03;35.208;2.904;0.009023;0.0;1.0;623.04
facility:4024222;596;40;48;2.0;596;282846.78;O;3;03;45.263;3.0;0.067114;0.080537;1.0;474.58
facility:4024303;463;35;11;3.0;463;263594.51;O;3;03;44.423;3.268;0.075594;0.023758;1.0;569.32
facility:4024370;117;0;0;3.0;117;81109.97;B;1;03;59.487;4.214;0.0;0.0;1.0;693.25
facility:4025121;187;8;28;2.0;187;83338.95;I;1;99;53.909;3.289;0.042781;0.149733;1.0;445.66
facility:4025148;694;33;22;2.75;694;334153.56;J;3;03;41.83;4.549;0.04755;0.0317;1.0;481.49
facility:4026640;732;11;128;1.0;732;268398.26;O;3;03;35.245;3.322;0.015027;0.174863;1.0;366.66
facility:4026675;93;11;16;3.0;93;42888.28;J;1;03;56.688;4.161;0.11828;0.172043;1.0;461.16
facility:4026756;1136;0;0;3.0;1136;531831.65;I;3;99;41.784;2.945;0.0;0.0;1.0;468.16
facility:4026772;3473;26;23;2.0;3473;1719204.84;O;3;03;40.18;1.949;0.007486;0.006623;1.0;495.02
facility:4026896;7627;621;647;2.0;7627;11552548.2;O;3;99;34.446;5.047;0.081421;0.08483;1.0;1514.69
facility:4028155;6167;828;105;4.5;6167;12677941.35;K;1;03;51.056;7.471;0.134263;0.017026;1.0;2055.77
facility:4028414;621;0;0;0.0;621;280920.38;K;3;03;36.072;0.746;0.0;0.0;1.0;452.37
facility:4028511;1103;47;239;2.0;1103;398921.83;O;3;03;40.12;3.298;0.042611;0.216682;1.0;361.67
facility:4028740;1288;68;160;2.0;1288;653548.92;O;3;03;46.358;2.53;0.052795;0.124224;1.0;507.41
facility:4028759;207;5;28;3.0;207;90295.57;O;3;99;40.271;3.048;0.024155;0.135266;1.0;436.21
facility:4029526;1675;45;32;1.0;1675;971723.53;O;3;03;39.973;2.039;0.026866;0.019104;1.0;580.13
facility:4029607;1078;41;49;2.0;1078;583716.43;S;3;01;47.267;2.711;0.038033;0.045455;1.0;541.48
facility:4029801;1019;29;8;3.0;1019;476685.59;O;3;03;42.179;3.675;0.028459;0.007851;1.0;467.8
facility:4029844;210;29;62;2.0;210;79496.83;O;3;03;50.862;4.862;0.138095;0.295238;1.0;378.56
facility:4032101;125;0;0;2.5;125;54310.83;I;3;03;57.52;3.472;0.0;0.0;1.0;434.49
facility:4032497;558;0;0;2.0;558;244696.1;O;3;03;38.147;1.694;0.0;0.0;1.0;438.52
facility:4032594;1089;17;1;2.0;1089;553456.77;O;3;03;39.042;2.502;0.015611;0.000918;1.0;508.22
facility:4032691;295;10;17;2.5;295;146836.52;O;3;03;46.969;3.593;0.033898;0.057627;1.0;497.75
facility:4032829;210;0;0;2.0;210;64103.25;O;3;03;25.548;1.724;0.0;0.0;1.0;305.25
facility:4032837;589;33;173;2.0;589;317036.46;O;3;03;48.57;2.932;0.056027;0.293718;1.0;538.26
facility:4033043;191;7;14;2.0;191;151793.26;O;3;03;43.351;3.466;0.036649;0.073298;1.0;794.73
facility:4033256;304;3;5;3.0;304;132561.64;O;3;03;41.523;3.595;0.009868;0.016447;1.0;436.06
facility:4033418;648;32;62;2.0;648;303359.3;O;3;03;46.81;3.64;0.049383;0.095679;1.0;468.15
facility:4034236;11352;359;267;3.0;11352;25883041.57;I;1;03;52.616;5.449;0.031624;0.02352;1.0;2280.04
facility:4041690;653;50;122;3.0;653;312952.89;J;1;99;54.499;4.207;0.07657;0.18683;1.0;479.25
facility:4042085;9838;421;113;2.5;9838;20958555.56;O;3;01;45.966;4.319;0.042793;0.011486;1.0;2130.37
facility:4042107;1399;113;34;3.0;1399;5164640.93;I;1;01;67.037;4.39;0.080772;0.024303;1.0;3691.67
facility:4044916;11290;349;227;4.0;11290;34384513.72;K;3;03;46.479;6.459;0.030912;0.020106;1.0;3045.57
facility:4047613;1175;98;623;2.25;1175;910920.79;B;1;99;60.386;3.213;0.083404;0.530213;1.0;775.25
facility:4048660;20;1;3;4.75;20;28084.59;B;1;99;64.9;4.7;0.05;0.15;1.0;1404.23
facility:4049020;7565;791;202;3.0;7565;20020335.35;O;3;01;46.668;4.532;0.10456;0.026702;1.0;2646.44
facility:4051165;2789;301;206;2.0;2789;13528794.58;B;1;01;50.411;4.47;0.107924;0.073862;1.0;4850.77
facility:4051181;538;20;44;3.0;538;304529.24;A;3;01;55.007;2.991;0.037175;0.081784;1.0;566.04
facility:4051513;446;25;66;4.0;446;297865.37;B;3;01;63.756;5.155;0.056054;0.147982;1.0;667.86
facility:4052536;442;5;7;2.0;442;209715.07;A;3;01;42.48;2.335;0.011312;0.015837;1.0;474.47
facility:4052617;182;7;35;3.0;182;113550.37;B;1;01;61.038;3.89;0.038462;0.192308;1.0;623.9
facility:4053214;404;11;154;3.0;404;381323.58;B;3;01;56.262;3.762;0.027228;0.381188;1.0;943.87
facility:4054695;2341;149;243;2.0;2341;5053933.76;B;3;01;44.119;3.29;0.063648;0.103802;1.0;2158.88
facility:4054954;384;11;17;3.0;384;244360.07;O;3;99;49.682;3.023;0.028646;0.044271;1.0;636.35
facility:4055683;601;19;76;2.5;601;269026.47;N;3;01;51.323;3.146;0.031614;0.126456;1.0;447.63
facility:4055748;3278;124;539;2.0;3278;1689064.46;O;3;03;41.128;3.106;0.037828;0.16443;1.0;515.27
facility:4056264;162;0;0;2.0;162;89134.57;J;3;01;57.136;2.889;0.0;0.0;1.0;550.21
facility:4056752;8988;760;127;2.0;8988;25633632.56;O;3;01;39.014;4.2;0.084557;0.01413;1.0;2851.98
facility:4057058;431;15;91;3.0;431;245234.62;B;1;01;55.817;3.492;0.034803;0.211137;1.0;568.99
facility:4068823;2037;44;158;1.5;2037;1009428.23;O;3;03;40.15;2.479;0.0216;0.077565;1.0;495.55
facility:4069099;642;19;40;3.0;642;300994.67;O;3;03;32.411;3.821;0.029595;0.062305;1.0;468.84
facility:4069803;3308;82;220;2.0;3308;5179363.09;O;3;99;32.873;4.785;0.024788;0.066505;1.0;1565.71
facility:4069870;125;14;40;3.25;125;98332.94;B;1;03;58.152;4.216;0.112;0.32;1.0;786.66
facility:4070070;1303;67;71;2.0;1303;3372609.38;O;3;04;38.031;3.848;0.05142;0.05449;1.0;2588.34
facility:5004764;305;4;14;2.0;305;139346.65;B;1;03;45.987;2.61;0.013115;0.045902;1.0;456.87
facility:5005027;5193;15;93;2.0;5193;4228217.11;O;3;03;20.435;3.109;0.002889;0.017909;1.0;814.21
facility:5018110;2192;61;144;2.0;2192;1280870.62;O;3;03;39.794;2.622;0.027828;0.065693;1.0;584.34
facility:5020743;177;8;46;2.75;177;81292.47;I;3;03;56.927;3.825;0.045198;0.259887;1.0;459.28
facility:5022517;1039;0;0;0.0;1039;3164005.56;H;1;03;51.992;0.009;0.0;0.0;1.0;3045.24
facility:5025729;855;33;133;1.0;855;449248.38;O;3;03;42.422;2.413;0.038596;0.155556;1.0;525.44
facility:5042488;2276;0;94;2.0;2276;1047035.64;O;3;03;23.11;2.014;0.0;0.041301;1.0;460.03
facility:5050170;483;30;34;3.0;483;387056.45;B;1;01;60.209;3.723;0.062112;0.070393;1.0;801.36
facility:5057531;515;54;159;3.0;515;301532.0;I;1;01;62.083;3.534;0.104854;0.308738;1.0;585.5
facility:5060761;402;29;99;2.0;402;236239.07;O;3;99;53.259;4.124;0.072139;0.246269;1.0;587.66
facility:5061989;10563;1127;286;3.0;10563;41690442.14;S;1;03;44.415;7.156;0.106693;0.027076;1.0;3946.84
facility:5077680;589;26;60;3.25;589;367262.66;O;3;99;46.66;3.672;0.044143;0.101868;1.0;623.54
facility:5093619;1227;64;102;5.0;1227;4847103.77;B;1;03;56.957;7.841;0.05216;0.08313;1.0;3950.37
facility:5095808;2914;285;363;2.0;2914;4761497.78;K;3;03;50.676;4.259;0.097804;0.124571;1.0;1634.01
facility:5095824;630;34;20;2.0;630;357899.14;L;3;01;52.413;4.083;0.053968;0.031746;1.0;568.09
facility:5110025;199;5;2;2.75;199;116972.76;J;1;99;50.377;3.663;0.025126;0.01005;1.0;587.8
facility:5129753;2410;296;470;2.0;2410;1459491.79;O;3;99;43.491;3.949;0.122822;0.195021;1.0;605.6
facility:5130883;69;0;0;0.0;69;220397.21;H;1;99;59.551;0.0;0.0;0.0;1.0;3194.16
facility:5166292;57;0;0;1.5;57;30066.22;O;3;03;35.772;2.404;0.0;0.0;1.0;527.48
facility:5169976;11134;1611;1713;4.0;11134;12543502.29;J;1;03;50.85;6.005;0.144692;0.153853;1.0;1126.59
facility:5170958;74;0;0;0.0;74;233215.73;H;1;01;60.838;0.0;0.0;0.0;1.0;3151.56
facility:5177235;73;1;5;3.0;73;30101.73;L;3;99;60.973;4.685;0.013699;0.068493;1.0;412.35
facility:5200105;8939;991;345;3.0;8939;9968400.81;O;3;03;40.346;5.709;0.110863;0.038595;1.0;1115.16
facility:5223962;5154;917;250;7.0;5154;12848870.82;S;1;01;49.657;9.107;0.17792;0.048506;1.0;2492.99
facility:5230241;463;24;41;3.5;463;400377.0;B;1;99;60.026;4.816;0.051836;0.088553;1.0;864.75
facility:5232511;2605;118;391;2.0;2605;2276845.52;K;3;01;47.786;2.709;0.045298;0.150096;1.0;874.03
facility:5240085;1362;76;125;2.0;1362;1112996.79;B;3;01;50.76;3.291;0.0558;0.091777;1.0;817.18
facility:5252849;1182;81;210;5.0;1182;2985487.89;B;1;03;54.746;6.728;0.068528;0.177665;1.0;2525.79
facility:5279003;767;64;18;2.25;767;486196.96;O;3;01;54.541;3.703;0.083442;0.023468;1.0;633.89
facility:5288541;204;3;23;2.0;204;112890.67;O;3;01;48.544;3.206;0.014706;0.112745;1.0;553.39
facility:5292190;111;41;43;9.0;111;1210331.46;B;1;03;55.414;11.351;0.369369;0.387387;1.0;10903.89
facility:5307562;1315;0;44;2.0;1315;615342.15;O;3;03;17.395;2.357;0.0;0.03346;1.0;467.94
facility:5307864;1320;112;111;3.0;1320;1255132.56;O;3;99;48.348;6.38;0.084848;0.084091;1.0;950.86
facility:5310350;1001;132;13;4.0;1001;867311.08;B;1;01;60.022;6.347;0.131868;0.012987;1.0;866.44
facility:5336171;6237;410;246;3.0;6237;7246006.62;B;1;03;41.441;5.299;0.065737;0.039442;1.0;1161.78
facility:5349893;1092;0;19;2.0;1092;534534.96;O;3;99;26.139;2.745;0.0;0.017399;1.0;489.5
facility:5350697;393;30;49;3.0;393;148669.69;J;3;03;52.285;4.282;0.076336;0.124682;1.0;378.29
facility:5356067;7137;707;269;5.0;7137;22006983.07;S;1;03;56.65;7.666;0.099061;0.037691;1.0;3083.51
facility:5364515;771;13;123;1.0;771;4950581.89;I;1;03;63.075;2.014;0.016861;0.159533;1.0;6420.99
facility:5366828;4211;341;549;2.0;4211;1848541.95;O;3;01;45.358;4.017;0.080978;0.130373;1.0;438.98
facility:5373190;3448;133;11;1.5;3448;4100494.75;C;3;01;59.849;1.853;0.038573;0.00319;1.0;1189.24
facility:5384117;4431;251;117;2.0;4431;7162021.16;S;3;01;40.659;4.135;0.056646;0.026405;1.0;1616.34
facility:5395674;673;43;102;3.0;673;542014.44;B;1;01;53.052;3.363;0.063893;0.15156;1.0;805.37
facility:5412293;287;5;75;2.0;287;143023.52;O;3;01;51.373;2.199;0.017422;0.261324;1.0;498.34
facility:5412447;8803;965;522;4.0;8803;15955869.89;O;3;03;36.563;7.089;0.109622;0.059298;1.0;1812.55
facility:5417139;3698;430;240;7.0;3698;18235426.9;J;1;99;58.896;9.003;0.116279;0.0649;1.0;4931.16
facility:5419662;5209;207;384;3.0;5209;4710410.73;S;1;03;43.801;4.638;0.039739;0.073719;1.0;904.28
facility:5420938;17051;1108;948;3.0;17051;23713275.96;O;3;03;34.888;4.97;0.064982;0.055598;1.0;1390.73
facility:5435072;4;0;4;3.5;4;6000.0;B;1;99;48.25;5.25;0.0;1.0;1.0;1500.0
facility:5437156;655;169;86;6.75;655;783004.01;B;1;01;64.773;10.959;0.258015;0.131298;1.0;1195.43
facility:5446333;260;10;56;3.0;260;106295.87;I;3;03;56.742;4.335;0.038462;0.215385;1.0;408.83
facility:5446546;710;144;125;7.5;710;5979782.2;B;3;99;55.841;10.348;0.202817;0.176056;1.0;8422.23
facility:5478898;3870;265;92;2.0;3870;4293004.36;S;1;03;48.637;4.86;0.068475;0.023773;1.0;1109.3
facility:5498465;4934;491;52;4.0;4934;10212224.43;S;1;03;36.833;6.736;0.099514;0.010539;1.0;2069.77
facility:5572924;1321;14;20;2.25;1321;656384.67;O;3;99;37.349;3.743;0.010598;0.01514;1.0;496.88
facility:5581923;1119;0;0;2.0;1119;395852.86;J;1;99;5.004;2.773;0.0;0.0;1.0;353.76
facility:5584108;443;28;138;3.0;443;456900.45;B;3;04;58.287;3.607;0.063205;0.311512;1.0;1031.38
facility:5585422;4699;812;11;6.0;4699;22585930.1;B;1;03;43.871;9.67;0.172803;0.002341;1.0;4806.54
facility:5586348;2053;246;264;4.0;2053;4738176.61;B;1;01;49.674;6.079;0.119825;0.128592;1.0;2307.93
facility:5597501;4027;612;55;5.25;4027;12091201.95;S;1;03;43.71;7.319;0.151974;0.013658;1.0;3002.53
facility:5599504;3252;585;66;7.0;3252;12727333.83;B;1;03;41.035;8.773;0.179889;0.020295;1.0;3913.69
facility:5602742;261;22;44;5.5;261;71098.58;F;1;01;50.215;8.038;0.084291;0.168582;1.0;272.41
facility:5603145;8915;298;604;2.0;8915;16099388.71;K;3;01;50.481;3.077;0.033427;0.067751;1.0;1805.88
facility:5610044;4852;875;386;4.0;4852;13514189.39;S;1;03;48.244;5.746;0.180338;0.079555;1.0;2785.28
facility:5616298;9735;437;523;2.0;9735;11232102.25;O;3;03;31.619;3.531;0.04489;0.053724;1.0;1153.79
facility:5617286;1701;84;771;2.0;1701;1086648.54;B;1;99;54.18;3.154;0.049383;0.453263;1.0;638.83
facility:5621674;1517;62;193;2.0;1517;993262.19;J;3;01;48.473;3.107;0.04087;0.127225;1.0;654.75
facility:5635233;34;0;0;0.0;34;121486.17;H;1;03;57.824;0.0;0.0;0.0;1.0;3573.12
facility:5654319;2125;145;59;6.5;2125;8701144.89;I;3;03;58.299;9.554;0.068235;0.027765;1.0;4094.66
facility:5685834;176;41;10;5.25;176;799529.02;I;3;99;65.051;7.551;0.232955;0.056818;1.0;4542.78
facility:5699525;458;20;26;4.5;458;250144.64;F;1;99;55.151;7.884;0.043668;0.056769;1.0;546.17
facility:5701929;62;0;10;2.0;62;25057.43;J;1;03;43.774;2.661;0.0;0.16129;1.0;404.15
facility:5703425;5746;11;57;2.0;5746;2829752.25;O;3;99;23.481;2.367;0.001914;0.00992;1.0;492.47
facility:5707234;1048;373;28;7.0;1048;5490890.89;B;3;03;59.411;8.699;0.355916;0.026718;1.0;5239.4
facility:5714397;7738;114;19;4.0;7738;13599343.18;O;3;99;22.438;6.543;0.014732;0.002455;1.0;1757.48
facility:5717256;9343;3631;141;6.5;9343;77539273.3;B;1;02;59.393;9.352;0.388633;0.015092;1.0;8299.18
facility:5717515;19276;995;1540;3.0;19276;27046435.49;O;3;99;30.243;5.548;0.051619;0.079892;1.0;1403.11
facility:5718368;18278;1038;404;3.0;18278;26901125.57;O;3;01;37.199;5.177;0.05679;0.022103;1.0;1471.78
facility:5729297;490;37;0;3.0;490;374827.61;B;3;01;61.494;3.708;0.07551;0.0;1.0;764.95
facility:5731186;4375;0;62;2.0;4375;2286124.4;O;3;03;23.582;2.41;0.0;0.014171;1.0;522.54
facility:5749018;695;23;25;2.0;695;543781.6;O;3;01;45.318;2.249;0.033094;0.035971;1.0;782.42
facility:5757711;45;0;0;0.0;45;147753.45;H;1;99;56.467;0.133;0.0;0.0;1.0;3283.41
facility:5828767;16;1;0;3.0;16;11286.2;J;1;99;62.938;3.625;0.0625;0.0;1.0;705.39
facility:5828856;25462;1992;3627;3.0;25462;45708809.02;S;1;99;44.386;4.942;0.078234;0.142448;1.0;1795.18
facility:5844843;1431;22;390;1.0;1431;783940.34;B;3;01;48.291;2.118;0.015374;0.272537;1.0;547.83
facility:5851084;44;0;0;0.0;44;12734.5;H;3;99;57.864;0.0;0.0;0.0;1.0;289.42
facility:5858208;241;1;60;2.0;241;131591.71;B;3;05;32.261;2.456;0.004149;0.248963;1.0;546.02
facility:5860490;4163;326;16;2.5;4163;12935558.33;B;1;01;48.033;5.81;0.078309;0.003843;1.0;3107.27
facility:5869412;861;14;8;2.0;861;1250973.65;C;1;01;9.423;3.549;0.01626;0.009292;1.0;1452.93
facility:5878640;2078;6;56;2.0;2078;1353117.01;O;3;03;25.511;3.204;0.002887;0.026949;1.0;651.16
facility:5882451;796;41;132;4.5;796;712270.73;B;1;99;51.871;5.124;0.051508;0.165829;1.0;894.81
facility:5887623;4513;271;90;0.0;4513;2783031.78;K;1;01;48.889;2.336;0.060049;0.019942;1.0;616.67
facility:5893232;164;9;29;2.0;164;125653.06;B;1;03;56.116;2.793;0.054878;0.176829;1.0;766.18
facility:5903394;2882;4;66;2.0;2882;1560469.54;O;3;99;25.798;2.448;0.001388;0.022901;1.0;541.45
facility:5922216;3961;114;26;2.0;3961;2575509.37;O;3;01;38.737;3.161;0.028781;0.006564;1.0;650.22
facility:5932696;263;35;78;3.5;263;128950.94;J;1;01;68.004;5.548;0.13308;0.296578;1.0;490.31
facility:5935857;4249;273;2451;2.0;4249;5465181.52;B;1;99;62.441;3.152;0.06425;0.576842;1.0;1286.23
facility:5967368;7;0;0;0.0;7;22983.87;H;3;03;63.143;0.0;0.0;0.0;1.0;3283.41
facility:5968496;462;1;13;2.0;462;197289.72;O;3;03;33.002;2.368;0.002165;0.028139;1.0;427.03
facility:5973457;1528;73;448;4.0;1528;1438252.47;B;1;03;57.554;5.251;0.047775;0.293194;1.0;941.26
facility:5995280;5043;236;169;2.0;5043;5179602.52;O;3;03;33.457;3.749;0.046798;0.033512;1.0;1027.09
facility:5995841;67;0;0;0.0;67;252323.45;H;1;99;58.194;0.0;0.0;0.0;1.0;3766.02
facility:6003494;10;0;0;0.0;10;18699.64;Z;1;99;46.6;0.3;0.0;0.0;1.0;1869.96
facility:6006914;1179;38;207;2.0;1179;828867.53;B;3;03;50.584;3.289;0.032231;0.175573;1.0;703.03
facility:6007317;16504;2504;2522;3.0;16504;26045076.61;A;1;99;54.498;5.718;0.151721;0.152811;1.0;1578.11
facility:6011926;388;24;61;4.0;388;305386.74;F;1;01;53.575;7.338;0.061856;0.157216;1.0;787.08
facility:6014194;910;49;43;3.0;910;600735.98;F;3;01;49.701;5.281;0.053846;0.047253;1.0;660.15
facility:6020917;6353;23;40;3.0;6353;7882089.58;O;3;01;26.727;3.824;0.00362;0.006296;1.0;1240.69
facility:6024688;1648;1;198;2.0;1648;808605.77;J;1;99;4.357;2.295;0.000607;0.120146;1.0;490.66
facility:6025692;466;10;14;3.0;466;268173.91;J;3;03;39.517;3.605;0.021459;0.030043;1.0;575.48
facility:6030750;200;0;0;0.0;200;149242.56;Z;1;99;47.68;0.0;0.0;0.0;1.0;746.21
facility:6042414;8453;598;446;3.0;8453;13065786.3;S;1;03;44.484;5.993;0.070744;0.052762;1.0;1545.7
facility:6043607;8;0;0;0.0;8;26267.28;H;1;03;68.75;0.0;0.0;0.0;1.0;3283.41
facility:6048692;6481;90;41;3.0;6481;17735973.1;J;1;01;7.329;5.317;0.013887;0.006326;1.0;2736.61
facility:6049265;284;56;11;6.5;284;219514.37;A;1;03;64.081;8.919;0.197183;0.038732;1.0;772.94
facility:6053858;11329;1368;797;4.0;11329;32260992.13;B;1;99;49.767;6.629;0.120752;0.07035;1.0;2847.65
facility:6069134;3851;109;220;2.0;3851;2012519.18;O;3;99;33.672;3.855;0.028304;0.057128;1.0;522.6
facility:6085423;3676;350;66;4.0;3676;9984393.1;S;1;01;44.963;6.687;0.095212;0.017954;1.0;2716.1
facility:6095666;20405;1405;82;2.0;20405;25427489.21;K;3;99;41.624;4.36;0.068856;0.004019;1.0;1246.14
facility:6106005;1032;0;0;2.0;1032;377105.84;O;3;03;23.081;1.895;0.0;0.0;1.0;365.41
facility:6108547;2589;0;7;2.0;2589;1360335.67;O;3;99;25.715;2.854;0.0;0.002704;1.0;525.43
facility:6123740;18647;2594;90;4.0;18647;34682035.75;C;3;01;59.669;6.51;0.139111;0.004827;1.0;1859.93
facility:6135749;942;2;31;0.0;942;526447.98;N;3;99;42.658;0.261;0.002123;0.032909;1.0;558.86
facility:6146376;2393;321;111;3.0;2393;4203263.25;O;3;99;44.251;5.756;0.134141;0.046385;1.0;1756.48
facility:6164366;2760;194;42;3.0;2760;7378845.11;K;3;01;54.477;5.734;0.07029;0.015217;1.0;2673.49
facility:6200702;3001;212;275;2.5;3001;1726848.91;O;3;99;43.235;4.75;0.070643;0.091636;1.0;575.42
facility:6201059;1879;189;4;2.0;1879;5544126.09;C;3;01;59.631;2.61;0.100585;0.002129;1.0;2950.57
facility:6212581;2186;0;1;0.0;2186;863460.48;J;1;01;35.829;0.012;0.0;0.000457;1.0;395.0
facility:6232094;508;28;154;3.0;508;383748.53;B;3;99;51.266;3.331;0.055118;0.30315;1.0;755.41
facility:6236596;4181;19;11;1.0;4181;4430309.64;K;3;01;43.541;1.814;0.004544;0.002631;1.0;1059.63
facility:6243495;328;162;106;12.0;328;4128968.61;B;1;99;60.253;16.405;0.493902;0.323171;1.0;12588.32
facility:6250564;4556;55;28;1.0;4556;4493464.27;K;3;03;44.232;2.71;0.012072;0.006146;1.0;986.27
facility:6267238;38;0;0;1.0;38;16849.2;O;3;03;23.737;0.921;0.0;0.0;1.0;443.4
facility:6270107;344;65;175;5.0;344;808397.45;B;1;01;60.052;6.956;0.188953;0.508721;1.0;2349.99
facility:6270131;1054;237;603;5.0;1054;1271222.57;B;1;01;60.859;6.767;0.224858;0.572106;1.0;1206.09
facility:6273874;1829;68;65;2.0;1829;1331575.63;O;3;01;40.575;2.632;0.037179;0.035539;1.0;728.03
facility:6277578;743;0;0;1.0;743;365503.96;O;3;99;48.534;2.376;0.0;0.0;1.0;491.93
facility:6281303;2505;115;780;1.0;2505;1576032.64;B;1;99;49.404;2.259;0.045908;0.311377;1.0;629.15
facility:6284582;1309;0;0;0.0;1309;581721.56;I;3;01;56.895;0.0;0.0;0.0;1.0;444.4
facility:6295320;3190;313;94;13.5;3190;5518265.65;F;1;01;53.823;14.909;0.098119;0.029467;1.0;1729.86
facility:6303153;7130;8;81;2.0;7130;4644311.24;O;3;03;20.265;2.297;0.001122;0.01136;1.0;651.38
facility:6326269;299;17;91;2.0;299;213729.93;B;1;01;57.833;2.582;0.056856;0.304348;1.0;714.82
facility:6364810;173;19;29;21.0;173;245577.31;T;1;01;56.827;17.665;0.109827;0.16763;1.0;1419.52
facility:6388671;11736;1918;1382;6.0;11736;68265283.99;B;1;99;57.477;8.045;0.163429;0.117757;1.0;5816.74
facility:6389104;1628;264;188;7.0;1628;2826552.64;B;1;01;56.312;9.205;0.162162;0.115479;1.0;1736.21
facility:6392350;546;0;0;0.0;546;491157.9;N;1;99;41.353;0.0;0.0;0.0;1.0;899.56
facility:6402305;1081;0;13;2.0;1081;458266.82;O;3;03;27.741;2.464;0.0;0.012026;1.0;423.93
facility:6407897;259;0;10;2.5;259;142383.15;A;1;99;5.347;5.444;0.0;0.03861;1.0;549.74
facility:6414702;9957;671;478;2.0;9957;10607769.95;S;1;99;43.795;4.182;0.06739;0.048006;1.0;1065.36
facility:6424236;4305;355;224;4.0;4305;8343900.72;O;3;01;49.16;6.332;0.082462;0.052033;1.0;1938.19
facility:6424341;8107;599;178;2.0;8107;21979979.65;S;3;99;38.973;4.765;0.073887;0.021956;1.0;2711.23
facility:6425542;1069;1;8;2.0;1069;485939.13;A;3;99;38.381;2.723;0.000935;0.007484;1.0;454.57
facility:6426131;601;1;52;2.0;601;295722.11;J;3;03;42.233;1.92;0.001664;0.086522;1.0;492.05
facility:6426190;2212;130;164;2.0;2212;3264241.09;O;3;03;41.896;3.325;0.05877;0.074141;1.0;1475.7
facility:6426204;1991;18;65;4.0;1991;5438486.44;J;1;01;5.801;7.661;0.009041;0.032647;1.0;2731.54
facility:6431569;10179;870;595;3.0;10179;15899548.42;S;1;03;50.521;5.896;0.08547;0.058454;1.0;1562.0
facility:6444954;371;0;0;1.0;371;140598.8;S;1;03;37.143;1.073;0.0;0.0;1.0;378.97
facility:6446132;916;2;40;3.0;916;537323.0;J;3;03;37.588;3.275;0.002183;0.043668;1.0;586.6
facility:6451098;1811;84;371;3.0;1811;1512780.77;O;3;03;40.686;3.739;0.046383;0.204859;1.0;835.33
facility:6463045;1915;25;174;1.0;1915;826981.67;O;3;99;37.53;1.991;0.013055;0.090862;1.0;431.84
facility:6466265;20;0;0;0.0;20;61291.54;H;3;99;52.25;0.0;0.0;0.0;1.0;3064.58
facility:6469205;1218;5;1;3.0;1218;562719.12;J;1;03;5.169;4.888;0.004105;0.000821;1.0;462.0
facility:6483089;5979;590;556;4.0;5979;10463620.51;S;1;99;40.603;5.75;0.098679;0.092992;1.0;1750.06
facility:6490581;206;0;4;2.0;206;97956.26;O;3;03;25.218;2.549;0.0;0.019417;1.0;475.52
facility:6499198;154;36;2;5.5;154;67596.78;J;3;03;60.974;7.565;0.233766;0.012987;1.0;438.94
facility:6500552;594;45;19;7.0;594;1276909.93;J;3;99;44.815;8.976;0.075758;0.031987;1.0;2149.68
facility:6518893;8188;108;153;2.0;8188;10926287.41;O;3;03;24.966;4.898;0.01319;0.018686;1.0;1334.43
facility:6525296;440;121;42;9.0;440;1957614.12;A;3;99;67.584;11.68;0.275;0.095455;1.0;4449.12
facility:6542638;11448;1062;181;3.0;11448;33167244.56;O;3;01;37.181;5.63;0.092767;0.015811;1.0;2897.21
facility:6553567;3783;6;25;3.0;3783;1397241.17;K;3;03;39.202;2.449;0.001586;0.006609;1.0;369.35
facility:6558895;2314;12;81;2.0;2314;11773438.73;I;1;03;61.6;1.943;0.005186;0.035004;1.0;5087.92
facility:6559131;4869;281;527;6.0;4869;11361994.95;I;1;03;60.056;7.36;0.057712;0.108236;1.0;2333.54
facility:6559379;8977;1082;389;5.0;8977;35995222.28;S;1;03;54.299;6.553;0.12053;0.043333;1.0;4009.72
facility:6559476;994;2;4;3.0;994;347424.39;O;3;03;28.106;2.737;0.002012;0.004024;1.0;349.52
facility:6568343;4725;580;483;4.0;4725;11146571.5;B;1;99;46.153;8.146;0.122751;0.102222;1.0;2359.06
facility:6569234;1306;4;26;1.0;1306;522174.96;O;3;03;22.286;1.864;0.003063;0.019908;1.0;399.83
facility:6569803;101;3;13;2.0;101;40664.68;J;1;01;62.644;3.069;0.029703;0.128713;1.0;402.62
facility:6578373;1241;5;50;2.0;1241;622471.27;O;3;99;31.405;3.1;0.004029;0.04029;1.0;501.59
facility:6579744;908;1;227;0.0;908;244878.88;M;1;99;42.34;0.704;0.001101;0.25;1.0;269.69
facility:6586767;3170;19;4;3.0;3170;5813554.49;S;1;01;51.418;4.625;0.005994;0.001262;1.0;1833.93
facility:6591620;2843;6;744;2.0;2843;1012502.71;J;1;03;4.879;2.615;0.00211;0.261695;1.0;356.14
facility:6595197;15971;1964;460;6.0;15971;77449901.9;B;1;99;48.975;7.487;0.122973;0.028802;1.0;4849.41
facility:6599877;3616;289;47;4.0;3616;7257495.98;S;1;03;41.224;5.893;0.079923;0.012998;1.0;2007.05
facility:6600476;1606;20;130;2.0;1606;949467.35;O;3;03;40.898;2.559;0.012453;0.080946;1.0;591.2
facility:6601804;12506;702;77;2.0;12506;21714890.91;O;3;03;43.132;5.016;0.056133;0.006157;1.0;1736.36
facility:6602533;11443;226;134;3.0;11443;14241303.48;O;3;03;13.786;5.925;0.01975;0.01171;1.0;1244.54
facility:6603378;543;51;82;2.0;543;401198.45;O;3;01;46.28;3.151;0.093923;0.151013;1.0;738.86
facility:6610706;153;0;0;0.0;153;530494.34;H;3;03;61.124;0.0;0.0;0.0;1.0;3467.28
facility:6618839;766;0;0;0.0;766;768846.43;H;3;99;56.718;0.0;0.0;0.0;1.0;1003.72
facility:6627595;8229;54;84;3.0;8229;9281557.73;O;3;03;27.66;5.26;0.006562;0.010208;1.0;1127.91
facility:6628842;105;34;71;6.0;105;1361449.7;B;1;03;55.943;7.21;0.32381;0.67619;1.0;12966.19
facility:6630537;31;0;0;0.0;31;114625.43;H;3;99;61.0;0.0;0.0;0.0;1.0;3697.59
facility:6634702;827;4;247;3.0;827;1302021.78;B;1;04;53.563;3.809;0.004837;0.29867;1.0;1574.39
facility:6644996;1457;51;0;2.0;1457;743770.14;O;3;03;37.521;2.602;0.035003;0.0;1.0;510.48
facility:6649270;265;0;0;0.0;265;629718.19;H;1;99;59.226;0.125;0.0;0.0;1.0;2376.3
facility:6655416;2276;0;0;0.0;2276;1293211.97;H;3;01;57.228;0.005;0.0;0.0;1.0;568.2
facility:6656951;490;135;49;7.0;490;999166.42;B;1;01;59.388;10.653;0.27551;0.1;1.0;2039.12
facility:6657885;632;20;147;1.75;632;287658.24;J;3;01;44.209;2.03;0.031646;0.232595;1.0;455.16
facility:6658520;14;0;0;1.5;14;5884.83;K;1;03;52.357;1.571;0.0;0.0;1.0;420.34
facility:6659772;96;10;7;14.0;96;2219200.0;B;1;03;54.646;13.365;0.104167;0.072917;1.0;23116.67
facility:6665322;3350;279;93;4.0;3350;5682444.63;S;1;03;42.822;6.26;0.083284;0.027761;1.0;1696.25
facility:6670385;131;2;15;1.0;131;63464.49;O;3;03;33.618;2.313;0.015267;0.114504;1.0;484.46
facility:6679528;2654;85;84;1.0;2654;1391347.67;O;3;03;39.306;2.39;0.032027;0.03165;1.0;524.25
facility:6680968;494;40;178;1.0;494;348247.0;B;1;01;53.561;2.571;0.080972;0.360324;1.0;704.95
facility:6683134;5732;649;336;2.0;5732;13887067.62;S;1;01;47.29;4.737;0.113224;0.058618;1.0;2422.73
facility:6683630;739;156;75;6.0;739;5137082.41;B;1;99;54.809;8.008;0.211096;0.101488;1.0;6951.4
facility:6690726;61;0;0;2.5;61;24840.24;A;1;03;50.656;2.525;0.0;0.0;1.0;407.22
facility:6695604;149;24;46;2.0;149;59430.65;J;3;99;58.926;2.235;0.161074;0.308725;1.0;398.86
facility:6697054;2587;565;40;6.0;2587;20315354.53;B;1;01;55.089;7.399;0.2184;0.015462;1.0;7852.86
facility:6710158;2440;165;72;4.0;2440;4263197.49;O;3;03;33.002;7.064;0.067623;0.029508;1.0;1747.21
facility:6716849;594;280;120;12.0;594;1661285.44;B;1;02;59.259;11.697;0.47138;0.20202;1.0;2796.78
facility:6730914;297;203;75;6.75;297;1711895.9;B;1;99;61.751;9.667;0.683502;0.252525;1.0;5763.96
facility:6759122;27;0;0;0.0;27;76898.04;H;3;99;58.333;0.0;0.0;0.0;1.0;2848.08
facility:6778550;3767;623;170;3.0;3767;12891364.71;B;1;99;56.751;5.352;0.165384;0.045129;1.0;3422.18
facility:6779069;3873;145;105;2.0;3873;1697495.53;O;3;03;32.098;3.434;0.037439;0.027111;1.0;438.29
facility:6779522;12818;1876;443;7.0;12818;33810122.15;S;1;03;54.793;7.588;0.146357;0.034561;1.0;2637.71
facility:6804497;2347;2;16;2.0;2347;1027655.68;O;3;03;22.317;2.75;0.000852;0.006817;1.0;437.86
facility:6823351;1422;102;234;3.0;1422;879759.56;O;3;01;50.529;5.568;0.07173;0.164557;1.0;618.68
facility:6844138;1615;60;118;2.0;1615;1156936.49;K;3;01;44.923;5.148;0.037152;0.073065;1.0;716.37
facility:6847579;830;0;15;2.0;830;448106.44;O;3;99;33.536;2.024;0.0;0.018072;1.0;539.89
facility:6848710;13681;1657;280;5.25;13681;35742386.93;O;3;03;36.839;8.987;0.121117;0.020466;1.0;2612.56
facility:6852300;199;26;14;10.0;199;572598.32;B;3;99;59.829;10.533;0.130653;0.070352;1.0;2877.38
facility:6853781;3866;1195;41;8.0;3866;34802674.43;B;1;03;54.591;10.166;0.309105;0.010605;1.0;9002.24
facility:6854729;10103;770;297;2.0;10103;20180841.54;O;3;01;39.492;4.787;0.076215;0.029397;1.0;1997.51
facility:6856209;1240;173;12;5.0;1240;2257908.93;B;3;03;54.242;6.487;0.139516;0.009677;1.0;1820.89
facility:6871747;1077;8;69;2.0;1077;607321.17;O;3;03;33.128;2.824;0.007428;0.064067;1.0;563.9
facility:6876617;6192;97;215;4.0;6192;12033268.28;C;1;03;7.293;6.895;0.015665;0.034722;1.0;1943.36
facility:6878687;6863;672;218;6.0;6863;11674233.45;S;1;03;47.838;9.261;0.097916;0.031765;1.0;1701.04
facility:6892256;4189;279;182;2.0;4189;4714111.18;O;3;99;40.974;4.804;0.066603;0.043447;1.0;1125.35
facility:6901743;3415;585;315;5.0;3415;5437487.97;B;1;99;51.392;7.009;0.171303;0.09224;1.0;1592.24
facility:6908268;9040;825;590;5.0;9040;18811585.07;I;1;03;61.726;7.166;0.091261;0.065265;1.0;2080.93
facility:6919162;283;22;68;1.0;283;94734.46;O;3;03;37.509;2.7;0.077739;0.240283;1.0;334.75
facility:6919669;98;0;0;0.0;98;321774.18;H;1;03;58.449;0.0;0.0;0.0;1.0;3283.41
facility:6920977;3831;460;146;3.75;3831;8424071.65;S;1;03;51.339;5.392;0.120073;0.03811;1.0;2198.92
facility:6922902;2914;3;54;2.0;2914;1480510.12;O;3;99;19.71;2.289;0.00103;0.018531;1.0;508.07
facility:6923356;3136;31;59;2.0;3136;3459691.61;O;3;03;21.574;3.877;0.009885;0.018814;1.0;1103.22
facility:6943284;3697;18;72;2.0;3697;2994917.98;O;3;99;24.191;2.496;0.004869;0.019475;1.0;810.09
facility:6945368;2190;201;220;5.0;2190;8838351.51;B;1;03;59.715;5.84;0.091781;0.100457;1.0;4035.78
facility:6953689;289;20;39;4.0;289;249002.74;B;3;01;62.837;3.827;0.069204;0.134948;1.0;861.6
facility:6957501;2446;109;321;2.0;2446;1534846.53;S;1;03;44.892;3.697;0.044563;0.131235;1.0;627.49
facility:6966594;2578;18;62;3.0;2578;1376831.37;O;3;03;23.22;3.672;0.006982;0.02405;1.0;534.07
facility:6984649;3024;9;154;3.0;3024;2152228.81;O;3;03;22.502;4.025;0.002976;0.050926;1.0;711.72
facility:6995462;13973;2003;281;4.0;13973;19116881.99;O;3;99;38.765;7.371;0.143348;0.02011;1.0;1368.13
facility:6998178;881;0;0;0.0;881;315747.32;Z;1;01;39.61;0.0;0.0;0.0;1.0;358.4
facility:6998704;8627;327;55;2.0;8627;18068822.79;O;3;01;38.075;4.338;0.037904;0.006375;1.0;2094.45
facility:7006438;779;0;1;2.0;779;302936.34;A;3;03;40.949;2.267;0.0;0.001284;1.0;388.88
facility:7006462;322;4;28;2.0;322;122349.84;K;1;99;44.146;3.326;0.012422;0.086957;1.0;379.97
facility:7011857;8397;5;133;2.0;8397;4861106.07;O;3;99;22.218;3.264;0.000595;0.015839;1.0;578.91
facility:7013620;4126;139;172;3.0;4126;2743362.15;O;3;03;33.265;4.306;0.033689;0.041687;1.0;664.9
facility:7019076;1629;0;8;0.0;1629;790147.05;N;1;01;35.535;0.079;0.0;0.004911;1.0;485.05
facility:7021461;591;73;188;3.0;591;219839.28;I;1;99;62.533;4.059;0.123519;0.318105;1.0;371.98
facility:7027397;5713;20;28;3.0;5713;5447842.27;O;3;01;23.46;4.593;0.003501;0.004901;1.0;953.59
facility:7039344;2530;311;43;3.0;2530;2075398.73;B;3;01;47.679;4.121;0.122925;0.016996;1.0;820.32
facility:7041624;6274;25;38;3.0;6274;5120001.44;O;3;02;25.987;3.871;0.003985;0.006057;1.0;816.07
facility:7042671;458;90;56;7.0;458;2020097.43;B;1;99;54.932;8.893;0.196507;0.122271;1.0;4410.69
facility:7043597;457;13;54;4.0;457;260878.38;J;3;03;50.344;4.532;0.028446;0.118162;1.0;570.85
facility:7047428;5568;235;139;4.5;5568;8167015.2;O;3;03;42.323;6.996;0.042205;0.024964;1.0;1466.78
facility:7047517;662;98;137;4.0;662;262923.67;I;3;99;62.278;5.455;0.148036;0.206949;1.0;397.17
facility:7061021;7867;762;114;5.0;7867;23914257.78;B;3;03;51.231;7.705;0.09686;0.014491;1.0;3039.82
facility:7065515;841;45;0;6.75;841;16385037.17;Z;1;03;48.771;7.809;0.053508;0.0;1.0;19482.8
facility:7066376;1883;133;13;1.0;1883;3387526.88;C;1;01;65.002;2.509;0.070632;0.006904;1.0;1799.01
facility:7068336;5202;518;105;2.0;5202;14109340.22;C;3;03;48.746;4.111;0.099577;0.020185;1.0;2712.29
facility:7070179;765;18;71;2.0;765;578599.12;O;3;01;45.41;2.838;0.023529;0.09281;1.0;756.34
facility:7073224;2719;19;11;2.0;2719;1813783.69;O;3;03;25.307;1.996;0.006988;0.004046;1.0;667.08
facility:7077378;2983;89;7;3.0;2983;1659657.07;S;1;03;37.511;5.084;0.029836;0.002347;1.0;556.37
facility:7082886;3326;423;131;3.0;3326;10103785.55;B;1;01;55.829;5.134;0.12718;0.039387;1.0;3037.82
facility:7088302;5624;349;30;2.0;5624;9579571.87;O;3;03;40.463;4.904;0.062055;0.005334;1.0;1703.34
facility:7092571;5446;332;71;3.0;5446;14735860.83;S;1;01;52.962;6.779;0.060962;0.013037;1.0;2705.81
facility:7094132;117;4;50;3.5;117;147844.97;B;1;01;56.308;4.684;0.034188;0.42735;1.0;1263.63
facility:7113218;858;167;200;3.0;858;379967.24;I;1;99;64.957;5.204;0.194639;0.2331;1.0;442.85
facility:7113692;2004;16;97;4.0;2004;977079.81;J;1;03;5.492;4.959;0.007984;0.048403;1.0;487.56
facility:7117485;1392;57;188;2.0;1392;602370.84;O;3;01;41.357;3.374;0.040948;0.135057;1.0;432.74
facility:7137818;367;0;20;3.0;367;150075.8;J;3;03;36.289;2.79;0.0;0.054496;1.0;408.93
facility:7160488;1935;227;99;13.5;1935;7294898.8;N;1;99;57.577;15.106;0.117313;0.051163;1.0;3769.97
facility:7165765;8;0;0;0.0;8;26267.28;H;1;99;74.0;0.0;0.0;0.0;1.0;3283.41
facility:7166494;2763;431;210;5.5;2763;4334738.68;S;1;03;54.825;8.616;0.15599;0.076004;1.0;1568.85
facility:7175108;84;1;10;4.0;84;49716.05;N;1;01;52.405;4.762;0.011905;0.119048;1.0;591.86
facility:7177534;87;0;0;1.0;87;132823.45;H;3;99;54.034;1.0;0.0;0.0;1.0;1526.71
facility:7177739;43;0;2;1.0;43;1929.66;E;1;99;52.419;8.395;0.0;0.046512;1.0;44.88
facility:7185081;4454;32;62;2.0;4454;8617019.54;Q;1;03;8.058;4.054;0.007185;0.01392;1.0;1934.67
facility:7187556;846;62;331;2.0;846;261849.51;T;3;99;51.331;4.579;0.073286;0.391253;1.0;309.51
facility:7201109;491;21;95;2.0;491;369755.06;B;3;03;50.745;2.57;0.04277;0.193483;1.0;753.07
facility:7202253;3870;71;186;2.0;3870;2181290.66;O;3;03;37.79;2.9;0.018346;0.048062;1.0;563.64
facility:7210094;97;9;12;4.0;97;40549.74;J;1;01;69.639;4.938;0.092784;0.123711;1.0;418.04
facility:7215746;1192;0;45;3.0;1192;588787.02;K;3;03;42.196;3.19;0.0;0.037752;1.0;493.95
facility:7218656;853;24;65;2.0;853;576972.26;O;3;99;38.13;2.846;0.028136;0.076202;1.0;676.4
facility:7223676;360;13;15;3.0;360;163016.0;O;3;03;46.472;4.111;0.036111;0.041667;1.0;452.82
facility:7228163;723;83;148;5.0;723;535938.98;B;1;03;62.32;6.956;0.114799;0.204703;1.0;741.27
facility:7228724;142;12;31;2.75;142;49905.55;J;1;03;54.437;3.824;0.084507;0.21831;1.0;351.45
facility:7232519;1918;4;23;2.0;1918;869629.98;O;3;99;25.564;1.874;0.002086;0.011992;1.0;453.4
facility:7239866;222;1;18;2.0;222;122769.5;J;1;03;45.018;2.086;0.004505;0.081081;1.0;553.02
facility:7247583;319;0;18;2.0;319;139360.6;B;3;03;43.881;2.602;0.0;0.056426;1.0;436.87
facility:7250401;569;11;54;2.0;569;151016.9;O;3;99;41.221;2.271;0.019332;0.094903;1.0;265.41
facility:7254628;864;61;105;3.0;864;807717.08;B;3;04;44.598;4.88;0.070602;0.121528;1.0;934.86
facility:7257406;11550;2198;302;6.0;11550;88899392.18;B;3;03;44.663;8.926;0.190303;0.026147;1.0;7696.92
facility:7267975;138;17;16;3.25;138;444828.93;D;3;03;51.275;6.652;0.123188;0.115942;1.0;3223.4
facility:7274351;2022;90;147;2.0;2022;1419206.05;O;3;01;42.935;3.275;0.04451;0.0727;1.0;701.88
facility:7277660;123;10;23;3.0;123;66093.69;A;1;03;67.423;3.854;0.081301;0.186992;1.0;537.35
facility:7278608;3486;36;161;2.0;3486;3758150.06;K;3;03;47.205;2.81;0.010327;0.046185;1.0;1078.07
facility:7278977;26;0;8;3.0;26;11098.35;F;1;01;47.0;4.231;0.0;0.307692;1.0;426.86
facility:7283458;6002;102;13;2.0;6002;9793429.43;O;3;03;28.641;3.562;0.016994;0.002166;1.0;1631.69
facility:7283601;2;0;0;0.0;2;3725.26;H;1;01;64.0;0.0;0.0;0.0;1.0;1862.63
facility:7286082;1548;6;115;3.0;1548;883383.06;P;1;01;13.7;3.515;0.003876;0.074289;1.0;570.66
facility:7288263;21;0;5;1.5;21;14985.49;O;3;04;47.905;3.571;0.0;0.238095;1.0;713.59
facility:7296762;474;0;0;0.0;474;152446.63;H;3;03;38.876;0.074;0.0;0.0;1.0;321.62
facility:7297394;891;150;95;6.0;891;7820540.39;B;1;03;55.929;7.605;0.16835;0.106622;1.0;8777.26
facility:7319770;1514;83;2;4.0;1514;3883633.81;H;1;99;58.232;2.68;0.054822;0.001321;1.0;2565.15
facility:7321252;1785;18;48;3.0;1785;805172.57;S;1;03;37.672;3.979;0.010084;0.026891;1.0;451.08
facility:7325002;49;2;2;3.0;49;24446.38;J;1;01;64.265;3.776;0.040816;0.040816;1.0;498.91
facility:7336578;1899;32;22;2.0;1899;2956791.38;O;3;03;29.012;2.484;0.016851;0.011585;1.0;1557.03
facility:7349270;1294;586;72;7.0;1294;10775436.43;B;1;99;53.287;9.859;0.452859;0.055641;1.0;8327.23
facility:7354568;500;2;68;2.0;500;297538.88;B;1;03;40.322;2.792;0.004;0.136;1.0;595.08
facility:7354606;987;4;66;1.0;987;442892.5;O;3;03;36.315;1.542;0.004053;0.066869;1.0;448.73
facility:7354746;3435;414;123;4.0;3435;2651207.36;K;1;99;50.905;7.381;0.120524;0.035808;1.0;771.82
facility:7360347;2788;1;0;2.0;2788;1952454.19;O;3;99;30.491;2.218;0.000359;0.0;1.0;700.31
facility:7360886;91;16;28;1.0;91;67156.1;B;3;03;61.681;2.121;0.175824;0.307692;1.0;737.98
facility:7366108;3089;646;63;7.0;3089;14978994.31;B;1;03;49.914;8.987;0.209129;0.020395;1.0;4849.14
facility:7371349;668;56;133;4.5;668;269519.38;F;3;99;51.674;6.358;0.083832;0.199102;1.0;403.47
facility:7373120;57;16;1;7.0;57;861500.0;B;1;99;54.263;9.333;0.280702;0.017544;1.0;15114.04
facility:7373465;9855;689;161;2.5;9855;32775529.69;S;1;01;50.345;5.279;0.069914;0.016337;1.0;3325.78
facility:7378394;474;2;82;0.0;474;287104.78;L;3;03;48.013;0.806;0.004219;0.172996;1.0;605.71
facility:7385978;1235;0;0;0.0;1235;383446.27;Z;1;01;37.59;0.0;0.0;0.0;1.0;310.48
facility:7400926;249;18;0;3.5;249;665509.48;C;3;01;55.124;4.357;0.072289;0.0;1.0;2672.73
facility:7401655;428;0;2;2.0;428;181424.54;O;3;03;36.596;2.474;0.0;0.004673;1.0;423.89
facility:7413432;3112;86;94;2.5;3112;2736199.8;B;3;99;47.812;3.9;0.027635;0.030206;1.0;879.24
facility:7424981;456;20;106;2.0;456;257233.79;B;1;01;48.577;2.129;0.04386;0.232456;1.0;564.11
facility:7429398;398;66;234;4.0;398;345752.38;J;1;99;56.937;5.608;0.165829;0.58794;1.0;868.72
facility:7442157;445;109;5;6.0;445;3870005.36;B;1;01;54.542;8.789;0.244944;0.011236;1.0;8696.64
facility:7456530;1328;54;120;2.0;1328;839822.48;O;3;99;43.337;3.486;0.040663;0.090361;1.0;632.4
facility:7459750;1213;45;266;3.0;1213;684115.47;K;1;03;36.876;4.051;0.037098;0.219291;1.0;563.99
facility:7459831;1556;6;15;1.0;1556;799057.66;O;3;03;23.906;2.107;0.003856;0.00964;1.0;513.53
facility:7470371;2083;9;94;2.5;2083;898877.77;O;3;03;29.122;3.384;0.004321;0.045127;1.0;431.53
facility:7471955;4786;106;93;2.0;4786;3929415.3;S;3;03;46.052;5.416;0.022148;0.019432;1.0;821.02
facility:7473702;3410;744;189;6.5;3410;25859109.87;B;1;99;56.41;9.324;0.218182;0.055425;1.0;7583.32
facility:7476523;2166;0;0;3.0;2166;1694740.3;A;3;03;40.477;3.042;0.0;0.0;1.0;782.43
facility:7481063;1175;1;5;2.0;1175;424665.12;A;3;03;37.295;2.074;0.000851;0.004255;1.0;361.42
facility:7486413;3782;37;82;4.0;3782;3231934.28;T;1;03;41.573;6.917;0.009783;0.021682;1.0;854.56
facility:7486596;2958;197;35;2.0;2958;5179532.39;O;3;99;38.103;4.766;0.066599;0.011832;1.0;1751.03
facility:7486618;263;0;0;4.0;263;112206.77;A;1;03;34.779;3.692;0.0;0.0;1.0;426.64
facility:7496788;761;13;31;2.0;761;295794.79;O;3;03;37.403;2.427;0.017083;0.040736;1.0;388.69
facility:7498810;15142;1675;1382;4.0;15142;34353927.7;I;1;03;50.337;6.796;0.110619;0.091269;1.0;2268.78
facility:7511884;588;0;24;2.0;588;406878.96;B;3;03;37.155;2.648;0.0;0.040816;1.0;691.97
facility:7513151;6694;747;434;3.0;6694;7233578.57;K;1;01;49.929;6.074;0.111592;0.064834;1.0;1080.61
facility:7514948;423;59;295;4.0;423;395940.09;J;1;99;58.421;5.522;0.13948;0.6974;1.0;936.03
facility:7516800;81;26;13;31.5;81;113094.73;A;3;03;77.111;30.519;0.320988;0.160494;1.0;1396.23
facility:7518846;883;49;87;3.0;883;3305243.3;B;1;03;25.58;5.435;0.055493;0.098528;1.0;3743.2
facility:7521251;1861;47;361;10.0;1861;908553.12;Z;1;99;46.801;14.619;0.025255;0.193982;1.0;488.21
facility:7529384;1860;6;2;2.0;1860;862217.33;O;3;99;33.845;2.694;0.003226;0.001075;1.0;463.56
facility:7530706;2204;279;247;7.0;2204;5598568.04;B;3;03;58.777;8.318;0.126588;0.112069;1.0;2540.19
facility:7532024;348;56;6;1.25;348;456201.65;C;1;03;53.667;3.529;0.16092;0.017241;1.0;1310.92
facility:7544529;750;98;54;7.0;750;1895559.24;A;1;03;46.627;9.897;0.130667;0.072;1.0;2527.41
facility:7551584;597;295;0;10.5;597;9792513.31;B;1;03;61.425;12.255;0.494137;0.0;1.0;16402.87
facility:7554613;846;0;0;1.0;846;244412.18;I;3;03;53.456;2.052;0.0;0.0;1.0;288.9
facility:7554958;391;0;0;4.0;391;101089.88;A;3;03;33.941;3.632;0.0;0.0;1.0;258.54
facility:7557523;3344;8;86;2.0;3344;2011673.91;O;3;99;16.311;3.388;0.002392;0.025718;1.0;601.58
facility:7563701;2833;358;39;4.0;2833;4500462.62;S;1;03;48.0;7.439;0.126368;0.013766;1.0;1588.59
facility:7564546;8492;2156;408;8.0;8492;56065376.07;B;1;03;56.776;10.92;0.253886;0.048045;1.0;6602.14
facility:7572883;936;5;65;2.0;936;456323.14;B;3;03;35.411;2.591;0.005342;0.069444;1.0;487.52
facility:7573162;5187;264;165;2.0;5187;4894555.54;K;1;01;55.167;3.521;0.050896;0.03181;1.0;943.62
facility:7577168;497;1;2;2.0;497;212338.74;A;3;99;46.515;2.356;0.002012;0.004024;1.0;427.24
facility:7580770;3487;4;71;2.0;3487;2408537.02;O;3;03;22.443;2.969;0.001147;0.020361;1.0;690.72
facility:7597037;902;0;0;4.0;902;231093.66;J;3;04;32.463;3.833;0.0;0.0;1.0;256.2
facility:7603274;500;43;38;2.0;500;317147.09;O;3;01;46.774;3.468;0.086;0.076;1.0;634.29
facility:7607547;1100;67;128;2.0;1100;802073.03;B;3;01;53.955;3.608;0.060909;0.116364;1.0;729.16
facility:7612036;568;172;244;5.5;568;820150.1;B;1;99;58.379;7.671;0.302817;0.429577;1.0;1443.93
facility:7621442;9664;608;1920;5.0;9664;18448336.71;S;1;03;47.371;6.714;0.062914;0.198675;1.0;1908.98
facility:7628749;1100;0;0;5.0;1100;344969.61;A;3;03;38.569;4.828;0.0;0.0;1.0;313.61
facility:7639724;282;1;24;1.0;282;128834.48;J;3;03;39.071;1.784;0.003546;0.085106;1.0;456.86
facility:7645503;129;0;1;2.0;129;25790.14;J;3;03;39.225;1.713;0.0;0.007752;1.0;199.92
facility:7655703;826;17;84;2.0;826;366478.95;L;3;99;54.023;4.87;0.020581;0.101695;1.0;443.68
facility:7666772;3795;317;155;2.0;3795;4445673.08;O;3;03;34.453;3.931;0.083531;0.040843;1.0;1171.46
facility:7667299;644;0;0;2.0;644;217259.98;A;3;03;37.087;2.047;0.0;0.0;1.0;337.36
facility:7682581;1373;368;590;6.0;1373;3459205.94;B;1;01;59.557;7.983;0.268026;0.429716;1.0;2519.45
facility:7704364;4094;309;797;3.5;4094;2418809.55;S;1;03;49.984;5.729;0.075476;0.194675;1.0;590.82
facility:7711980;11360;812;56;3.0;11360;17830371.78;O;3;01;41.092;5.964;0.071479;0.00493;1.0;1569.57
facility:7712103;304;9;2;2.0;304;212113.02;K;3;03;43.924;3.237;0.029605;0.006579;1.0;697.74
facility:7743068;15687;1008;335;3.0;15687;22276972.67;S;1;03;41.812;5.019;0.064257;0.021355;1.0;1420.09
facility:7743629;587;0;0;2.0;587;190417.04;A;3;99;42.264;2.15;0.0;0.0;1.0;324.39
facility:7753470;2611;364;168;6.0;2611;3467815.37;S;1;03;47.138;8.946;0.13941;0.064343;1.0;1328.16
facility:7768400;768;9;34;1.0;768;316838.37;O;3;99;34.277;1.747;0.011719;0.044271;1.0;412.55
facility:7772408;50;0;0;1.0;50;22376.0;O;3;03;24.94;1.2;0.0;0.0;1.0;447.52
facility:7773250;37;0;6;3.0;37;12021.22;T;3;03;20.757;3.541;0.0;0.162162;1.0;324.9
facility:7803850;65;0;0;0.0;65;215317.95;H;3;99;63.169;0.0;0.0;0.0;1.0;3312.58
facility:7826060;3287;336;56;4.0;3287;7217149.25;S;1;99;42.722;6.196;0.102221;0.017037;1.0;2195.66
facility:7842562;120;0;0;3.0;120;78949.39;A;3;01;50.875;3.0;0.0;0.0;1.0;657.91
facility:7845138;5267;658;119;2.5;5267;17847686.55;C;1;01;58.252;4.946;0.124929;0.022594;1.0;3388.59
facility:7847777;282;17;10;1.0;282;197529.77;K;3;01;58.096;1.649;0.060284;0.035461;1.0;700.46
facility:7866801;17279;1670;429;5.0;17279;41930110.53;B;1;04;57.784;7.73;0.096649;0.024828;1.0;2426.65
facility:7868863;946;9;67;2.0;946;739676.71;K;3;01;45.21;2.489;0.009514;0.070825;1.0;781.9
facility:7870930;115;1;0;1.75;115;2235439.75;T;1;99;42.339;6.061;0.008696;0.0;1.0;19438.61
facility:7871902;1851;76;9;7.0;1851;4475655.71;C;1;03;8.633;10.932;0.041059;0.004862;1.0;2417.97
facility:7891067;4392;499;16;4.0;4392;12134688.47;B;1;03;52.014;6.419;0.113616;0.003643;1.0;2762.91
facility:7914288;1033;28;139;2.0;1033;620767.62;O;3;03;38.397;2.805;0.027106;0.13456;1.0;600.94
facility:7947984;2478;181;295;2.0;2478;1546076.43;O;3;01;40.514;3.941;0.073043;0.119048;1.0;623.92
facility:7957319;15;0;0;0.0;15;68666.11;H;1;03;58.8;0.0;0.0;0.0;1.0;4577.74
facility:7958838;6984;204;162;4.0;6984;10910160.98;P;3;03;17.69;5.361;0.02921;0.023196;1.0;1562.17
facility:7967012;2391;151;29;2.0;2391;3005882.26;K;3;03;47.396;6.89;0.063153;0.012129;1.0;1257.17
facility:7978642;299;157;61;12.5;299;3668098.28;B;1;03;60.441;17.853;0.525084;0.204013;1.0;12267.89
facility:7980310;225;2;221;2.0;225;337500.0;B;1;99;55.404;2.764;0.008889;0.982222;1.0;1500.0
facility:7982291;504;10;0;2.0;504;318741.82;O;3;03;39.208;1.895;0.019841;0.0;1.0;632.42
facility:7992890;2200;155;103;5.0;2200;5966177.65;B;3;03;52.73;5.76;0.070455;0.046818;1.0;2711.9
facility:7993218;443;80;297;1.0;443;664500.0;B;1;03;57.102;3.808;0.180587;0.670429;1.0;1500.0
facility:8001448;139;0;0;1.0;139;60783.66;O;3;03;23.82;1.676;0.0;0.0;1.0;437.29
facility:8003629;1964;89;13;2.0;1964;12805403.12;I;3;03;60.881;3.699;0.045316;0.006619;1.0;6520.06
facility:8004218;848;0;30;2.0;848;390873.58;O;3;03;24.776;1.947;0.0;0.035377;1.0;460.94
facility:8013543;1229;157;245;4.0;1229;4919452.6;B;1;99;54.391;5.999;0.127746;0.199349;1.0;4002.81
facility:8013659;696;1;29;2.0;696;313539.49;O;3;03;33.136;2.04;0.001437;0.041667;1.0;450.49
facility:8013926;358;0;9;4.0;358;257154.46;B;3;03;38.115;3.827;0.0;0.02514;1.0;718.31
facility:8015899;11043;1143;586;3.0;11043;15349095.21;O;3;99;36.3;6.238;0.103504;0.053065;1.0;1389.94
facility:9012842;249;0;22;5.0;249;373500.0;B;1;99;53.269;5.373;0.0;0.088353;1.0;1500.0
facility:9016554;1265;64;47;3.0;1265;755146.45;J;3;01;45.991;3.241;0.050593;0.037154;1.0;596.95
facility:9024697;725;0;0;1.0;725;351915.4;O;3;99;23.908;0.985;0.0;0.0;1.0;485.4
facility:9031103;2112;11;102;2.0;2112;1396182.6;A;3;03;38.148;2.876;0.005208;0.048295;1.0;661.07
facility:9040021;438;217;143;7.0;438;2148681.52;J;1;03;61.888;9.356;0.495434;0.326484;1.0;4905.67
facility:9058516;161;0;0;1.0;161;81381.0;O;3;03;25.205;1.124;0.0;0.0;1.0;505.47
facility:9061681;3;0;0;4.0;3;4671.95;B;3;99;77.0;8.0;0.0;0.0;1.0;1557.32
facility:9065768;2732;428;9;4.5;2732;7258109.89;B;3;99;55.37;7.669;0.156662;0.003294;1.0;2656.7
facility:9074457;3933;1746;32;8.5;3933;36292064.21;B;1;03;60.462;11.193;0.443936;0.008136;1.0;9227.58
facility:9077413;4120;337;44;3.0;4120;9773472.13;S;1;99;42.75;5.87;0.081796;0.01068;1.0;2372.2
facility:9131922;2615;74;321;3.5;2615;1299679.37;O;3;99;34.093;4.719;0.028298;0.122753;1.0;497.01
facility:9135499;1378;46;209;1.0;1378;744053.74;O;3;01;47.366;1.698;0.033382;0.151669;1.0;539.95
facility:9138625;19;1;0;5.0;19;7633.88;A;1;03;43.0;5.947;0.052632;0.0;1.0;401.78
facility:9141839;3841;986;18;6.0;3841;20841976.9;B;1;01;56.811;7.391;0.256704;0.004686;1.0;5426.19
facility:9146032;168;5;22;4.5;168;100154.68;J;3;03;50.988;5.81;0.029762;0.130952;1.0;596.16
facility:9150145;132;3;82;1.0;132;84588.83;B;1;03;47.568;1.167;0.022727;0.621212;1.0;640.82
facility:9153535;1771;0;0;2.0;1771;853573.1;O;3;03;26.495;2.185;0.0;0.0;1.0;481.97
facility:9154388;228;1;2;3.25;228;163087.16;B;1;03;47.487;4.829;0.004386;0.008772;1.0;715.29
facility:9162585;324;0;0;1.0;324;149498.3;D;3;99;27.463;1.028;0.0;0.0;1.0;461.41
facility:9174826;42;0;0;0.0;42;91523.67;H;1;99;59.667;0.0;0.0;0.0;1.0;2179.13
facility:9175849;42;0;0;0.0;42;168941.89;H;3;01;63.262;0.0;0.0;0.0;1.0;4022.43
facility:9177140;1028;24;26;4.0;1028;633557.22;B;1;03;48.116;5.573;0.023346;0.025292;1.0;616.3
facility:9193723;692;0;1;0.0;692;1288939.96;H;1;99;55.786;0.0;0.0;0.001445;1.0;1862.63
facility:9209352;6019;196;288;4.0;6019;4413279.74;S;1;99;39.578;6.624;0.032564;0.047848;1.0;733.22
facility:9217932;804;0;38;3.0;804;289811.36;A;1;03;19.986;3.332;0.0;0.047264;1.0;360.46
facility:9232141;180;0;0;0.0;180;65088.74;C;3;01;61.794;0.0;0.0;0.0;1.0;361.6
facility:9232966;371;0;0;0.0;371;1257691.66;H;1;99;60.698;0.0;0.0;0.0;1.0;3390.0
facility:9260854;16;0;0;0.0;16;37074.71;H;3;99;61.5;0.0;0.0;0.0;1.0;2317.17
facility:9261427;669;3;64;2.0;669;360830.53;A;3;03;37.468;2.26;0.004484;0.095665;1.0;539.36
facility:9262407;1235;110;7;2.0;1235;880950.41;C;3;03;57.913;3.991;0.089069;0.005668;1.0;713.32
facility:9267263;1001;49;327;4.0;1001;970405.27;B;1;01;56.011;4.8;0.048951;0.326673;1.0;969.44
facility:9275134;1284;39;28;2.0;1284;917051.1;O;3;99;44.799;2.646;0.030374;0.021807;1.0;714.21
facility:9276149;78;0;6;1.0;78;17034.42;I;3;99;48.192;1.538;0.0;0.076923;1.0;218.39
facility:9309470;294;16;10;3.0;294;184624.55;A;1;01;61.578;3.503;0.054422;0.034014;1.0;627.97
facility:9309594;231;4;9;6.5;231;72489.61;N;3;03;63.481;6.251;0.017316;0.038961;1.0;313.81
facility:9321330;17;7;2;11.5;17;507292.77;B;1;99;71.294;18.529;0.411765;0.117647;1.0;29840.75
facility:9333770;27;0;3;2.0;27;9932.72;I;3;99;55.037;2.074;0.0;0.111111;1.0;367.88
facility:9336508;5408;256;161;2.0;5408;8944750.25;O;3;99;27.302;3.59;0.047337;0.029771;1.0;1653.98
facility:9340165;191;0;0;1.0;191;162120.22;D;3;99;44.079;0.984;0.0;0.0;1.0;848.8
facility:9364439;3737;42;4;1.0;3737;2979328.17;S;1;03;41.94;3.431;0.011239;0.00107;1.0;797.25
facility:9383298;3160;392;253;4.0;3160;6077125.53;S;1;03;46.939;6.16;0.124051;0.080063;1.0;1923.14
facility:9388133;8237;1167;126;5.0;8237;22230347.28;I;1;99;53.235;7.261;0.141678;0.015297;1.0;2698.84
facility:9399852;22;0;0;0.0;22;57383.11;H;1;01;64.045;0.409;0.0;0.0;1.0;2608.32
facility:9417435;1063;30;151;1.75;1063;779298.15;K;3;03;45.776;4.121;0.028222;0.142051;1.0;733.11
facility:9425802;2279;311;29;3.0;2279;11394235.54;B;3;01;53.015;5.591;0.136463;0.012725;1.0;4999.66
facility:9431667;950;0;0;1.5;950;479567.09;A;3;99;38.394;1.935;0.0;0.0;1.0;504.81
facility:9436855;165;0;0;1.0;165;64568.0;K;1;03;13.782;1.018;0.0;0.0;1.0;391.32
facility:9443665;10549;851;216;5.0;10549;21477152.63;K;1;99;43.45;7.011;0.080671;0.020476;1.0;2035.94
facility:9445331;228;11;11;3.0;228;140699.13;O;3;01;38.899;3.956;0.048246;0.048246;1.0;617.1
facility:9461493;3407;47;37;3.0;3407;3744808.66;O;3;03;17.534;4.321;0.013795;0.01086;1.0;1099.15
facility:9465464;3691;1053;440;6.5;3691;37510953.84;B;1;03;55.818;9.454;0.285289;0.119209;1.0;10162.82
facility:9467718;2444;686;77;8.0;2444;20626536.78;B;1;99;56.884;12.468;0.280687;0.031506;1.0;8439.66
facility:9472339;1984;169;272;14.5;1984;2194097.77;I;1;03;54.716;19.097;0.085181;0.137097;1.0;1105.9
facility:9491112;8159;558;42;2.0;8159;16894894.82;K;1;01;44.776;4.759;0.068391;0.005148;1.0;2070.71
facility:9491252;5884;363;38;1.5;5884;10128119.36;K;1;01;48.836;4.209;0.061693;0.006458;1.0;1721.3
facility:9491619;1220;117;87;2.0;1220;1987093.33;I;3;01;52.081;4.494;0.095902;0.071311;1.0;1628.77
facility:9499199;5473;58;398;4.0;5473;3628832.01;L;1;03;62.332;4.49;0.010597;0.072721;1.0;663.04
facility:9502432;5;4;0;0.25;5;3435.73;J;1;99;63.4;0.4;0.8;0.0;1.0;687.15
facility:9515925;205;0;1;1.5;205;104732.17;O;3;99;28.512;1.444;0.0;0.004878;1.0;510.89
facility:9526293;696;97;463;2.0;696;1044000.0;B;3;03;55.634;2.958;0.139368;0.66523;1.0;1500.0
facility:9528792;990;248;86;6.0;990;6964434.61;B;1;01;55.432;9.828;0.250505;0.086869;1.0;7034.78
facility:9543767;1205;224;89;7.0;1205;13694928.29;B;1;01;56.33;11.091;0.185892;0.073859;1.0;11365.09
facility:9556095;2772;205;48;3.0;2772;7262895.56;S;1;01;39.819;5.245;0.073954;0.017316;1.0;2620.09
facility:9556109;138;0;0;1.0;138;182132.13;K;3;99;42.072;0.754;0.0;0.0;1.0;1319.8
facility:9563873;1093;161;40;4.5;1093;3926565.36;K;1;01;54.303;7.43;0.147301;0.036597;1.0;3592.47
facility:9569723;97;34;12;10.0;97;1991725.36;B;1;03;61.062;12.784;0.350515;0.123711;1.0;20533.25
facility:9575936;1319;199;92;8.0;1319;13991526.19;B;1;01;54.348;10.861;0.150872;0.06975;1.0;10607.68
facility:9578161;216;0;5;1.0;216;103038.4;O;3;99;23.704;1.505;0.0;0.023148;1.0;477.03
facility:9601503;556;11;22;2.0;556;318935.61;O;3;99;39.628;3.196;0.019784;0.039568;1.0;573.63
facility:9611185;19;0;0;0.0;19;4962.42;I;3;03;54.368;0.0;0.0;0.0;1.0;261.18
facility:9613137;1859;33;108;3.0;1859;1013145.88;J;3;99;48.402;2.978;0.017751;0.058096;1.0;545.0
facility:9613374;1261;114;3;2.0;1261;2329759.4;K;3;03;43.863;1.963;0.090404;0.002379;1.0;1847.55
facility:9619488;180;37;42;6.0;180;252890.09;B;1;03;54.278;7.706;0.205556;0.233333;1.0;1404.94
facility:9627812;4222;0;22;2.0;4222;2402883.71;O;3;99;21.383;2.108;0.0;0.005211;1.0;569.13
facility:9633758;641;2;6;2.0;641;415106.46;K;3;03;41.098;2.924;0.00312;0.00936;1.0;647.59
facility:9637087;562;63;20;6.0;562;1150906.95;B;1;99;52.854;7.059;0.1121;0.035587;1.0;2047.88
facility:9637850;150;0;0;1.0;150;25500.0;G;3;03;51.713;0.973;0.0;0.0;1.0;170.0
facility:9639659;1537;207;77;2.0;1537;993649.78;O;3;01;48.802;4.573;0.134678;0.050098;1.0;646.49
facility:9650105;1217;369;80;7.0;1217;2086468.5;B;1;99;59.182;8.534;0.303205;0.065735;1.0;1714.44
facility:9658815;100;0;0;0.0;100;259798.2;H;3;99;57.5;0.59;0.0;0.0;1.0;2597.98
facility:9659366;1336;13;127;2.0;1336;858561.4;O;3;03;34.34;3.024;0.009731;0.09506;1.0;642.64
facility:9662561;994;424;569;8.0;994;16888296.4;B;1;01;58.005;9.422;0.426559;0.572435;1.0;16990.24
facility:9672427;10;0;0;5.0;10;4447.0;J;1;99;60.5;5.2;0.0;0.0;1.0;444.7
facility:9675787;6;0;0;0.0;6;10086.48;H;3;03;53.0;0.0;0.0;0.0;1.0;1681.08
facility:9680500;1523;164;33;2.0;1523;3777870.48;O;3;01;46.374;4.74;0.107682;0.021668;1.0;2480.55
facility:9680977;5423;1307;124;7.5;5423;31813636.16;B;1;03;55.798;9.056;0.241011;0.022866;1.0;5866.43
facility:9685871;826;8;9;3.0;826;610951.06;S;1;03;41.436;4.088;0.009685;0.010896;1.0;739.65
facility:9691049;120;0;1;0.0;120;43977.19;S;1;03;35.217;0.0;0.0;0.008333;1.0;366.48
facility:9696091;402;24;84;6.0;402;603000.0;B;3;99;54.769;6.102;0.059701;0.208955;1.0;1500.0
facility:9743081;4;0;4;1.0;4;6000.0;B;1;03;58.25;1.0;0.0;1.0;1.0;1500.0
facility:9773657;2459;108;102;2.0;2459;4871851.8;B;3;01;52.203;6.166;0.04392;0.04148;1.0;1981.23
facility:9813349;911;6;16;1.0;911;927509.27;O;3;03;36.258;1.718;0.006586;0.017563;1.0;1018.12
facility:9841903;2534;87;46;5.0;2534;4430408.93;B;1;03;38.946;6.865;0.034333;0.018153;1.0;1748.39
facility:9847227;2269;302;505;4.0;2269;4575945.57;B;1;99;55.023;4.788;0.133098;0.222565;1.0;2016.72
facility:9887725;10432;153;25;3.0;10432;15576296.58;A;1;03;13.087;4.049;0.014666;0.002396;1.0;1493.13
facility:9895124;1946;646;69;7.0;1946;21755185.81;B;1;01;60.938;10.255;0.331963;0.035457;1.0;11179.44
facility:9898565;484;0;0;0.0;484;827116.57;H;1;99;46.066;0.0;0.0;0.0;1.0;1708.92
facility:9917322;10697;911;165;3.0;10697;17806865.99;O;3;03;31.495;6.67;0.085164;0.015425;1.0;1664.66
facility:9922970;618;33;172;3.5;618;341390.33;B;1;03;56.749;4.202;0.053398;0.278317;1.0;552.41
facility:9923837;7145;816;204;2.0;7145;27134441.34;O;3;03;32.248;5.382;0.114206;0.028551;1.0;3797.68
facility:9994289;108;0;9;6.0;108;123926.77;B;1;99;53.509;6.926;0.0;0.083333;1.0;1147.47
facility:9997784;180;0;0;1.0;180;100847.89;O;3;03;24.522;1.372;0.0;0.0;1.0;560.27
