municipality_code;uf;health_region_code;health_region_id;establishment_rows;selected_region_rows;distinct_region_codes;region_conflict;source
110001;RO;;;37;0;;False;CNES_ST_REGSAUDE_MODE
110002;RO;0004;RO-0004;140;2;0004;False;CNES_ST_REGSAUDE_MODE
110003;RO;;;11;0;;False;CNES_ST_REGSAUDE_MODE
110004;RO;;;379;0;;False;CNES_ST_REGSAUDE_MODE
110005;RO;;;25;0;;False;CNES_ST_REGSAUDE_MODE
110006;RO;;;21;0;;False;CNES_ST_REGSAUDE_MODE
110007;RO;;;13;0;;False;CNES_ST_REGSAUDE_MODE
110008;RO;;;9;0;;False;CNES_ST_REGSAUDE_MODE
110009;RO;;;46;0;;False;CNES_ST_REGSAUDE_MODE
110010;RO;;;45;0;;False;CNES_ST_REGSAUDE_MODE
110011;RO;;;140;0;;False;CNES_ST_REGSAUDE_MODE
110012;RO;;;456;0;;False;CNES_ST_REGSAUDE_MODE
110013;RO;;;31;0;;False;CNES_ST_REGSAUDE_MODE
110014;RO;;;24;0;;False;CNES_ST_REGSAUDE_MODE
110015;RO;;;84;0;;False;CNES_ST_REGSAUDE_MODE
110018;RO;0217;RO-0217;127;1;0217;False;CNES_ST_REGSAUDE_MODE
110020;RO;;;964;0;;False;CNES_ST_REGSAUDE_MODE
110025;RO;;;34;0;;False;CNES_ST_REGSAUDE_MODE
110026;RO;;;5;0;;False;CNES_ST_REGSAUDE_MODE
110028;RO;;;135;0;;False;CNES_ST_REGSAUDE_MODE
110029;RO;;;12;0;;False;CNES_ST_REGSAUDE_MODE
110030;RO;;;333;0;;False;CNES_ST_REGSAUDE_MODE
110032;RO;;;37;0;;False;CNES_ST_REGSAUDE_MODE
110033;RO;;;17;0;;False;CNES_ST_REGSAUDE_MODE
110034;RO;;;26;0;;False;CNES_ST_REGSAUDE_MODE
110037;RO;0005;RO-0005;23;1;0005;False;CNES_ST_REGSAUDE_MODE
110040;RO;0004;RO-0004;20;2;0004;False;CNES_ST_REGSAUDE_MODE
110045;RO;;;36;0;;False;CNES_ST_REGSAUDE_MODE
110050;RO;;;7;0;;False;CNES_ST_REGSAUDE_MODE
110060;RO;;;7;0;;False;CNES_ST_REGSAUDE_MODE
110070;RO;;;15;0;;False;CNES_ST_REGSAUDE_MODE
110080;RO;;;15;0;;False;CNES_ST_REGSAUDE_MODE
110090;RO;;;6;0;;False;CNES_ST_REGSAUDE_MODE
110092;RO;;;22;0;;False;CNES_ST_REGSAUDE_MODE
110094;RO;;;10;0;;False;CNES_ST_REGSAUDE_MODE
110100;RO;;;12;0;;False;CNES_ST_REGSAUDE_MODE
110110;RO;;;10;0;;False;CNES_ST_REGSAUDE_MODE
110120;RO;;;13;0;;False;CNES_ST_REGSAUDE_MODE
110130;RO;;;12;0;;False;CNES_ST_REGSAUDE_MODE
110140;RO;;;15;0;;False;CNES_ST_REGSAUDE_MODE
110143;RO;;;8;0;;False;CNES_ST_REGSAUDE_MODE
110145;RO;;;6;0;;False;CNES_ST_REGSAUDE_MODE
110146;RO;;;6;0;;False;CNES_ST_REGSAUDE_MODE
110147;RO;;;5;0;;False;CNES_ST_REGSAUDE_MODE
110148;RO;;;7;0;;False;CNES_ST_REGSAUDE_MODE
110149;RO;;;19;0;;False;CNES_ST_REGSAUDE_MODE
110150;RO;;;12;0;;False;CNES_ST_REGSAUDE_MODE
110155;RO;;;6;0;;False;CNES_ST_REGSAUDE_MODE
110160;RO;;;10;0;;False;CNES_ST_REGSAUDE_MODE
110170;RO;;;12;0;;False;CNES_ST_REGSAUDE_MODE
110175;RO;;;11;0;;False;CNES_ST_REGSAUDE_MODE
110180;RO;;;8;0;;False;CNES_ST_REGSAUDE_MODE
120001;AC;0001;AC-0001;16;2;0001;False;CNES_ST_REGSAUDE_MODE
120005;AC;0002;AC-0002;12;7;0002;False;CNES_ST_REGSAUDE_MODE
120010;AC;0002;AC-0002;23;3;0002|0003;True;CNES_ST_REGSAUDE_MODE
120013;AC;0001;AC-0001;10;2;0001;False;CNES_ST_REGSAUDE_MODE
120017;AC;0001;AC-0001;11;1;0001;False;CNES_ST_REGSAUDE_MODE
120020;AC;0002;AC-0002;111;17;0002|0003;True;CNES_ST_REGSAUDE_MODE
120025;AC;0002;AC-0002;13;7;0002;False;CNES_ST_REGSAUDE_MODE
120030;AC;0002;AC-0002;17;5;0002|0003;True;CNES_ST_REGSAUDE_MODE
120032;AC;0001;AC-0001;10;3;0001;False;CNES_ST_REGSAUDE_MODE
120033;AC;0002;AC-0002;21;4;0002|0003|0004;True;CNES_ST_REGSAUDE_MODE
120034;AC;0001;AC-0001;10;2;0001;False;CNES_ST_REGSAUDE_MODE
120035;AC;0003;AC-0003;13;9;0003;False;CNES_ST_REGSAUDE_MODE
120038;AC;0001;AC-0001;18;4;0001;False;CNES_ST_REGSAUDE_MODE
120039;AC;;;12;0;;False;CNES_ST_REGSAUDE_MODE
120040;AC;0001;AC-0001;572;127;0001|0003|0006|6990;True;CNES_ST_REGSAUDE_MODE
120042;AC;;;18;0;;False;CNES_ST_REGSAUDE_MODE
120043;AC;0001;AC-0001;9;1;0001;False;CNES_ST_REGSAUDE_MODE
120045;AC;0001;AC-0001;20;3;0001;False;CNES_ST_REGSAUDE_MODE
120050;AC;0001;AC-0001;38;1;0001;False;CNES_ST_REGSAUDE_MODE
120060;AC;0003;AC-0003;26;7;0003;False;CNES_ST_REGSAUDE_MODE
120070;AC;0002;AC-0002;16;2;0002;False;CNES_ST_REGSAUDE_MODE
120080;AC;;;12;0;;False;CNES_ST_REGSAUDE_MODE
130002;AM;0002;AM-0002;14;5;0002|0009;True;CNES_ST_REGSAUDE_MODE
130006;AM;0001;AM-0001;14;2;0001|0009;True;CNES_ST_REGSAUDE_MODE
130008;AM;0002;AM-0002;17;1;0002;False;CNES_ST_REGSAUDE_MODE
130010;AM;0007;AM-0007;7;3;0002|0007;True;CNES_ST_REGSAUDE_MODE
130014;AM;0003;AM-0003;13;5;0003|0005;True;CNES_ST_REGSAUDE_MODE
130020;AM;0009;AM-0009;18;1;0009|0010;True;CNES_ST_REGSAUDE_MODE
130030;AM;0007;AM-0007;24;11;0007;False;CNES_ST_REGSAUDE_MODE
130040;AM;0005;AM-0005;28;5;0002|0005;True;CNES_ST_REGSAUDE_MODE
130050;AM;0009;AM-0009;20;8;0009;False;CNES_ST_REGSAUDE_MODE
130060;AM;0010;AM-0010;24;6;0010;False;CNES_ST_REGSAUDE_MODE
130063;AM;0007;AM-0007;7;1;0007;False;CNES_ST_REGSAUDE_MODE
130068;AM;0009;AM-0009;9;3;0005|0009;True;CNES_ST_REGSAUDE_MODE
130070;AM;0003;AM-0003;16;1;0003;False;CNES_ST_REGSAUDE_MODE
130080;AM;0005;AM-0005;17;9;0005|0010;True;CNES_ST_REGSAUDE_MODE
130083;AM;0007;AM-0007;9;6;0002|0007;True;CNES_ST_REGSAUDE_MODE
130090;AM;0006;AM-0006;4;3;0006;False;CNES_ST_REGSAUDE_MODE
130100;AM;0004;AM-0004;18;12;0004|0007|0008;True;CNES_ST_REGSAUDE_MODE
130110;AM;0007;AM-0007;21;5;0001|0007;True;CNES_ST_REGSAUDE_MODE
130115;AM;0007;AM-0007;20;5;0001|0007;True;CNES_ST_REGSAUDE_MODE
130120;AM;0001;AM-0001;32;1;0001|0007|0013;True;CNES_ST_REGSAUDE_MODE
130130;AM;0007;AM-0007;13;9;0002|0007|0010;True;CNES_ST_REGSAUDE_MODE
130140;AM;0004;AM-0004;16;9;0004|0007;True;CNES_ST_REGSAUDE_MODE
130150;AM;0004;AM-0004;7;1;0004|0007;True;CNES_ST_REGSAUDE_MODE
130160;AM;0002;AM-0002;10;1;0002;False;CNES_ST_REGSAUDE_MODE
130165;AM;0007;AM-0007;12;2;0004|0007;True;CNES_ST_REGSAUDE_MODE
130170;AM;0005;AM-0005;43;5;0005;False;CNES_ST_REGSAUDE_MODE
130180;AM;0004;AM-0004;12;10;0004|0007;True;CNES_ST_REGSAUDE_MODE
130185;AM;0001;AM-0001;31;4;0001|0007;True;CNES_ST_REGSAUDE_MODE
130190;AM;0008;AM-0008;43;9;0008;False;CNES_ST_REGSAUDE_MODE
130195;AM;0007;AM-0007;8;1;0007;False;CNES_ST_REGSAUDE_MODE
130200;AM;0008;AM-0008;9;1;0008;False;CNES_ST_REGSAUDE_MODE
130210;AM;0008;AM-0008;8;2;0008;False;CNES_ST_REGSAUDE_MODE
130220;AM;0008;AM-0008;6;1;0008;False;CNES_ST_REGSAUDE_MODE
130230;AM;0009;AM-0009;13;10;0009;False;CNES_ST_REGSAUDE_MODE
130240;AM;0003;AM-0003;28;5;0003|0006;True;CNES_ST_REGSAUDE_MODE
130250;AM;0007;AM-0007;40;30;0007;False;CNES_ST_REGSAUDE_MODE
130255;AM;0001;AM-0001;11;1;0001;False;CNES_ST_REGSAUDE_MODE
130260;AM;0001;AM-0001;1412;1183;0000|0001|0010;True;CNES_ST_REGSAUDE_MODE
130270;AM;0005;AM-0005;22;5;0003|0005;True;CNES_ST_REGSAUDE_MODE
130280;AM;0008;AM-0008;12;1;0008;False;CNES_ST_REGSAUDE_MODE
130290;AM;0008;AM-0008;36;16;0008;False;CNES_ST_REGSAUDE_MODE
130300;AM;0009;AM-0009;16;4;0004|0005|0009;True;CNES_ST_REGSAUDE_MODE
130310;AM;0001;AM-0001;27;5;0001|0008;True;CNES_ST_REGSAUDE_MODE
130320;AM;0002;AM-0002;7;1;0002;False;CNES_ST_REGSAUDE_MODE
130330;AM;0005;AM-0005;12;1;0005;False;CNES_ST_REGSAUDE_MODE
130340;AM;0005;AM-0005;58;1;0005;False;CNES_ST_REGSAUDE_MODE
130350;AM;0003;AM-0003;10;2;0003|0005;True;CNES_ST_REGSAUDE_MODE
130353;AM;0008;AM-0008;40;18;0008|0009;True;CNES_ST_REGSAUDE_MODE
130356;AM;0007;AM-0007;28;6;0001|0007;True;CNES_ST_REGSAUDE_MODE
130360;AM;0006;AM-0006;29;4;0001|0006;True;CNES_ST_REGSAUDE_MODE
130370;AM;0001;AM-0001;20;2;0001;False;CNES_ST_REGSAUDE_MODE
130380;AM;;;51;0;;False;CNES_ST_REGSAUDE_MODE
130390;AM;0009;AM-0009;20;3;0009;False;CNES_ST_REGSAUDE_MODE
130395;AM;0009;AM-0009;8;4;0004|0009;True;CNES_ST_REGSAUDE_MODE
130400;AM;0004;AM-0004;12;1;0004;False;CNES_ST_REGSAUDE_MODE
130406;AM;0001;AM-0001;35;11;0001|0009;True;CNES_ST_REGSAUDE_MODE
130410;AM;0003;AM-0003;17;11;0001|0002|0003|0006;True;CNES_ST_REGSAUDE_MODE
130420;AM;0002;AM-0002;43;10;0002|0010;True;CNES_ST_REGSAUDE_MODE
130423;AM;0001;AM-0001;12;7;0001|0009;True;CNES_ST_REGSAUDE_MODE
130426;AM;0002;AM-0002;6;4;0002|0008;True;CNES_ST_REGSAUDE_MODE
130430;AM;0010;AM-0010;10;6;0004|0009|0010;True;CNES_ST_REGSAUDE_MODE
130440;AM;0004;AM-0004;13;1;0004|0008;True;CNES_ST_REGSAUDE_MODE
140002;RR;;;40;0;;False;CNES_ST_REGSAUDE_MODE
140005;RR;;;47;0;;False;CNES_ST_REGSAUDE_MODE
140010;RR;0001;RR-0001;375;1;0001;False;CNES_ST_REGSAUDE_MODE
140015;RR;;;37;0;;False;CNES_ST_REGSAUDE_MODE
140017;RR;;;25;0;;False;CNES_ST_REGSAUDE_MODE
140020;RR;;;23;0;;False;CNES_ST_REGSAUDE_MODE
140023;RR;;;10;0;;False;CNES_ST_REGSAUDE_MODE
140028;RR;;;11;0;;False;CNES_ST_REGSAUDE_MODE
140030;RR;;;24;0;;False;CNES_ST_REGSAUDE_MODE
140040;RR;;;20;0;;False;CNES_ST_REGSAUDE_MODE
140045;RR;;;21;0;;False;CNES_ST_REGSAUDE_MODE
140047;RR;;;32;0;;False;CNES_ST_REGSAUDE_MODE
140050;RR;;;12;0;;False;CNES_ST_REGSAUDE_MODE
140060;RR;;;14;0;;False;CNES_ST_REGSAUDE_MODE
140070;RR;;;83;0;;False;CNES_ST_REGSAUDE_MODE
150010;PA;0006;PA-0006;103;87;0006;False;CNES_ST_REGSAUDE_MODE
150013;PA;0011;PA-0011;7;7;0011;False;CNES_ST_REGSAUDE_MODE
150020;PA;0002;PA-0002;28;16;0002|0007;True;CNES_ST_REGSAUDE_MODE
150030;PA;0007;PA-0007;18;15;0007;False;CNES_ST_REGSAUDE_MODE
150034;PA;0012;PA-0012;22;9;0012;False;CNES_ST_REGSAUDE_MODE
150040;PA;0009;PA-0009;19;14;0009;False;CNES_ST_REGSAUDE_MODE
150050;PA;0009;PA-0009;22;12;0009;False;CNES_ST_REGSAUDE_MODE
150060;PA;0010;PA-0010;113;70;0010;False;CNES_ST_REGSAUDE_MODE
150070;PA;0008;PA-0008;11;10;0008;False;CNES_ST_REGSAUDE_MODE
150080;PA;0001;PA-0001;265;34;0001;False;CNES_ST_REGSAUDE_MODE
150085;PA;0010;PA-0010;28;26;0010;False;CNES_ST_REGSAUDE_MODE
150090;PA;0004;PA-0004;38;34;0004;False;CNES_ST_REGSAUDE_MODE
150095;PA;0005;PA-0005;21;15;0005;False;CNES_ST_REGSAUDE_MODE
150100;PA;0009;PA-0009;11;11;0009;False;CNES_ST_REGSAUDE_MODE
150110;PA;0008;PA-0008;17;16;0006|0008;True;CNES_ST_REGSAUDE_MODE
150120;PA;0013;PA-0013;25;24;0013;False;CNES_ST_REGSAUDE_MODE
150125;PA;0012;PA-0012;15;15;0012;False;CNES_ST_REGSAUDE_MODE
150130;PA;0006;PA-0006;102;55;0006;False;CNES_ST_REGSAUDE_MODE
150140;PA;0001;PA-0001;1051;145;0001|0002|0005|0007;True;CNES_ST_REGSAUDE_MODE
150145;PA;0009;PA-0009;19;10;0009;False;CNES_ST_REGSAUDE_MODE
150150;PA;0001;PA-0001;32;22;0001;False;CNES_ST_REGSAUDE_MODE
150157;PA;0011;PA-0011;13;5;0011;False;CNES_ST_REGSAUDE_MODE
150160;PA;0004;PA-0004;18;14;0004;False;CNES_ST_REGSAUDE_MODE
150170;PA;0004;PA-0004;88;81;0004;False;CNES_ST_REGSAUDE_MODE
150172;PA;0010;PA-0010;23;8;0010;False;CNES_ST_REGSAUDE_MODE
150175;PA;0011;PA-0011;15;11;0011|0013;True;CNES_ST_REGSAUDE_MODE
150178;PA;0011;PA-0011;36;22;0011;False;CNES_ST_REGSAUDE_MODE
150180;PA;0008;PA-0008;62;56;0008;False;CNES_ST_REGSAUDE_MODE
150190;PA;0002;PA-0002;21;15;0002;False;CNES_ST_REGSAUDE_MODE
150195;PA;0004;PA-0004;26;25;0004;False;CNES_ST_REGSAUDE_MODE
150200;PA;0007;PA-0007;18;15;0002|0007;True;CNES_ST_REGSAUDE_MODE
150210;PA;0013;PA-0013;108;63;0013;False;CNES_ST_REGSAUDE_MODE
150215;PA;0011;PA-0011;98;12;0011;False;CNES_ST_REGSAUDE_MODE
150220;PA;0004;PA-0004;92;51;0004;False;CNES_ST_REGSAUDE_MODE
150230;PA;0005;PA-0005;43;42;0004|0005;True;CNES_ST_REGSAUDE_MODE
150240;PA;0003;PA-0003;211;172;0003;False;CNES_ST_REGSAUDE_MODE
150250;PA;0007;PA-0007;25;17;0007;False;CNES_ST_REGSAUDE_MODE
150260;PA;0002;PA-0002;13;12;0002;False;CNES_ST_REGSAUDE_MODE
150270;PA;0012;PA-0012;60;47;0012;False;CNES_ST_REGSAUDE_MODE
150275;PA;0002;PA-0002;14;11;0002;False;CNES_ST_REGSAUDE_MODE
150276;PA;0012;PA-0012;22;18;0012;False;CNES_ST_REGSAUDE_MODE
150277;PA;0011;PA-0011;15;5;0011;False;CNES_ST_REGSAUDE_MODE
150280;PA;0008;PA-0008;18;16;0008;False;CNES_ST_REGSAUDE_MODE
150285;PA;0009;PA-0009;13;13;0009;False;CNES_ST_REGSAUDE_MODE
150290;PA;0003;PA-0003;33;32;0003;False;CNES_ST_REGSAUDE_MODE
150293;PA;0005;PA-0005;40;30;0005;False;CNES_ST_REGSAUDE_MODE
150295;PA;0011;PA-0011;20;12;0011;False;CNES_ST_REGSAUDE_MODE
150300;PA;0009;PA-0009;9;9;0009;False;CNES_ST_REGSAUDE_MODE
150304;PA;0012;PA-0012;17;16;0012;False;CNES_ST_REGSAUDE_MODE
150307;PA;0005;PA-0005;21;19;0005;False;CNES_ST_REGSAUDE_MODE
150309;PA;0011;PA-0011;28;26;0011;False;CNES_ST_REGSAUDE_MODE
150310;PA;0008;PA-0008;27;18;0008;False;CNES_ST_REGSAUDE_MODE
150320;PA;0003;PA-0003;28;27;0003;False;CNES_ST_REGSAUDE_MODE
150330;PA;0006;PA-0006;31;28;0006;False;CNES_ST_REGSAUDE_MODE
150340;PA;0003;PA-0003;14;13;0003;False;CNES_ST_REGSAUDE_MODE
150345;PA;0005;PA-0005;32;17;0005;False;CNES_ST_REGSAUDE_MODE
150350;PA;0005;PA-0005;19;15;0005;False;CNES_ST_REGSAUDE_MODE
150360;PA;0009;PA-0009;78;40;0009;False;CNES_ST_REGSAUDE_MODE
150370;PA;0011;PA-0011;23;15;0011;False;CNES_ST_REGSAUDE_MODE
150375;PA;0009;PA-0009;31;5;0009;False;CNES_ST_REGSAUDE_MODE
150380;PA;0011;PA-0011;28;24;0011;False;CNES_ST_REGSAUDE_MODE
150390;PA;0009;PA-0009;29;22;0009;False;CNES_ST_REGSAUDE_MODE
150400;PA;0013;PA-0013;27;27;0013;False;CNES_ST_REGSAUDE_MODE
150405;PA;0005;PA-0005;22;14;0005;False;CNES_ST_REGSAUDE_MODE
150410;PA;0003;PA-0003;18;17;0003|0004;True;CNES_ST_REGSAUDE_MODE
150420;PA;0011;PA-0011;270;105;0011;False;CNES_ST_REGSAUDE_MODE
150430;PA;0003;PA-0003;25;24;0003;False;CNES_ST_REGSAUDE_MODE
150440;PA;0003;PA-0003;29;26;0003;False;CNES_ST_REGSAUDE_MODE
150442;PA;0001;PA-0001;48;16;0001;False;CNES_ST_REGSAUDE_MODE
150445;PA;0010;PA-0010;18;9;0010;False;CNES_ST_REGSAUDE_MODE
150450;PA;0008;PA-0008;16;12;0005|0008;True;CNES_ST_REGSAUDE_MODE
150460;PA;0013;PA-0013;18;17;0013;False;CNES_ST_REGSAUDE_MODE
150470;PA;0006;PA-0006;20;14;0006;False;CNES_ST_REGSAUDE_MODE
150475;PA;0009;PA-0009;18;18;0009;False;CNES_ST_REGSAUDE_MODE
150480;PA;0009;PA-0009;41;39;0009;False;CNES_ST_REGSAUDE_MODE
150490;PA;0007;PA-0007;14;14;0007;False;CNES_ST_REGSAUDE_MODE
150495;PA;0005;PA-0005;17;17;0005;False;CNES_ST_REGSAUDE_MODE
150497;PA;0011;PA-0011;13;3;0011;False;CNES_ST_REGSAUDE_MODE
150500;PA;0004;PA-0004;16;14;0004;False;CNES_ST_REGSAUDE_MODE
150503;PA;0009;PA-0009;34;22;0009;False;CNES_ST_REGSAUDE_MODE
150506;PA;0011;PA-0011;45;15;0011;False;CNES_ST_REGSAUDE_MODE
150510;PA;0009;PA-0009;43;40;0006|0009;True;CNES_ST_REGSAUDE_MODE
150520;PA;0013;PA-0013;19;16;0013;False;CNES_ST_REGSAUDE_MODE
150530;PA;0009;PA-0009;46;23;0009;False;CNES_ST_REGSAUDE_MODE
150540;PA;0004;PA-0004;22;21;0004;False;CNES_ST_REGSAUDE_MODE
150543;PA;0012;PA-0012;50;15;0012;False;CNES_ST_REGSAUDE_MODE
150548;PA;0010;PA-0010;28;27;0010;False;CNES_ST_REGSAUDE_MODE
150549;PA;0011;PA-0011;11;9;0011;False;CNES_ST_REGSAUDE_MODE
150550;PA;0005;PA-0005;100;50;0005|1500|1501|1505;True;CNES_ST_REGSAUDE_MODE
150553;PA;0011;PA-0011;302;139;0011;False;CNES_ST_REGSAUDE_MODE
150555;PA;0012;PA-0012;18;14;0012;False;CNES_ST_REGSAUDE_MODE
150560;PA;0004;PA-0004;9;9;0004;False;CNES_ST_REGSAUDE_MODE
150563;PA;0011;PA-0011;16;16;0011;False;CNES_ST_REGSAUDE_MODE
150565;PA;0009;PA-0009;10;9;0009;False;CNES_ST_REGSAUDE_MODE
150570;PA;0007;PA-0007;11;11;0007;False;CNES_ST_REGSAUDE_MODE
150580;PA;0008;PA-0008;28;25;0008;False;CNES_ST_REGSAUDE_MODE
150590;PA;;;25;0;;False;CNES_ST_REGSAUDE_MODE
150600;PA;0009;PA-0009;19;13;0009;False;CNES_ST_REGSAUDE_MODE
150610;PA;0004;PA-0004;14;8;0004;False;CNES_ST_REGSAUDE_MODE
150611;PA;0004;PA-0004;9;8;0004;False;CNES_ST_REGSAUDE_MODE
150613;PA;0012;PA-0012;99;55;0012;False;CNES_ST_REGSAUDE_MODE
150616;PA;0012;PA-0012;27;12;0012;False;CNES_ST_REGSAUDE_MODE
150618;PA;0011;PA-0011;37;28;0011;False;CNES_ST_REGSAUDE_MODE
150619;PA;0009;PA-0009;15;15;0009;False;CNES_ST_REGSAUDE_MODE
150620;PA;0004;PA-0004;38;36;0004;False;CNES_ST_REGSAUDE_MODE
150630;PA;0007;PA-0007;16;16;0007;False;CNES_ST_REGSAUDE_MODE
150635;PA;0001;PA-0001;10;10;0001;False;CNES_ST_REGSAUDE_MODE
150640;PA;0007;PA-0007;9;9;0007;False;CNES_ST_REGSAUDE_MODE
150650;PA;0002;PA-0002;55;45;0002;False;CNES_ST_REGSAUDE_MODE
150655;PA;0004;PA-0004;20;20;0004;False;CNES_ST_REGSAUDE_MODE
150658;PA;0012;PA-0012;18;14;0012;False;CNES_ST_REGSAUDE_MODE
150660;PA;0005;PA-0005;19;17;0005;False;CNES_ST_REGSAUDE_MODE
150670;PA;0012;PA-0012;42;31;0012;False;CNES_ST_REGSAUDE_MODE
150680;PA;0009;PA-0009;317;102;0009|1509|6800;True;CNES_ST_REGSAUDE_MODE
150690;PA;0004;PA-0004;13;12;0004;False;CNES_ST_REGSAUDE_MODE
150700;PA;0002;PA-0002;22;21;0002;False;CNES_ST_REGSAUDE_MODE
150710;PA;0002;PA-0002;18;10;0002;False;CNES_ST_REGSAUDE_MODE
150715;PA;0011;PA-0011;18;16;0011;False;CNES_ST_REGSAUDE_MODE
150720;PA;0003;PA-0003;28;28;0003;False;CNES_ST_REGSAUDE_MODE
150730;PA;;;64;0;;False;CNES_ST_REGSAUDE_MODE
150740;PA;0003;PA-0003;15;14;0003;False;CNES_ST_REGSAUDE_MODE
150745;PA;0011;PA-0011;24;15;0011;False;CNES_ST_REGSAUDE_MODE
150746;PA;0003;PA-0003;11;5;0003;False;CNES_ST_REGSAUDE_MODE
150747;PA;0004;PA-0004;19;19;0004;False;CNES_ST_REGSAUDE_MODE
150750;PA;0011;PA-0011;17;17;0011;False;CNES_ST_REGSAUDE_MODE
150760;PA;0005;PA-0005;43;36;0005;False;CNES_ST_REGSAUDE_MODE
150770;PA;0007;PA-0007;20;19;0007;False;CNES_ST_REGSAUDE_MODE
150775;PA;0012;PA-0012;9;9;0012;False;CNES_ST_REGSAUDE_MODE
150780;PA;0010;PA-0010;16;15;0010;False;CNES_ST_REGSAUDE_MODE
150790;PA;0007;PA-0007;12;11;0007;False;CNES_ST_REGSAUDE_MODE
150795;PA;0006;PA-0006;30;19;0006;False;CNES_ST_REGSAUDE_MODE
150796;PA;0003;PA-0003;9;9;0003;False;CNES_ST_REGSAUDE_MODE
150797;PA;0009;PA-0009;14;10;0009;False;CNES_ST_REGSAUDE_MODE
150800;PA;0002;PA-0002;30;24;0002;False;CNES_ST_REGSAUDE_MODE
150803;PA;0004;PA-0004;35;33;0004;False;CNES_ST_REGSAUDE_MODE
150805;PA;0009;PA-0009;16;15;0009;False;CNES_ST_REGSAUDE_MODE
150808;PA;0012;PA-0012;51;26;0012;False;CNES_ST_REGSAUDE_MODE
150810;PA;0011;PA-0011;99;81;0011;False;CNES_ST_REGSAUDE_MODE
150812;PA;0005;PA-0005;32;15;0005;False;CNES_ST_REGSAUDE_MODE
150815;PA;0010;PA-0010;27;16;0010;False;CNES_ST_REGSAUDE_MODE
150820;PA;0002;PA-0002;28;25;0002;False;CNES_ST_REGSAUDE_MODE
150830;PA;0004;PA-0004;36;34;0004;False;CNES_ST_REGSAUDE_MODE
150835;PA;0010;PA-0010;26;26;0010;False;CNES_ST_REGSAUDE_MODE
150840;PA;0012;PA-0012;49;15;0012;False;CNES_ST_REGSAUDE_MODE
160005;AP;0001;AP-0001;10;5;0001;False;CNES_ST_REGSAUDE_MODE
160010;AP;0002;AP-0002;14;7;0002;False;CNES_ST_REGSAUDE_MODE
160015;AP;0001;AP-0001;15;3;0001;False;CNES_ST_REGSAUDE_MODE
160020;AP;0002;AP-0002;9;2;0002;False;CNES_ST_REGSAUDE_MODE
160021;AP;0001;AP-0001;7;2;0001;False;CNES_ST_REGSAUDE_MODE
160023;AP;;;14;0;;False;CNES_ST_REGSAUDE_MODE
160025;AP;0001;AP-0001;14;12;0001;False;CNES_ST_REGSAUDE_MODE
160027;AP;;;25;0;;False;CNES_ST_REGSAUDE_MODE
160030;AP;0001;AP-0001;425;57;0001;False;CNES_ST_REGSAUDE_MODE
160040;AP;0001;AP-0001;26;17;0001;False;CNES_ST_REGSAUDE_MODE
160050;AP;0001;AP-0001;30;17;0001;False;CNES_ST_REGSAUDE_MODE
160053;AP;0001;AP-0001;24;10;0001;False;CNES_ST_REGSAUDE_MODE
160055;AP;;;8;0;;False;CNES_ST_REGSAUDE_MODE
160060;AP;0001;AP-0001;55;18;0001;False;CNES_ST_REGSAUDE_MODE
160070;AP;0001;AP-0001;24;15;0001;False;CNES_ST_REGSAUDE_MODE
160080;AP;0001;AP-0001;11;4;0001;False;CNES_ST_REGSAUDE_MODE
170025;TO;;;3;0;;False;CNES_ST_REGSAUDE_MODE
170030;TO;;;6;0;;False;CNES_ST_REGSAUDE_MODE
170035;TO;0001;TO-0001;7;3;0001;False;CNES_ST_REGSAUDE_MODE
170040;TO;;;5;0;;False;CNES_ST_REGSAUDE_MODE
170070;TO;;;15;0;;False;CNES_ST_REGSAUDE_MODE
170100;TO;0002;TO-0002;7;1;0002;False;CNES_ST_REGSAUDE_MODE
170105;TO;;;6;0;;False;CNES_ST_REGSAUDE_MODE
170110;TO;0001;TO-0001;5;1;0001;False;CNES_ST_REGSAUDE_MODE
170130;TO;;;6;0;;False;CNES_ST_REGSAUDE_MODE
170190;TO;0001;TO-0001;6;1;0001;False;CNES_ST_REGSAUDE_MODE
170200;TO;0001;TO-0001;14;2;0001;False;CNES_ST_REGSAUDE_MODE
170210;TO;0002;TO-0002;268;25;0002|0010|7781;True;CNES_ST_REGSAUDE_MODE
170215;TO;0002;TO-0002;8;2;0002;False;CNES_ST_REGSAUDE_MODE
170220;TO;0002;TO-0002;29;2;0002;False;CNES_ST_REGSAUDE_MODE
170230;TO;;;5;0;;False;CNES_ST_REGSAUDE_MODE
170240;TO;0001;TO-0001;9;3;0001;False;CNES_ST_REGSAUDE_MODE
170255;TO;;;22;0;;False;CNES_ST_REGSAUDE_MODE
170270;TO;0001;TO-0001;3;2;0001;False;CNES_ST_REGSAUDE_MODE
170290;TO;0002;TO-0002;8;1;0002;False;CNES_ST_REGSAUDE_MODE
170300;TO;0002;TO-0002;9;1;0002;False;CNES_ST_REGSAUDE_MODE
170305;TO;;;4;0;;False;CNES_ST_REGSAUDE_MODE
170307;TO;0002;TO-0002;4;2;0002;False;CNES_ST_REGSAUDE_MODE
170310;TO;;;6;0;;False;CNES_ST_REGSAUDE_MODE
170320;TO;0002;TO-0002;2;1;0002;False;CNES_ST_REGSAUDE_MODE
170330;TO;0002;TO-0002;4;2;0002;False;CNES_ST_REGSAUDE_MODE
170360;TO;0002;TO-0002;4;1;0002;False;CNES_ST_REGSAUDE_MODE
170370;TO;0001;TO-0001;5;2;0001;False;CNES_ST_REGSAUDE_MODE
170380;TO;;;11;0;;False;CNES_ST_REGSAUDE_MODE
170382;TO;0001;TO-0001;3;1;0001;False;CNES_ST_REGSAUDE_MODE
170384;TO;0002;TO-0002;3;1;0002;False;CNES_ST_REGSAUDE_MODE
170386;TO;;;7;0;;False;CNES_ST_REGSAUDE_MODE
170388;TO;0002;TO-0002;3;1;0002;False;CNES_ST_REGSAUDE_MODE
170389;TO;0002;TO-0002;7;1;0002;False;CNES_ST_REGSAUDE_MODE
170390;TO;0001;TO-0001;5;2;0001;False;CNES_ST_REGSAUDE_MODE
170410;TO;0002;TO-0002;2;1;0002;False;CNES_ST_REGSAUDE_MODE
170460;TO;0001;TO-0001;4;2;0001;False;CNES_ST_REGSAUDE_MODE
170510;TO;;;5;0;;False;CNES_ST_REGSAUDE_MODE
170550;TO;0002;TO-0002;51;2;0002;False;CNES_ST_REGSAUDE_MODE
170555;TO;0001;TO-0001;5;1;0001;False;CNES_ST_REGSAUDE_MODE
170560;TO;;;6;0;;False;CNES_ST_REGSAUDE_MODE
170600;TO;0002;TO-0002;7;2;0002;False;CNES_ST_REGSAUDE_MODE
170610;TO;0001;TO-0001;6;2;0001;False;CNES_ST_REGSAUDE_MODE
170625;TO;0001;TO-0001;3;1;0001;False;CNES_ST_REGSAUDE_MODE
170650;TO;;;5;0;;False;CNES_ST_REGSAUDE_MODE
170700;TO;0001;TO-0001;23;7;0001;False;CNES_ST_REGSAUDE_MODE
170710;TO;0001;TO-0001;8;1;0001;False;CNES_ST_REGSAUDE_MODE
170720;TO;;;7;0;;False;CNES_ST_REGSAUDE_MODE
170730;TO;0001;TO-0001;8;1;0001;False;CNES_ST_REGSAUDE_MODE
170740;TO;;;7;0;;False;CNES_ST_REGSAUDE_MODE
170755;TO;;;7;0;;False;CNES_ST_REGSAUDE_MODE
170765;TO;0001;TO-0001;4;4;0001;False;CNES_ST_REGSAUDE_MODE
170770;TO;0002;TO-0002;6;4;0002;False;CNES_ST_REGSAUDE_MODE
170820;TO;;;12;0;;False;CNES_ST_REGSAUDE_MODE
170825;TO;0001;TO-0001;4;2;0001;False;CNES_ST_REGSAUDE_MODE
170830;TO;;;6;0;;False;CNES_ST_REGSAUDE_MODE
170900;TO;0002;TO-0002;10;2;0002;False;CNES_ST_REGSAUDE_MODE
170930;TO;0002;TO-0002;33;7;0002;False;CNES_ST_REGSAUDE_MODE
170950;TO;0003;TO-0003;185;28;0001|0003;True;CNES_ST_REGSAUDE_MODE
170980;TO;;;5;0;;False;CNES_ST_REGSAUDE_MODE
171050;TO;0002;TO-0002;12;2;0002;False;CNES_ST_REGSAUDE_MODE
171070;TO;0002;TO-0002;5;1;0002;False;CNES_ST_REGSAUDE_MODE
171090;TO;;;5;0;;False;CNES_ST_REGSAUDE_MODE
171110;TO;;;5;0;;False;CNES_ST_REGSAUDE_MODE
171150;TO;0001;TO-0001;7;3;0001;False;CNES_ST_REGSAUDE_MODE
171180;TO;0002;TO-0002;3;1;0002;False;CNES_ST_REGSAUDE_MODE
171190;TO;0001;TO-0001;9;1;0001;False;CNES_ST_REGSAUDE_MODE
171195;TO;;;5;0;;False;CNES_ST_REGSAUDE_MODE
171200;TO;0001;TO-0001;6;2;0001;False;CNES_ST_REGSAUDE_MODE
171215;TO;0001;TO-0001;3;1;0001;False;CNES_ST_REGSAUDE_MODE
171240;TO;0001;TO-0001;4;1;0001;False;CNES_ST_REGSAUDE_MODE
171245;TO;0002;TO-0002;4;1;0002;False;CNES_ST_REGSAUDE_MODE
171250;TO;0001;TO-0001;6;1;0001;False;CNES_ST_REGSAUDE_MODE
171270;TO;0001;TO-0001;4;1;0001;False;CNES_ST_REGSAUDE_MODE
171280;TO;;;6;0;;False;CNES_ST_REGSAUDE_MODE
171320;TO;0001;TO-0001;24;4;0001;False;CNES_ST_REGSAUDE_MODE
171330;TO;0001;TO-0001;18;3;0001;False;CNES_ST_REGSAUDE_MODE
171360;TO;0001;TO-0001;7;2;0001;False;CNES_ST_REGSAUDE_MODE
171370;TO;0001;TO-0001;4;1;0001;False;CNES_ST_REGSAUDE_MODE
171380;TO;;;4;0;;False;CNES_ST_REGSAUDE_MODE
171395;TO;0002;TO-0002;3;1;0002;False;CNES_ST_REGSAUDE_MODE
171420;TO;0001;TO-0001;11;2;0001;False;CNES_ST_REGSAUDE_MODE
171430;TO;0002;TO-0002;8;3;0002;False;CNES_ST_REGSAUDE_MODE
171488;TO;0002;TO-0002;11;2;0002;False;CNES_ST_REGSAUDE_MODE
171500;TO;0001;TO-0001;4;1;0001;False;CNES_ST_REGSAUDE_MODE
171510;TO;;;5;0;;False;CNES_ST_REGSAUDE_MODE
171515;TO;0001;TO-0001;5;1;0001;False;CNES_ST_REGSAUDE_MODE
171525;TO;0001;TO-0001;3;1;0001;False;CNES_ST_REGSAUDE_MODE
171550;TO;0001;TO-0001;3;1;0001;False;CNES_ST_REGSAUDE_MODE
171570;TO;0002;TO-0002;4;2;0002;False;CNES_ST_REGSAUDE_MODE
171575;TO;0001;TO-0001;12;1;0001;False;CNES_ST_REGSAUDE_MODE
171610;TO;0001;TO-0001;74;10;0001;False;CNES_ST_REGSAUDE_MODE
171620;TO;;;10;0;;False;CNES_ST_REGSAUDE_MODE
171630;TO;0002;TO-0002;4;2;0002;False;CNES_ST_REGSAUDE_MODE
171650;TO;0002;TO-0002;15;1;0002;False;CNES_ST_REGSAUDE_MODE
171660;TO;0001;TO-0001;10;3;0001;False;CNES_ST_REGSAUDE_MODE
171665;TO;0002;TO-0002;7;1;0002;False;CNES_ST_REGSAUDE_MODE
171670;TO;0002;TO-0002;12;1;0002;False;CNES_ST_REGSAUDE_MODE
171700;TO;0001;TO-0001;6;1;0001;False;CNES_ST_REGSAUDE_MODE
171720;TO;0002;TO-0002;5;2;0002;False;CNES_ST_REGSAUDE_MODE
171750;TO;0001;TO-0001;10;3;0001;False;CNES_ST_REGSAUDE_MODE
171780;TO;0001;TO-0001;5;1;0001;False;CNES_ST_REGSAUDE_MODE
171790;TO;0001;TO-0001;4;1;0001;False;CNES_ST_REGSAUDE_MODE
171800;TO;0001;TO-0001;5;1;0001;False;CNES_ST_REGSAUDE_MODE
171820;TO;0001;TO-0001;95;18;0001;False;CNES_ST_REGSAUDE_MODE
171830;TO;0002;TO-0002;10;6;0002;False;CNES_ST_REGSAUDE_MODE
171840;TO;0001;TO-0001;4;1;0001;False;CNES_ST_REGSAUDE_MODE
171845;TO;0001;TO-0001;4;1;0001;False;CNES_ST_REGSAUDE_MODE
171850;TO;0002;TO-0002;3;1;0002;False;CNES_ST_REGSAUDE_MODE
171855;TO;0002;TO-0002;5;2;0002;False;CNES_ST_REGSAUDE_MODE
171865;TO;0001;TO-0001;4;1;0001|0002;True;CNES_ST_REGSAUDE_MODE
171870;TO;0001;TO-0001;4;1;0001;False;CNES_ST_REGSAUDE_MODE
171875;TO;;;8;0;;False;CNES_ST_REGSAUDE_MODE
171880;TO;;;4;0;;False;CNES_ST_REGSAUDE_MODE
171884;TO;0001;TO-0001;3;1;0001;False;CNES_ST_REGSAUDE_MODE
171886;TO;0002;TO-0002;7;3;0002;False;CNES_ST_REGSAUDE_MODE
171888;TO;0002;TO-0002;3;1;0002;False;CNES_ST_REGSAUDE_MODE
171889;TO;0001;TO-0001;4;1;0001;False;CNES_ST_REGSAUDE_MODE
171890;TO;0001;TO-0001;6;3;0001;False;CNES_ST_REGSAUDE_MODE
171900;TO;0001;TO-0001;3;1;0001|0004;True;CNES_ST_REGSAUDE_MODE
172000;TO;;;5;0;;False;CNES_ST_REGSAUDE_MODE
172010;TO;0002;TO-0002;6;1;0002;False;CNES_ST_REGSAUDE_MODE
172015;TO;;;4;0;;False;CNES_ST_REGSAUDE_MODE
172020;TO;0002;TO-0002;6;1;0002;False;CNES_ST_REGSAUDE_MODE
172025;TO;0001;TO-0001;5;1;0001;False;CNES_ST_REGSAUDE_MODE
172030;TO;;;5;0;;False;CNES_ST_REGSAUDE_MODE
172049;TO;0001;TO-0001;5;1;0001;False;CNES_ST_REGSAUDE_MODE
172065;TO;0001;TO-0001;7;2;0001;False;CNES_ST_REGSAUDE_MODE
172080;TO;;;11;0;;False;CNES_ST_REGSAUDE_MODE
172085;TO;0001;TO-0001;4;1;0001;False;CNES_ST_REGSAUDE_MODE
172090;TO;0001;TO-0001;8;2;0001;False;CNES_ST_REGSAUDE_MODE
172093;TO;0001;TO-0001;1;1;0001;False;CNES_ST_REGSAUDE_MODE
172097;TO;0001;TO-0001;4;1;0001;False;CNES_ST_REGSAUDE_MODE
172100;TO;0001;TO-0001;657;68;0001;False;CNES_ST_REGSAUDE_MODE
172110;TO;0001;TO-0001;12;1;0001;False;CNES_ST_REGSAUDE_MODE
172120;TO;0002;TO-0002;32;4;0002;False;CNES_ST_REGSAUDE_MODE
172125;TO;0002;TO-0002;3;1;0002;False;CNES_ST_REGSAUDE_MODE
172130;TO;0002;TO-0002;4;2;0002;False;CNES_ST_REGSAUDE_MODE
172208;TO;0002;TO-0002;7;1;0002;False;CNES_ST_REGSAUDE_MODE
172210;TO;0002;TO-0002;12;2;0002;False;CNES_ST_REGSAUDE_MODE
210005;MA;0010;MA-0010;101;74;0010;False;CNES_ST_REGSAUDE_MODE
210010;MA;0018;MA-0018;9;5;0018;False;CNES_ST_REGSAUDE_MODE
210015;MA;0004;MA-0004;9;2;0004;False;CNES_ST_REGSAUDE_MODE
210020;MA;0001;MA-0001;19;14;0001;False;CNES_ST_REGSAUDE_MODE
210030;MA;0018;MA-0018;15;14;0018;False;CNES_ST_REGSAUDE_MODE
210040;MA;0017;MA-0017;11;5;0017;False;CNES_ST_REGSAUDE_MODE
210043;MA;0005;MA-0005;16;7;0005;False;CNES_ST_REGSAUDE_MODE
210047;MA;0008;MA-0008;20;18;0008;False;CNES_ST_REGSAUDE_MODE
210050;MA;0012;MA-0012;18;3;0012;False;CNES_ST_REGSAUDE_MODE
210055;MA;0009;MA-0009;5;5;0009;False;CNES_ST_REGSAUDE_MODE
210060;MA;2111;MA-2111;45;28;0011|2111;True;CNES_ST_REGSAUDE_MODE
210070;MA;0003;MA-0003;24;11;0003;False;CNES_ST_REGSAUDE_MODE
210080;MA;0004;MA-0004;11;7;0004;False;CNES_ST_REGSAUDE_MODE
210083;MA;0011;MA-0011;9;4;0011|0111;True;CNES_ST_REGSAUDE_MODE
210087;MA;0009;MA-0009;12;7;0009|0011;True;CNES_ST_REGSAUDE_MODE
210090;MA;0004;MA-0004;23;16;0004;False;CNES_ST_REGSAUDE_MODE
210095;MA;0016;MA-0016;19;14;0016;False;CNES_ST_REGSAUDE_MODE
210100;MA;0007;MA-0007;17;13;0007;False;CNES_ST_REGSAUDE_MODE
210110;MA;0002;MA-0002;15;12;0002;False;CNES_ST_REGSAUDE_MODE
210120;MA;0017;MA-0017;77;26;0017;False;CNES_ST_REGSAUDE_MODE
210125;MA;0002;MA-0002;20;16;0002;False;CNES_ST_REGSAUDE_MODE
210130;MA;0006;MA-0006;12;10;0006|0009;True;CNES_ST_REGSAUDE_MODE
210135;MA;0007;MA-0007;7;5;0007;False;CNES_ST_REGSAUDE_MODE
210140;MA;0012;MA-0012;133;122;0012;False;CNES_ST_REGSAUDE_MODE
210150;MA;0013;MA-0013;19;16;0013;False;CNES_ST_REGSAUDE_MODE
210160;MA;0016;MA-0016;78;59;0016;False;CNES_ST_REGSAUDE_MODE
210170;MA;0003;MA-0003;28;15;0003;False;CNES_ST_REGSAUDE_MODE
210173;MA;0003;MA-0003;6;4;0003;False;CNES_ST_REGSAUDE_MODE
210177;MA;0008;MA-0008;12;9;0008;False;CNES_ST_REGSAUDE_MODE
210180;MA;0013;MA-0013;5;5;0013;False;CNES_ST_REGSAUDE_MODE
210190;MA;0006;MA-0006;15;13;0006;False;CNES_ST_REGSAUDE_MODE
210193;MA;0015;MA-0015;11;9;0015;False;CNES_ST_REGSAUDE_MODE
210197;MA;0009;MA-0009;5;4;0009|2109;True;CNES_ST_REGSAUDE_MODE
210200;MA;0008;MA-0008;32;16;0008;False;CNES_ST_REGSAUDE_MODE
210203;MA;0010;MA-0010;25;15;0010;False;CNES_ST_REGSAUDE_MODE
210207;MA;0017;MA-0017;11;8;0017;False;CNES_ST_REGSAUDE_MODE
210210;MA;0004;MA-0004;16;16;0004;False;CNES_ST_REGSAUDE_MODE
210215;MA;0017;MA-0017;7;4;0017;False;CNES_ST_REGSAUDE_MODE
210220;MA;0018;MA-0018;23;23;0018;False;CNES_ST_REGSAUDE_MODE
210230;MA;0013;MA-0013;14;5;0013;False;CNES_ST_REGSAUDE_MODE
210232;MA;0010;MA-0010;43;24;0010;False;CNES_ST_REGSAUDE_MODE
210235;MA;0011;MA-0011;11;8;0011;False;CNES_ST_REGSAUDE_MODE
210237;MA;0002;MA-0002;8;4;0002|0014;True;CNES_ST_REGSAUDE_MODE
210240;MA;0007;MA-0007;9;6;0007|0012;True;CNES_ST_REGSAUDE_MODE
210250;MA;0007;MA-0007;12;8;0007|0014;True;CNES_ST_REGSAUDE_MODE
210255;MA;0011;MA-0011;11;4;0011;False;CNES_ST_REGSAUDE_MODE
210260;MA;0009;MA-0009;11;5;0009;False;CNES_ST_REGSAUDE_MODE
210270;MA;0003;MA-0003;13;11;0003;False;CNES_ST_REGSAUDE_MODE
210275;MA;0014;MA-0014;12;5;0014;False;CNES_ST_REGSAUDE_MODE
210280;MA;0012;MA-0012;16;14;0012;False;CNES_ST_REGSAUDE_MODE
210290;MA;2109;MA-2109;17;5;0009|2109;True;CNES_ST_REGSAUDE_MODE
210300;MA;0018;MA-0018;127;118;0018;False;CNES_ST_REGSAUDE_MODE
210310;MA;0006;MA-0006;10;8;0006;False;CNES_ST_REGSAUDE_MODE
210312;MA;;;7;0;;False;CNES_ST_REGSAUDE_MODE
210315;MA;0009;MA-0009;8;4;0006|0009;True;CNES_ST_REGSAUDE_MODE
210317;MA;0009;MA-0009;12;11;0009;False;CNES_ST_REGSAUDE_MODE
210320;MA;0004;MA-0004;56;38;0004;False;CNES_ST_REGSAUDE_MODE
210325;MA;0010;MA-0010;20;18;0010;False;CNES_ST_REGSAUDE_MODE
210330;MA;0005;MA-0005;67;51;0005;False;CNES_ST_REGSAUDE_MODE
210340;MA;0018;MA-0018;32;27;0018;False;CNES_ST_REGSAUDE_MODE
210350;MA;0013;MA-0013;45;39;0012|0013|0023;True;CNES_ST_REGSAUDE_MODE
210355;MA;0017;MA-0017;7;4;0017;False;CNES_ST_REGSAUDE_MODE
210360;MA;0005;MA-0005;48;20;0005;False;CNES_ST_REGSAUDE_MODE
210370;MA;0006;MA-0006;33;30;0006;False;CNES_ST_REGSAUDE_MODE
210375;MA;;;12;0;;False;CNES_ST_REGSAUDE_MODE
210380;MA;0014;MA-0014;20;17;0014;False;CNES_ST_REGSAUDE_MODE
210390;MA;0018;MA-0018;13;12;0018;False;CNES_ST_REGSAUDE_MODE
210400;MA;0015;MA-0015;18;10;0015;False;CNES_ST_REGSAUDE_MODE
210405;MA;0011;MA-0011;25;8;0011;False;CNES_ST_REGSAUDE_MODE
210407;MA;0012;MA-0012;7;5;0012;False;CNES_ST_REGSAUDE_MODE
210408;MA;0016;MA-0016;11;6;0016;False;CNES_ST_REGSAUDE_MODE
210409;MA;0012;MA-0012;17;7;0012|0016;True;CNES_ST_REGSAUDE_MODE
210410;MA;0012;MA-0012;11;10;0012;False;CNES_ST_REGSAUDE_MODE
210420;MA;0014;MA-0014;11;10;0014;False;CNES_ST_REGSAUDE_MODE
210430;MA;0009;MA-0009;8;5;0004|0009;True;CNES_ST_REGSAUDE_MODE
210440;MA;0014;MA-0014;15;13;0014|0015;True;CNES_ST_REGSAUDE_MODE
210450;MA;0014;MA-0014;13;13;0014;False;CNES_ST_REGSAUDE_MODE
210455;MA;0011;MA-0011;18;8;0011;False;CNES_ST_REGSAUDE_MODE
210460;MA;0014;MA-0014;13;11;0014;False;CNES_ST_REGSAUDE_MODE
210462;MA;0014;MA-0014;7;6;0014;False;CNES_ST_REGSAUDE_MODE
210465;MA;0009;MA-0009;10;7;0008|0009;True;CNES_ST_REGSAUDE_MODE
210467;MA;0009;MA-0009;22;22;0009;False;CNES_ST_REGSAUDE_MODE
210470;MA;0014;MA-0014;10;7;0014;False;CNES_ST_REGSAUDE_MODE
210480;MA;0016;MA-0016;40;36;0016;False;CNES_ST_REGSAUDE_MODE
210490;MA;0006;MA-0006;21;13;0006|0011;True;CNES_ST_REGSAUDE_MODE
210500;MA;0002;MA-0002;16;12;0002;False;CNES_ST_REGSAUDE_MODE
210510;MA;0002;MA-0002;19;15;0002;False;CNES_ST_REGSAUDE_MODE
210515;MA;2108;MA-2108;12;3;0004|0008|2108;True;CNES_ST_REGSAUDE_MODE
210520;MA;0015;MA-0015;8;6;0015;False;CNES_ST_REGSAUDE_MODE
210530;MA;0011;MA-0011;484;105;0004|0011|0018|6590;True;CNES_ST_REGSAUDE_MODE
210535;MA;0016;MA-0016;14;8;0016;False;CNES_ST_REGSAUDE_MODE
210540;MA;0003;MA-0003;40;32;0003;False;CNES_ST_REGSAUDE_MODE
210542;MA;0010;MA-0010;15;12;0010;False;CNES_ST_REGSAUDE_MODE
210545;MA;0013;MA-0013;10;9;0013;False;CNES_ST_REGSAUDE_MODE
210547;MA;0016;MA-0016;23;5;0016;False;CNES_ST_REGSAUDE_MODE
210550;MA;0011;MA-0011;19;13;0011;False;CNES_ST_REGSAUDE_MODE
210560;MA;0014;MA-0014;18;17;0014;False;CNES_ST_REGSAUDE_MODE
210565;MA;0009;MA-0009;5;4;0009;False;CNES_ST_REGSAUDE_MODE
210570;MA;0015;MA-0015;34;27;0015;False;CNES_ST_REGSAUDE_MODE
210580;MA;0015;MA-0015;8;7;0015;False;CNES_ST_REGSAUDE_MODE
210590;MA;0018;MA-0018;12;8;0017|0018;True;CNES_ST_REGSAUDE_MODE
210592;MA;0013;MA-0013;14;8;0013;False;CNES_ST_REGSAUDE_MODE
210594;MA;0008;MA-0008;9;7;0008;False;CNES_ST_REGSAUDE_MODE
210596;MA;0015;MA-0015;9;6;0015;False;CNES_ST_REGSAUDE_MODE
210598;MA;0011;MA-0011;6;3;0011;False;CNES_ST_REGSAUDE_MODE
210600;MA;0015;MA-0015;18;5;0015;False;CNES_ST_REGSAUDE_MODE
210610;MA;0012;MA-0012;8;2;0012;False;CNES_ST_REGSAUDE_MODE
210620;MA;0009;MA-0009;7;6;0009;False;CNES_ST_REGSAUDE_MODE
210630;MA;0004;MA-0004;11;11;0004;False;CNES_ST_REGSAUDE_MODE
210632;MA;0009;MA-0009;12;7;0009|0021;True;CNES_ST_REGSAUDE_MODE
210635;MA;0017;MA-0017;8;5;0017;False;CNES_ST_REGSAUDE_MODE
210637;MA;0009;MA-0009;9;6;0009|2109;True;CNES_ST_REGSAUDE_MODE
210640;MA;0004;MA-0004;26;26;0004;False;CNES_ST_REGSAUDE_MODE
210650;MA;0007;MA-0007;14;12;0007;False;CNES_ST_REGSAUDE_MODE
210660;MA;0018;MA-0018;22;15;0018;False;CNES_ST_REGSAUDE_MODE
210663;MA;0003;MA-0003;10;5;0003;False;CNES_ST_REGSAUDE_MODE
210667;MA;0004;MA-0004;8;8;0004;False;CNES_ST_REGSAUDE_MODE
210670;MA;0013;MA-0013;16;15;0013;False;CNES_ST_REGSAUDE_MODE
210675;MA;0003;MA-0003;17;6;0003;False;CNES_ST_REGSAUDE_MODE
210680;MA;0006;MA-0006;17;14;0006;False;CNES_ST_REGSAUDE_MODE
210690;MA;2108;MA-2108;17;8;0008|2108;True;CNES_ST_REGSAUDE_MODE
210700;MA;0011;MA-0011;9;6;0011;False;CNES_ST_REGSAUDE_MODE
210710;MA;0002;MA-0002;17;12;0002;False;CNES_ST_REGSAUDE_MODE
210720;MA;0003;MA-0003;13;4;0003;False;CNES_ST_REGSAUDE_MODE
210725;MA;0012;MA-0012;8;7;0012;False;CNES_ST_REGSAUDE_MODE
210730;MA;0013;MA-0013;6;5;0013;False;CNES_ST_REGSAUDE_MODE
210735;MA;0009;MA-0009;9;6;0009;False;CNES_ST_REGSAUDE_MODE
210740;MA;0017;MA-0017;11;9;0017;False;CNES_ST_REGSAUDE_MODE
210745;MA;0007;MA-0007;18;11;0007;False;CNES_ST_REGSAUDE_MODE
210750;MA;0001;MA-0001;45;12;0001;False;CNES_ST_REGSAUDE_MODE
210760;MA;0007;MA-0007;26;22;0002|0006|0007;True;CNES_ST_REGSAUDE_MODE
210770;MA;0013;MA-0013;21;21;0013;False;CNES_ST_REGSAUDE_MODE
210780;MA;0018;MA-0018;21;18;0018;False;CNES_ST_REGSAUDE_MODE
210790;MA;0013;MA-0013;22;18;0010|0013;True;CNES_ST_REGSAUDE_MODE
210800;MA;0013;MA-0013;27;23;0008|0013|0018;True;CNES_ST_REGSAUDE_MODE
210805;MA;0004;MA-0004;11;6;0004|0006;True;CNES_ST_REGSAUDE_MODE
210810;MA;0017;MA-0017;10;3;0015|0017;True;CNES_ST_REGSAUDE_MODE
210820;MA;0015;MA-0015;49;16;0015;False;CNES_ST_REGSAUDE_MODE
210825;MA;0006;MA-0006;17;16;0006|0020;True;CNES_ST_REGSAUDE_MODE
210830;MA;0007;MA-0007;22;22;0007;False;CNES_ST_REGSAUDE_MODE
210840;MA;0006;MA-0006;12;7;0006|0007;True;CNES_ST_REGSAUDE_MODE
210845;MA;2105;MA-2105;12;7;0005|2105;True;CNES_ST_REGSAUDE_MODE
210850;MA;0008;MA-0008;24;19;0008;False;CNES_ST_REGSAUDE_MODE
210860;MA;0006;MA-0006;60;14;0006|0008;True;CNES_ST_REGSAUDE_MODE
210870;MA;0008;MA-0008;16;14;0008;False;CNES_ST_REGSAUDE_MODE
210880;MA;0003;MA-0003;18;11;0003;False;CNES_ST_REGSAUDE_MODE
210890;MA;0015;MA-0015;17;13;0015;False;CNES_ST_REGSAUDE_MODE
210900;MA;0011;MA-0011;28;12;0011;False;CNES_ST_REGSAUDE_MODE
210905;MA;0006;MA-0006;6;6;0006;False;CNES_ST_REGSAUDE_MODE
210910;MA;0014;MA-0014;61;42;0012|0013|0014;True;CNES_ST_REGSAUDE_MODE
210920;MA;0002;MA-0002;8;3;0002;False;CNES_ST_REGSAUDE_MODE
210923;MA;0009;MA-0009;6;2;0004|0009;True;CNES_ST_REGSAUDE_MODE
210927;MA;0006;MA-0006;13;6;0006;False;CNES_ST_REGSAUDE_MODE
210930;MA;0003;MA-0003;7;6;0003;False;CNES_ST_REGSAUDE_MODE
210940;MA;0002;MA-0002;14;4;0002;False;CNES_ST_REGSAUDE_MODE
210945;MA;0001;MA-0001;13;8;0001;False;CNES_ST_REGSAUDE_MODE
210950;MA;0012;MA-0012;12;11;0000|0012;True;CNES_ST_REGSAUDE_MODE
210955;MA;0011;MA-0011;10;5;0011;False;CNES_ST_REGSAUDE_MODE
210960;MA;0009;MA-0009;31;14;0002|0009;True;CNES_ST_REGSAUDE_MODE
210970;MA;0012;MA-0012;7;3;0012;False;CNES_ST_REGSAUDE_MODE
210975;MA;0012;MA-0012;9;3;0012;False;CNES_ST_REGSAUDE_MODE
210980;MA;0006;MA-0006;18;12;0006;False;CNES_ST_REGSAUDE_MODE
210990;MA;0008;MA-0008;75;45;0008|0021|1608;True;CNES_ST_REGSAUDE_MODE
211000;MA;0004;MA-0004;37;32;0004|0008;True;CNES_ST_REGSAUDE_MODE
211003;MA;0009;MA-0009;13;13;0009;False;CNES_ST_REGSAUDE_MODE
211010;MA;0004;MA-0004;17;16;0004;False;CNES_ST_REGSAUDE_MODE
211020;MA;0002;MA-0002;39;36;0002;False;CNES_ST_REGSAUDE_MODE
211023;MA;0004;MA-0004;10;6;0004;False;CNES_ST_REGSAUDE_MODE
211027;MA;0002;MA-0002;12;4;0000|0002;True;CNES_ST_REGSAUDE_MODE
211030;MA;0014;MA-0014;15;12;0014;False;CNES_ST_REGSAUDE_MODE
211040;MA;0003;MA-0003;16;14;0003;False;CNES_ST_REGSAUDE_MODE
211050;MA;0011;MA-0011;27;17;0007|0011;True;CNES_ST_REGSAUDE_MODE
211060;MA;0004;MA-0004;18;14;0004;False;CNES_ST_REGSAUDE_MODE
211065;MA;0013;MA-0013;5;5;0013;False;CNES_ST_REGSAUDE_MODE
211070;MA;0014;MA-0014;26;20;0013|0014;True;CNES_ST_REGSAUDE_MODE
211080;MA;0012;MA-0012;6;5;0012;False;CNES_ST_REGSAUDE_MODE
211085;MA;0010;MA-0010;9;9;0010;False;CNES_ST_REGSAUDE_MODE
211090;MA;0013;MA-0013;15;7;0013;False;CNES_ST_REGSAUDE_MODE
211100;MA;0007;MA-0007;14;13;0007;False;CNES_ST_REGSAUDE_MODE
211102;MA;0008;MA-0008;8;4;0004|0008;True;CNES_ST_REGSAUDE_MODE
211105;MA;0011;MA-0011;10;8;0011;False;CNES_ST_REGSAUDE_MODE
211107;MA;0018;MA-0018;24;12;0018;False;CNES_ST_REGSAUDE_MODE
211110;MA;0013;MA-0013;26;17;0013;False;CNES_ST_REGSAUDE_MODE
211120;MA;0001;MA-0001;72;17;0001;False;CNES_ST_REGSAUDE_MODE
211125;MA;0014;MA-0014;12;11;0006|0014;True;CNES_ST_REGSAUDE_MODE
211130;MA;0001;MA-0001;1327;790;0000|0001|2111|2714;True;CNES_ST_REGSAUDE_MODE
211140;MA;0017;MA-0017;19;13;0017;False;CNES_ST_REGSAUDE_MODE
211150;MA;0005;MA-0005;17;14;0005;False;CNES_ST_REGSAUDE_MODE
211153;MA;0010;MA-0010;10;7;0010;False;CNES_ST_REGSAUDE_MODE
211157;MA;0012;MA-0012;12;5;0012;False;CNES_ST_REGSAUDE_MODE
211160;MA;0012;MA-0012;12;8;0012;False;CNES_ST_REGSAUDE_MODE
211163;MA;0015;MA-0015;8;3;0015;False;CNES_ST_REGSAUDE_MODE
211167;MA;0015;MA-0015;3;3;0015;False;CNES_ST_REGSAUDE_MODE
211170;MA;0007;MA-0007;17;16;0007;False;CNES_ST_REGSAUDE_MODE
211172;MA;0008;MA-0008;10;5;0008|0013;True;CNES_ST_REGSAUDE_MODE
211174;MA;0014;MA-0014;9;6;0014;False;CNES_ST_REGSAUDE_MODE
211176;MA;0011;MA-0011;15;8;0011;False;CNES_ST_REGSAUDE_MODE
211178;MA;0006;MA-0006;11;6;0006;False;CNES_ST_REGSAUDE_MODE
211180;MA;0016;MA-0016;16;10;0016;False;CNES_ST_REGSAUDE_MODE
211190;MA;0013;MA-0013;8;4;0008|0013;True;CNES_ST_REGSAUDE_MODE
211195;MA;0013;MA-0013;8;4;0013;False;CNES_ST_REGSAUDE_MODE
211200;MA;0012;MA-0012;11;3;0012;False;CNES_ST_REGSAUDE_MODE
211210;MA;0005;MA-0005;15;11;0005;False;CNES_ST_REGSAUDE_MODE
211220;MA;0018;MA-0018;98;69;0018;False;CNES_ST_REGSAUDE_MODE
211223;MA;0015;MA-0015;13;11;0001|0015;True;CNES_ST_REGSAUDE_MODE
211227;MA;0008;MA-0008;13;13;0008;False;CNES_ST_REGSAUDE_MODE
211230;MA;0016;MA-0016;36;16;0016;False;CNES_ST_REGSAUDE_MODE
211240;MA;0006;MA-0006;20;3;0006;False;CNES_ST_REGSAUDE_MODE
211245;MA;0006;MA-0006;13;7;0006|0010|0011;True;CNES_ST_REGSAUDE_MODE
211250;MA;0004;MA-0004;30;21;0004;False;CNES_ST_REGSAUDE_MODE
211260;MA;0005;MA-0005;16;5;0003|0005;True;CNES_ST_REGSAUDE_MODE
211270;MA;0003;MA-0003;25;8;0003;False;CNES_ST_REGSAUDE_MODE
211280;MA;0007;MA-0007;39;32;0007|0027;True;CNES_ST_REGSAUDE_MODE
211285;MA;0010;MA-0010;11;9;0010;False;CNES_ST_REGSAUDE_MODE
211290;MA;0007;MA-0007;18;14;0007;False;CNES_ST_REGSAUDE_MODE
211300;MA;0017;MA-0017;25;19;0015|0017;True;CNES_ST_REGSAUDE_MODE
211400;MA;0009;MA-0009;27;19;0009;False;CNES_ST_REGSAUDE_MODE
220005;PI;0017;PI-0017;6;5;0017;False;CNES_ST_REGSAUDE_MODE
220010;PI;0006;PI-0006;10;3;0004|0006;True;CNES_ST_REGSAUDE_MODE
220020;PI;0006;PI-0006;21;10;0006|0010;True;CNES_ST_REGSAUDE_MODE
220025;PI;0016;PI-0016;10;8;0016;False;CNES_ST_REGSAUDE_MODE
220027;PI;0016;PI-0016;6;4;0016;False;CNES_ST_REGSAUDE_MODE
220030;PI;0005;PI-0005;9;8;0005;False;CNES_ST_REGSAUDE_MODE
220040;PI;0004;PI-0004;26;15;0004;False;CNES_ST_REGSAUDE_MODE
220045;PI;0013;PI-0013;6;4;0013;False;CNES_ST_REGSAUDE_MODE
220050;PI;0006;PI-0006;25;2;0006;False;CNES_ST_REGSAUDE_MODE
220060;PI;0006;PI-0006;14;8;0006;False;CNES_ST_REGSAUDE_MODE
220070;PI;0012;PI-0012;6;5;0012|0013;True;CNES_ST_REGSAUDE_MODE
220080;PI;;;4;0;;False;CNES_ST_REGSAUDE_MODE
220090;PI;0007;PI-0007;8;3;0007;False;CNES_ST_REGSAUDE_MODE
220095;PI;0009;PI-0009;7;6;0009;False;CNES_ST_REGSAUDE_MODE
220100;PI;0010;PI-0010;10;1;0010;False;CNES_ST_REGSAUDE_MODE
220105;PI;0005;PI-0005;9;4;0005;False;CNES_ST_REGSAUDE_MODE
220110;PI;0014;PI-0014;12;7;0014;False;CNES_ST_REGSAUDE_MODE
220115;PI;0015;PI-0015;10;4;0015;False;CNES_ST_REGSAUDE_MODE
220117;PI;0007;PI-0007;3;2;0007;False;CNES_ST_REGSAUDE_MODE
220120;PI;0002;PI-0002;47;36;0002;False;CNES_ST_REGSAUDE_MODE
220130;PI;0014;PI-0014;4;2;0014;False;CNES_ST_REGSAUDE_MODE
220140;PI;0006;PI-0006;7;6;0006;False;CNES_ST_REGSAUDE_MODE
220150;PI;0002;PI-0002;26;25;0002;False;CNES_ST_REGSAUDE_MODE
220155;PI;0011;PI-0011;4;3;0011;False;CNES_ST_REGSAUDE_MODE
220157;PI;0016;PI-0016;5;3;0016;False;CNES_ST_REGSAUDE_MODE
220160;PI;0004;PI-0004;17;4;0004;False;CNES_ST_REGSAUDE_MODE
220170;PI;0015;PI-0015;11;6;0015;False;CNES_ST_REGSAUDE_MODE
220173;PI;0017;PI-0017;7;6;0017;False;CNES_ST_REGSAUDE_MODE
220177;PI;0002;PI-0002;5;3;0002;False;CNES_ST_REGSAUDE_MODE
220180;PI;0009;PI-0009;14;7;0009;False;CNES_ST_REGSAUDE_MODE
220190;PI;0013;PI-0013;32;9;0013;False;CNES_ST_REGSAUDE_MODE
220191;PI;0001;PI-0001;8;5;0001;False;CNES_ST_REGSAUDE_MODE
220192;PI;0012;PI-0012;4;3;0012;False;CNES_ST_REGSAUDE_MODE
220194;PI;0005;PI-0005;7;5;0005;False;CNES_ST_REGSAUDE_MODE
220196;PI;0003;PI-0003;9;8;0003;False;CNES_ST_REGSAUDE_MODE
220198;PI;0011;PI-0011;3;1;0010|0011;True;CNES_ST_REGSAUDE_MODE
220200;PI;0001;PI-0001;21;6;0001;False;CNES_ST_REGSAUDE_MODE
220202;PI;0005;PI-0005;8;7;0005;False;CNES_ST_REGSAUDE_MODE
220205;PI;0002;PI-0002;7;6;0002;False;CNES_ST_REGSAUDE_MODE
220207;PI;0008;PI-0008;8;3;0008;False;CNES_ST_REGSAUDE_MODE
220208;PI;0001;PI-0001;6;4;0001;False;CNES_ST_REGSAUDE_MODE
220209;PI;;;5;0;;False;CNES_ST_REGSAUDE_MODE
220210;PI;0008;PI-0008;9;6;0008;False;CNES_ST_REGSAUDE_MODE
220211;PI;0011;PI-0011;6;4;0011;False;CNES_ST_REGSAUDE_MODE
220213;PI;0009;PI-0009;6;2;0009;False;CNES_ST_REGSAUDE_MODE
220217;PI;0002;PI-0002;11;1;0002;False;CNES_ST_REGSAUDE_MODE
220220;PI;0005;PI-0005;67;24;0005;False;CNES_ST_REGSAUDE_MODE
220225;PI;0010;PI-0010;5;3;0010;False;CNES_ST_REGSAUDE_MODE
220230;PI;0011;PI-0011;19;9;0011;False;CNES_ST_REGSAUDE_MODE
220240;PI;0004;PI-0004;10;2;0003|0004;True;CNES_ST_REGSAUDE_MODE
220245;PI;0011;PI-0011;6;3;0011;False;CNES_ST_REGSAUDE_MODE
220250;PI;0012;PI-0012;7;4;0012;False;CNES_ST_REGSAUDE_MODE
220253;PI;0001;PI-0001;8;6;0001;False;CNES_ST_REGSAUDE_MODE
220255;PI;0017;PI-0017;8;5;0017;False;CNES_ST_REGSAUDE_MODE
220260;PI;0005;PI-0005;18;12;0005;False;CNES_ST_REGSAUDE_MODE
220265;PI;0001;PI-0001;6;4;0001;False;CNES_ST_REGSAUDE_MODE
220270;PI;0001;PI-0001;21;10;0001|0003;True;CNES_ST_REGSAUDE_MODE
220271;PI;0005;PI-0005;7;2;0005;False;CNES_ST_REGSAUDE_MODE
220272;PI;0001;PI-0001;4;4;0001;False;CNES_ST_REGSAUDE_MODE
220273;PI;0005;PI-0005;4;2;0005;False;CNES_ST_REGSAUDE_MODE
220275;PI;0010;PI-0010;3;3;0010;False;CNES_ST_REGSAUDE_MODE
220277;PI;0008;PI-0008;7;4;0008;False;CNES_ST_REGSAUDE_MODE
220280;PI;0017;PI-0017;6;4;0017;False;CNES_ST_REGSAUDE_MODE
220285;PI;0012;PI-0012;5;2;0012;False;CNES_ST_REGSAUDE_MODE
220290;PI;0014;PI-0014;42;18;0014;False;CNES_ST_REGSAUDE_MODE
220300;PI;0014;PI-0014;11;10;0014;False;CNES_ST_REGSAUDE_MODE
220310;PI;0013;PI-0013;12;8;0013|0022;True;CNES_ST_REGSAUDE_MODE
220320;PI;0014;PI-0014;15;12;0014;False;CNES_ST_REGSAUDE_MODE
220323;PI;0013;PI-0013;6;3;0013;False;CNES_ST_REGSAUDE_MODE
220325;PI;0004;PI-0004;3;1;0004;False;CNES_ST_REGSAUDE_MODE
220327;PI;0017;PI-0017;5;3;0017;False;CNES_ST_REGSAUDE_MODE
220330;PI;0004;PI-0004;13;3;0004;False;CNES_ST_REGSAUDE_MODE
220335;PI;0012;PI-0012;7;1;0012;False;CNES_ST_REGSAUDE_MODE
220340;PI;0009;PI-0009;9;7;0009;False;CNES_ST_REGSAUDE_MODE
220342;PI;0003;PI-0003;4;2;0003;False;CNES_ST_REGSAUDE_MODE
220345;PI;0012;PI-0012;8;3;0012;False;CNES_ST_REGSAUDE_MODE
220350;PI;0007;PI-0007;19;10;0007;False;CNES_ST_REGSAUDE_MODE
220360;PI;0010;PI-0010;7;4;0010;False;CNES_ST_REGSAUDE_MODE
220370;PI;0002;PI-0002;35;16;0002;False;CNES_ST_REGSAUDE_MODE
220375;PI;;;4;0;;False;CNES_ST_REGSAUDE_MODE
220380;PI;0010;PI-0010;8;2;0010;False;CNES_ST_REGSAUDE_MODE
220385;PI;;;5;0;;False;CNES_ST_REGSAUDE_MODE
220390;PI;0010;PI-0010;128;84;0010;False;CNES_ST_REGSAUDE_MODE
220400;PI;0007;PI-0007;8;6;0007;False;CNES_ST_REGSAUDE_MODE
220410;PI;0010;PI-0010;9;4;0006|0010;True;CNES_ST_REGSAUDE_MODE
220415;PI;0016;PI-0016;4;3;0016;False;CNES_ST_REGSAUDE_MODE
220420;PI;0009;PI-0009;12;1;0009;False;CNES_ST_REGSAUDE_MODE
220430;PI;0016;PI-0016;13;11;0016;False;CNES_ST_REGSAUDE_MODE
220435;PI;0009;PI-0009;9;7;0009;False;CNES_ST_REGSAUDE_MODE
220440;PI;0014;PI-0014;14;9;0014;False;CNES_ST_REGSAUDE_MODE
220450;PI;0010;PI-0010;17;7;0010;False;CNES_ST_REGSAUDE_MODE
220455;PI;0012;PI-0012;4;2;0012;False;CNES_ST_REGSAUDE_MODE
220460;PI;0006;PI-0006;9;2;0006;False;CNES_ST_REGSAUDE_MODE
220465;PI;0001;PI-0001;11;9;0001;False;CNES_ST_REGSAUDE_MODE
220470;PI;0007;PI-0007;19;13;0007;False;CNES_ST_REGSAUDE_MODE
220480;PI;0009;PI-0009;18;10;0009;False;CNES_ST_REGSAUDE_MODE
220490;PI;0008;PI-0008;10;6;0008;False;CNES_ST_REGSAUDE_MODE
220500;PI;0009;PI-0009;12;1;0009;False;CNES_ST_REGSAUDE_MODE
220510;PI;0010;PI-0010;11;7;0010;False;CNES_ST_REGSAUDE_MODE
220515;PI;0017;PI-0017;7;4;0017;False;CNES_ST_REGSAUDE_MODE
220520;PI;0009;PI-0009;15;9;0009;False;CNES_ST_REGSAUDE_MODE
220525;PI;0006;PI-0006;10;7;0006;False;CNES_ST_REGSAUDE_MODE
220527;PI;0005;PI-0005;8;6;0005;False;CNES_ST_REGSAUDE_MODE
220530;PI;0010;PI-0010;8;5;0010;False;CNES_ST_REGSAUDE_MODE
220535;PI;0011;PI-0011;7;7;0011;False;CNES_ST_REGSAUDE_MODE
220540;PI;0002;PI-0002;9;9;0002;False;CNES_ST_REGSAUDE_MODE
220545;PI;0002;PI-0002;7;3;0002;False;CNES_ST_REGSAUDE_MODE
220550;PI;0004;PI-0004;34;22;0004;False;CNES_ST_REGSAUDE_MODE
220551;PI;0005;PI-0005;6;3;0005;False;CNES_ST_REGSAUDE_MODE
220552;PI;0014;PI-0014;9;8;0014;False;CNES_ST_REGSAUDE_MODE
220553;PI;0012;PI-0012;7;7;0012;False;CNES_ST_REGSAUDE_MODE
220554;PI;0006;PI-0006;7;4;0006;False;CNES_ST_REGSAUDE_MODE
220555;PI;0004;PI-0004;7;2;0004;False;CNES_ST_REGSAUDE_MODE
220556;PI;0011;PI-0011;11;6;0011|0012;True;CNES_ST_REGSAUDE_MODE
220557;PI;0003;PI-0003;7;4;0003;False;CNES_ST_REGSAUDE_MODE
220558;PI;0004;PI-0004;5;3;0004;False;CNES_ST_REGSAUDE_MODE
220559;PI;0007;PI-0007;13;10;0007;False;CNES_ST_REGSAUDE_MODE
220560;PI;0010;PI-0010;8;7;0010;False;CNES_ST_REGSAUDE_MODE
220570;PI;0001;PI-0001;25;14;0001;False;CNES_ST_REGSAUDE_MODE
220580;PI;0002;PI-0002;20;12;0002;False;CNES_ST_REGSAUDE_MODE
220585;PI;0002;PI-0002;7;1;0002;False;CNES_ST_REGSAUDE_MODE
220590;PI;0010;PI-0010;11;10;0010;False;CNES_ST_REGSAUDE_MODE
220595;PI;0016;PI-0016;9;6;0016;False;CNES_ST_REGSAUDE_MODE
220600;PI;0010;PI-0010;5;4;0010;False;CNES_ST_REGSAUDE_MODE
220605;PI;0009;PI-0009;10;3;0009;False;CNES_ST_REGSAUDE_MODE
220610;PI;0002;PI-0002;8;7;0002;False;CNES_ST_REGSAUDE_MODE
220620;PI;0004;PI-0004;28;11;0004;False;CNES_ST_REGSAUDE_MODE
220630;PI;0006;PI-0006;4;1;0006;False;CNES_ST_REGSAUDE_MODE
220635;PI;0003;PI-0003;8;7;0003;False;CNES_ST_REGSAUDE_MODE
220640;PI;0004;PI-0004;15;6;0004;False;CNES_ST_REGSAUDE_MODE
220650;PI;0009;PI-0009;11;2;0009;False;CNES_ST_REGSAUDE_MODE
220660;PI;0014;PI-0014;10;4;0014;False;CNES_ST_REGSAUDE_MODE
220665;PI;0014;PI-0014;6;5;0014;False;CNES_ST_REGSAUDE_MODE
220667;PI;0002;PI-0002;8;3;0002;False;CNES_ST_REGSAUDE_MODE
220669;PI;0001;PI-0001;6;4;0001;False;CNES_ST_REGSAUDE_MODE
220670;PI;0010;PI-0010;14;8;0010;False;CNES_ST_REGSAUDE_MODE
220672;PI;;;8;0;;False;CNES_ST_REGSAUDE_MODE
220675;PI;0005;PI-0005;5;4;0005;False;CNES_ST_REGSAUDE_MODE
220680;PI;0002;PI-0002;9;4;0002;False;CNES_ST_REGSAUDE_MODE
220690;PI;0007;PI-0007;12;10;0007;False;CNES_ST_REGSAUDE_MODE
220695;PI;0005;PI-0005;9;1;0005;False;CNES_ST_REGSAUDE_MODE
220700;PI;0008;PI-0008;66;43;0008;False;CNES_ST_REGSAUDE_MODE
220710;PI;0006;PI-0006;6;6;0006;False;CNES_ST_REGSAUDE_MODE
220720;PI;0016;PI-0016;11;9;0016;False;CNES_ST_REGSAUDE_MODE
220730;PI;0011;PI-0011;4;3;0011;False;CNES_ST_REGSAUDE_MODE
220735;PI;0010;PI-0010;8;8;0010;False;CNES_ST_REGSAUDE_MODE
220740;PI;0013;PI-0013;11;6;0013;False;CNES_ST_REGSAUDE_MODE
220750;PI;0006;PI-0006;15;4;0004|0006;True;CNES_ST_REGSAUDE_MODE
220755;PI;0009;PI-0009;7;6;0009;False;CNES_ST_REGSAUDE_MODE
220760;PI;0014;PI-0014;13;11;0014;False;CNES_ST_REGSAUDE_MODE
220770;PI;0001;PI-0001;190;59;0001;False;CNES_ST_REGSAUDE_MODE
220775;PI;0006;PI-0006;3;3;0006;False;CNES_ST_REGSAUDE_MODE
220777;PI;0017;PI-0017;5;4;0017;False;CNES_ST_REGSAUDE_MODE
220779;PI;0004;PI-0004;9;1;0004;False;CNES_ST_REGSAUDE_MODE
220780;PI;0017;PI-0017;37;24;0017;False;CNES_ST_REGSAUDE_MODE
220785;PI;0010;PI-0010;4;1;0010;False;CNES_ST_REGSAUDE_MODE
220790;PI;0003;PI-0003;35;19;0003;False;CNES_ST_REGSAUDE_MODE
220793;PI;0011;PI-0011;5;3;0011;False;CNES_ST_REGSAUDE_MODE
220795;PI;0011;PI-0011;4;2;0011;False;CNES_ST_REGSAUDE_MODE
220800;PI;0009;PI-0009;328;123;0009;False;CNES_ST_REGSAUDE_MODE
220810;PI;0007;PI-0007;15;10;0007;False;CNES_ST_REGSAUDE_MODE
220820;PI;0016;PI-0016;14;2;0016;False;CNES_ST_REGSAUDE_MODE
220830;PI;0003;PI-0003;27;18;0003;False;CNES_ST_REGSAUDE_MODE
220840;PI;0003;PI-0003;87;21;0003;False;CNES_ST_REGSAUDE_MODE
220850;PI;0002;PI-0002;11;7;0002;False;CNES_ST_REGSAUDE_MODE
220855;PI;;;4;0;;False;CNES_ST_REGSAUDE_MODE
220860;PI;0007;PI-0007;5;3;0007|0015;True;CNES_ST_REGSAUDE_MODE
220865;PI;0017;PI-0017;10;5;0017;False;CNES_ST_REGSAUDE_MODE
220870;PI;0013;PI-0013;10;9;0013;False;CNES_ST_REGSAUDE_MODE
220880;PI;0006;PI-0006;16;11;0006;False;CNES_ST_REGSAUDE_MODE
220885;PI;0014;PI-0014;7;5;0014;False;CNES_ST_REGSAUDE_MODE
220887;PI;0011;PI-0011;6;6;0011;False;CNES_ST_REGSAUDE_MODE
220890;PI;0015;PI-0015;9;5;0015;False;CNES_ST_REGSAUDE_MODE
220900;PI;0010;PI-0010;11;1;0010;False;CNES_ST_REGSAUDE_MODE
220910;PI;0009;PI-0009;11;7;0009;False;CNES_ST_REGSAUDE_MODE
220915;PI;0007;PI-0007;6;3;0007;False;CNES_ST_REGSAUDE_MODE
220920;PI;0014;PI-0014;6;4;0014;False;CNES_ST_REGSAUDE_MODE
220930;PI;0013;PI-0013;8;8;0013;False;CNES_ST_REGSAUDE_MODE
220935;PI;0009;PI-0009;6;5;0009;False;CNES_ST_REGSAUDE_MODE
220937;PI;0008;PI-0008;7;4;0008;False;CNES_ST_REGSAUDE_MODE
220940;PI;0009;PI-0009;10;6;0009;False;CNES_ST_REGSAUDE_MODE
220945;PI;0006;PI-0006;7;3;0006;False;CNES_ST_REGSAUDE_MODE
220950;PI;0087;PI-0087;7;1;0008|0087;True;CNES_ST_REGSAUDE_MODE
220955;PI;0012;PI-0012;5;3;0012;False;CNES_ST_REGSAUDE_MODE
220960;PI;0007;PI-0007;6;1;0007;False;CNES_ST_REGSAUDE_MODE
220965;PI;0017;PI-0017;7;2;0011|0017;True;CNES_ST_REGSAUDE_MODE
220970;PI;0010;PI-0010;10;9;0010;False;CNES_ST_REGSAUDE_MODE
220975;PI;;;3;0;;False;CNES_ST_REGSAUDE_MODE
220980;PI;0006;PI-0006;6;3;0006;False;CNES_ST_REGSAUDE_MODE
220985;PI;0009;PI-0009;6;2;0009;False;CNES_ST_REGSAUDE_MODE
220987;PI;0003;PI-0003;5;3;0003;False;CNES_ST_REGSAUDE_MODE
220990;PI;0005;PI-0005;7;1;0005;False;CNES_ST_REGSAUDE_MODE
220995;PI;0008;PI-0008;9;3;0008;False;CNES_ST_REGSAUDE_MODE
220997;PI;0002;PI-0002;11;3;0002;False;CNES_ST_REGSAUDE_MODE
221000;PI;0011;PI-0011;22;14;0011;False;CNES_ST_REGSAUDE_MODE
221005;PI;0003;PI-0003;9;3;0003;False;CNES_ST_REGSAUDE_MODE
221010;PI;0008;PI-0008;7;3;0008;False;CNES_ST_REGSAUDE_MODE
221020;PI;0009;PI-0009;10;7;0009;False;CNES_ST_REGSAUDE_MODE
221030;PI;0016;PI-0016;6;5;0016;False;CNES_ST_REGSAUDE_MODE
221035;PI;0012;PI-0012;9;1;0012;False;CNES_ST_REGSAUDE_MODE
221037;PI;0009;PI-0009;7;3;0009;False;CNES_ST_REGSAUDE_MODE
221038;PI;0007;PI-0007;3;1;0007;False;CNES_ST_REGSAUDE_MODE
221039;PI;0008;PI-0008;5;5;0008;False;CNES_ST_REGSAUDE_MODE
221040;PI;0005;PI-0005;32;7;0005;False;CNES_ST_REGSAUDE_MODE
221050;PI;0006;PI-0006;20;10;0006;False;CNES_ST_REGSAUDE_MODE
221060;PI;0012;PI-0012;40;19;0012;False;CNES_ST_REGSAUDE_MODE
221062;PI;0014;PI-0014;9;4;0014;False;CNES_ST_REGSAUDE_MODE
221063;PI;0015;PI-0015;8;3;0015;False;CNES_ST_REGSAUDE_MODE
221065;PI;0005;PI-0005;7;6;0005;False;CNES_ST_REGSAUDE_MODE
221070;PI;0016;PI-0016;18;11;0016;False;CNES_ST_REGSAUDE_MODE
221080;PI;0011;PI-0011;25;13;0011;False;CNES_ST_REGSAUDE_MODE
221090;PI;0011;PI-0011;8;7;0010|0011;True;CNES_ST_REGSAUDE_MODE
221093;PI;0009;PI-0009;7;2;0009;False;CNES_ST_REGSAUDE_MODE
221095;PI;0011;PI-0011;5;2;0011;False;CNES_ST_REGSAUDE_MODE
221097;PI;0008;PI-0008;7;2;0008;False;CNES_ST_REGSAUDE_MODE
221100;PI;0004;PI-0004;453;95;0004|0022|0059;True;CNES_ST_REGSAUDE_MODE
221110;PI;0004;PI-0004;34;25;0004;False;CNES_ST_REGSAUDE_MODE
221120;PI;0015;PI-0015;29;11;0015;False;CNES_ST_REGSAUDE_MODE
221130;PI;0007;PI-0007;43;28;0007;False;CNES_ST_REGSAUDE_MODE
221135;PI;0012;PI-0012;3;3;0012;False;CNES_ST_REGSAUDE_MODE
221140;PI;0007;PI-0007;6;4;0007;False;CNES_ST_REGSAUDE_MODE
221150;PI;0009;PI-0009;6;1;0009;False;CNES_ST_REGSAUDE_MODE
221160;PI;0016;PI-0016;8;2;0009|0016;True;CNES_ST_REGSAUDE_MODE
221170;PI;0009;PI-0009;10;9;0009;False;CNES_ST_REGSAUDE_MODE
230010;CE;0019;CE-0019;12;7;0019;False;CNES_ST_REGSAUDE_MODE
230015;CE;0003;CE-0003;19;16;0003;False;CNES_ST_REGSAUDE_MODE
230020;CE;0012;CE-0012;54;24;0012;False;CNES_ST_REGSAUDE_MODE
230030;CE;0018;CE-0018;38;34;0018;False;CNES_ST_REGSAUDE_MODE
230040;CE;0014;CE-0014;13;9;0014;False;CNES_ST_REGSAUDE_MODE
230050;CE;0011;CE-0011;13;5;0011;False;CNES_ST_REGSAUDE_MODE
230060;CE;0020;CE-0020;9;5;0020;False;CNES_ST_REGSAUDE_MODE
230070;CE;0010;CE-0010;37;9;0010;False;CNES_ST_REGSAUDE_MODE
230075;CE;0006;CE-0006;18;15;0006;False;CNES_ST_REGSAUDE_MODE
230080;CE;0020;CE-0020;9;5;0020;False;CNES_ST_REGSAUDE_MODE
230090;CE;0002;CE-0002;11;8;0002;False;CNES_ST_REGSAUDE_MODE
230100;CE;0001;CE-0001;60;19;0001|0007;True;CNES_ST_REGSAUDE_MODE
230110;CE;0007;CE-0007;86;33;0007;False;CNES_ST_REGSAUDE_MODE
230120;CE;0004;CE-0004;29;24;0004;False;CNES_ST_REGSAUDE_MODE
230125;CE;0015;CE-0015;12;7;0015;False;CNES_ST_REGSAUDE_MODE
230130;CE;0020;CE-0020;21;11;0020|0021;True;CNES_ST_REGSAUDE_MODE
230140;CE;0004;CE-0004;13;12;0004;False;CNES_ST_REGSAUDE_MODE
230150;CE;0014;CE-0014;9;6;0014;False;CNES_ST_REGSAUDE_MODE
230160;CE;0020;CE-0020;25;15;0020;False;CNES_ST_REGSAUDE_MODE
230170;CE;0019;CE-0019;25;17;0019|0020;True;CNES_ST_REGSAUDE_MODE
230180;CE;0017;CE-0017;7;6;0017;False;CNES_ST_REGSAUDE_MODE
230185;CE;0008;CE-0008;20;8;0008|0010;True;CNES_ST_REGSAUDE_MODE
230190;CE;0021;CE-0021;92;81;0021;False;CNES_ST_REGSAUDE_MODE
230195;CE;0003;CE-0003;19;14;0003;False;CNES_ST_REGSAUDE_MODE
230200;CE;0019;CE-0019;23;18;0018|0019;True;CNES_ST_REGSAUDE_MODE
230205;CE;0016;CE-0016;14;6;0016;False;CNES_ST_REGSAUDE_MODE
230210;CE;0004;CE-0004;51;22;0004;False;CNES_ST_REGSAUDE_MODE
230220;CE;0007;CE-0007;27;13;0007;False;CNES_ST_REGSAUDE_MODE
230230;CE;0012;CE-0012;33;21;0012;False;CNES_ST_REGSAUDE_MODE
230240;CE;0005;CE-0005;39;14;0005;False;CNES_ST_REGSAUDE_MODE
230250;CE;0019;CE-0019;97;10;0019;False;CNES_ST_REGSAUDE_MODE
230260;CE;0016;CE-0016;54;25;0012|0016;True;CNES_ST_REGSAUDE_MODE
230270;CE;0020;CE-0020;33;21;0020;False;CNES_ST_REGSAUDE_MODE
230280;CE;0005;CE-0005;56;6;0005;False;CNES_ST_REGSAUDE_MODE
230290;CE;0004;CE-0004;19;13;0004;False;CNES_ST_REGSAUDE_MODE
230300;CE;0005;CE-0005;14;7;0005|0007;True;CNES_ST_REGSAUDE_MODE
230310;CE;0011;CE-0011;19;14;0011;False;CNES_ST_REGSAUDE_MODE
230320;CE;0021;CE-0021;25;21;0021;False;CNES_ST_REGSAUDE_MODE
230330;CE;0018;CE-0018;21;15;0018;False;CNES_ST_REGSAUDE_MODE
230340;CE;0013;CE-0013;36;14;0013;False;CNES_ST_REGSAUDE_MODE
230350;CE;0001;CE-0001;45;19;0001|0020|0022;True;CNES_ST_REGSAUDE_MODE
230360;CE;0018;CE-0018;19;11;0018;False;CNES_ST_REGSAUDE_MODE
230365;CE;0011;CE-0011;10;4;0011;False;CNES_ST_REGSAUDE_MODE
230370;CE;0002;CE-0002;188;76;0002;False;CNES_ST_REGSAUDE_MODE
230380;CE;0017;CE-0017;26;22;0017;False;CNES_ST_REGSAUDE_MODE
230390;CE;0016;CE-0016;14;10;0011|0016;True;CNES_ST_REGSAUDE_MODE
230393;CE;0008;CE-0008;16;6;0008;False;CNES_ST_REGSAUDE_MODE
230395;CE;0001;CE-0001;22;20;0001;False;CNES_ST_REGSAUDE_MODE
230400;CE;0011;CE-0011;19;17;0011;False;CNES_ST_REGSAUDE_MODE
230410;CE;0015;CE-0015;85;21;0015;False;CNES_ST_REGSAUDE_MODE
230420;CE;0020;CE-0020;217;136;0020;False;CNES_ST_REGSAUDE_MODE
230423;CE;0013;CE-0013;20;11;0013;False;CNES_ST_REGSAUDE_MODE
230425;CE;0012;CE-0012;24;24;0012;False;CNES_ST_REGSAUDE_MODE
230426;CE;0018;CE-0018;17;12;0018;False;CNES_ST_REGSAUDE_MODE
230427;CE;0010;CE-0010;6;6;0010;False;CNES_ST_REGSAUDE_MODE
230428;CE;0001;CE-0001;88;24;0001;False;CNES_ST_REGSAUDE_MODE
230430;CE;0020;CE-0020;36;24;0020|0023;True;CNES_ST_REGSAUDE_MODE
230435;CE;0011;CE-0011;23;9;0011;False;CNES_ST_REGSAUDE_MODE
230440;CE;0001;CE-0001;6211;509;0001|0002|0005|0006;True;CNES_ST_REGSAUDE_MODE
230445;CE;0007;CE-0007;13;2;0007;False;CNES_ST_REGSAUDE_MODE
230450;CE;0011;CE-0011;12;11;0011;False;CNES_ST_REGSAUDE_MODE
230460;CE;0002;CE-0002;13;5;0001|0002;True;CNES_ST_REGSAUDE_MODE
230465;CE;0011;CE-0011;16;10;0011;False;CNES_ST_REGSAUDE_MODE
230470;CE;0016;CE-0016;34;28;0011|0016;True;CNES_ST_REGSAUDE_MODE
230480;CE;0021;CE-0021;8;6;0021;False;CNES_ST_REGSAUDE_MODE
230490;CE;0011;CE-0011;12;7;0011;False;CNES_ST_REGSAUDE_MODE
230495;CE;0003;CE-0003;18;4;0003;False;CNES_ST_REGSAUDE_MODE
230500;CE;0013;CE-0013;41;17;0013;False;CNES_ST_REGSAUDE_MODE
230510;CE;0004;CE-0004;8;4;0004;False;CNES_ST_REGSAUDE_MODE
230520;CE;0011;CE-0011;15;9;0011;False;CNES_ST_REGSAUDE_MODE
230523;CE;0001;CE-0001;45;20;0001;False;CNES_ST_REGSAUDE_MODE
230526;CE;0008;CE-0008;17;5;0008;False;CNES_ST_REGSAUDE_MODE
230530;CE;0013;CE-0013;29;12;0013;False;CNES_ST_REGSAUDE_MODE
230533;CE;0009;CE-0009;13;4;0008|0009|0011;True;CNES_ST_REGSAUDE_MODE
230535;CE;0007;CE-0007;15;13;0007;False;CNES_ST_REGSAUDE_MODE
230540;CE;0017;CE-0017;71;40;0017;False;CNES_ST_REGSAUDE_MODE
230550;CE;0018;CE-0018;138;41;0018;False;CNES_ST_REGSAUDE_MODE
230560;CE;0015;CE-0015;35;5;0015;False;CNES_ST_REGSAUDE_MODE
230565;CE;0015;CE-0015;15;7;0015|2315;True;CNES_ST_REGSAUDE_MODE
230570;CE;0017;CE-0017;8;5;0017;False;CNES_ST_REGSAUDE_MODE
230580;CE;0011;CE-0011;42;18;0011;False;CNES_ST_REGSAUDE_MODE
230590;CE;0015;CE-0015;22;14;0011|0015;True;CNES_ST_REGSAUDE_MODE
230600;CE;0010;CE-0010;16;9;0010;False;CNES_ST_REGSAUDE_MODE
230610;CE;0011;CE-0011;21;18;0011;False;CNES_ST_REGSAUDE_MODE
230620;CE;0007;CE-0007;9;6;0007;False;CNES_ST_REGSAUDE_MODE
230625;CE;0001;CE-0001;31;11;0001;False;CNES_ST_REGSAUDE_MODE
230630;CE;0002;CE-0002;44;24;0002;False;CNES_ST_REGSAUDE_MODE
230640;CE;0006;CE-0006;137;91;0001|0006;True;CNES_ST_REGSAUDE_MODE
230650;CE;0004;CE-0004;12;9;0004;False;CNES_ST_REGSAUDE_MODE
230655;CE;0012;CE-0012;30;19;0012;False;CNES_ST_REGSAUDE_MODE
230660;CE;0005;CE-0005;20;17;0005;False;CNES_ST_REGSAUDE_MODE
230670;CE;0009;CE-0009;18;13;0009;False;CNES_ST_REGSAUDE_MODE
230680;CE;0010;CE-0010;14;12;0010;False;CNES_ST_REGSAUDE_MODE
230690;CE;0010;CE-0010;49;32;0010;False;CNES_ST_REGSAUDE_MODE
230700;CE;0009;CE-0009;28;11;0009;False;CNES_ST_REGSAUDE_MODE
230710;CE;0021;CE-0021;20;16;0020|0021;True;CNES_ST_REGSAUDE_MODE
230720;CE;0019;CE-0019;17;12;0019;False;CNES_ST_REGSAUDE_MODE
230725;CE;0012;CE-0012;23;5;0012;False;CNES_ST_REGSAUDE_MODE
230730;CE;0021;CE-0021;507;299;0021;False;CNES_ST_REGSAUDE_MODE
230740;CE;0018;CE-0018;19;12;0018;False;CNES_ST_REGSAUDE_MODE
230750;CE;0017;CE-0017;28;14;0017|0175;True;CNES_ST_REGSAUDE_MODE
230760;CE;0010;CE-0010;135;29;0010;False;CNES_ST_REGSAUDE_MODE
230763;CE;0005;CE-0005;14;10;0001|0005;True;CNES_ST_REGSAUDE_MODE
230765;CE;2301;CE-2301;126;40;0003|0677|2301;True;CNES_ST_REGSAUDE_MODE
230770;CE;0003;CE-0003;74;25;0003;False;CNES_ST_REGSAUDE_MODE
230780;CE;0012;CE-0012;21;4;0012;False;CNES_ST_REGSAUDE_MODE
230790;CE;0016;CE-0016;9;7;0016;False;CNES_ST_REGSAUDE_MODE
230800;CE;0011;CE-0011;19;18;0011|0023;True;CNES_ST_REGSAUDE_MODE
230810;CE;0019;CE-0019;54;40;0019;False;CNES_ST_REGSAUDE_MODE
230820;CE;0011;CE-0011;18;17;0011;False;CNES_ST_REGSAUDE_MODE
230830;CE;0019;CE-0019;40;21;0019;False;CNES_ST_REGSAUDE_MODE
230835;CE;0008;CE-0008;17;12;0008;False;CNES_ST_REGSAUDE_MODE
230837;CE;0006;CE-0006;13;9;0006|0011;True;CNES_ST_REGSAUDE_MODE
230840;CE;0021;CE-0021;32;25;0021;False;CNES_ST_REGSAUDE_MODE
230850;CE;0018;CE-0018;30;15;0008|0018;True;CNES_ST_REGSAUDE_MODE
230860;CE;0015;CE-0015;21;5;0015;False;CNES_ST_REGSAUDE_MODE
230870;CE;0009;CE-0009;55;28;0009|0010;True;CNES_ST_REGSAUDE_MODE
230880;CE;0011;CE-0011;10;10;0011;False;CNES_ST_REGSAUDE_MODE
230890;CE;0012;CE-0012;17;12;0012;False;CNES_ST_REGSAUDE_MODE
230900;CE;0011;CE-0011;13;8;0011;False;CNES_ST_REGSAUDE_MODE
230910;CE;0004;CE-0004;11;5;0004;False;CNES_ST_REGSAUDE_MODE
230920;CE;0020;CE-0020;16;7;0020;False;CNES_ST_REGSAUDE_MODE
230930;CE;0015;CE-0015;19;12;0015;False;CNES_ST_REGSAUDE_MODE
230940;CE;0015;CE-0015;27;10;0015;False;CNES_ST_REGSAUDE_MODE
230945;CE;0001;CE-0001;34;30;0001;False;CNES_ST_REGSAUDE_MODE
230950;CE;0017;CE-0017;31;23;0017;False;CNES_ST_REGSAUDE_MODE
230960;CE;0001;CE-0001;59;27;0001;False;CNES_ST_REGSAUDE_MODE
230970;CE;0003;CE-0003;31;16;0003;False;CNES_ST_REGSAUDE_MODE
230980;CE;0004;CE-0004;15;10;0004;False;CNES_ST_REGSAUDE_MODE
230990;CE;0011;CE-0011;10;5;0011;False;CNES_ST_REGSAUDE_MODE
231000;CE;0009;CE-0009;9;4;0009;False;CNES_ST_REGSAUDE_MODE
231010;CE;0003;CE-0003;9;7;0003;False;CNES_ST_REGSAUDE_MODE
231020;CE;0002;CE-0002;30;13;0002;False;CNES_ST_REGSAUDE_MODE
231025;CE;0002;CE-0002;27;18;0002;False;CNES_ST_REGSAUDE_MODE
231030;CE;0014;CE-0014;31;12;0006|0014;True;CNES_ST_REGSAUDE_MODE
231040;CE;0001;CE-0001;10;8;0001|0005;True;CNES_ST_REGSAUDE_MODE
231050;CE;0008;CE-0008;43;20;0008;False;CNES_ST_REGSAUDE_MODE
231060;CE;0019;CE-0019;18;12;0019|0021;True;CNES_ST_REGSAUDE_MODE
231070;CE;0002;CE-0002;28;16;0001|0002;True;CNES_ST_REGSAUDE_MODE
231080;CE;0010;CE-0010;16;13;0010;False;CNES_ST_REGSAUDE_MODE
231085;CE;0001;CE-0001;20;7;0001|0004|0022;True;CNES_ST_REGSAUDE_MODE
231090;CE;0018;CE-0018;14;11;0018;False;CNES_ST_REGSAUDE_MODE
231095;CE;0011;CE-0011;9;3;0011;False;CNES_ST_REGSAUDE_MODE
231100;CE;0015;CE-0015;12;11;0015;False;CNES_ST_REGSAUDE_MODE
231110;CE;0019;CE-0019;16;7;0019;False;CNES_ST_REGSAUDE_MODE
231120;CE;0020;CE-0020;14;12;0020;False;CNES_ST_REGSAUDE_MODE
231123;CE;0010;CE-0010;7;6;0010;False;CNES_ST_REGSAUDE_MODE
231126;CE;0015;CE-0015;44;10;0015;False;CNES_ST_REGSAUDE_MODE
231130;CE;0008;CE-0008;133;80;0008;False;CNES_ST_REGSAUDE_MODE
231135;CE;0018;CE-0018;20;18;0017|0018;True;CNES_ST_REGSAUDE_MODE
231140;CE;0008;CE-0008;69;10;0008;False;CNES_ST_REGSAUDE_MODE
231150;CE;0010;CE-0010;18;8;0010;False;CNES_ST_REGSAUDE_MODE
231160;CE;0003;CE-0003;36;29;0003;False;CNES_ST_REGSAUDE_MODE
231170;CE;0011;CE-0011;16;14;0011|0012;True;CNES_ST_REGSAUDE_MODE
231180;CE;0009;CE-0009;85;45;0001|0009;True;CNES_ST_REGSAUDE_MODE
231190;CE;0018;CE-0018;15;9;0018;False;CNES_ST_REGSAUDE_MODE
231195;CE;0020;CE-0020;23;8;0020;False;CNES_ST_REGSAUDE_MODE
231200;CE;0011;CE-0011;19;7;0011;False;CNES_ST_REGSAUDE_MODE
231210;CE;0020;CE-0020;15;10;0020;False;CNES_ST_REGSAUDE_MODE
231220;CE;0011;CE-0011;28;18;0011;False;CNES_ST_REGSAUDE_MODE
231230;CE;0013;CE-0013;55;11;0013;False;CNES_ST_REGSAUDE_MODE
231240;CE;0002;CE-0002;45;29;0002;False;CNES_ST_REGSAUDE_MODE
231250;CE;0010;CE-0010;6;6;0010;False;CNES_ST_REGSAUDE_MODE
231260;CE;0002;CE-0002;14;7;0002;False;CNES_ST_REGSAUDE_MODE
231270;CE;0008;CE-0008;30;26;0008;False;CNES_ST_REGSAUDE_MODE
231280;CE;0011;CE-0011;7;7;0011;False;CNES_ST_REGSAUDE_MODE
231290;CE;0011;CE-0011;315;112;0003|0010|0011;True;CNES_ST_REGSAUDE_MODE
231300;CE;0008;CE-0008;25;24;0008;False;CNES_ST_REGSAUDE_MODE
231310;CE;0010;CE-0010;28;17;0010;False;CNES_ST_REGSAUDE_MODE
231320;CE;0015;CE-0015;21;12;0000|0011|0015|2315;True;CNES_ST_REGSAUDE_MODE
231325;CE;0020;CE-0020;6;2;0020;False;CNES_ST_REGSAUDE_MODE
231330;CE;0014;CE-0014;73;55;0014;False;CNES_ST_REGSAUDE_MODE
231335;CE;0002;CE-0002;23;11;0002;False;CNES_ST_REGSAUDE_MODE
231340;CE;0013;CE-0013;59;30;0013;False;CNES_ST_REGSAUDE_MODE
231350;CE;0006;CE-0006;30;28;0006;False;CNES_ST_REGSAUDE_MODE
231355;CE;0006;CE-0006;10;7;0006;False;CNES_ST_REGSAUDE_MODE
231360;CE;0013;CE-0013;32;21;0013;False;CNES_ST_REGSAUDE_MODE
231370;CE;0017;CE-0017;7;4;0017;False;CNES_ST_REGSAUDE_MODE
231375;CE;0006;CE-0006;12;12;0006;False;CNES_ST_REGSAUDE_MODE
231380;CE;0006;CE-0006;19;19;0006;False;CNES_ST_REGSAUDE_MODE
231390;CE;0011;CE-0011;13;10;0011;False;CNES_ST_REGSAUDE_MODE
231395;CE;0011;CE-0011;14;8;0006|0011;True;CNES_ST_REGSAUDE_MODE
231400;CE;0020;CE-0020;34;25;0020;False;CNES_ST_REGSAUDE_MODE
231410;CE;0013;CE-0013;34;19;0013;False;CNES_ST_REGSAUDE_MODE
240010;RN;0004;RN-0004;13;12;0004;False;CNES_ST_REGSAUDE_MODE
240020;RN;0008;RN-0008;70;33;0002|0008;True;CNES_ST_REGSAUDE_MODE
240030;RN;0003;RN-0003;10;5;0003;False;CNES_ST_REGSAUDE_MODE
240040;RN;0006;RN-0006;5;5;0006;False;CNES_ST_REGSAUDE_MODE
240050;RN;0006;RN-0006;23;9;0006;False;CNES_ST_REGSAUDE_MODE
240060;RN;0006;RN-0006;9;3;0006;False;CNES_ST_REGSAUDE_MODE
240070;RN;0002;RN-0002;19;6;0002|0008;True;CNES_ST_REGSAUDE_MODE
240080;RN;0002;RN-0002;17;9;0002|0008;True;CNES_ST_REGSAUDE_MODE
240090;RN;0006;RN-0006;10;8;0006;False;CNES_ST_REGSAUDE_MODE
240100;RN;0002;RN-0002;34;33;0002;False;CNES_ST_REGSAUDE_MODE
240110;RN;0002;RN-0002;29;15;0002;False;CNES_ST_REGSAUDE_MODE
240120;RN;0001;RN-0001;11;8;0001;False;CNES_ST_REGSAUDE_MODE
240130;RN;0002;RN-0002;10;3;0002;False;CNES_ST_REGSAUDE_MODE
240140;RN;0001;RN-0001;10;7;0001;False;CNES_ST_REGSAUDE_MODE
240145;RN;0002;RN-0002;23;16;0002;False;CNES_ST_REGSAUDE_MODE
240150;RN;0005;RN-0005;8;7;0005;False;CNES_ST_REGSAUDE_MODE
240160;RN;0003;RN-0003;3;1;0003;False;CNES_ST_REGSAUDE_MODE
240165;RN;0004;RN-0004;3;1;0004;False;CNES_ST_REGSAUDE_MODE
240170;RN;0005;RN-0005;8;8;0005;False;CNES_ST_REGSAUDE_MODE
240180;RN;0001;RN-0001;16;8;0001;False;CNES_ST_REGSAUDE_MODE
240185;RN;0003;RN-0003;4;3;0003;False;CNES_ST_REGSAUDE_MODE
240190;RN;0003;RN-0003;6;6;0003;False;CNES_ST_REGSAUDE_MODE
240200;RN;0004;RN-0004;167;74;0004|0041;True;CNES_ST_REGSAUDE_MODE
240210;RN;0005;RN-0005;12;9;0005;False;CNES_ST_REGSAUDE_MODE
240220;RN;0001;RN-0001;29;25;0001;False;CNES_ST_REGSAUDE_MODE
240230;RN;0002;RN-0002;24;12;0002;False;CNES_ST_REGSAUDE_MODE
240240;RN;0004;RN-0004;12;8;0004;False;CNES_ST_REGSAUDE_MODE
240250;RN;0002;RN-0002;7;3;0002|0008;True;CNES_ST_REGSAUDE_MODE
240260;RN;0007;RN-0007;51;1;0007;False;CNES_ST_REGSAUDE_MODE
240270;RN;0004;RN-0004;11;8;0004;False;CNES_ST_REGSAUDE_MODE
240280;RN;0005;RN-0005;7;6;0005;False;CNES_ST_REGSAUDE_MODE
240290;RN;0006;RN-0006;7;4;0006;False;CNES_ST_REGSAUDE_MODE
240300;RN;0004;RN-0004;6;5;0004;False;CNES_ST_REGSAUDE_MODE
240310;RN;0004;RN-0004;81;4;0004;False;CNES_ST_REGSAUDE_MODE
240320;RN;0006;RN-0006;9;9;0006;False;CNES_ST_REGSAUDE_MODE
240325;RN;0007;RN-0007;157;44;0007;False;CNES_ST_REGSAUDE_MODE
240330;RN;0006;RN-0006;10;10;0006;False;CNES_ST_REGSAUDE_MODE
240340;RN;0004;RN-0004;9;9;0004;False;CNES_ST_REGSAUDE_MODE
240350;RN;0001;RN-0001;10;8;0001;False;CNES_ST_REGSAUDE_MODE
240360;RN;0007;RN-0007;29;10;0007;False;CNES_ST_REGSAUDE_MODE
240370;RN;0002;RN-0002;5;5;0002;False;CNES_ST_REGSAUDE_MODE
240375;RN;0002;RN-0002;3;2;0002|0008;True;CNES_ST_REGSAUDE_MODE
240380;RN;0004;RN-0004;12;8;0004;False;CNES_ST_REGSAUDE_MODE
240390;RN;0006;RN-0006;7;5;0006;False;CNES_ST_REGSAUDE_MODE
240400;RN;0006;RN-0006;14;7;0006;False;CNES_ST_REGSAUDE_MODE
240410;RN;0003;RN-0003;5;2;0003;False;CNES_ST_REGSAUDE_MODE
240420;RN;0001;RN-0001;35;13;0001;False;CNES_ST_REGSAUDE_MODE
240430;RN;0002;RN-0002;11;7;0002;False;CNES_ST_REGSAUDE_MODE
240440;RN;0002;RN-0002;11;6;0002;False;CNES_ST_REGSAUDE_MODE
240450;RN;0003;RN-0003;24;8;0003;False;CNES_ST_REGSAUDE_MODE
240460;RN;0003;RN-0003;10;10;0003;False;CNES_ST_REGSAUDE_MODE
240470;RN;0002;RN-0002;15;11;0002;False;CNES_ST_REGSAUDE_MODE
240480;RN;0004;RN-0004;5;3;0004;False;CNES_ST_REGSAUDE_MODE
240485;RN;0008;RN-0008;7;6;0002|0008;True;CNES_ST_REGSAUDE_MODE
240490;RN;;;6;0;;False;CNES_ST_REGSAUDE_MODE
240500;RN;0005;RN-0005;5;5;0005;False;CNES_ST_REGSAUDE_MODE
240510;RN;;;7;0;;False;CNES_ST_REGSAUDE_MODE
240520;RN;;;8;0;;False;CNES_ST_REGSAUDE_MODE
240530;RN;0005;RN-0005;8;6;0005;False;CNES_ST_REGSAUDE_MODE
240540;RN;0005;RN-0005;6;6;0005;False;CNES_ST_REGSAUDE_MODE
240550;RN;0003;RN-0003;5;4;0003;False;CNES_ST_REGSAUDE_MODE
240560;RN;0004;RN-0004;15;11;0004;False;CNES_ST_REGSAUDE_MODE
240570;RN;0004;RN-0004;17;6;0004;False;CNES_ST_REGSAUDE_MODE
240580;RN;0003;RN-0003;42;33;0003;False;CNES_ST_REGSAUDE_MODE
240590;RN;0006;RN-0006;5;1;0006;False;CNES_ST_REGSAUDE_MODE
240600;RN;0006;RN-0006;11;10;0006;False;CNES_ST_REGSAUDE_MODE
240610;RN;0004;RN-0004;22;17;0004;False;CNES_ST_REGSAUDE_MODE
240615;RN;0001;RN-0001;9;2;0000|0001;True;CNES_ST_REGSAUDE_MODE
240620;RN;0001;RN-0001;7;7;0001;False;CNES_ST_REGSAUDE_MODE
240630;RN;0001;RN-0001;6;5;0001;False;CNES_ST_REGSAUDE_MODE
240640;RN;0005;RN-0005;7;4;0005;False;CNES_ST_REGSAUDE_MODE
240650;RN;;;7;0;;False;CNES_ST_REGSAUDE_MODE
240660;RN;0001;RN-0001;6;6;0001;False;CNES_ST_REGSAUDE_MODE
240670;RN;0003;RN-0003;14;9;0003;False;CNES_ST_REGSAUDE_MODE
240680;RN;0005;RN-0005;7;5;0005;False;CNES_ST_REGSAUDE_MODE
240690;RN;0006;RN-0006;12;7;0006;False;CNES_ST_REGSAUDE_MODE
240700;RN;0006;RN-0006;11;11;0006;False;CNES_ST_REGSAUDE_MODE
240710;RN;0007;RN-0007;65;29;0001|0007;True;CNES_ST_REGSAUDE_MODE
240720;RN;0003;RN-0003;40;9;0002|0003;True;CNES_ST_REGSAUDE_MODE
240725;RN;0006;RN-0006;7;7;0006;False;CNES_ST_REGSAUDE_MODE
240730;RN;0006;RN-0006;6;4;0006;False;CNES_ST_REGSAUDE_MODE
240740;RN;0006;RN-0006;12;8;0006;False;CNES_ST_REGSAUDE_MODE
240750;RN;0003;RN-0003;8;3;0003;False;CNES_ST_REGSAUDE_MODE
240760;RN;0002;RN-0002;7;2;0002;False;CNES_ST_REGSAUDE_MODE
240770;RN;0001;RN-0001;9;7;0001;False;CNES_ST_REGSAUDE_MODE
240780;RN;0001;RN-0001;24;22;0001;False;CNES_ST_REGSAUDE_MODE
240790;RN;0001;RN-0001;4;3;0001;False;CNES_ST_REGSAUDE_MODE
240800;RN;0002;RN-0002;449;254;0002|0011|0020;True;CNES_ST_REGSAUDE_MODE
240810;RN;0007;RN-0007;612;361;0007;False;CNES_ST_REGSAUDE_MODE
240820;RN;0001;RN-0001;25;24;0001;False;CNES_ST_REGSAUDE_MODE
240830;RN;0001;RN-0001;39;27;0001|0010;True;CNES_ST_REGSAUDE_MODE
240840;RN;0001;RN-0001;7;1;0001;False;CNES_ST_REGSAUDE_MODE
240850;RN;0004;RN-0004;5;1;0004;False;CNES_ST_REGSAUDE_MODE
240860;RN;0006;RN-0006;6;5;0006;False;CNES_ST_REGSAUDE_MODE
240870;RN;0002;RN-0002;2;1;0002;False;CNES_ST_REGSAUDE_MODE
240880;RN;0003;RN-0003;7;5;0003;False;CNES_ST_REGSAUDE_MODE
240890;RN;0004;RN-0004;40;25;0004;False;CNES_ST_REGSAUDE_MODE
240895;RN;0003;RN-0003;13;8;0003;False;CNES_ST_REGSAUDE_MODE
240910;RN;0001;RN-0001;14;10;0001;False;CNES_ST_REGSAUDE_MODE
240920;RN;0001;RN-0001;8;8;0001;False;CNES_ST_REGSAUDE_MODE
240930;RN;0006;RN-0006;14;10;0006;False;CNES_ST_REGSAUDE_MODE
240933;RN;0005;RN-0005;7;3;0005;False;CNES_ST_REGSAUDE_MODE
240940;RN;0006;RN-0006;109;100;0006;False;CNES_ST_REGSAUDE_MODE
240950;RN;0003;RN-0003;8;3;0003;False;CNES_ST_REGSAUDE_MODE
240960;RN;0003;RN-0003;5;2;0003;False;CNES_ST_REGSAUDE_MODE
240970;RN;0003;RN-0003;7;7;0003;False;CNES_ST_REGSAUDE_MODE
240980;RN;0001;RN-0001;9;9;0001;False;CNES_ST_REGSAUDE_MODE
240990;RN;0002;RN-0002;15;4;0002|0008;True;CNES_ST_REGSAUDE_MODE
241000;RN;0006;RN-0006;8;6;0006;False;CNES_ST_REGSAUDE_MODE
241010;RN;0003;RN-0003;11;3;0003;False;CNES_ST_REGSAUDE_MODE
241020;RN;0006;RN-0006;19;12;0006|0024;True;CNES_ST_REGSAUDE_MODE
241025;RN;0002;RN-0002;5;3;0002|0008;True;CNES_ST_REGSAUDE_MODE
241030;RN;0005;RN-0005;10;10;0005;False;CNES_ST_REGSAUDE_MODE
241040;RN;0003;RN-0003;8;6;0003;False;CNES_ST_REGSAUDE_MODE
241050;RN;0006;RN-0006;9;7;0006;False;CNES_ST_REGSAUDE_MODE
241060;RN;;;5;0;;False;CNES_ST_REGSAUDE_MODE
241070;RN;0006;RN-0006;5;5;0006;False;CNES_ST_REGSAUDE_MODE
241080;RN;0006;RN-0006;8;8;0006;False;CNES_ST_REGSAUDE_MODE
241090;RN;0003;RN-0003;6;5;0003;False;CNES_ST_REGSAUDE_MODE
241100;RN;0006;RN-0006;7;6;0006;False;CNES_ST_REGSAUDE_MODE
241105;RN;0002;RN-0002;11;2;0002;False;CNES_ST_REGSAUDE_MODE
241110;RN;0005;RN-0005;9;7;0005;False;CNES_ST_REGSAUDE_MODE
241120;RN;0005;RN-0005;42;3;0005;False;CNES_ST_REGSAUDE_MODE
241140;RN;0004;RN-0004;13;11;0004;False;CNES_ST_REGSAUDE_MODE
241142;RN;0004;RN-0004;6;5;0004;False;CNES_ST_REGSAUDE_MODE
241150;RN;0001;RN-0001;28;23;0001;False;CNES_ST_REGSAUDE_MODE
241160;RN;0003;RN-0003;4;3;0003;False;CNES_ST_REGSAUDE_MODE
241170;RN;0005;RN-0005;5;2;0005;False;CNES_ST_REGSAUDE_MODE
241180;RN;0004;RN-0004;8;4;0004;False;CNES_ST_REGSAUDE_MODE
241190;RN;0006;RN-0006;3;2;0006;False;CNES_ST_REGSAUDE_MODE
241200;RN;;;71;0;;False;CNES_ST_REGSAUDE_MODE
241210;RN;0004;RN-0004;7;6;0004;False;CNES_ST_REGSAUDE_MODE
241220;RN;0001;RN-0001;39;29;0001;False;CNES_ST_REGSAUDE_MODE
241230;RN;0005;RN-0005;10;1;0005;False;CNES_ST_REGSAUDE_MODE
241240;RN;0004;RN-0004;5;3;0004;False;CNES_ST_REGSAUDE_MODE
241250;RN;0006;RN-0006;26;13;0006;False;CNES_ST_REGSAUDE_MODE
241255;RN;0003;RN-0003;6;5;0003;False;CNES_ST_REGSAUDE_MODE
241260;RN;0005;RN-0005;29;25;0005;False;CNES_ST_REGSAUDE_MODE
241270;RN;0005;RN-0005;9;7;0005;False;CNES_ST_REGSAUDE_MODE
241280;RN;0002;RN-0002;7;3;0002|0008;True;CNES_ST_REGSAUDE_MODE
241290;RN;0005;RN-0005;13;12;0005;False;CNES_ST_REGSAUDE_MODE
241300;RN;0004;RN-0004;11;8;0004;False;CNES_ST_REGSAUDE_MODE
241310;RN;0005;RN-0005;10;9;0005;False;CNES_ST_REGSAUDE_MODE
241320;RN;0001;RN-0001;6;2;0001;False;CNES_ST_REGSAUDE_MODE
241330;RN;0001;RN-0001;7;3;0001;False;CNES_ST_REGSAUDE_MODE
241335;RN;0002;RN-0002;9;7;0002;False;CNES_ST_REGSAUDE_MODE
241340;RN;0004;RN-0004;19;16;0004;False;CNES_ST_REGSAUDE_MODE
241350;RN;0001;RN-0001;6;6;0001;False;CNES_ST_REGSAUDE_MODE
241355;RN;0006;RN-0006;8;3;0006;False;CNES_ST_REGSAUDE_MODE
241360;RN;0006;RN-0006;13;8;0006;False;CNES_ST_REGSAUDE_MODE
241370;RN;0005;RN-0005;6;4;0005;False;CNES_ST_REGSAUDE_MODE
241380;RN;0006;RN-0006;8;3;0006;False;CNES_ST_REGSAUDE_MODE
241390;RN;0003;RN-0003;9;8;0003;False;CNES_ST_REGSAUDE_MODE
241400;RN;0005;RN-0005;10;3;0005;False;CNES_ST_REGSAUDE_MODE
241410;RN;0006;RN-0006;12;1;0006;False;CNES_ST_REGSAUDE_MODE
241415;RN;0004;RN-0004;10;7;0004;False;CNES_ST_REGSAUDE_MODE
241420;RN;0001;RN-0001;9;6;0000|0001;True;CNES_ST_REGSAUDE_MODE
241430;RN;0004;RN-0004;3;1;0004;False;CNES_ST_REGSAUDE_MODE
241440;RN;0003;RN-0003;30;18;0003;False;CNES_ST_REGSAUDE_MODE
241445;RN;0002;RN-0002;5;3;0002;False;CNES_ST_REGSAUDE_MODE
241450;RN;0006;RN-0006;16;12;0006;False;CNES_ST_REGSAUDE_MODE
241460;RN;0002;RN-0002;17;13;0002;False;CNES_ST_REGSAUDE_MODE
241470;RN;0001;RN-0001;5;4;0001;False;CNES_ST_REGSAUDE_MODE
241475;RN;0006;RN-0006;6;3;0006;False;CNES_ST_REGSAUDE_MODE
241480;RN;0001;RN-0001;13;7;0001;False;CNES_ST_REGSAUDE_MODE
241490;RN;0006;RN-0006;4;2;0006;False;CNES_ST_REGSAUDE_MODE
241500;RN;0001;RN-0001;5;5;0001;False;CNES_ST_REGSAUDE_MODE
250010;PB;0011;PB-0011;18;18;0011;False;CNES_ST_REGSAUDE_MODE
250020;PB;0007;PB-0007;12;11;0007;False;CNES_ST_REGSAUDE_MODE
250030;PB;0003;PB-0003;27;21;0003;False;CNES_ST_REGSAUDE_MODE
250040;PB;0003;PB-0003;20;19;0003;False;CNES_ST_REGSAUDE_MODE
250050;PB;0002;PB-0002;19;7;0002;False;CNES_ST_REGSAUDE_MODE
250053;PB;0003;PB-0003;11;11;0003;False;CNES_ST_REGSAUDE_MODE
250057;PB;0003;PB-0003;5;5;0003;False;CNES_ST_REGSAUDE_MODE
250060;PB;0001;PB-0001;23;20;0001;False;CNES_ST_REGSAUDE_MODE
250070;PB;0009;PB-0009;27;20;0009;False;CNES_ST_REGSAUDE_MODE
250073;PB;0005;PB-0005;7;5;0005;False;CNES_ST_REGSAUDE_MODE
250077;PB;0010;PB-0010;12;6;0010;False;CNES_ST_REGSAUDE_MODE
250080;PB;0002;PB-0002;19;19;0002;False;CNES_ST_REGSAUDE_MODE
250090;PB;0003;PB-0003;14;14;0003;False;CNES_ST_REGSAUDE_MODE
250100;PB;0002;PB-0002;25;20;0002;False;CNES_ST_REGSAUDE_MODE
250110;PB;0003;PB-0003;30;29;0003;False;CNES_ST_REGSAUDE_MODE
250115;PB;0006;PB-0006;5;4;0006;False;CNES_ST_REGSAUDE_MODE
250120;PB;0003;PB-0003;8;8;0003;False;CNES_ST_REGSAUDE_MODE
250130;PB;0003;PB-0003;21;16;0003|0015;True;CNES_ST_REGSAUDE_MODE
250135;PB;0003;PB-0003;7;4;0003;False;CNES_ST_REGSAUDE_MODE
250140;PB;0001;PB-0001;21;8;0001|0014;True;CNES_ST_REGSAUDE_MODE
250150;PB;0002;PB-0002;29;10;0002;False;CNES_ST_REGSAUDE_MODE
250153;PB;0004;PB-0004;11;11;0004;False;CNES_ST_REGSAUDE_MODE
250157;PB;0003;PB-0003;21;19;0002|0003;True;CNES_ST_REGSAUDE_MODE
250160;PB;0004;PB-0004;19;17;0004;False;CNES_ST_REGSAUDE_MODE
250170;PB;0003;PB-0003;9;8;0003;False;CNES_ST_REGSAUDE_MODE
250180;PB;0001;PB-0001;60;42;0001;False;CNES_ST_REGSAUDE_MODE
250190;PB;0002;PB-0002;32;27;0002;False;CNES_ST_REGSAUDE_MODE
250200;PB;0008;PB-0008;16;11;0008;False;CNES_ST_REGSAUDE_MODE
250205;PB;0009;PB-0009;9;9;0009;False;CNES_ST_REGSAUDE_MODE
250210;PB;0007;PB-0007;11;8;0007;False;CNES_ST_REGSAUDE_MODE
250215;PB;0003;PB-0003;10;5;0003;False;CNES_ST_REGSAUDE_MODE
250220;PB;0009;PB-0009;9;5;0009;False;CNES_ST_REGSAUDE_MODE
250230;PB;0008;PB-0008;13;10;0008;False;CNES_ST_REGSAUDE_MODE
250240;PB;0009;PB-0009;20;8;0009;False;CNES_ST_REGSAUDE_MODE
250250;PB;0003;PB-0003;19;19;0003;False;CNES_ST_REGSAUDE_MODE
250260;PB;0007;PB-0007;14;14;0007;False;CNES_ST_REGSAUDE_MODE
250270;PB;0002;PB-0002;10;9;0002;False;CNES_ST_REGSAUDE_MODE
250280;PB;0008;PB-0008;22;18;0008;False;CNES_ST_REGSAUDE_MODE
250290;PB;0008;PB-0008;10;8;0008;False;CNES_ST_REGSAUDE_MODE
250300;PB;0001;PB-0001;25;24;0001;False;CNES_ST_REGSAUDE_MODE
250310;PB;0003;PB-0003;14;14;0003;False;CNES_ST_REGSAUDE_MODE
250320;PB;0001;PB-0001;50;20;0001;False;CNES_ST_REGSAUDE_MODE
250330;PB;0009;PB-0009;20;9;0009;False;CNES_ST_REGSAUDE_MODE
250340;PB;0006;PB-0006;11;7;0006;False;CNES_ST_REGSAUDE_MODE
250350;PB;0002;PB-0002;15;5;0002;False;CNES_ST_REGSAUDE_MODE
250355;PB;0006;PB-0006;10;3;0006|0600;True;CNES_ST_REGSAUDE_MODE
250360;PB;0002;PB-0002;16;13;0001|0002;True;CNES_ST_REGSAUDE_MODE
250370;PB;0009;PB-0009;128;8;0009;False;CNES_ST_REGSAUDE_MODE
250375;PB;0010;PB-0010;11;7;0010|0013;True;CNES_ST_REGSAUDE_MODE
250380;PB;0012;PB-0012;9;5;0003|0012;True;CNES_ST_REGSAUDE_MODE
250390;PB;0005;PB-0005;7;6;0005;False;CNES_ST_REGSAUDE_MODE
250400;PB;0003;PB-0003;772;465;0002|0003;True;CNES_ST_REGSAUDE_MODE
250403;PB;0001;PB-0001;9;4;0001|0014;True;CNES_ST_REGSAUDE_MODE
250407;PB;0005;PB-0005;5;5;0005;False;CNES_ST_REGSAUDE_MODE
250410;PB;0009;PB-0009;4;3;0009;False;CNES_ST_REGSAUDE_MODE
250415;PB;0002;PB-0002;8;5;0002;False;CNES_ST_REGSAUDE_MODE
250420;PB;0006;PB-0006;13;10;0006;False;CNES_ST_REGSAUDE_MODE
250430;PB;0008;PB-0008;47;46;0008;False;CNES_ST_REGSAUDE_MODE
250435;PB;0003;PB-0003;9;9;0003;False;CNES_ST_REGSAUDE_MODE
250440;PB;0007;PB-0007;30;21;0007;False;CNES_ST_REGSAUDE_MODE
250450;PB;0006;PB-0006;17;8;0006;False;CNES_ST_REGSAUDE_MODE
250460;PB;0001;PB-0001;24;23;0001;False;CNES_ST_REGSAUDE_MODE
250470;PB;0005;PB-0005;11;9;0003|0005;True;CNES_ST_REGSAUDE_MODE
250480;PB;0007;PB-0007;34;24;0007;False;CNES_ST_REGSAUDE_MODE
250485;PB;0005;PB-0005;4;1;0005;False;CNES_ST_REGSAUDE_MODE
250490;PB;0001;PB-0001;12;7;0001;False;CNES_ST_REGSAUDE_MODE
250500;PB;0004;PB-0004;12;12;0004;False;CNES_ST_REGSAUDE_MODE
250510;PB;0004;PB-0004;33;30;0004;False;CNES_ST_REGSAUDE_MODE
250520;PB;0002;PB-0002;12;12;0002;False;CNES_ST_REGSAUDE_MODE
250523;PB;0001;PB-0001;9;7;0001|0014;True;CNES_ST_REGSAUDE_MODE
250527;PB;0001;PB-0001;8;7;0001;False;CNES_ST_REGSAUDE_MODE
250530;PB;0007;PB-0007;2;2;0007;False;CNES_ST_REGSAUDE_MODE
250535;PB;0004;PB-0004;10;7;0004;False;CNES_ST_REGSAUDE_MODE
250540;PB;0006;PB-0006;13;1;0006;False;CNES_ST_REGSAUDE_MODE
250550;PB;0006;PB-0006;10;8;0006;False;CNES_ST_REGSAUDE_MODE
250560;PB;0007;PB-0007;12;11;0007;False;CNES_ST_REGSAUDE_MODE
250570;PB;0002;PB-0002;14;10;0002|0003;True;CNES_ST_REGSAUDE_MODE
250580;PB;0002;PB-0002;6;6;0002;False;CNES_ST_REGSAUDE_MODE
250590;PB;0006;PB-0006;8;7;0006;False;CNES_ST_REGSAUDE_MODE
250600;PB;0003;PB-0003;63;63;0003;False;CNES_ST_REGSAUDE_MODE
250610;PB;0003;PB-0003;19;15;0003;False;CNES_ST_REGSAUDE_MODE
250620;PB;0004;PB-0004;12;11;0003|0004;True;CNES_ST_REGSAUDE_MODE
250625;PB;0003;PB-0003;11;10;0003;False;CNES_ST_REGSAUDE_MODE
250630;PB;0002;PB-0002;110;65;0002;False;CNES_ST_REGSAUDE_MODE
250640;PB;0012;PB-0012;15;13;0012;False;CNES_ST_REGSAUDE_MODE
250650;PB;0003;PB-0003;14;11;0003|0005;True;CNES_ST_REGSAUDE_MODE
250660;PB;0007;PB-0007;15;13;0007;False;CNES_ST_REGSAUDE_MODE
250670;PB;0011;PB-0011;14;8;0011;False;CNES_ST_REGSAUDE_MODE
250680;PB;0012;PB-0012;19;15;0004|0012;True;CNES_ST_REGSAUDE_MODE
250690;PB;0012;PB-0012;38;31;0001|0012;True;CNES_ST_REGSAUDE_MODE
250700;PB;0007;PB-0007;46;7;0007;False;CNES_ST_REGSAUDE_MODE
250710;PB;0001;PB-0001;19;10;0001;False;CNES_ST_REGSAUDE_MODE
250720;PB;0012;PB-0012;12;11;0012;False;CNES_ST_REGSAUDE_MODE
250730;PB;0001;PB-0001;17;8;0001;False;CNES_ST_REGSAUDE_MODE
250740;PB;0008;PB-0008;15;7;0008;False;CNES_ST_REGSAUDE_MODE
250750;PB;0001;PB-0001;1721;896;0001|0004;True;CNES_ST_REGSAUDE_MODE
250760;PB;0012;PB-0012;10;9;0012|0025;True;CNES_ST_REGSAUDE_MODE
250770;PB;0003;PB-0003;27;17;0003|0016;True;CNES_ST_REGSAUDE_MODE
250780;PB;0006;PB-0006;13;12;0006;False;CNES_ST_REGSAUDE_MODE
250790;PB;0012;PB-0012;21;12;0012;False;CNES_ST_REGSAUDE_MODE
250800;PB;0011;PB-0011;16;15;0011;False;CNES_ST_REGSAUDE_MODE
250810;PB;0010;PB-0010;12;6;0010;False;CNES_ST_REGSAUDE_MODE
250820;PB;0002;PB-0002;14;9;0002;False;CNES_ST_REGSAUDE_MODE
250830;PB;0003;PB-0003;32;31;0003;False;CNES_ST_REGSAUDE_MODE
250840;PB;0010;PB-0010;10;8;0010;False;CNES_ST_REGSAUDE_MODE
250850;PB;0016;PB-0016;13;5;0003|0016;True;CNES_ST_REGSAUDE_MODE
250855;PB;0002;PB-0002;12;11;0002;False;CNES_ST_REGSAUDE_MODE
250860;PB;0001;PB-0001;17;11;0001;False;CNES_ST_REGSAUDE_MODE
250870;PB;0006;PB-0006;9;3;0006;False;CNES_ST_REGSAUDE_MODE
250880;PB;0006;PB-0006;9;7;0006;False;CNES_ST_REGSAUDE_MODE
250890;PB;0001;PB-0001;55;22;0001|0014;True;CNES_ST_REGSAUDE_MODE
250900;PB;0011;PB-0011;15;12;0011;False;CNES_ST_REGSAUDE_MODE
250905;PB;0001;PB-0001;12;6;0001|0014;True;CNES_ST_REGSAUDE_MODE
250910;PB;0001;PB-0001;30;30;0001;False;CNES_ST_REGSAUDE_MODE
250915;PB;0010;PB-0010;12;8;0009|0010;True;CNES_ST_REGSAUDE_MODE
250920;PB;0003;PB-0003;17;16;0003;False;CNES_ST_REGSAUDE_MODE
250930;PB;0001;PB-0001;12;2;0001;False;CNES_ST_REGSAUDE_MODE
250933;PB;0003;PB-0003;8;7;0003;False;CNES_ST_REGSAUDE_MODE
250937;PB;0008;PB-0008;7;4;0008;False;CNES_ST_REGSAUDE_MODE
250939;PB;0006;PB-0006;10;6;0006;False;CNES_ST_REGSAUDE_MODE
250940;PB;0012;PB-0012;17;12;0012|0025;True;CNES_ST_REGSAUDE_MODE
250950;PB;0003;PB-0003;14;13;0003;False;CNES_ST_REGSAUDE_MODE
250960;PB;0009;PB-0009;5;4;0004|0009;True;CNES_ST_REGSAUDE_MODE
250970;PB;0005;PB-0005;79;78;0005;False;CNES_ST_REGSAUDE_MODE
250980;PB;0002;PB-0002;18;17;0002;False;CNES_ST_REGSAUDE_MODE
250990;PB;0003;PB-0003;10;10;0003;False;CNES_ST_REGSAUDE_MODE
251000;PB;0010;PB-0010;8;1;0010;False;CNES_ST_REGSAUDE_MODE
251010;PB;0004;PB-0004;15;13;0004;False;CNES_ST_REGSAUDE_MODE
251020;PB;0007;PB-0007;10;8;0007;False;CNES_ST_REGSAUDE_MODE
251030;PB;0004;PB-0004;10;9;0004;False;CNES_ST_REGSAUDE_MODE
251040;PB;0007;PB-0007;10;7;0007;False;CNES_ST_REGSAUDE_MODE
251050;PB;0003;PB-0003;8;7;0003|0016;True;CNES_ST_REGSAUDE_MODE
251060;PB;0005;PB-0005;8;4;0000|0005;True;CNES_ST_REGSAUDE_MODE
251065;PB;0005;PB-0005;8;8;0005;False;CNES_ST_REGSAUDE_MODE
251070;PB;0006;PB-0006;8;8;0006;False;CNES_ST_REGSAUDE_MODE
251080;PB;0006;PB-0006;213;187;0006;False;CNES_ST_REGSAUDE_MODE
251090;PB;0010;PB-0010;22;12;0003|0008|0010;True;CNES_ST_REGSAUDE_MODE
251100;PB;0007;PB-0007;7;7;0007;False;CNES_ST_REGSAUDE_MODE
251110;PB;0004;PB-0004;11;10;0004;False;CNES_ST_REGSAUDE_MODE
251120;PB;0012;PB-0012;30;25;0001|0012;True;CNES_ST_REGSAUDE_MODE
251130;PB;0007;PB-0007;39;32;0007;False;CNES_ST_REGSAUDE_MODE
251140;PB;0004;PB-0004;35;32;0004;False;CNES_ST_REGSAUDE_MODE
251150;PB;0012;PB-0012;16;15;0012;False;CNES_ST_REGSAUDE_MODE
251160;PB;0002;PB-0002;10;9;0002;False;CNES_ST_REGSAUDE_MODE
251170;PB;0002;PB-0002;6;6;0002;False;CNES_ST_REGSAUDE_MODE
251180;PB;0002;PB-0002;7;5;0002;False;CNES_ST_REGSAUDE_MODE
251190;PB;0001;PB-0001;17;17;0001;False;CNES_ST_REGSAUDE_MODE
251200;PB;0003;PB-0003;27;27;0003;False;CNES_ST_REGSAUDE_MODE
251203;PB;0009;PB-0009;7;3;0009;False;CNES_ST_REGSAUDE_MODE
251207;PB;0009;PB-0009;9;9;0009;False;CNES_ST_REGSAUDE_MODE
251210;PB;0010;PB-0010;65;19;0010|0013;True;CNES_ST_REGSAUDE_MODE
251220;PB;0005;PB-0005;11;11;0005;False;CNES_ST_REGSAUDE_MODE
251230;PB;0011;PB-0011;55;54;0011|0020;True;CNES_ST_REGSAUDE_MODE
251240;PB;0003;PB-0003;13;11;0003;False;CNES_ST_REGSAUDE_MODE
251250;PB;0003;PB-0003;44;34;0003;False;CNES_ST_REGSAUDE_MODE
251260;PB;0006;PB-0006;6;6;0006;False;CNES_ST_REGSAUDE_MODE
251270;PB;0003;PB-0003;32;15;0003;False;CNES_ST_REGSAUDE_MODE
251272;PB;0001;PB-0001;8;7;0001;False;CNES_ST_REGSAUDE_MODE
251274;PB;0002;PB-0002;10;10;0002;False;CNES_ST_REGSAUDE_MODE
251275;PB;0012;PB-0012;7;7;0012;False;CNES_ST_REGSAUDE_MODE
251276;PB;0001;PB-0001;7;7;0001;False;CNES_ST_REGSAUDE_MODE
251278;PB;0003;PB-0003;7;4;0003|0015;True;CNES_ST_REGSAUDE_MODE
251280;PB;0008;PB-0008;12;10;0008;False;CNES_ST_REGSAUDE_MODE
251290;PB;0001;PB-0001;24;18;0001|0014;True;CNES_ST_REGSAUDE_MODE
251300;PB;0006;PB-0006;7;6;0003|0006;True;CNES_ST_REGSAUDE_MODE
251310;PB;0012;PB-0012;21;19;0012;False;CNES_ST_REGSAUDE_MODE
251315;PB;0003;PB-0003;6;3;0003;False;CNES_ST_REGSAUDE_MODE
251320;PB;0010;PB-0010;15;5;0010;False;CNES_ST_REGSAUDE_MODE
251330;PB;0009;PB-0009;11;4;0009;False;CNES_ST_REGSAUDE_MODE
251335;PB;0007;PB-0007;9;9;0007;False;CNES_ST_REGSAUDE_MODE
251340;PB;0006;PB-0006;19;15;0006;False;CNES_ST_REGSAUDE_MODE
251350;PB;0007;PB-0007;13;10;0007;False;CNES_ST_REGSAUDE_MODE
251360;PB;0007;PB-0007;18;13;0007;False;CNES_ST_REGSAUDE_MODE
251365;PB;0009;PB-0009;6;6;0009;False;CNES_ST_REGSAUDE_MODE
251370;PB;0001;PB-0001;102;97;0001;False;CNES_ST_REGSAUDE_MODE
251380;PB;0006;PB-0006;8;5;0006;False;CNES_ST_REGSAUDE_MODE
251385;PB;0003;PB-0003;10;8;0003|0016;True;CNES_ST_REGSAUDE_MODE
251390;PB;0008;PB-0008;45;16;0008;False;CNES_ST_REGSAUDE_MODE
251392;PB;0010;PB-0010;17;7;0008|0010;True;CNES_ST_REGSAUDE_MODE
251394;PB;0003;PB-0003;3;3;0003;False;CNES_ST_REGSAUDE_MODE
251396;PB;0010;PB-0010;8;6;0010;False;CNES_ST_REGSAUDE_MODE
251398;PB;0010;PB-0010;9;9;0010;False;CNES_ST_REGSAUDE_MODE
251400;PB;0005;PB-0005;6;6;0005;False;CNES_ST_REGSAUDE_MODE
251410;PB;0005;PB-0005;7;7;0005;False;CNES_ST_REGSAUDE_MODE
251420;PB;0010;PB-0010;12;2;0010;False;CNES_ST_REGSAUDE_MODE
251430;PB;0007;PB-0007;7;7;0007;False;CNES_ST_REGSAUDE_MODE
251440;PB;0006;PB-0006;10;10;0006;False;CNES_ST_REGSAUDE_MODE
251445;PB;0012;PB-0012;8;8;0012;False;CNES_ST_REGSAUDE_MODE
251450;PB;0009;PB-0009;23;20;0009;False;CNES_ST_REGSAUDE_MODE
251455;PB;0011;PB-0011;5;3;0011;False;CNES_ST_REGSAUDE_MODE
251460;PB;0006;PB-0006;6;4;0006;False;CNES_ST_REGSAUDE_MODE
251465;PB;0008;PB-0008;4;4;0008;False;CNES_ST_REGSAUDE_MODE
251470;PB;0006;PB-0006;9;9;0006;False;CNES_ST_REGSAUDE_MODE
251480;PB;0005;PB-0005;6;6;0005;False;CNES_ST_REGSAUDE_MODE
251490;PB;0006;PB-0006;12;9;0006;False;CNES_ST_REGSAUDE_MODE
251500;PB;0012;PB-0012;11;5;0012;False;CNES_ST_REGSAUDE_MODE
251510;PB;0003;PB-0003;22;9;0003;False;CNES_ST_REGSAUDE_MODE
251520;PB;0005;PB-0005;8;6;0003|0005;True;CNES_ST_REGSAUDE_MODE
251530;PB;0001;PB-0001;45;34;0001;False;CNES_ST_REGSAUDE_MODE
251540;PB;0004;PB-0004;13;12;0003|0004;True;CNES_ST_REGSAUDE_MODE
251550;PB;0005;PB-0005;20;18;0005;False;CNES_ST_REGSAUDE_MODE
251560;PB;0002;PB-0002;9;3;0002;False;CNES_ST_REGSAUDE_MODE
251570;PB;0007;PB-0007;9;6;0007;False;CNES_ST_REGSAUDE_MODE
251580;PB;0003;PB-0003;13;13;0003;False;CNES_ST_REGSAUDE_MODE
251590;PB;0002;PB-0002;14;12;0002;False;CNES_ST_REGSAUDE_MODE
251593;PB;0002;PB-0002;7;3;0002;False;CNES_ST_REGSAUDE_MODE
251597;PB;0001;PB-0001;8;8;0001;False;CNES_ST_REGSAUDE_MODE
251600;PB;0002;PB-0002;40;25;0002;False;CNES_ST_REGSAUDE_MODE
251610;PB;0003;PB-0003;21;20;0003;False;CNES_ST_REGSAUDE_MODE
251615;PB;0004;PB-0004;7;5;0004;False;CNES_ST_REGSAUDE_MODE
251620;PB;0010;PB-0010;91;46;0004|0010;True;CNES_ST_REGSAUDE_MODE
251630;PB;0005;PB-0005;36;31;0005;False;CNES_ST_REGSAUDE_MODE
251640;PB;0002;PB-0002;17;9;0002;False;CNES_ST_REGSAUDE_MODE
251650;PB;0003;PB-0003;22;15;0003;False;CNES_ST_REGSAUDE_MODE
251660;PB;0011;PB-0011;17;13;0011;False;CNES_ST_REGSAUDE_MODE
251670;PB;0006;PB-0006;17;12;0006;False;CNES_ST_REGSAUDE_MODE
251675;PB;0003;PB-0003;5;3;0003;False;CNES_ST_REGSAUDE_MODE
251680;PB;0009;PB-0009;10;6;0009;False;CNES_ST_REGSAUDE_MODE
251690;PB;0009;PB-0009;34;30;0009;False;CNES_ST_REGSAUDE_MODE
251700;PB;0015;PB-0015;19;18;0003|0015;True;CNES_ST_REGSAUDE_MODE
251710;PB;0006;PB-0006;4;4;0006;False;CNES_ST_REGSAUDE_MODE
251720;PB;0010;PB-0010;13;13;0010;False;CNES_ST_REGSAUDE_MODE
251740;PB;0005;PB-0005;2;2;0005;False;CNES_ST_REGSAUDE_MODE
260005;PE;0001;PE-0001;98;82;0001;False;CNES_ST_REGSAUDE_MODE
260010;PE;0010;PE-0010;59;59;0010;False;CNES_ST_REGSAUDE_MODE
260020;PE;0008;PE-0008;30;30;0008;False;CNES_ST_REGSAUDE_MODE
260030;PE;0004;PE-0004;38;12;0004;False;CNES_ST_REGSAUDE_MODE
260040;PE;0003;PE-0003;25;25;0003;False;CNES_ST_REGSAUDE_MODE
260050;PE;0005;PE-0005;31;31;0005;False;CNES_ST_REGSAUDE_MODE
260060;PE;0004;PE-0004;13;10;0004;False;CNES_ST_REGSAUDE_MODE
260070;PE;0002;PE-0002;27;24;0002|0012;True;CNES_ST_REGSAUDE_MODE
260080;PE;0004;PE-0004;14;13;0004;False;CNES_ST_REGSAUDE_MODE
260090;PE;0003;PE-0003;16;13;0003;False;CNES_ST_REGSAUDE_MODE
260100;PE;0005;PE-0005;20;18;0005;False;CNES_ST_REGSAUDE_MODE
260105;PE;0001;PE-0001;18;15;0001;False;CNES_ST_REGSAUDE_MODE
260110;PE;0009;PE-0009;68;37;0001|0009;True;CNES_ST_REGSAUDE_MODE
260120;PE;0006;PE-0006;135;125;0000|0006;True;CNES_ST_REGSAUDE_MODE
260130;PE;0004;PE-0004;16;5;0004;False;CNES_ST_REGSAUDE_MODE
260140;PE;0003;PE-0003;27;21;0003;False;CNES_ST_REGSAUDE_MODE
260150;PE;0003;PE-0003;14;14;0003;False;CNES_ST_REGSAUDE_MODE
260160;PE;0007;PE-0007;17;7;0007;False;CNES_ST_REGSAUDE_MODE
260170;PE;0004;PE-0004;75;70;0004;False;CNES_ST_REGSAUDE_MODE
260180;PE;0011;PE-0011;13;7;0011;False;CNES_ST_REGSAUDE_MODE
260190;PE;0004;PE-0004;75;26;0004;False;CNES_ST_REGSAUDE_MODE
260200;PE;0009;PE-0009;25;20;0009;False;CNES_ST_REGSAUDE_MODE
260210;PE;0005;PE-0005;48;22;0005;False;CNES_ST_REGSAUDE_MODE
260220;PE;0002;PE-0002;31;28;0002|0003;True;CNES_ST_REGSAUDE_MODE
260230;PE;0004;PE-0004;32;30;0004;False;CNES_ST_REGSAUDE_MODE
260240;PE;0005;PE-0005;17;16;0005;False;CNES_ST_REGSAUDE_MODE
260250;PE;0010;PE-0010;12;12;0010;False;CNES_ST_REGSAUDE_MODE
260260;PE;0004;PE-0004;34;23;0004;False;CNES_ST_REGSAUDE_MODE
260270;PE;0002;PE-0002;14;14;0002;False;CNES_ST_REGSAUDE_MODE
260280;PE;0006;PE-0006;29;26;0005|0006;True;CNES_ST_REGSAUDE_MODE
260290;PE;0001;PE-0001;202;65;0001;False;CNES_ST_REGSAUDE_MODE
260300;PE;0008;PE-0008;40;6;0008;False;CNES_ST_REGSAUDE_MODE
260310;PE;0004;PE-0004;21;11;0004;False;CNES_ST_REGSAUDE_MODE
260320;PE;0005;PE-0005;21;18;0005;False;CNES_ST_REGSAUDE_MODE
260330;PE;0005;PE-0005;13;10;0005;False;CNES_ST_REGSAUDE_MODE
260340;PE;0011;PE-0011;9;6;0010|0011;True;CNES_ST_REGSAUDE_MODE
260345;PE;0001;PE-0001;120;48;0001|0003;True;CNES_ST_REGSAUDE_MODE
260350;PE;0004;PE-0004;19;7;0004;False;CNES_ST_REGSAUDE_MODE
260360;PE;0012;PE-0012;12;12;0012;False;CNES_ST_REGSAUDE_MODE
260370;PE;0005;PE-0005;26;24;0005;False;CNES_ST_REGSAUDE_MODE
260380;PE;0005;PE-0005;20;20;0005;False;CNES_ST_REGSAUDE_MODE
260390;PE;0010;PE-0010;20;14;0010;False;CNES_ST_REGSAUDE_MODE
260392;PE;0011;PE-0011;15;6;0011;False;CNES_ST_REGSAUDE_MODE
260400;PE;0002;PE-0002;117;86;0002|0004;True;CNES_ST_REGSAUDE_MODE
260410;PE;0004;PE-0004;627;65;0001|0004;True;CNES_ST_REGSAUDE_MODE
260415;PE;0002;PE-0002;17;17;0002;False;CNES_ST_REGSAUDE_MODE
260420;PE;0003;PE-0003;19;18;0003;False;CNES_ST_REGSAUDE_MODE
260430;PE;0007;PE-0007;11;8;0007;False;CNES_ST_REGSAUDE_MODE
260440;PE;0002;PE-0002;15;13;0001|0002;True;CNES_ST_REGSAUDE_MODE
260450;PE;0001;PE-0001;22;18;0001;False;CNES_ST_REGSAUDE_MODE
260460;PE;0002;PE-0002;17;11;0002;False;CNES_ST_REGSAUDE_MODE
260470;PE;0005;PE-0005;16;16;0005;False;CNES_ST_REGSAUDE_MODE
260480;PE;0003;PE-0003;15;8;0003;False;CNES_ST_REGSAUDE_MODE
260490;PE;0002;PE-0002;25;21;0002;False;CNES_ST_REGSAUDE_MODE
260500;PE;0004;PE-0004;25;16;0004;False;CNES_ST_REGSAUDE_MODE
260510;PE;0006;PE-0006;37;33;0006;False;CNES_ST_REGSAUDE_MODE
260515;PE;0008;PE-0008;28;14;0008;False;CNES_ST_REGSAUDE_MODE
260520;PE;0003;PE-0003;41;18;0003;False;CNES_ST_REGSAUDE_MODE
260530;PE;0009;PE-0009;27;25;0009|0010;True;CNES_ST_REGSAUDE_MODE
260540;PE;0002;PE-0002;22;20;0002|0004;True;CNES_ST_REGSAUDE_MODE
260545;PE;0001;PE-0001;7;6;0001;False;CNES_ST_REGSAUDE_MODE
260550;PE;0012;PE-0012;13;12;0002|0012;True;CNES_ST_REGSAUDE_MODE
260560;PE;0011;PE-0011;15;15;0011;False;CNES_ST_REGSAUDE_MODE
260570;PE;0011;PE-0011;27;10;0008|0011;True;CNES_ST_REGSAUDE_MODE
260580;PE;0004;PE-0004;13;12;0004;False;CNES_ST_REGSAUDE_MODE
260590;PE;0003;PE-0003;18;17;0003;False;CNES_ST_REGSAUDE_MODE
260600;PE;0005;PE-0005;382;379;0004|0005;True;CNES_ST_REGSAUDE_MODE
260610;PE;0002;PE-0002;20;16;0001|0002;True;CNES_ST_REGSAUDE_MODE
260620;PE;0001;PE-0001;73;35;0001|0002|0012;True;CNES_ST_REGSAUDE_MODE
260630;PE;0009;PE-0009;10;5;0009;False;CNES_ST_REGSAUDE_MODE
260640;PE;0004;PE-0004;87;68;0004;False;CNES_ST_REGSAUDE_MODE
260650;PE;0005;PE-0005;14;13;0005;False;CNES_ST_REGSAUDE_MODE
260660;PE;0006;PE-0006;27;24;0006;False;CNES_ST_REGSAUDE_MODE
260670;PE;0004;PE-0004;12;7;0004;False;CNES_ST_REGSAUDE_MODE
260680;PE;0001;PE-0001;84;67;0001;False;CNES_ST_REGSAUDE_MODE
260690;PE;0010;PE-0010;11;11;0010;False;CNES_ST_REGSAUDE_MODE
260700;PE;0006;PE-0006;20;16;0006;False;CNES_ST_REGSAUDE_MODE
260710;PE;0010;PE-0010;8;8;0010;False;CNES_ST_REGSAUDE_MODE
260720;PE;0001;PE-0001;108;43;0001;False;CNES_ST_REGSAUDE_MODE
260730;PE;0009;PE-0009;23;21;0009;False;CNES_ST_REGSAUDE_MODE
260740;PE;0007;PE-0007;7;2;0007|0011;True;CNES_ST_REGSAUDE_MODE
260750;PE;0005;PE-0005;17;17;0005;False;CNES_ST_REGSAUDE_MODE
260760;PE;0001;PE-0001;23;23;0001;False;CNES_ST_REGSAUDE_MODE
260765;PE;0012;PE-0012;30;26;0002|0012;True;CNES_ST_REGSAUDE_MODE
260770;PE;0010;PE-0010;18;18;0010;False;CNES_ST_REGSAUDE_MODE
260775;PE;0001;PE-0001;25;19;0001;False;CNES_ST_REGSAUDE_MODE
260780;PE;0002;PE-0002;14;10;0002;False;CNES_ST_REGSAUDE_MODE
260790;PE;0006;PE-0006;487;130;0001|0002|0003|0004|0005|0006|0007;True;CNES_ST_REGSAUDE_MODE
260795;PE;0003;PE-0003;12;11;0003;False;CNES_ST_REGSAUDE_MODE
260800;PE;0004;PE-0004;23;12;0004;False;CNES_ST_REGSAUDE_MODE
260805;PE;0006;PE-0006;17;14;0006;False;CNES_ST_REGSAUDE_MODE
260810;PE;0002;PE-0002;23;22;0002;False;CNES_ST_REGSAUDE_MODE
260820;PE;0003;PE-0003;13;13;0003;False;CNES_ST_REGSAUDE_MODE
260825;PE;0005;PE-0005;16;12;0005;False;CNES_ST_REGSAUDE_MODE
260830;PE;0005;PE-0005;17;17;0005;False;CNES_ST_REGSAUDE_MODE
260840;PE;0004;PE-0004;16;14;0003|0004;True;CNES_ST_REGSAUDE_MODE
260845;PE;0002;PE-0002;27;26;0002;False;CNES_ST_REGSAUDE_MODE
260850;PE;0002;PE-0002;19;18;0002;False;CNES_ST_REGSAUDE_MODE
260860;PE;0005;PE-0005;18;18;0005;False;CNES_ST_REGSAUDE_MODE
260870;PE;0003;PE-0003;16;10;0003;False;CNES_ST_REGSAUDE_MODE
260875;PE;0008;PE-0008;23;18;0008;False;CNES_ST_REGSAUDE_MODE
260880;PE;0005;PE-0005;37;37;0005;False;CNES_ST_REGSAUDE_MODE
260890;PE;0002;PE-0002;110;107;0002|0003;True;CNES_ST_REGSAUDE_MODE
260900;PE;0012;PE-0012;21;12;0002|0012;True;CNES_ST_REGSAUDE_MODE
260910;PE;0002;PE-0002;11;10;0002;False;CNES_ST_REGSAUDE_MODE
260915;PE;0006;PE-0006;15;13;0005|0006;True;CNES_ST_REGSAUDE_MODE
260920;PE;0003;PE-0003;8;8;0003;False;CNES_ST_REGSAUDE_MODE
260930;PE;0007;PE-0007;9;8;0007;False;CNES_ST_REGSAUDE_MODE
260940;PE;0001;PE-0001;44;31;0001|0002;True;CNES_ST_REGSAUDE_MODE
260950;PE;0002;PE-0002;28;28;0002;False;CNES_ST_REGSAUDE_MODE
260960;PE;0001;PE-0001;250;142;0001|0002;True;CNES_ST_REGSAUDE_MODE
260970;PE;0002;PE-0002;26;23;0002;False;CNES_ST_REGSAUDE_MODE
260980;PE;0008;PE-0008;14;2;0008;False;CNES_ST_REGSAUDE_MODE
260990;PE;0009;PE-0009;67;60;0009;False;CNES_ST_REGSAUDE_MODE
261000;PE;0003;PE-0003;78;74;0003;False;CNES_ST_REGSAUDE_MODE
261010;PE;0005;PE-0005;11;11;0005;False;CNES_ST_REGSAUDE_MODE
261020;PE;0004;PE-0004;26;13;0002|0004;True;CNES_ST_REGSAUDE_MODE
261030;PE;0005;PE-0005;16;16;0005;False;CNES_ST_REGSAUDE_MODE
261040;PE;0009;PE-0009;16;8;0009;False;CNES_ST_REGSAUDE_MODE
261050;PE;0002;PE-0002;37;32;0002;False;CNES_ST_REGSAUDE_MODE
261060;PE;0002;PE-0002;46;41;0002;False;CNES_ST_REGSAUDE_MODE
261070;PE;0001;PE-0001;195;96;0001;False;CNES_ST_REGSAUDE_MODE
261080;PE;0006;PE-0006;21;21;0006;False;CNES_ST_REGSAUDE_MODE
261090;PE;0004;PE-0004;65;25;0003|0004;True;CNES_ST_REGSAUDE_MODE
261100;PE;0006;PE-0006;34;17;0006;False;CNES_ST_REGSAUDE_MODE
261110;PE;0008;PE-0008;535;143;0008|0010|0015;True;CNES_ST_REGSAUDE_MODE
261120;PE;0004;PE-0004;17;14;0004|0005;True;CNES_ST_REGSAUDE_MODE
261130;PE;0001;PE-0001;25;22;0001;False;CNES_ST_REGSAUDE_MODE
261140;PE;0003;PE-0003;10;9;0003;False;CNES_ST_REGSAUDE_MODE
261150;PE;0003;PE-0003;22;17;0003|0007;True;CNES_ST_REGSAUDE_MODE
261153;PE;0010;PE-0010;8;8;0010;False;CNES_ST_REGSAUDE_MODE
261160;PE;0001;PE-0001;1122;935;0001|0003|0004|0005|0006|0008;True;CNES_ST_REGSAUDE_MODE
261170;PE;0004;PE-0004;24;17;0004;False;CNES_ST_REGSAUDE_MODE
261180;PE;0003;PE-0003;24;21;0003;False;CNES_ST_REGSAUDE_MODE
261190;PE;0003;PE-0003;17;15;0003;False;CNES_ST_REGSAUDE_MODE
261200;PE;0004;PE-0004;17;7;0002|0004;True;CNES_ST_REGSAUDE_MODE
261210;PE;0002;PE-0002;10;10;0002;False;CNES_ST_REGSAUDE_MODE
261220;PE;0007;PE-0007;91;74;0007;False;CNES_ST_REGSAUDE_MODE
261230;PE;0005;PE-0005;21;21;0005;False;CNES_ST_REGSAUDE_MODE
261240;PE;0004;PE-0004;18;16;0004;False;CNES_ST_REGSAUDE_MODE
261245;PE;0009;PE-0009;14;6;0009;False;CNES_ST_REGSAUDE_MODE
261247;PE;0011;PE-0011;13;5;0011;False;CNES_ST_REGSAUDE_MODE
261250;PE;0004;PE-0004;90;42;0004|0005;True;CNES_ST_REGSAUDE_MODE
261255;PE;0009;PE-0009;10;7;0009;False;CNES_ST_REGSAUDE_MODE
261260;PE;0008;PE-0008;32;29;0008;False;CNES_ST_REGSAUDE_MODE
261270;PE;0004;PE-0004;13;8;0002|0004;True;CNES_ST_REGSAUDE_MODE
261280;PE;0010;PE-0010;15;15;0010;False;CNES_ST_REGSAUDE_MODE
261290;PE;0003;PE-0003;9;9;0003;False;CNES_ST_REGSAUDE_MODE
261300;PE;0004;PE-0004;32;27;0004;False;CNES_ST_REGSAUDE_MODE
261310;PE;0004;PE-0004;24;18;0004;False;CNES_ST_REGSAUDE_MODE
261320;PE;0005;PE-0005;27;25;0005;False;CNES_ST_REGSAUDE_MODE
261330;PE;0004;PE-0004;30;26;0004;False;CNES_ST_REGSAUDE_MODE
261340;PE;0003;PE-0003;18;15;0003|0004;True;CNES_ST_REGSAUDE_MODE
261350;PE;0011;PE-0011;23;20;0011;False;CNES_ST_REGSAUDE_MODE
261360;PE;0010;PE-0010;51;34;0010;False;CNES_ST_REGSAUDE_MODE
261370;PE;0001;PE-0001;53;41;0001|0010;True;CNES_ST_REGSAUDE_MODE
261380;PE;0002;PE-0002;19;13;0002|0012;True;CNES_ST_REGSAUDE_MODE
261390;PE;0011;PE-0011;175;79;0011;False;CNES_ST_REGSAUDE_MODE
261400;PE;0007;PE-0007;19;13;0007;False;CNES_ST_REGSAUDE_MODE
261410;PE;0006;PE-0006;38;38;0006;False;CNES_ST_REGSAUDE_MODE
261420;PE;0003;PE-0003;18;16;0003|0004;True;CNES_ST_REGSAUDE_MODE
261430;PE;0009;PE-0009;12;12;0009;False;CNES_ST_REGSAUDE_MODE
261440;PE;0010;PE-0010;11;8;0010;False;CNES_ST_REGSAUDE_MODE
261450;PE;0002;PE-0002;53;45;0002;False;CNES_ST_REGSAUDE_MODE
261460;PE;0010;PE-0010;24;24;0010;False;CNES_ST_REGSAUDE_MODE
261470;PE;0004;PE-0004;18;15;0004;False;CNES_ST_REGSAUDE_MODE
261480;PE;0006;PE-0006;17;5;0006;False;CNES_ST_REGSAUDE_MODE
261485;PE;0003;PE-0003;17;16;0003;False;CNES_ST_REGSAUDE_MODE
261500;PE;0004;PE-0004;23;8;0004;False;CNES_ST_REGSAUDE_MODE
261510;PE;0005;PE-0005;14;14;0005;False;CNES_ST_REGSAUDE_MODE
261520;PE;0007;PE-0007;9;8;0007;False;CNES_ST_REGSAUDE_MODE
261530;PE;0012;PE-0012;62;30;0002|0012;True;CNES_ST_REGSAUDE_MODE
261540;PE;0004;PE-0004;24;9;0004;False;CNES_ST_REGSAUDE_MODE
261550;PE;0002;PE-0002;10;8;0002;False;CNES_ST_REGSAUDE_MODE
261560;PE;0009;PE-0009;33;29;0009;False;CNES_ST_REGSAUDE_MODE
261570;PE;0011;PE-0011;20;12;0011;False;CNES_ST_REGSAUDE_MODE
261580;PE;0006;PE-0006;19;15;0006;False;CNES_ST_REGSAUDE_MODE
261590;PE;0010;PE-0010;9;6;0010;False;CNES_ST_REGSAUDE_MODE
261600;PE;0006;PE-0006;19;18;0006;False;CNES_ST_REGSAUDE_MODE
261610;PE;0007;PE-0007;9;9;0007;False;CNES_ST_REGSAUDE_MODE
261618;PE;0002;PE-0002;12;12;0002;False;CNES_ST_REGSAUDE_MODE
261620;PE;0004;PE-0004;18;18;0004;False;CNES_ST_REGSAUDE_MODE
261630;PE;0002;PE-0002;26;26;0002;False;CNES_ST_REGSAUDE_MODE
261640;PE;0001;PE-0001;186;158;0001;False;CNES_ST_REGSAUDE_MODE
261650;PE;0003;PE-0003;17;13;0003|0004;True;CNES_ST_REGSAUDE_MODE
270010;AL;0010;AL-0010;22;12;0010;False;CNES_ST_REGSAUDE_MODE
270020;AL;0002;AL-0002;12;6;0002;False;CNES_ST_REGSAUDE_MODE
270030;AL;0007;AL-0007;322;161;0001|0007;True;CNES_ST_REGSAUDE_MODE
270040;AL;;;28;0;;False;CNES_ST_REGSAUDE_MODE
270050;AL;;;12;0;;False;CNES_ST_REGSAUDE_MODE
270060;AL;;;8;0;;False;CNES_ST_REGSAUDE_MODE
270070;AL;0006;AL-0006;18;1;0002|0006;True;CNES_ST_REGSAUDE_MODE
270080;AL;;;4;0;;False;CNES_ST_REGSAUDE_MODE
270090;AL;0002;AL-0002;9;2;0002|0003|0007;True;CNES_ST_REGSAUDE_MODE
270100;AL;0002;AL-0002;24;6;0002;False;CNES_ST_REGSAUDE_MODE
270110;AL;0003;AL-0003;12;1;0003;False;CNES_ST_REGSAUDE_MODE
270120;AL;;;12;0;;False;CNES_ST_REGSAUDE_MODE
270130;AL;0005;AL-0005;15;4;0001|0004|0005;True;CNES_ST_REGSAUDE_MODE
270135;AL;0003;AL-0003;5;2;0003|0005;True;CNES_ST_REGSAUDE_MODE
270140;AL;0001;AL-0001;30;15;0001|0002|0005;True;CNES_ST_REGSAUDE_MODE
270150;AL;0007;AL-0007;9;3;0004|0007;True;CNES_ST_REGSAUDE_MODE
270160;AL;0008;AL-0008;11;3;0003|0008|0009|0010;True;CNES_ST_REGSAUDE_MODE
270170;AL;0010;AL-0010;17;4;0004|0005|0008|0010;True;CNES_ST_REGSAUDE_MODE
270180;AL;0009;AL-0009;6;1;0009;False;CNES_ST_REGSAUDE_MODE
270190;AL;0004;AL-0004;7;6;0001|0004;True;CNES_ST_REGSAUDE_MODE
270200;AL;;;14;0;;False;CNES_ST_REGSAUDE_MODE
270210;AL;0005;AL-0005;18;10;0003|0005;True;CNES_ST_REGSAUDE_MODE
270220;AL;;;6;0;;False;CNES_ST_REGSAUDE_MODE
270230;AL;0001;AL-0001;37;11;0001|0002|0003|0006;True;CNES_ST_REGSAUDE_MODE
270235;AL;;;18;0;;False;CNES_ST_REGSAUDE_MODE
270240;AL;0003;AL-0003;59;6;0003|0010;True;CNES_ST_REGSAUDE_MODE
270250;AL;;;8;0;;False;CNES_ST_REGSAUDE_MODE
270255;AL;0008;AL-0008;14;14;0008;False;CNES_ST_REGSAUDE_MODE
270260;AL;0007;AL-0007;17;15;0007;False;CNES_ST_REGSAUDE_MODE
270270;AL;0006;AL-0006;3;3;0006;False;CNES_ST_REGSAUDE_MODE
270280;AL;0001;AL-0001;9;9;0001;False;CNES_ST_REGSAUDE_MODE
270290;AL;;;25;0;;False;CNES_ST_REGSAUDE_MODE
270300;AL;0003;AL-0003;11;1;0003|0005;True;CNES_ST_REGSAUDE_MODE
270310;AL;0008;AL-0008;19;14;0008;False;CNES_ST_REGSAUDE_MODE
270320;AL;0002;AL-0002;22;16;0001|0002|0006;True;CNES_ST_REGSAUDE_MODE
270330;AL;0010;AL-0010;13;4;0003|0010;True;CNES_ST_REGSAUDE_MODE
270340;AL;;;9;0;;False;CNES_ST_REGSAUDE_MODE
270350;AL;0001;AL-0001;3;2;0001;False;CNES_ST_REGSAUDE_MODE
270360;AL;;;6;0;;False;CNES_ST_REGSAUDE_MODE
270370;AL;;;5;0;;False;CNES_ST_REGSAUDE_MODE
270375;AL;0001;AL-0001;12;3;0001|0006;True;CNES_ST_REGSAUDE_MODE
270380;AL;0012;AL-0012;16;14;0005|0012;True;CNES_ST_REGSAUDE_MODE
270390;AL;0007;AL-0007;4;2;0005|0007;True;CNES_ST_REGSAUDE_MODE
270400;AL;0001;AL-0001;35;7;0001|0002;True;CNES_ST_REGSAUDE_MODE
270410;AL;0007;AL-0007;21;20;0007;False;CNES_ST_REGSAUDE_MODE
270420;AL;;;31;0;;False;CNES_ST_REGSAUDE_MODE
270430;AL;0001;AL-0001;1589;13;0001;False;CNES_ST_REGSAUDE_MODE
270440;AL;0004;AL-0004;13;1;0004;False;CNES_ST_REGSAUDE_MODE
270450;AL;;;24;0;;False;CNES_ST_REGSAUDE_MODE
270460;AL;;;11;0;;False;CNES_ST_REGSAUDE_MODE
270470;AL;;;39;0;;False;CNES_ST_REGSAUDE_MODE
270480;AL;;;15;0;;False;CNES_ST_REGSAUDE_MODE
270490;AL;;;4;0;;False;CNES_ST_REGSAUDE_MODE
270500;AL;0010;AL-0010;11;3;0003|0010;True;CNES_ST_REGSAUDE_MODE
270510;AL;;;17;0;;False;CNES_ST_REGSAUDE_MODE
270520;AL;0001;AL-0001;11;1;0001;False;CNES_ST_REGSAUDE_MODE
270530;AL;0008;AL-0008;6;6;0008;False;CNES_ST_REGSAUDE_MODE
270540;AL;;;9;0;;False;CNES_ST_REGSAUDE_MODE
270550;AL;0005;AL-0005;16;9;0003|0005;True;CNES_ST_REGSAUDE_MODE
270560;AL;0003;AL-0003;8;1;0001|0003;True;CNES_ST_REGSAUDE_MODE
270570;AL;0008;AL-0008;14;1;0003|0008;True;CNES_ST_REGSAUDE_MODE
270580;AL;;;5;0;;False;CNES_ST_REGSAUDE_MODE
270590;AL;0007;AL-0007;8;7;0007;False;CNES_ST_REGSAUDE_MODE
270600;AL;0009;AL-0009;9;1;0009;False;CNES_ST_REGSAUDE_MODE
270610;AL;;;9;0;;False;CNES_ST_REGSAUDE_MODE
270620;AL;0009;AL-0009;5;3;0003|0009;True;CNES_ST_REGSAUDE_MODE
270630;AL;0008;AL-0008;91;28;0002|0004|0008;True;CNES_ST_REGSAUDE_MODE
270640;AL;0009;AL-0009;25;2;0004|0009;True;CNES_ST_REGSAUDE_MODE
270642;AL;0010;AL-0010;16;6;0003|0010;True;CNES_ST_REGSAUDE_MODE
270644;AL;0001;AL-0001;11;2;0001;False;CNES_ST_REGSAUDE_MODE
270650;AL;;;13;0;;False;CNES_ST_REGSAUDE_MODE
270660;AL;0001;AL-0001;7;1;0001|0004;True;CNES_ST_REGSAUDE_MODE
270670;AL;0006;AL-0006;92;66;0002|0006;True;CNES_ST_REGSAUDE_MODE
270680;AL;0004;AL-0004;18;1;0001|0004;True;CNES_ST_REGSAUDE_MODE
270690;AL;;;23;0;;False;CNES_ST_REGSAUDE_MODE
270700;AL;0004;AL-0004;4;4;0004;False;CNES_ST_REGSAUDE_MODE
270710;AL;0003;AL-0003;27;11;0002|0003|0007|0010;True;CNES_ST_REGSAUDE_MODE
270720;AL;0009;AL-0009;16;4;0009;False;CNES_ST_REGSAUDE_MODE
270730;AL;;;24;0;;False;CNES_ST_REGSAUDE_MODE
270740;AL;0002;AL-0002;8;8;0002;False;CNES_ST_REGSAUDE_MODE
270750;AL;0002;AL-0002;17;6;0001|0002|0006;True;CNES_ST_REGSAUDE_MODE
270760;AL;0001;AL-0001;13;2;0001|0002;True;CNES_ST_REGSAUDE_MODE
270770;AL;0001;AL-0001;49;14;0001;False;CNES_ST_REGSAUDE_MODE
270780;AL;0002;AL-0002;6;3;0002|0003;True;CNES_ST_REGSAUDE_MODE
270790;AL;;;5;0;;False;CNES_ST_REGSAUDE_MODE
270800;AL;0003;AL-0003;53;14;0003|0004|0009;True;CNES_ST_REGSAUDE_MODE
270810;AL;0003;AL-0003;10;4;0003|0005|0011;True;CNES_ST_REGSAUDE_MODE
270820;AL;;;10;0;;False;CNES_ST_REGSAUDE_MODE
270830;AL;0005;AL-0005;20;2;0005;False;CNES_ST_REGSAUDE_MODE
270840;AL;;;20;0;;False;CNES_ST_REGSAUDE_MODE
270850;AL;0002;AL-0002;22;3;0001|0002;True;CNES_ST_REGSAUDE_MODE
270860;AL;0002;AL-0002;46;14;0002|0003|0005;True;CNES_ST_REGSAUDE_MODE
270870;AL;;;6;0;;False;CNES_ST_REGSAUDE_MODE
270880;AL;0002;AL-0002;39;1;0002;False;CNES_ST_REGSAUDE_MODE
270890;AL;;;14;0;;False;CNES_ST_REGSAUDE_MODE
270895;AL;;;8;0;;False;CNES_ST_REGSAUDE_MODE
270900;AL;;;6;0;;False;CNES_ST_REGSAUDE_MODE
270910;AL;0006;AL-0006;24;1;0006;False;CNES_ST_REGSAUDE_MODE
270915;AL;0001;AL-0001;42;23;0001|0002;True;CNES_ST_REGSAUDE_MODE
270920;AL;0002;AL-0002;16;2;0002|0007;True;CNES_ST_REGSAUDE_MODE
270930;AL;0003;AL-0003;52;27;0003|0005;True;CNES_ST_REGSAUDE_MODE
270940;AL;0001;AL-0001;24;3;0001|0004;True;CNES_ST_REGSAUDE_MODE
280010;SE;0005;SE-0005;6;1;0005;False;CNES_ST_REGSAUDE_MODE
280020;SE;0005;SE-0005;19;16;0005;False;CNES_ST_REGSAUDE_MODE
280030;SE;0008;SE-0008;2573;44;0008|2800;True;CNES_ST_REGSAUDE_MODE
280040;SE;0001;SE-0001;14;10;0001;False;CNES_ST_REGSAUDE_MODE
280050;SE;0002;SE-0002;15;8;0002;False;CNES_ST_REGSAUDE_MODE
280060;SE;0008;SE-0008;21;5;0001|0008;True;CNES_ST_REGSAUDE_MODE
280067;SE;0001;SE-0001;27;5;0001;False;CNES_ST_REGSAUDE_MODE
280070;SE;0005;SE-0005;5;2;0005;False;CNES_ST_REGSAUDE_MODE
280100;SE;0002;SE-0002;19;13;0002;False;CNES_ST_REGSAUDE_MODE
280110;SE;0005;SE-0005;9;8;0005;False;CNES_ST_REGSAUDE_MODE
280120;SE;0004;SE-0004;23;15;0004|0005;True;CNES_ST_REGSAUDE_MODE
280130;SE;0003;SE-0003;29;21;0003;False;CNES_ST_REGSAUDE_MODE
280140;SE;0002;SE-0002;15;13;0002;False;CNES_ST_REGSAUDE_MODE
280150;SE;0003;SE-0003;16;1;0003;False;CNES_ST_REGSAUDE_MODE
280160;SE;0005;SE-0005;6;6;0005;False;CNES_ST_REGSAUDE_MODE
280170;SE;0001;SE-0001;18;7;0001;False;CNES_ST_REGSAUDE_MODE
280190;SE;0004;SE-0004;7;4;0003|0004;True;CNES_ST_REGSAUDE_MODE
280200;SE;0003;SE-0003;6;5;0003;False;CNES_ST_REGSAUDE_MODE
280210;SE;0001;SE-0001;62;11;0001;False;CNES_ST_REGSAUDE_MODE
280220;SE;0004;SE-0004;8;6;0004;False;CNES_ST_REGSAUDE_MODE
280230;SE;0002;SE-0002;7;4;0002;False;CNES_ST_REGSAUDE_MODE
280240;SE;0004;SE-0004;6;4;0004;False;CNES_ST_REGSAUDE_MODE
280250;SE;0003;SE-0003;4;2;0003;False;CNES_ST_REGSAUDE_MODE
280260;SE;0004;SE-0004;7;3;0004|0005;True;CNES_ST_REGSAUDE_MODE
280270;SE;0005;SE-0005;6;6;0005;False;CNES_ST_REGSAUDE_MODE
280280;SE;0001;SE-0001;21;12;0001;False;CNES_ST_REGSAUDE_MODE
280290;SE;0002;SE-0002;127;41;0002;False;CNES_ST_REGSAUDE_MODE
280300;SE;0001;SE-0001;28;12;0001;False;CNES_ST_REGSAUDE_MODE
280310;SE;0004;SE-0004;6;6;0004;False;CNES_ST_REGSAUDE_MODE
280320;SE;0008;SE-0008;34;22;0008;False;CNES_ST_REGSAUDE_MODE
280330;SE;0003;SE-0003;22;17;0003;False;CNES_ST_REGSAUDE_MODE
280340;SE;0005;SE-0005;13;7;0005;False;CNES_ST_REGSAUDE_MODE
280350;SE;;;91;0;;False;CNES_ST_REGSAUDE_MODE
280360;SE;0008;SE-0008;21;15;0008;False;CNES_ST_REGSAUDE_MODE
280370;SE;0002;SE-0002;8;4;0002;False;CNES_ST_REGSAUDE_MODE
280380;SE;0005;SE-0005;5;3;0005;False;CNES_ST_REGSAUDE_MODE
280390;SE;0002;SE-0002;10;6;0002;False;CNES_ST_REGSAUDE_MODE
280400;SE;0003;SE-0003;12;7;0003;False;CNES_ST_REGSAUDE_MODE
280410;SE;0002;SE-0002;10;9;0002;False;CNES_ST_REGSAUDE_MODE
280420;SE;0004;SE-0004;7;1;0004;False;CNES_ST_REGSAUDE_MODE
280430;SE;0005;SE-0005;8;7;0005;False;CNES_ST_REGSAUDE_MODE
280440;SE;0005;SE-0005;29;7;0005;False;CNES_ST_REGSAUDE_MODE
280445;SE;0028;SE-0028;6;4;0002|0028;True;CNES_ST_REGSAUDE_MODE
280450;SE;0004;SE-0004;31;12;0004;False;CNES_ST_REGSAUDE_MODE
280460;SE;0003;SE-0003;23;11;0003;False;CNES_ST_REGSAUDE_MODE
280470;SE;0004;SE-0004;5;5;0004;False;CNES_ST_REGSAUDE_MODE
280480;SE;0008;SE-0008;87;49;0003|0008;True;CNES_ST_REGSAUDE_MODE
280490;SE;0005;SE-0005;10;8;0005;False;CNES_ST_REGSAUDE_MODE
280500;SE;0002;SE-0002;7;5;0002;False;CNES_ST_REGSAUDE_MODE
280510;SE;0001;SE-0001;5;5;0001;False;CNES_ST_REGSAUDE_MODE
280520;SE;0002;SE-0002;5;2;0002;False;CNES_ST_REGSAUDE_MODE
280530;SE;0003;SE-0003;6;1;0003;False;CNES_ST_REGSAUDE_MODE
280540;SE;0004;SE-0004;12;9;0004;False;CNES_ST_REGSAUDE_MODE
280550;SE;0006;SE-0006;15;6;0006;False;CNES_ST_REGSAUDE_MODE
280560;SE;0004;SE-0004;20;10;0004|0005|0011|0015;True;CNES_ST_REGSAUDE_MODE
280570;SE;0005;SE-0005;44;14;0005;False;CNES_ST_REGSAUDE_MODE
280580;SE;0006;SE-0006;16;15;0006;False;CNES_ST_REGSAUDE_MODE
280590;SE;0008;SE-0008;9;5;0008;False;CNES_ST_REGSAUDE_MODE
280600;SE;0002;SE-0002;20;11;0002;False;CNES_ST_REGSAUDE_MODE
280610;SE;0003;SE-0003;10;5;0001|0003;True;CNES_ST_REGSAUDE_MODE
280620;SE;0006;SE-0006;17;7;0006;False;CNES_ST_REGSAUDE_MODE
280630;SE;0001;SE-0001;11;7;0001;False;CNES_ST_REGSAUDE_MODE
280640;SE;0005;SE-0005;5;4;0005;False;CNES_ST_REGSAUDE_MODE
280650;SE;0003;SE-0003;6;4;0002|0003;True;CNES_ST_REGSAUDE_MODE
280660;SE;0003;SE-0003;5;2;0003;False;CNES_ST_REGSAUDE_MODE
280670;SE;0008;SE-0008;43;23;0008;False;CNES_ST_REGSAUDE_MODE
280680;SE;0002;SE-0002;11;7;0002;False;CNES_ST_REGSAUDE_MODE
280690;SE;0005;SE-0005;5;4;0005;False;CNES_ST_REGSAUDE_MODE
280700;SE;0002;SE-0002;9;8;0002;False;CNES_ST_REGSAUDE_MODE
280710;SE;0006;SE-0006;43;26;0006;False;CNES_ST_REGSAUDE_MODE
280720;SE;0003;SE-0003;12;5;0003;False;CNES_ST_REGSAUDE_MODE
280730;SE;0005;SE-0005;7;5;0005;False;CNES_ST_REGSAUDE_MODE
280740;SE;0006;SE-0006;40;20;0004|0006;True;CNES_ST_REGSAUDE_MODE
280750;SE;0001;SE-0001;8;4;0001|0006;True;CNES_ST_REGSAUDE_MODE
280760;SE;0001;SE-0001;16;7;0001|0004;True;CNES_ST_REGSAUDE_MODE
290010;BA;0027;BA-0027;11;11;0027;False;CNES_ST_REGSAUDE_MODE
290020;BA;0010;BA-0010;18;9;0010;False;CNES_ST_REGSAUDE_MODE
290030;BA;0003;BA-0003;10;6;0003;False;CNES_ST_REGSAUDE_MODE
290035;BA;0011;BA-0011;13;10;0011;False;CNES_ST_REGSAUDE_MODE
290040;BA;0012;BA-0012;12;9;0012;False;CNES_ST_REGSAUDE_MODE
290050;BA;0023;BA-0023;16;10;0023;False;CNES_ST_REGSAUDE_MODE
290060;BA;0013;BA-0013;5;4;0013;False;CNES_ST_REGSAUDE_MODE
290070;BA;0003;BA-0003;270;241;0003|0004;True;CNES_ST_REGSAUDE_MODE
290080;BA;0009;BA-0009;21;15;0009;False;CNES_ST_REGSAUDE_MODE
290090;BA;0007;BA-0007;7;5;0007;False;CNES_ST_REGSAUDE_MODE
290100;BA;0029;BA-0029;53;38;0029;False;CNES_ST_REGSAUDE_MODE
290110;BA;0002;BA-0002;20;15;0002;False;CNES_ST_REGSAUDE_MODE
290115;BA;0021;BA-0021;14;11;0021;False;CNES_ST_REGSAUDE_MODE
290120;BA;0020;BA-0020;18;15;0020;False;CNES_ST_REGSAUDE_MODE
290130;BA;0018;BA-0018;13;10;0018;False;CNES_ST_REGSAUDE_MODE
290135;BA;0028;BA-0028;22;20;0028;False;CNES_ST_REGSAUDE_MODE
290140;BA;0025;BA-0025;10;1;0025;False;CNES_ST_REGSAUDE_MODE
290150;BA;0002;BA-0002;12;9;0002;False;CNES_ST_REGSAUDE_MODE
290160;BA;0011;BA-0011;18;12;0011;False;CNES_ST_REGSAUDE_MODE
290170;BA;0002;BA-0002;8;7;0002;False;CNES_ST_REGSAUDE_MODE
290180;BA;0028;BA-0028;10;10;0028;False;CNES_ST_REGSAUDE_MODE
290190;BA;0003;BA-0003;14;14;0003;False;CNES_ST_REGSAUDE_MODE
290195;BA;0013;BA-0013;8;3;0013;False;CNES_ST_REGSAUDE_MODE
290200;BA;0019;BA-0019;23;20;0019;False;CNES_ST_REGSAUDE_MODE
290205;BA;0003;BA-0003;11;2;0003;False;CNES_ST_REGSAUDE_MODE
290210;BA;0012;BA-0012;46;41;0001|0002|0011|0012;True;CNES_ST_REGSAUDE_MODE
290220;BA;0003;BA-0003;13;6;0003;False;CNES_ST_REGSAUDE_MODE
290225;BA;0006;BA-0006;11;10;0006;False;CNES_ST_REGSAUDE_MODE
290230;BA;0004;BA-0004;11;5;0004;False;CNES_ST_REGSAUDE_MODE
290240;BA;0007;BA-0007;12;11;0007;False;CNES_ST_REGSAUDE_MODE
290250;BA;0025;BA-0025;10;1;0025;False;CNES_ST_REGSAUDE_MODE
290260;BA;0017;BA-0017;25;24;0017;False;CNES_ST_REGSAUDE_MODE
290265;BA;0011;BA-0011;8;8;0011;False;CNES_ST_REGSAUDE_MODE
290270;BA;0022;BA-0022;33;18;0022|0029;True;CNES_ST_REGSAUDE_MODE
290280;BA;0019;BA-0019;28;5;0019;False;CNES_ST_REGSAUDE_MODE
290290;BA;0020;BA-0020;31;20;0020;False;CNES_ST_REGSAUDE_MODE
290300;BA;0021;BA-0021;23;22;0021;False;CNES_ST_REGSAUDE_MODE
290310;BA;0013;BA-0013;6;4;0013;False;CNES_ST_REGSAUDE_MODE
290320;BA;0025;BA-0025;232;177;0025;False;CNES_ST_REGSAUDE_MODE
290323;BA;0021;BA-0021;15;12;0021;False;CNES_ST_REGSAUDE_MODE
290327;BA;0012;BA-0012;30;24;0012;False;CNES_ST_REGSAUDE_MODE
290330;BA;0007;BA-0007;8;6;0007;False;CNES_ST_REGSAUDE_MODE
290340;BA;0008;BA-0008;24;20;0008;False;CNES_ST_REGSAUDE_MODE
290350;BA;0020;BA-0020;15;13;0020;False;CNES_ST_REGSAUDE_MODE
290360;BA;0012;BA-0012;18;15;0012|0013;True;CNES_ST_REGSAUDE_MODE
290370;BA;0013;BA-0013;12;11;0013;False;CNES_ST_REGSAUDE_MODE
290380;BA;0018;BA-0018;23;17;0014|0018;True;CNES_ST_REGSAUDE_MODE
290390;BA;0026;BA-0026;103;35;0026;False;CNES_ST_REGSAUDE_MODE
290395;BA;0020;BA-0020;10;8;0020;False;CNES_ST_REGSAUDE_MODE
290400;BA;0027;BA-0027;17;15;0027|0037;True;CNES_ST_REGSAUDE_MODE
290405;BA;0018;BA-0018;10;8;0018;False;CNES_ST_REGSAUDE_MODE
290410;BA;0023;BA-0023;31;29;0023;False;CNES_ST_REGSAUDE_MODE
290420;BA;0023;BA-0023;29;28;0023;False;CNES_ST_REGSAUDE_MODE
290430;BA;0013;BA-0013;12;7;0013;False;CNES_ST_REGSAUDE_MODE
290440;BA;0025;BA-0025;10;5;0022|0025|0026;True;CNES_ST_REGSAUDE_MODE
290450;BA;0022;BA-0022;30;25;0022;False;CNES_ST_REGSAUDE_MODE
290460;BA;0019;BA-0019;134;89;0019;False;CNES_ST_REGSAUDE_MODE
290470;BA;0007;BA-0007;14;13;0005|0007;True;CNES_ST_REGSAUDE_MODE
290475;BA;0022;BA-0022;15;8;0022|0025;True;CNES_ST_REGSAUDE_MODE
290480;BA;0014;BA-0014;8;8;0014;False;CNES_ST_REGSAUDE_MODE
290485;BA;0031;BA-0031;19;18;0031;False;CNES_ST_REGSAUDE_MODE
290490;BA;0031;BA-0031;44;38;0031;False;CNES_ST_REGSAUDE_MODE
290500;BA;0024;BA-0024;39;31;0024;False;CNES_ST_REGSAUDE_MODE
290510;BA;0016;BA-0016;11;11;0016;False;CNES_ST_REGSAUDE_MODE
290515;BA;0020;BA-0020;12;9;0020;False;CNES_ST_REGSAUDE_MODE
290520;BA;0024;BA-0024;101;92;0024;False;CNES_ST_REGSAUDE_MODE
290530;BA;0021;BA-0021;18;10;0021;False;CNES_ST_REGSAUDE_MODE
290540;BA;0005;BA-0005;14;11;0005;False;CNES_ST_REGSAUDE_MODE
290550;BA;0016;BA-0016;12;11;0016;False;CNES_ST_REGSAUDE_MODE
290560;BA;0007;BA-0007;28;23;0007;False;CNES_ST_REGSAUDE_MODE
290570;BA;0001;BA-0001;213;132;0000|0001|0005|2905;True;CNES_ST_REGSAUDE_MODE
290580;BA;0005;BA-0005;22;20;0005;False;CNES_ST_REGSAUDE_MODE
290590;BA;0015;BA-0015;18;8;0015;False;CNES_ST_REGSAUDE_MODE
290600;BA;0028;BA-0028;70;43;0028;False;CNES_ST_REGSAUDE_MODE
290610;BA;0026;BA-0026;13;13;0026;False;CNES_ST_REGSAUDE_MODE
290620;BA;0021;BA-0021;19;14;0021;False;CNES_ST_REGSAUDE_MODE
290630;BA;0006;BA-0006;38;32;0006;False;CNES_ST_REGSAUDE_MODE
290640;BA;0002;BA-0002;9;8;0002;False;CNES_ST_REGSAUDE_MODE
290650;BA;0001;BA-0001;71;28;0001;False;CNES_ST_REGSAUDE_MODE
290660;BA;0030;BA-0030;15;6;0030;False;CNES_ST_REGSAUDE_MODE
290670;BA;0020;BA-0020;27;3;0020;False;CNES_ST_REGSAUDE_MODE
290680;BA;0012;BA-0012;27;10;0012;False;CNES_ST_REGSAUDE_MODE
290682;BA;0015;BA-0015;14;9;0012|0015|0150;True;CNES_ST_REGSAUDE_MODE
290685;BA;0017;BA-0017;16;14;0017;False;CNES_ST_REGSAUDE_MODE
290687;BA;0016;BA-0016;41;34;0016;False;CNES_ST_REGSAUDE_MODE
290689;BA;0020;BA-0020;10;10;0020;False;CNES_ST_REGSAUDE_MODE
290690;BA;0009;BA-0009;23;23;0009;False;CNES_ST_REGSAUDE_MODE
290700;BA;0003;BA-0003;10;9;0003;False;CNES_ST_REGSAUDE_MODE
290710;BA;0030;BA-0030;24;24;0030;False;CNES_ST_REGSAUDE_MODE
290720;BA;0015;BA-0015;40;5;0015;False;CNES_ST_REGSAUDE_MODE
290730;BA;0004;BA-0004;29;24;0004;False;CNES_ST_REGSAUDE_MODE
290740;BA;0025;BA-0025;6;4;0025;False;CNES_ST_REGSAUDE_MODE
290750;BA;0003;BA-0003;76;69;0003;False;CNES_ST_REGSAUDE_MODE
290755;BA;0023;BA-0023;10;10;0023;False;CNES_ST_REGSAUDE_MODE
290760;BA;0021;BA-0021;12;8;0021;False;CNES_ST_REGSAUDE_MODE
290770;BA;0010;BA-0010;16;6;0010;False;CNES_ST_REGSAUDE_MODE
290780;BA;0011;BA-0011;35;24;0010|0011;True;CNES_ST_REGSAUDE_MODE
290790;BA;0011;BA-0011;15;13;0011;False;CNES_ST_REGSAUDE_MODE
290800;BA;0007;BA-0007;19;14;0005|0007;True;CNES_ST_REGSAUDE_MODE
290810;BA;0026;BA-0026;15;10;0025|0026;True;CNES_ST_REGSAUDE_MODE
290820;BA;0031;BA-0031;25;19;0003|0031;True;CNES_ST_REGSAUDE_MODE
290830;BA;0004;BA-0004;31;28;0004;False;CNES_ST_REGSAUDE_MODE
290840;BA;0012;BA-0012;89;58;0012;False;CNES_ST_REGSAUDE_MODE
290850;BA;0002;BA-0002;31;16;0002;False;CNES_ST_REGSAUDE_MODE
290860;BA;0003;BA-0003;21;14;0001|0003;True;CNES_ST_REGSAUDE_MODE
290870;BA;0020;BA-0020;31;18;0020;False;CNES_ST_REGSAUDE_MODE
290880;BA;;;11;0;;False;CNES_ST_REGSAUDE_MODE
290890;BA;0002;BA-0002;16;12;0002;False;CNES_ST_REGSAUDE_MODE
290900;BA;0020;BA-0020;8;7;0020;False;CNES_ST_REGSAUDE_MODE
290910;BA;0026;BA-0026;20;12;0026;False;CNES_ST_REGSAUDE_MODE
290920;BA;0010;BA-0010;12;6;0010|0011;True;CNES_ST_REGSAUDE_MODE
290930;BA;0026;BA-0026;22;16;0022|0026;True;CNES_ST_REGSAUDE_MODE
290940;BA;0025;BA-0025;10;5;0025;False;CNES_ST_REGSAUDE_MODE
290950;BA;0013;BA-0013;9;8;0013;False;CNES_ST_REGSAUDE_MODE
290960;BA;0003;BA-0003;14;11;0003;False;CNES_ST_REGSAUDE_MODE
290970;BA;0025;BA-0025;12;9;0025;False;CNES_ST_REGSAUDE_MODE
290980;BA;0031;BA-0031;104;48;0004|0031;True;CNES_ST_REGSAUDE_MODE
290990;BA;0015;BA-0015;23;14;0015;False;CNES_ST_REGSAUDE_MODE
291000;BA;0013;BA-0013;11;11;0013;False;CNES_ST_REGSAUDE_MODE
291005;BA;0001;BA-0001;48;37;0001;False;CNES_ST_REGSAUDE_MODE
291010;BA;0019;BA-0019;25;25;0019;False;CNES_ST_REGSAUDE_MODE
291020;BA;0004;BA-0004;5;5;0004;False;CNES_ST_REGSAUDE_MODE
291030;BA;0029;BA-0029;11;10;0029;False;CNES_ST_REGSAUDE_MODE
291040;BA;0020;BA-0020;17;11;0020;False;CNES_ST_REGSAUDE_MODE
291050;BA;0003;BA-0003;32;22;0003;False;CNES_ST_REGSAUDE_MODE
291060;BA;0003;BA-0003;30;23;0003;False;CNES_ST_REGSAUDE_MODE
291070;BA;0012;BA-0012;45;29;0012;False;CNES_ST_REGSAUDE_MODE
291072;BA;0008;BA-0008;203;169;0008;False;CNES_ST_REGSAUDE_MODE
291075;BA;0011;BA-0011;17;14;0011;False;CNES_ST_REGSAUDE_MODE
291077;BA;0026;BA-0026;9;6;0026|0030;True;CNES_ST_REGSAUDE_MODE
291080;BA;0002;BA-0002;800;656;0001|0002|0003|0020|0222|0397;True;CNES_ST_REGSAUDE_MODE
291085;BA;0028;BA-0028;30;27;0028;False;CNES_ST_REGSAUDE_MODE
291090;BA;0014;BA-0014;7;7;0014;False;CNES_ST_REGSAUDE_MODE
291100;BA;0007;BA-0007;6;6;0007;False;CNES_ST_REGSAUDE_MODE
291110;BA;0025;BA-0025;13;12;0025;False;CNES_ST_REGSAUDE_MODE
291120;BA;0005;BA-0005;71;67;0005;False;CNES_ST_REGSAUDE_MODE
291125;BA;0017;BA-0017;4;4;0017;False;CNES_ST_REGSAUDE_MODE
291130;BA;0021;BA-0021;12;12;0021;False;CNES_ST_REGSAUDE_MODE
291140;BA;0010;BA-0010;23;23;0010;False;CNES_ST_REGSAUDE_MODE
291150;BA;0007;BA-0007;10;10;0007;False;CNES_ST_REGSAUDE_MODE
291160;BA;0031;BA-0031;29;27;0031;False;CNES_ST_REGSAUDE_MODE
291165;BA;0019;BA-0019;22;4;0019|0024;True;CNES_ST_REGSAUDE_MODE
291170;BA;0030;BA-0030;195;161;0030;False;CNES_ST_REGSAUDE_MODE
291180;BA;0008;BA-0008;21;19;0008;False;CNES_ST_REGSAUDE_MODE
291185;BA;0011;BA-0011;9;6;0011;False;CNES_ST_REGSAUDE_MODE
291190;BA;0018;BA-0018;21;17;0018;False;CNES_ST_REGSAUDE_MODE
291200;BA;0024;BA-0024;20;15;0024;False;CNES_ST_REGSAUDE_MODE
291210;BA;0007;BA-0007;29;29;0007;False;CNES_ST_REGSAUDE_MODE
291220;BA;0019;BA-0019;26;19;0019;False;CNES_ST_REGSAUDE_MODE
291230;BA;0014;BA-0014;17;17;0014;False;CNES_ST_REGSAUDE_MODE
291240;BA;0021;BA-0021;16;15;0021;False;CNES_ST_REGSAUDE_MODE
291250;BA;0023;BA-0023;31;21;0023;False;CNES_ST_REGSAUDE_MODE
291260;BA;0018;BA-0018;9;2;0018;False;CNES_ST_REGSAUDE_MODE
291270;BA;0007;BA-0007;14;14;0007;False;CNES_ST_REGSAUDE_MODE
291280;BA;0009;BA-0009;26;19;0009;False;CNES_ST_REGSAUDE_MODE
291290;BA;0013;BA-0013;20;19;0013;False;CNES_ST_REGSAUDE_MODE
291300;BA;0027;BA-0027;12;12;0027;False;CNES_ST_REGSAUDE_MODE
291310;BA;0021;BA-0021;20;20;0021;False;CNES_ST_REGSAUDE_MODE
291320;BA;0022;BA-0022;68;64;0001|0002|0022;True;CNES_ST_REGSAUDE_MODE
291330;BA;0002;BA-0002;9;6;0002;False;CNES_ST_REGSAUDE_MODE
291340;BA;0024;BA-0024;22;2;0024;False;CNES_ST_REGSAUDE_MODE
291345;BA;0005;BA-0005;17;17;0005;False;CNES_ST_REGSAUDE_MODE
291350;BA;0014;BA-0014;21;19;0014;False;CNES_ST_REGSAUDE_MODE
291360;BA;0006;BA-0006;270;235;0006;False;CNES_ST_REGSAUDE_MODE
291370;BA;0003;BA-0003;31;13;0003;False;CNES_ST_REGSAUDE_MODE
291380;BA;0002;BA-0002;9;8;0002;False;CNES_ST_REGSAUDE_MODE
291390;BA;0013;BA-0013;88;69;0013;False;CNES_ST_REGSAUDE_MODE
291400;BA;0002;BA-0002;48;17;0002;False;CNES_ST_REGSAUDE_MODE
291410;BA;0022;BA-0022;10;10;0022;False;CNES_ST_REGSAUDE_MODE
291420;BA;0013;BA-0013;9;9;0013;False;CNES_ST_REGSAUDE_MODE
291430;BA;0013;BA-0013;8;7;0013;False;CNES_ST_REGSAUDE_MODE
291440;BA;0027;BA-0027;15;15;0027;False;CNES_ST_REGSAUDE_MODE
291450;BA;0002;BA-0002;32;5;0002;False;CNES_ST_REGSAUDE_MODE
291460;BA;0021;BA-0021;141;126;0021;False;CNES_ST_REGSAUDE_MODE
291465;BA;0008;BA-0008;38;31;0008|0009;True;CNES_ST_REGSAUDE_MODE
291470;BA;0018;BA-0018;83;46;0017|0018;True;CNES_ST_REGSAUDE_MODE
291480;BA;0007;BA-0007;431;382;0007;False;CNES_ST_REGSAUDE_MODE
291490;BA;0006;BA-0006;27;9;0006;False;CNES_ST_REGSAUDE_MODE
291500;BA;0018;BA-0018;12;9;0018;False;CNES_ST_REGSAUDE_MODE
291510;BA;0013;BA-0013;16;16;0013;False;CNES_ST_REGSAUDE_MODE
291520;BA;0013;BA-0013;7;4;0013;False;CNES_ST_REGSAUDE_MODE
291530;BA;0008;BA-0008;7;7;0008;False;CNES_ST_REGSAUDE_MODE
291535;BA;0021;BA-0021;12;12;0021;False;CNES_ST_REGSAUDE_MODE
291540;BA;0007;BA-0007;7;6;0007;False;CNES_ST_REGSAUDE_MODE
291550;BA;0007;BA-0007;20;19;0007;False;CNES_ST_REGSAUDE_MODE
291560;BA;0009;BA-0009;79;69;0009;False;CNES_ST_REGSAUDE_MODE
291570;BA;0013;BA-0013;7;7;0013;False;CNES_ST_REGSAUDE_MODE
291580;BA;0014;BA-0014;22;20;0014;False;CNES_ST_REGSAUDE_MODE
291590;BA;0003;BA-0003;6;5;0003;False;CNES_ST_REGSAUDE_MODE
291600;BA;0009;BA-0009;32;32;0009;False;CNES_ST_REGSAUDE_MODE
291610;BA;0001;BA-0001;16;7;0001;False;CNES_ST_REGSAUDE_MODE
291620;BA;0007;BA-0007;17;11;0007;False;CNES_ST_REGSAUDE_MODE
291630;BA;0008;BA-0008;13;12;0008;False;CNES_ST_REGSAUDE_MODE
291640;BA;0014;BA-0014;73;66;0014;False;CNES_ST_REGSAUDE_MODE
291650;BA;0003;BA-0003;27;24;0003|0011;True;CNES_ST_REGSAUDE_MODE
291660;BA;0007;BA-0007;8;6;0007;False;CNES_ST_REGSAUDE_MODE
291670;BA;0013;BA-0013;12;11;0013;False;CNES_ST_REGSAUDE_MODE
291680;BA;0014;BA-0014;17;14;0014;False;CNES_ST_REGSAUDE_MODE
291685;BA;0029;BA-0029;21;8;0004|0029;True;CNES_ST_REGSAUDE_MODE
291690;BA;0013;BA-0013;11;11;0013;False;CNES_ST_REGSAUDE_MODE
291700;BA;0028;BA-0028;32;30;0028;False;CNES_ST_REGSAUDE_MODE
291710;BA;0014;BA-0014;23;16;0014;False;CNES_ST_REGSAUDE_MODE
291720;BA;0019;BA-0019;19;10;0019;False;CNES_ST_REGSAUDE_MODE
291730;BA;0005;BA-0005;29;22;0005;False;CNES_ST_REGSAUDE_MODE
291733;BA;0030;BA-0030;12;9;0030;False;CNES_ST_REGSAUDE_MODE
291735;BA;0026;BA-0026;11;10;0026;False;CNES_ST_REGSAUDE_MODE
291740;BA;0024;BA-0024;17;8;0024;False;CNES_ST_REGSAUDE_MODE
291750;BA;0016;BA-0016;179;121;0016;False;CNES_ST_REGSAUDE_MODE
291760;BA;0013;BA-0013;62;40;0013;False;CNES_ST_REGSAUDE_MODE
291770;BA;0028;BA-0028;36;34;0028;False;CNES_ST_REGSAUDE_MODE
291780;BA;0004;BA-0004;19;11;0004;False;CNES_ST_REGSAUDE_MODE
291790;BA;0003;BA-0003;14;9;0003;False;CNES_ST_REGSAUDE_MODE
291800;BA;0013;BA-0013;224;141;0013;False;CNES_ST_REGSAUDE_MODE
291810;BA;0010;BA-0010;47;42;0010;False;CNES_ST_REGSAUDE_MODE
291820;BA;0029;BA-0029;15;15;0029;False;CNES_ST_REGSAUDE_MODE
291830;BA;0013;BA-0013;13;12;0013;False;CNES_ST_REGSAUDE_MODE
291835;BA;0021;BA-0021;25;12;0021;False;CNES_ST_REGSAUDE_MODE
291840;BA;0015;BA-0015;282;229;0015;False;CNES_ST_REGSAUDE_MODE
291845;BA;0009;BA-0009;12;12;0009;False;CNES_ST_REGSAUDE_MODE
291850;BA;0021;BA-0021;17;15;0021;False;CNES_ST_REGSAUDE_MODE
291855;BA;0007;BA-0007;9;9;0007;False;CNES_ST_REGSAUDE_MODE
291860;BA;0019;BA-0019;16;10;0019;False;CNES_ST_REGSAUDE_MODE
291870;BA;0013;BA-0013;5;2;0013;False;CNES_ST_REGSAUDE_MODE
291875;BA;0024;BA-0024;14;14;0024;False;CNES_ST_REGSAUDE_MODE
291880;BA;0029;BA-0029;20;12;0029;False;CNES_ST_REGSAUDE_MODE
291890;BA;0009;BA-0009;10;10;0009;False;CNES_ST_REGSAUDE_MODE
291900;BA;0018;BA-0018;8;7;0018;False;CNES_ST_REGSAUDE_MODE
291905;BA;0010;BA-0010;8;4;0010|0013;True;CNES_ST_REGSAUDE_MODE
291910;BA;0012;BA-0012;8;6;0012;False;CNES_ST_REGSAUDE_MODE
291915;BA;0021;BA-0021;24;16;0021;False;CNES_ST_REGSAUDE_MODE
291920;BA;0001;BA-0001;142;39;0001;False;CNES_ST_REGSAUDE_MODE
291930;BA;0027;BA-0027;12;9;0001|0027;True;CNES_ST_REGSAUDE_MODE
291940;BA;0024;BA-0024;14;8;0024;False;CNES_ST_REGSAUDE_MODE
291950;BA;0019;BA-0019;85;39;0019;False;CNES_ST_REGSAUDE_MODE
291955;BA;0025;BA-0025;179;85;0025;False;CNES_ST_REGSAUDE_MODE
291960;BA;0018;BA-0018;13;11;0018;False;CNES_ST_REGSAUDE_MODE
291970;BA;0014;BA-0014;24;15;0014;False;CNES_ST_REGSAUDE_MODE
291980;BA;0023;BA-0023;60;58;0023;False;CNES_ST_REGSAUDE_MODE
291990;BA;0010;BA-0010;11;10;0010;False;CNES_ST_REGSAUDE_MODE
291992;BA;0001;BA-0001;22;17;0001;False;CNES_ST_REGSAUDE_MODE
291995;BA;0020;BA-0020;15;4;0020;False;CNES_ST_REGSAUDE_MODE
292000;BA;0014;BA-0014;7;6;0014;False;CNES_ST_REGSAUDE_MODE
292010;BA;0017;BA-0017;38;35;0016|0017;True;CNES_ST_REGSAUDE_MODE
292020;BA;0030;BA-0030;11;11;0030;False;CNES_ST_REGSAUDE_MODE
292030;BA;0019;BA-0019;12;6;0019;False;CNES_ST_REGSAUDE_MODE
292040;BA;0013;BA-0013;9;6;0013;False;CNES_ST_REGSAUDE_MODE
292045;BA;0011;BA-0011;11;10;0011;False;CNES_ST_REGSAUDE_MODE
292050;BA;0013;BA-0013;47;8;0013;False;CNES_ST_REGSAUDE_MODE
292060;BA;0031;BA-0031;31;22;0004|0031;True;CNES_ST_REGSAUDE_MODE
292070;BA;0007;BA-0007;18;12;0005|0007;True;CNES_ST_REGSAUDE_MODE
292080;BA;0018;BA-0018;12;11;0018;False;CNES_ST_REGSAUDE_MODE
292090;BA;0006;BA-0006;11;11;0006;False;CNES_ST_REGSAUDE_MODE
292100;BA;0003;BA-0003;34;17;0003;False;CNES_ST_REGSAUDE_MODE
292105;BA;0030;BA-0030;21;18;0030;False;CNES_ST_REGSAUDE_MODE
292110;BA;0009;BA-0009;39;39;0009;False;CNES_ST_REGSAUDE_MODE
292120;BA;0016;BA-0016;29;28;0016;False;CNES_ST_REGSAUDE_MODE
292130;BA;0029;BA-0029;9;7;0029;False;CNES_ST_REGSAUDE_MODE
292140;BA;0016;BA-0016;17;14;0016;False;CNES_ST_REGSAUDE_MODE
292145;BA;0020;BA-0020;10;8;0020;False;CNES_ST_REGSAUDE_MODE
292150;BA;0012;BA-0012;39;26;0012;False;CNES_ST_REGSAUDE_MODE
292160;BA;0022;BA-0022;11;8;0022|0025;True;CNES_ST_REGSAUDE_MODE
292170;BA;0016;BA-0016;44;35;0016;False;CNES_ST_REGSAUDE_MODE
292180;BA;0024;BA-0024;23;8;0024;False;CNES_ST_REGSAUDE_MODE
292190;BA;0027;BA-0027;22;14;0027;False;CNES_ST_REGSAUDE_MODE
292200;BA;0009;BA-0009;53;35;0009;False;CNES_ST_REGSAUDE_MODE
292205;BA;0021;BA-0021;11;7;0021;False;CNES_ST_REGSAUDE_MODE
292210;BA;0017;BA-0017;21;19;0017;False;CNES_ST_REGSAUDE_MODE
292220;BA;0004;BA-0004;8;3;0004|0029;True;CNES_ST_REGSAUDE_MODE
292225;BA;0022;BA-0022;20;18;0022;False;CNES_ST_REGSAUDE_MODE
292230;BA;0031;BA-0031;36;21;0004|0031;True;CNES_ST_REGSAUDE_MODE
292240;BA;0029;BA-0029;32;28;0029;False;CNES_ST_REGSAUDE_MODE
292250;BA;0004;BA-0004;35;19;0004;False;CNES_ST_REGSAUDE_MODE
292260;BA;0005;BA-0005;15;15;0005;False;CNES_ST_REGSAUDE_MODE
292265;BA;0012;BA-0012;12;10;0012;False;CNES_ST_REGSAUDE_MODE
292270;BA;0014;BA-0014;14;13;0014;False;CNES_ST_REGSAUDE_MODE
292273;BA;0017;BA-0017;12;8;0002|0017;True;CNES_ST_REGSAUDE_MODE
292275;BA;0005;BA-0005;7;7;0005;False;CNES_ST_REGSAUDE_MODE
292280;BA;0029;BA-0029;9;8;0029;False;CNES_ST_REGSAUDE_MODE
292285;BA;0018;BA-0018;7;3;0018;False;CNES_ST_REGSAUDE_MODE
292290;BA;0011;BA-0011;28;12;0003|0010|0011;True;CNES_ST_REGSAUDE_MODE
292300;BA;0009;BA-0009;37;28;0009;False;CNES_ST_REGSAUDE_MODE
292303;BA;0027;BA-0027;17;11;0027;False;CNES_ST_REGSAUDE_MODE
292305;BA;0011;BA-0011;9;8;0011;False;CNES_ST_REGSAUDE_MODE
292310;BA;0011;BA-0011;20;17;0003|0011;True;CNES_ST_REGSAUDE_MODE
292320;BA;0022;BA-0022;22;18;0022;False;CNES_ST_REGSAUDE_MODE
292330;BA;0003;BA-0003;9;8;0003;False;CNES_ST_REGSAUDE_MODE
292335;BA;0016;BA-0016;15;12;0016;False;CNES_ST_REGSAUDE_MODE
292340;BA;0030;BA-0030;20;20;0030;False;CNES_ST_REGSAUDE_MODE
292350;BA;0027;BA-0027;12;12;0027;False;CNES_ST_REGSAUDE_MODE
292360;BA;0023;BA-0023;59;56;0023;False;CNES_ST_REGSAUDE_MODE
292370;BA;0022;BA-0022;17;13;0022;False;CNES_ST_REGSAUDE_MODE
292380;BA;0011;BA-0011;18;12;0003|0011;True;CNES_ST_REGSAUDE_MODE
292390;BA;0007;BA-0007;11;10;0007;False;CNES_ST_REGSAUDE_MODE
292400;BA;0010;BA-0010;336;326;0010|0410;True;CNES_ST_REGSAUDE_MODE
292405;BA;0017;BA-0017;19;12;0017;False;CNES_ST_REGSAUDE_MODE
292410;BA;0003;BA-0003;8;7;0003;False;CNES_ST_REGSAUDE_MODE
292420;BA;0010;BA-0010;8;7;0010;False;CNES_ST_REGSAUDE_MODE
292430;BA;0027;BA-0027;17;16;0027;False;CNES_ST_REGSAUDE_MODE
292440;BA;0015;BA-0015;19;3;0015;False;CNES_ST_REGSAUDE_MODE
292450;BA;0030;BA-0030;18;15;0030;False;CNES_ST_REGSAUDE_MODE
292460;BA;0028;BA-0028;20;20;0028;False;CNES_ST_REGSAUDE_MODE
292465;BA;0002;BA-0002;10;9;0002;False;CNES_ST_REGSAUDE_MODE
292467;BA;0005;BA-0005;5;3;0005;False;CNES_ST_REGSAUDE_MODE
292470;BA;0020;BA-0020;11;10;0020;False;CNES_ST_REGSAUDE_MODE
292480;BA;0016;BA-0016;22;20;0016;False;CNES_ST_REGSAUDE_MODE
292490;BA;0013;BA-0013;16;1;0013;False;CNES_ST_REGSAUDE_MODE
292500;BA;0020;BA-0020;18;18;0020;False;CNES_ST_REGSAUDE_MODE
292510;BA;0020;BA-0020;38;27;0000|0020;True;CNES_ST_REGSAUDE_MODE
292520;BA;0001;BA-0001;39;21;0001|0003;True;CNES_ST_REGSAUDE_MODE
292525;BA;0028;BA-0028;22;22;0028;False;CNES_ST_REGSAUDE_MODE
292530;BA;0008;BA-0008;215;131;0008;False;CNES_ST_REGSAUDE_MODE
292540;BA;0014;BA-0014;9;8;0014;False;CNES_ST_REGSAUDE_MODE
292550;BA;0009;BA-0009;30;29;0009;False;CNES_ST_REGSAUDE_MODE
292560;BA;0021;BA-0021;13;9;0021;False;CNES_ST_REGSAUDE_MODE
292570;BA;0020;BA-0020;14;14;0020;False;CNES_ST_REGSAUDE_MODE
292575;BA;0004;BA-0004;31;30;0004;False;CNES_ST_REGSAUDE_MODE
292580;BA;0012;BA-0012;25;13;0012;False;CNES_ST_REGSAUDE_MODE
292590;BA;0012;BA-0012;15;4;0012;False;CNES_ST_REGSAUDE_MODE
292593;BA;0016;BA-0016;13;10;0016;False;CNES_ST_REGSAUDE_MODE
292595;BA;0002;BA-0002;26;21;0002;False;CNES_ST_REGSAUDE_MODE
292600;BA;0015;BA-0015;26;14;0015;False;CNES_ST_REGSAUDE_MODE
292610;BA;0012;BA-0012;25;17;0012;False;CNES_ST_REGSAUDE_MODE
292620;BA;0025;BA-0025;19;19;0025;False;CNES_ST_REGSAUDE_MODE
292630;BA;0002;BA-0002;42;33;0002;False;CNES_ST_REGSAUDE_MODE
292640;BA;0024;BA-0024;26;25;0024;False;CNES_ST_REGSAUDE_MODE
292650;BA;0011;BA-0011;11;9;0003|0011;True;CNES_ST_REGSAUDE_MODE
292660;BA;0011;BA-0011;79;44;0011|0111;True;CNES_ST_REGSAUDE_MODE
292665;BA;0020;BA-0020;9;9;0020;False;CNES_ST_REGSAUDE_MODE
292670;BA;0019;BA-0019;25;18;0019;False;CNES_ST_REGSAUDE_MODE
292680;BA;0024;BA-0024;16;16;0024;False;CNES_ST_REGSAUDE_MODE
292690;BA;0023;BA-0023;16;13;0023;False;CNES_ST_REGSAUDE_MODE
292700;BA;0003;BA-0003;33;27;0003;False;CNES_ST_REGSAUDE_MODE
292710;BA;0010;BA-0010;16;12;0010;False;CNES_ST_REGSAUDE_MODE
292720;BA;0018;BA-0018;38;23;0018;False;CNES_ST_REGSAUDE_MODE
292730;BA;0004;BA-0004;11;1;0004;False;CNES_ST_REGSAUDE_MODE
292740;BA;0001;BA-0001;3441;3188;0001|0004|2902;True;CNES_ST_REGSAUDE_MODE
292750;BA;0002;BA-0002;21;15;0002;False;CNES_ST_REGSAUDE_MODE
292760;BA;0010;BA-0010;15;15;0010;False;CNES_ST_REGSAUDE_MODE
292770;BA;0008;BA-0008;32;29;0008;False;CNES_ST_REGSAUDE_MODE
292780;BA;0007;BA-0007;4;4;0007;False;CNES_ST_REGSAUDE_MODE
292790;BA;0013;BA-0013;12;10;0013;False;CNES_ST_REGSAUDE_MODE
292800;BA;0012;BA-0012;50;39;0012;False;CNES_ST_REGSAUDE_MODE
292805;BA;0006;BA-0006;7;7;0006;False;CNES_ST_REGSAUDE_MODE
292810;BA;0026;BA-0026;62;47;0026;False;CNES_ST_REGSAUDE_MODE
292820;BA;0026;BA-0026;16;16;0026;False;CNES_ST_REGSAUDE_MODE
292830;BA;0002;BA-0002;8;7;0002;False;CNES_ST_REGSAUDE_MODE
292840;BA;0025;BA-0025;18;18;0025;False;CNES_ST_REGSAUDE_MODE
292850;BA;0004;BA-0004;14;8;0004;False;CNES_ST_REGSAUDE_MODE
292860;BA;0001;BA-0001;61;26;0001;False;CNES_ST_REGSAUDE_MODE
292870;BA;0004;BA-0004;175;92;0004|0341;True;CNES_ST_REGSAUDE_MODE
292880;BA;0002;BA-0002;58;28;0002;False;CNES_ST_REGSAUDE_MODE
292890;BA;0025;BA-0025;29;28;0025;False;CNES_ST_REGSAUDE_MODE
292895;BA;0012;BA-0012;20;19;0012|0121;True;CNES_ST_REGSAUDE_MODE
292900;BA;0031;BA-0031;24;24;0031;False;CNES_ST_REGSAUDE_MODE
292905;BA;0026;BA-0026;19;16;0026;False;CNES_ST_REGSAUDE_MODE
292910;BA;0004;BA-0004;32;29;0004;False;CNES_ST_REGSAUDE_MODE
292920;BA;0001;BA-0001;36;25;0000|0001|2901;True;CNES_ST_REGSAUDE_MODE
292925;BA;0021;BA-0021;15;9;0021;False;CNES_ST_REGSAUDE_MODE
292930;BA;0002;BA-0002;31;25;0002;False;CNES_ST_REGSAUDE_MODE
292935;BA;0007;BA-0007;6;6;0007;False;CNES_ST_REGSAUDE_MODE
292937;BA;0016;BA-0016;10;5;0016;False;CNES_ST_REGSAUDE_MODE
292940;BA;0029;BA-0029;7;4;0029;False;CNES_ST_REGSAUDE_MODE
292950;BA;0003;BA-0003;50;25;0001|0003;True;CNES_ST_REGSAUDE_MODE
292960;BA;0031;BA-0031;23;15;0004|0031;True;CNES_ST_REGSAUDE_MODE
292970;BA;0031;BA-0031;18;1;0031;False;CNES_ST_REGSAUDE_MODE
292975;BA;0001;BA-0001;10;5;0001|0002;True;CNES_ST_REGSAUDE_MODE
292980;BA;0016;BA-0016;10;10;0016;False;CNES_ST_REGSAUDE_MODE
292990;BA;0027;BA-0027;47;42;0027;False;CNES_ST_REGSAUDE_MODE
293000;BA;0030;BA-0030;12;11;0030;False;CNES_ST_REGSAUDE_MODE
293010;BA;0028;BA-0028;161;156;0028|0029;True;CNES_ST_REGSAUDE_MODE
293015;BA;0026;BA-0026;27;17;0026;False;CNES_ST_REGSAUDE_MODE
293020;BA;0015;BA-0015;13;11;0015;False;CNES_ST_REGSAUDE_MODE
293030;BA;0026;BA-0026;22;17;0026;False;CNES_ST_REGSAUDE_MODE
293040;BA;;;14;0;;False;CNES_ST_REGSAUDE_MODE
293050;BA;0012;BA-0012;117;87;0012;False;CNES_ST_REGSAUDE_MODE
293060;BA;0016;BA-0016;14;13;0016;False;CNES_ST_REGSAUDE_MODE
293070;BA;0001;BA-0001;59;17;0001;False;CNES_ST_REGSAUDE_MODE
293075;BA;0026;BA-0026;9;7;0026;False;CNES_ST_REGSAUDE_MODE
293076;BA;0011;BA-0011;11;8;0011;False;CNES_ST_REGSAUDE_MODE
293077;BA;0015;BA-0015;25;12;0015;False;CNES_ST_REGSAUDE_MODE
293080;BA;0027;BA-0027;14;11;0027;False;CNES_ST_REGSAUDE_MODE
293090;BA;0026;BA-0026;12;7;0025|0026;True;CNES_ST_REGSAUDE_MODE
293100;BA;0019;BA-0019;20;13;0019;False;CNES_ST_REGSAUDE_MODE
293105;BA;0024;BA-0024;19;13;0023|0024|0030;True;CNES_ST_REGSAUDE_MODE
293110;BA;0002;BA-0002;10;10;0002;False;CNES_ST_REGSAUDE_MODE
293120;BA;0005;BA-0005;11;9;0005;False;CNES_ST_REGSAUDE_MODE
293130;BA;0017;BA-0017;14;10;0016|0017;True;CNES_ST_REGSAUDE_MODE
293135;BA;0009;BA-0009;328;261;0002|0007|0009;True;CNES_ST_REGSAUDE_MODE
293140;BA;0002;BA-0002;11;10;0002;False;CNES_ST_REGSAUDE_MODE
293150;BA;0012;BA-0012;20;16;0012;False;CNES_ST_REGSAUDE_MODE
293160;BA;0005;BA-0005;19;19;0005;False;CNES_ST_REGSAUDE_MODE
293170;BA;0002;BA-0002;10;9;0002;False;CNES_ST_REGSAUDE_MODE
293180;BA;0020;BA-0020;16;14;0020;False;CNES_ST_REGSAUDE_MODE
293190;BA;0012;BA-0012;37;23;0012;False;CNES_ST_REGSAUDE_MODE
293200;BA;0015;BA-0015;33;25;0015|0016|0020|0028;True;CNES_ST_REGSAUDE_MODE
293210;BA;0029;BA-0029;21;20;0029;False;CNES_ST_REGSAUDE_MODE
293220;BA;0007;BA-0007;18;17;0007;False;CNES_ST_REGSAUDE_MODE
293230;BA;0007;BA-0007;18;15;0007;False;CNES_ST_REGSAUDE_MODE
293240;BA;0021;BA-0021;13;11;0021;False;CNES_ST_REGSAUDE_MODE
293245;BA;0016;BA-0016;11;10;0016;False;CNES_ST_REGSAUDE_MODE
293250;BA;0006;BA-0006;21;21;0006;False;CNES_ST_REGSAUDE_MODE
293260;BA;0030;BA-0030;20;13;0030;False;CNES_ST_REGSAUDE_MODE
293270;BA;0006;BA-0006;20;17;0006;False;CNES_ST_REGSAUDE_MODE
293280;BA;0018;BA-0018;23;17;0018;False;CNES_ST_REGSAUDE_MODE
293290;BA;0005;BA-0005;109;98;0005;False;CNES_ST_REGSAUDE_MODE
293300;BA;0012;BA-0012;41;25;0012;False;CNES_ST_REGSAUDE_MODE
293305;BA;0016;BA-0016;16;15;0016;False;CNES_ST_REGSAUDE_MODE
293310;BA;0016;BA-0016;7;4;0016;False;CNES_ST_REGSAUDE_MODE
293315;BA;0016;BA-0016;15;15;0016;False;CNES_ST_REGSAUDE_MODE
293317;BA;0004;BA-0004;11;6;0004;False;CNES_ST_REGSAUDE_MODE
293320;BA;0001;BA-0001;31;24;0001;False;CNES_ST_REGSAUDE_MODE
293325;BA;0009;BA-0009;9;8;0009;False;CNES_ST_REGSAUDE_MODE
293330;BA;0020;BA-0020;930;914;0020;False;CNES_ST_REGSAUDE_MODE
293340;BA;0018;BA-0018;14;14;0018;False;CNES_ST_REGSAUDE_MODE
293345;BA;0025;BA-0025;15;11;0025;False;CNES_ST_REGSAUDE_MODE
293350;BA;0005;BA-0005;13;13;0005;False;CNES_ST_REGSAUDE_MODE
293360;BA;0021;BA-0021;36;32;0021;False;CNES_ST_REGSAUDE_MODE
310010;MG;0012;MG-0012;7;6;0012;False;CNES_ST_REGSAUDE_MODE
310020;MG;0014;MG-0014;44;38;0014;False;CNES_ST_REGSAUDE_MODE
310030;MG;0024;MG-0024;13;9;0024;False;CNES_ST_REGSAUDE_MODE
310040;MG;0008;MG-0008;6;1;0008;False;CNES_ST_REGSAUDE_MODE
310050;MG;0023;MG-0023;10;5;0023;False;CNES_ST_REGSAUDE_MODE
310060;MG;0016;MG-0016;12;12;0016;False;CNES_ST_REGSAUDE_MODE
310070;MG;0013;MG-0013;5;5;0013;False;CNES_ST_REGSAUDE_MODE
310080;MG;0015;MG-0015;6;2;0015;False;CNES_ST_REGSAUDE_MODE
310090;MG;0017;MG-0017;29;25;0017;False;CNES_ST_REGSAUDE_MODE
310100;MG;0019;MG-0019;19;11;0019;False;CNES_ST_REGSAUDE_MODE
310110;MG;0016;MG-0016;35;12;0016;False;CNES_ST_REGSAUDE_MODE
310120;MG;0011;MG-0011;11;9;0011;False;CNES_ST_REGSAUDE_MODE
310130;MG;0011;MG-0011;5;5;0011;False;CNES_ST_REGSAUDE_MODE
310140;MG;0010;MG-0010;1;1;0010;False;CNES_ST_REGSAUDE_MODE
310150;MG;0027;MG-0027;97;39;0027;False;CNES_ST_REGSAUDE_MODE
310160;MG;0021;MG-0021;228;1;0021;False;CNES_ST_REGSAUDE_MODE
310163;MG;0003;MG-0003;6;2;0003;False;CNES_ST_REGSAUDE_MODE
310170;MG;0019;MG-0019;65;63;0017|0019;True;CNES_ST_REGSAUDE_MODE
310180;MG;0016;MG-0016;7;3;0016;False;CNES_ST_REGSAUDE_MODE
310190;MG;0022;MG-0022;41;35;0000|0022;True;CNES_ST_REGSAUDE_MODE
310200;MG;0021;MG-0021;24;10;0021;False;CNES_ST_REGSAUDE_MODE
310205;MG;0024;MG-0024;16;1;0024;False;CNES_ST_REGSAUDE_MODE
310210;MG;0003;MG-0003;34;12;0003;False;CNES_ST_REGSAUDE_MODE
310220;MG;0016;MG-0016;8;2;0016;False;CNES_ST_REGSAUDE_MODE
310230;MG;0008;MG-0008;30;23;0008;False;CNES_ST_REGSAUDE_MODE
310240;MG;0004;MG-0004;9;2;0004;False;CNES_ST_REGSAUDE_MODE
310250;MG;0008;MG-0008;5;5;0008;False;CNES_ST_REGSAUDE_MODE
310260;MG;0010;MG-0010;82;82;0010;False;CNES_ST_REGSAUDE_MODE
310270;MG;0019;MG-0019;13;13;0019;False;CNES_ST_REGSAUDE_MODE
310280;MG;0005;MG-0005;21;16;0005;False;CNES_ST_REGSAUDE_MODE
310285;MG;0017;MG-0017;9;4;0017;False;CNES_ST_REGSAUDE_MODE
310290;MG;0003;MG-0003;13;7;0003;False;CNES_ST_REGSAUDE_MODE
310300;MG;0023;MG-0023;12;8;0023;False;CNES_ST_REGSAUDE_MODE
310310;MG;0018;MG-0018;7;5;0018;False;CNES_ST_REGSAUDE_MODE
310320;MG;0014;MG-0014;3;3;0014;False;CNES_ST_REGSAUDE_MODE
310330;MG;0005;MG-0005;3;1;0005;False;CNES_ST_REGSAUDE_MODE
310340;MG;0004;MG-0004;76;39;0004;False;CNES_ST_REGSAUDE_MODE
310350;MG;0012;MG-0012;251;48;0012;False;CNES_ST_REGSAUDE_MODE
310360;MG;0005;MG-0005;9;1;0005;False;CNES_ST_REGSAUDE_MODE
310370;MG;0008;MG-0008;9;9;0008;False;CNES_ST_REGSAUDE_MODE
310375;MG;0012;MG-0012;9;8;0012;False;CNES_ST_REGSAUDE_MODE
310380;MG;0007;MG-0007;5;4;0007;False;CNES_ST_REGSAUDE_MODE
310390;MG;0015;MG-0015;10;5;0015;False;CNES_ST_REGSAUDE_MODE
310400;MG;0013;MG-0013;451;54;0013;False;CNES_ST_REGSAUDE_MODE
310410;MG;0021;MG-0021;14;4;0021;False;CNES_ST_REGSAUDE_MODE
310420;MG;0015;MG-0015;103;101;0015;False;CNES_ST_REGSAUDE_MODE
310430;MG;0021;MG-0021;23;6;0021;False;CNES_ST_REGSAUDE_MODE
310440;MG;0027;MG-0027;5;5;0027;False;CNES_ST_REGSAUDE_MODE
310445;MG;0004;MG-0004;8;3;0004;False;CNES_ST_REGSAUDE_MODE
310450;MG;0028;MG-0028;23;18;0028;False;CNES_ST_REGSAUDE_MODE
310460;MG;0027;MG-0027;42;28;0027;False;CNES_ST_REGSAUDE_MODE
310470;MG;0017;MG-0017;12;11;0017;False;CNES_ST_REGSAUDE_MODE
310480;MG;0014;MG-0014;4;2;0014;False;CNES_ST_REGSAUDE_MODE
310490;MG;0011;MG-0011;43;27;0011;False;CNES_ST_REGSAUDE_MODE
310500;MG;0014;MG-0014;6;5;0014;False;CNES_ST_REGSAUDE_MODE
310510;MG;0015;MG-0015;57;23;0015;False;CNES_ST_REGSAUDE_MODE
310520;MG;0019;MG-0019;8;6;0019;False;CNES_ST_REGSAUDE_MODE
310530;MG;0021;MG-0021;12;5;0021;False;CNES_ST_REGSAUDE_MODE
310540;MG;0009;MG-0009;52;17;0009;False;CNES_ST_REGSAUDE_MODE
310550;MG;0018;MG-0018;6;5;0018;False;CNES_ST_REGSAUDE_MODE
310560;MG;0003;MG-0003;616;566;0002|0003;True;CNES_ST_REGSAUDE_MODE
310570;MG;0008;MG-0008;6;6;0008;False;CNES_ST_REGSAUDE_MODE
310590;MG;0020;MG-0020;53;39;0003|0020;True;CNES_ST_REGSAUDE_MODE
310600;MG;0009;MG-0009;18;4;0009;False;CNES_ST_REGSAUDE_MODE
310610;MG;0005;MG-0005;7;1;0005;False;CNES_ST_REGSAUDE_MODE
310620;MG;0002;MG-0002;5103;108;0000|0001|0002|0013|0022|0062|1431|2455|2910|3101|3106;True;CNES_ST_REGSAUDE_MODE
310630;MG;0023;MG-0023;29;9;0023;False;CNES_ST_REGSAUDE_MODE
310640;MG;0002;MG-0002;8;8;0002;False;CNES_ST_REGSAUDE_MODE
310650;MG;0004;MG-0004;16;10;0004;False;CNES_ST_REGSAUDE_MODE
310660;MG;0017;MG-0017;7;7;0017;False;CNES_ST_REGSAUDE_MODE
310665;MG;0006;MG-0006;8;6;0006;False;CNES_ST_REGSAUDE_MODE
310670;MG;0002;MG-0002;358;245;0002;False;CNES_ST_REGSAUDE_MODE
310680;MG;0005;MG-0005;5;4;0005;False;CNES_ST_REGSAUDE_MODE
310690;MG;0005;MG-0005;37;20;0005;False;CNES_ST_REGSAUDE_MODE
310700;MG;0014;MG-0014;5;5;0014;False;CNES_ST_REGSAUDE_MODE
310710;MG;0011;MG-0011;161;73;0011;False;CNES_ST_REGSAUDE_MODE
310720;MG;0005;MG-0005;7;4;0005|0006;True;CNES_ST_REGSAUDE_MODE
310730;MG;0006;MG-0006;60;58;0006;False;CNES_ST_REGSAUDE_MODE
310740;MG;0015;MG-0015;193;30;0015;False;CNES_ST_REGSAUDE_MODE
310750;MG;0005;MG-0005;17;6;0005;False;CNES_ST_REGSAUDE_MODE
310760;MG;0022;MG-0022;6;3;0022;False;CNES_ST_REGSAUDE_MODE
310770;MG;0009;MG-0009;6;1;0009;False;CNES_ST_REGSAUDE_MODE
310780;MG;0023;MG-0023;13;12;0023;False;CNES_ST_REGSAUDE_MODE
310790;MG;0010;MG-0010;13;13;0010;False;CNES_ST_REGSAUDE_MODE
310800;MG;0020;MG-0020;29;9;0020;False;CNES_ST_REGSAUDE_MODE
310810;MG;0002;MG-0002;13;13;0002;False;CNES_ST_REGSAUDE_MODE
310820;MG;0028;MG-0028;11;2;0026|0028;True;CNES_ST_REGSAUDE_MODE
310825;MG;0030;MG-0030;14;10;0030;False;CNES_ST_REGSAUDE_MODE
310830;MG;0010;MG-0010;38;33;0010;False;CNES_ST_REGSAUDE_MODE
310840;MG;0021;MG-0021;18;8;0021;False;CNES_ST_REGSAUDE_MODE
310850;MG;0006;MG-0006;6;6;0006;False;CNES_ST_REGSAUDE_MODE
310855;MG;0028;MG-0028;19;4;0007|0026|0028;True;CNES_ST_REGSAUDE_MODE
310860;MG;0030;MG-0030;53;38;0030;False;CNES_ST_REGSAUDE_MODE
310870;MG;0018;MG-0018;10;7;0018;False;CNES_ST_REGSAUDE_MODE
310880;MG;0023;MG-0023;5;4;0023;False;CNES_ST_REGSAUDE_MODE
310890;MG;0010;MG-0010;30;19;0010;False;CNES_ST_REGSAUDE_MODE
310900;MG;0002;MG-0002;105;16;0002;False;CNES_ST_REGSAUDE_MODE
310910;MG;0010;MG-0010;26;21;0010;False;CNES_ST_REGSAUDE_MODE
310920;MG;0014;MG-0014;10;8;0014;False;CNES_ST_REGSAUDE_MODE
310925;MG;0023;MG-0023;8;1;0023;False;CNES_ST_REGSAUDE_MODE
310930;MG;0028;MG-0028;34;29;0026|0028|3126;True;CNES_ST_REGSAUDE_MODE
310940;MG;0029;MG-0029;23;23;0029;False;CNES_ST_REGSAUDE_MODE
310945;MG;0028;MG-0028;3;3;0028;False;CNES_ST_REGSAUDE_MODE
310950;MG;0021;MG-0021;18;10;0021;False;CNES_ST_REGSAUDE_MODE
310960;MG;0014;MG-0014;3;2;0014;False;CNES_ST_REGSAUDE_MODE
310970;MG;0010;MG-0010;13;10;0010;False;CNES_ST_REGSAUDE_MODE
310980;MG;0026;MG-0026;5;3;0026;False;CNES_ST_REGSAUDE_MODE
310990;MG;0014;MG-0014;7;5;0014;False;CNES_ST_REGSAUDE_MODE
311000;MG;0002;MG-0002;61;39;0002;False;CNES_ST_REGSAUDE_MODE
311010;MG;0024;MG-0024;10;7;0024;False;CNES_ST_REGSAUDE_MODE
311020;MG;0008;MG-0008;4;4;0008;False;CNES_ST_REGSAUDE_MODE
311030;MG;0010;MG-0010;17;16;0010;False;CNES_ST_REGSAUDE_MODE
311040;MG;0015;MG-0015;9;8;0015;False;CNES_ST_REGSAUDE_MODE
311050;MG;0010;MG-0010;35;27;0010;False;CNES_ST_REGSAUDE_MODE
311060;MG;0010;MG-0010;119;62;0010;False;CNES_ST_REGSAUDE_MODE
311070;MG;0011;MG-0011;22;12;0011;False;CNES_ST_REGSAUDE_MODE
311080;MG;0017;MG-0017;5;3;0017;False;CNES_ST_REGSAUDE_MODE
311090;MG;0011;MG-0011;43;19;0011;False;CNES_ST_REGSAUDE_MODE
311100;MG;0021;MG-0021;47;18;0021;False;CNES_ST_REGSAUDE_MODE
311110;MG;0026;MG-0026;56;36;0026;False;CNES_ST_REGSAUDE_MODE
311115;MG;0030;MG-0030;5;4;0030;False;CNES_ST_REGSAUDE_MODE
311120;MG;0015;MG-0015;184;29;0015|0017;True;CNES_ST_REGSAUDE_MODE
311130;MG;0021;MG-0021;15;13;0021;False;CNES_ST_REGSAUDE_MODE
311140;MG;0013;MG-0013;11;11;0013;False;CNES_ST_REGSAUDE_MODE
311150;MG;0013;MG-0013;26;20;0013;False;CNES_ST_REGSAUDE_MODE
311160;MG;0021;MG-0021;56;16;0021;False;CNES_ST_REGSAUDE_MODE
311170;MG;0008;MG-0008;6;5;0008;False;CNES_ST_REGSAUDE_MODE
311180;MG;0026;MG-0026;13;11;0026;False;CNES_ST_REGSAUDE_MODE
311190;MG;0015;MG-0015;7;2;0015;False;CNES_ST_REGSAUDE_MODE
311200;MG;0015;MG-0015;37;24;0015;False;CNES_ST_REGSAUDE_MODE
311205;MG;0016;MG-0016;4;3;0016;False;CNES_ST_REGSAUDE_MODE
311210;MG;0024;MG-0024;6;3;0024;False;CNES_ST_REGSAUDE_MODE
311220;MG;0003;MG-0003;7;6;0003;False;CNES_ST_REGSAUDE_MODE
311230;MG;0004;MG-0004;90;59;0004;False;CNES_ST_REGSAUDE_MODE
311240;MG;0022;MG-0022;12;10;0022;False;CNES_ST_REGSAUDE_MODE
311250;MG;0014;MG-0014;8;6;0014;False;CNES_ST_REGSAUDE_MODE
311260;MG;0026;MG-0026;20;18;0026;False;CNES_ST_REGSAUDE_MODE
311265;MG;0016;MG-0016;6;2;0016;False;CNES_ST_REGSAUDE_MODE
311270;MG;0006;MG-0006;23;23;0006;False;CNES_ST_REGSAUDE_MODE
311280;MG;0022;MG-0022;12;9;0022;False;CNES_ST_REGSAUDE_MODE
311290;MG;0024;MG-0024;12;11;0024;False;CNES_ST_REGSAUDE_MODE
311300;MG;0017;MG-0017;18;16;0017;False;CNES_ST_REGSAUDE_MODE
311310;MG;0003;MG-0003;4;3;0003;False;CNES_ST_REGSAUDE_MODE
311320;MG;0003;MG-0003;82;39;0003;False;CNES_ST_REGSAUDE_MODE
311330;MG;0024;MG-0024;39;31;0024;False;CNES_ST_REGSAUDE_MODE
311340;MG;0023;MG-0023;266;148;0016|0023|0233;True;CNES_ST_REGSAUDE_MODE
311350;MG;0004;MG-0004;25;13;0004;False;CNES_ST_REGSAUDE_MODE
311360;MG;0010;MG-0010;11;6;0010;False;CNES_ST_REGSAUDE_MODE
311370;MG;0017;MG-0017;26;21;0017;False;CNES_ST_REGSAUDE_MODE
311380;MG;0009;MG-0009;3;3;0009;False;CNES_ST_REGSAUDE_MODE
311390;MG;0011;MG-0011;13;7;0011;False;CNES_ST_REGSAUDE_MODE
311400;MG;0015;MG-0015;14;9;0015;False;CNES_ST_REGSAUDE_MODE
311410;MG;0011;MG-0011;23;21;0011;False;CNES_ST_REGSAUDE_MODE
311420;MG;0015;MG-0015;22;7;0015;False;CNES_ST_REGSAUDE_MODE
311430;MG;0007;MG-0007;127;17;0007;False;CNES_ST_REGSAUDE_MODE
311440;MG;0021;MG-0021;35;14;0021|0022|0023|3121;True;CNES_ST_REGSAUDE_MODE
311450;MG;0015;MG-0015;58;46;0015;False;CNES_ST_REGSAUDE_MODE
311455;MG;0013;MG-0013;17;17;0013;False;CNES_ST_REGSAUDE_MODE
311460;MG;0011;MG-0011;5;5;0011;False;CNES_ST_REGSAUDE_MODE
311470;MG;0021;MG-0021;6;1;0021;False;CNES_ST_REGSAUDE_MODE
311480;MG;0011;MG-0011;5;5;0011;False;CNES_ST_REGSAUDE_MODE
311490;MG;0003;MG-0003;2;1;0003;False;CNES_ST_REGSAUDE_MODE
311500;MG;0012;MG-0012;2;1;0012;False;CNES_ST_REGSAUDE_MODE
311510;MG;0022;MG-0022;30;26;0022;False;CNES_ST_REGSAUDE_MODE
311520;MG;0020;MG-0020;7;2;0020;False;CNES_ST_REGSAUDE_MODE
311530;MG;0027;MG-0027;322;70;0027;False;CNES_ST_REGSAUDE_MODE
311535;MG;0009;MG-0009;14;6;0009;False;CNES_ST_REGSAUDE_MODE
311540;MG;0003;MG-0003;3;1;0003;False;CNES_ST_REGSAUDE_MODE
311545;MG;0017;MG-0017;9;8;0017;False;CNES_ST_REGSAUDE_MODE
311547;MG;0006;MG-0006;9;7;0006;False;CNES_ST_REGSAUDE_MODE
311550;MG;0011;MG-0011;81;45;0011|0031;True;CNES_ST_REGSAUDE_MODE
311560;MG;0014;MG-0014;7;6;0014;False;CNES_ST_REGSAUDE_MODE
311570;MG;0016;MG-0016;10;9;0016;False;CNES_ST_REGSAUDE_MODE
311580;MG;0026;MG-0026;10;7;0026;False;CNES_ST_REGSAUDE_MODE
311590;MG;0005;MG-0005;4;1;0005;False;CNES_ST_REGSAUDE_MODE
311600;MG;0024;MG-0024;12;10;0024;False;CNES_ST_REGSAUDE_MODE
311610;MG;0004;MG-0004;14;4;0004;False;CNES_ST_REGSAUDE_MODE
311615;MG;0028;MG-0028;12;9;0028;False;CNES_ST_REGSAUDE_MODE
311620;MG;0005;MG-0005;5;2;0005;False;CNES_ST_REGSAUDE_MODE
311630;MG;0003;MG-0003;12;3;0003;False;CNES_ST_REGSAUDE_MODE
311640;MG;0022;MG-0022;5;4;0022;False;CNES_ST_REGSAUDE_MODE
311650;MG;0006;MG-0006;12;10;0006;False;CNES_ST_REGSAUDE_MODE
311660;MG;0015;MG-0015;59;20;0015;False;CNES_ST_REGSAUDE_MODE
311670;MG;0018;MG-0018;6;4;0018;False;CNES_ST_REGSAUDE_MODE
311680;MG;0004;MG-0004;8;5;0004;False;CNES_ST_REGSAUDE_MODE
311690;MG;0013;MG-0013;3;3;0013;False;CNES_ST_REGSAUDE_MODE
311700;MG;0019;MG-0019;8;8;0019;False;CNES_ST_REGSAUDE_MODE
311710;MG;0021;MG-0021;15;7;0006|0021|0023;True;CNES_ST_REGSAUDE_MODE
311720;MG;0010;MG-0010;6;5;0010;False;CNES_ST_REGSAUDE_MODE
311730;MG;0013;MG-0013;34;7;0013;False;CNES_ST_REGSAUDE_MODE
311740;MG;0024;MG-0024;6;5;0024;False;CNES_ST_REGSAUDE_MODE
311750;MG;0004;MG-0004;39;38;0004;False;CNES_ST_REGSAUDE_MODE
311760;MG;0015;MG-0015;8;7;0015;False;CNES_ST_REGSAUDE_MODE
311770;MG;0011;MG-0011;34;18;0011;False;CNES_ST_REGSAUDE_MODE
311780;MG;0010;MG-0010;18;13;0010;False;CNES_ST_REGSAUDE_MODE
311783;MG;0030;MG-0030;10;4;0029|0030;True;CNES_ST_REGSAUDE_MODE
311787;MG;0002;MG-0002;10;5;0002;False;CNES_ST_REGSAUDE_MODE
311790;MG;0010;MG-0010;22;12;0010;False;CNES_ST_REGSAUDE_MODE
311800;MG;0003;MG-0003;149;42;0000|0003|0014|3103;True;CNES_ST_REGSAUDE_MODE
311810;MG;0004;MG-0004;10;4;0004;False;CNES_ST_REGSAUDE_MODE
311820;MG;0013;MG-0013;13;10;0013;False;CNES_ST_REGSAUDE_MODE
311830;MG;0003;MG-0003;438;315;0000|0001|0003;True;CNES_ST_REGSAUDE_MODE
311840;MG;0016;MG-0016;22;10;0016;False;CNES_ST_REGSAUDE_MODE
311850;MG;0010;MG-0010;1;1;0010;False;CNES_ST_REGSAUDE_MODE
311860;MG;0002;MG-0002;810;78;0002;False;CNES_ST_REGSAUDE_MODE
311870;MG;0011;MG-0011;18;16;0011;False;CNES_ST_REGSAUDE_MODE
311880;MG;0006;MG-0006;42;24;0006;False;CNES_ST_REGSAUDE_MODE
311890;MG;0014;MG-0014;9;7;0014;False;CNES_ST_REGSAUDE_MODE
311900;MG;0011;MG-0011;6;4;0011;False;CNES_ST_REGSAUDE_MODE
311910;MG;0014;MG-0014;39;35;0014;False;CNES_ST_REGSAUDE_MODE
311920;MG;0016;MG-0016;8;4;0016;False;CNES_ST_REGSAUDE_MODE
311930;MG;0012;MG-0012;63;25;0006|0007|0012;True;CNES_ST_REGSAUDE_MODE
311940;MG;0023;MG-0023;119;83;0023;False;CNES_ST_REGSAUDE_MODE
311950;MG;0004;MG-0004;9;3;0004;False;CNES_ST_REGSAUDE_MODE
311960;MG;0005;MG-0005;5;4;0005;False;CNES_ST_REGSAUDE_MODE
311970;MG;0020;MG-0020;7;3;0020;False;CNES_ST_REGSAUDE_MODE
311980;MG;0015;MG-0015;9;2;0015;False;CNES_ST_REGSAUDE_MODE
311990;MG;0010;MG-0010;4;2;0010;False;CNES_ST_REGSAUDE_MODE
311995;MG;0015;MG-0015;8;7;0015;False;CNES_ST_REGSAUDE_MODE
312000;MG;0023;MG-0023;4;3;0023;False;CNES_ST_REGSAUDE_MODE
312010;MG;0004;MG-0004;3;3;0004;False;CNES_ST_REGSAUDE_MODE
312015;MG;0017;MG-0017;7;6;0017;False;CNES_ST_REGSAUDE_MODE
312020;MG;0015;MG-0015;19;15;0015;False;CNES_ST_REGSAUDE_MODE
312030;MG;0006;MG-0006;8;7;0006;False;CNES_ST_REGSAUDE_MODE
312040;MG;0003;MG-0003;5;5;0003;False;CNES_ST_REGSAUDE_MODE
312050;MG;0011;MG-0011;27;20;0011;False;CNES_ST_REGSAUDE_MODE
312060;MG;0002;MG-0002;9;6;0002;False;CNES_ST_REGSAUDE_MODE
312070;MG;0007;MG-0007;7;6;0007;False;CNES_ST_REGSAUDE_MODE
312080;MG;0011;MG-0011;31;28;0011;False;CNES_ST_REGSAUDE_MODE
312083;MG;0016;MG-0016;9;4;0016;False;CNES_ST_REGSAUDE_MODE
312087;MG;0006;MG-0006;9;7;0006;False;CNES_ST_REGSAUDE_MODE
312090;MG;0014;MG-0014;178;88;0014;False;CNES_ST_REGSAUDE_MODE
312100;MG;0004;MG-0004;8;6;0004;False;CNES_ST_REGSAUDE_MODE
312110;MG;0010;MG-0010;17;16;0010;False;CNES_ST_REGSAUDE_MODE
312120;MG;0022;MG-0022;12;8;0022;False;CNES_ST_REGSAUDE_MODE
312125;MG;0013;MG-0013;8;5;0013;False;CNES_ST_REGSAUDE_MODE
312130;MG;0005;MG-0005;7;3;0005;False;CNES_ST_REGSAUDE_MODE
312140;MG;0020;MG-0020;19;11;0020;False;CNES_ST_REGSAUDE_MODE
312150;MG;0003;MG-0003;8;4;0003;False;CNES_ST_REGSAUDE_MODE
312160;MG;0004;MG-0004;177;135;0004;False;CNES_ST_REGSAUDE_MODE
312170;MG;0008;MG-0008;8;7;0005|0008;True;CNES_ST_REGSAUDE_MODE
312180;MG;0023;MG-0023;8;4;0023;False;CNES_ST_REGSAUDE_MODE
312190;MG;0018;MG-0018;5;4;0018;False;CNES_ST_REGSAUDE_MODE
312200;MG;0024;MG-0024;30;22;0024;False;CNES_ST_REGSAUDE_MODE
312210;MG;0016;MG-0016;7;5;0016;False;CNES_ST_REGSAUDE_MODE
312220;MG;0016;MG-0016;9;2;0016;False;CNES_ST_REGSAUDE_MODE
312230;MG;0015;MG-0015;927;10;0015;False;CNES_ST_REGSAUDE_MODE
312235;MG;0019;MG-0019;12;9;0019;False;CNES_ST_REGSAUDE_MODE
312240;MG;0021;MG-0021;9;7;0021;False;CNES_ST_REGSAUDE_MODE
312245;MG;0019;MG-0019;12;12;0019;False;CNES_ST_REGSAUDE_MODE
312247;MG;0028;MG-0028;4;4;0028;False;CNES_ST_REGSAUDE_MODE
312250;MG;0016;MG-0016;9;3;0016|0023;True;CNES_ST_REGSAUDE_MODE
312260;MG;0009;MG-0009;7;6;0009;False;CNES_ST_REGSAUDE_MODE
312270;MG;0008;MG-0008;14;11;0008;False;CNES_ST_REGSAUDE_MODE
312280;MG;0011;MG-0011;9;9;0011;False;CNES_ST_REGSAUDE_MODE
312290;MG;0027;MG-0027;5;4;0027;False;CNES_ST_REGSAUDE_MODE
312300;MG;0020;MG-0020;17;8;0020;False;CNES_ST_REGSAUDE_MODE
312310;MG;0009;MG-0009;8;5;0009;False;CNES_ST_REGSAUDE_MODE
312320;MG;0015;MG-0015;27;13;0015;False;CNES_ST_REGSAUDE_MODE
312330;MG;0018;MG-0018;7;2;0018;False;CNES_ST_REGSAUDE_MODE
312340;MG;0022;MG-0022;5;5;0022;False;CNES_ST_REGSAUDE_MODE
312350;MG;0012;MG-0012;3;3;0012;False;CNES_ST_REGSAUDE_MODE
312352;MG;0024;MG-0024;8;8;0024;False;CNES_ST_REGSAUDE_MODE
312360;MG;0011;MG-0011;76;45;0011;False;CNES_ST_REGSAUDE_MODE
312370;MG;0016;MG-0016;23;8;0016;False;CNES_ST_REGSAUDE_MODE
312380;MG;0006;MG-0006;8;8;0006;False;CNES_ST_REGSAUDE_MODE
312385;MG;0023;MG-0023;4;4;0023;False;CNES_ST_REGSAUDE_MODE
312390;MG;0020;MG-0020;32;20;0003|0020;True;CNES_ST_REGSAUDE_MODE
312400;MG;0018;MG-0018;21;11;0018;False;CNES_ST_REGSAUDE_MODE
312410;MG;0002;MG-0002;57;30;0002;False;CNES_ST_REGSAUDE_MODE
312420;MG;0024;MG-0024;28;25;0024;False;CNES_ST_REGSAUDE_MODE
312430;MG;0006;MG-0006;31;18;0006;False;CNES_ST_REGSAUDE_MODE
312440;MG;0010;MG-0010;9;5;0010;False;CNES_ST_REGSAUDE_MODE
312450;MG;0010;MG-0010;13;8;0010;False;CNES_ST_REGSAUDE_MODE
312460;MG;0027;MG-0027;4;3;0027;False;CNES_ST_REGSAUDE_MODE
312470;MG;0015;MG-0015;10;10;0015;False;CNES_ST_REGSAUDE_MODE
312480;MG;0012;MG-0012;8;7;0012;False;CNES_ST_REGSAUDE_MODE
312490;MG;0018;MG-0018;18;13;0018;False;CNES_ST_REGSAUDE_MODE
312500;MG;0005;MG-0005;4;4;0005;False;CNES_ST_REGSAUDE_MODE
312510;MG;0010;MG-0010;131;123;0010|0140;True;CNES_ST_REGSAUDE_MODE
312520;MG;0021;MG-0021;2;2;0021;False;CNES_ST_REGSAUDE_MODE
312530;MG;0024;MG-0024;3;3;0024;False;CNES_ST_REGSAUDE_MODE
312540;MG;0004;MG-0004;6;4;0004;False;CNES_ST_REGSAUDE_MODE
312550;MG;0004;MG-0004;5;3;0004;False;CNES_ST_REGSAUDE_MODE
312560;MG;0019;MG-0019;11;11;0019;False;CNES_ST_REGSAUDE_MODE
312570;MG;0014;MG-0014;22;13;0014;False;CNES_ST_REGSAUDE_MODE
312580;MG;0016;MG-0016;5;1;0016;False;CNES_ST_REGSAUDE_MODE
312590;MG;0009;MG-0009;12;6;0009;False;CNES_ST_REGSAUDE_MODE
312595;MG;0024;MG-0024;15;9;0024;False;CNES_ST_REGSAUDE_MODE
312600;MG;0002;MG-0002;25;9;0002;False;CNES_ST_REGSAUDE_MODE
312610;MG;0015;MG-0015;191;91;0015;False;CNES_ST_REGSAUDE_MODE
312620;MG;0028;MG-0028;6;4;0028;False;CNES_ST_REGSAUDE_MODE
312630;MG;0022;MG-0022;6;6;0022;False;CNES_ST_REGSAUDE_MODE
312640;MG;0014;MG-0014;6;6;0014;False;CNES_ST_REGSAUDE_MODE
312650;MG;0004;MG-0004;18;15;0004;False;CNES_ST_REGSAUDE_MODE
312660;MG;0006;MG-0006;9;9;0006;False;CNES_ST_REGSAUDE_MODE
312670;MG;0006;MG-0006;27;27;0006;False;CNES_ST_REGSAUDE_MODE
312675;MG;0017;MG-0017;4;4;0017;False;CNES_ST_REGSAUDE_MODE
312680;MG;0017;MG-0017;5;5;0017;False;CNES_ST_REGSAUDE_MODE
312690;MG;0016;MG-0016;8;5;0016;False;CNES_ST_REGSAUDE_MODE
312695;MG;0016;MG-0016;4;2;0016;False;CNES_ST_REGSAUDE_MODE
312700;MG;0013;MG-0013;25;20;0013;False;CNES_ST_REGSAUDE_MODE
312705;MG;0017;MG-0017;4;4;0017;False;CNES_ST_REGSAUDE_MODE
312707;MG;0006;MG-0006;7;7;0006;False;CNES_ST_REGSAUDE_MODE
312710;MG;0013;MG-0013;168;54;0013;False;CNES_ST_REGSAUDE_MODE
312720;MG;0014;MG-0014;9;6;0014;False;CNES_ST_REGSAUDE_MODE
312730;MG;0016;MG-0016;8;1;0016;False;CNES_ST_REGSAUDE_MODE
312733;MG;0006;MG-0006;8;7;0006;False;CNES_ST_REGSAUDE_MODE
312735;MG;0006;MG-0006;9;9;0006;False;CNES_ST_REGSAUDE_MODE
312737;MG;0016;MG-0016;6;5;0016;False;CNES_ST_REGSAUDE_MODE
312738;MG;0005;MG-0005;7;2;0005;False;CNES_ST_REGSAUDE_MODE
312740;MG;0010;MG-0010;6;2;0010;False;CNES_ST_REGSAUDE_MODE
312750;MG;0016;MG-0016;6;5;0016;False;CNES_ST_REGSAUDE_MODE
312760;MG;0004;MG-0004;17;12;0004;False;CNES_ST_REGSAUDE_MODE
312770;MG;0016;MG-0016;796;174;0002|0016|0031;True;CNES_ST_REGSAUDE_MODE
312780;MG;0006;MG-0006;19;17;0006;False;CNES_ST_REGSAUDE_MODE
312790;MG;0012;MG-0012;5;5;0012;False;CNES_ST_REGSAUDE_MODE
312800;MG;0009;MG-0009;69;28;0009;False;CNES_ST_REGSAUDE_MODE
312810;MG;0022;MG-0022;16;11;0022;False;CNES_ST_REGSAUDE_MODE
312820;MG;0008;MG-0008;12;10;0008;False;CNES_ST_REGSAUDE_MODE
312825;MG;0006;MG-0006;4;4;0006;False;CNES_ST_REGSAUDE_MODE
312830;MG;0021;MG-0021;31;17;0021;False;CNES_ST_REGSAUDE_MODE
312840;MG;0018;MG-0018;12;4;0018;False;CNES_ST_REGSAUDE_MODE
312850;MG;0005;MG-0005;8;5;0005;False;CNES_ST_REGSAUDE_MODE
312860;MG;0007;MG-0007;12;11;0007;False;CNES_ST_REGSAUDE_MODE
312870;MG;0021;MG-0021;187;44;0021;False;CNES_ST_REGSAUDE_MODE
312880;MG;0018;MG-0018;9;3;0018;False;CNES_ST_REGSAUDE_MODE
312890;MG;0007;MG-0007;9;8;0007;False;CNES_ST_REGSAUDE_MODE
312900;MG;0018;MG-0018;10;8;0018;False;CNES_ST_REGSAUDE_MODE
312910;MG;0026;MG-0026;9;7;0026;False;CNES_ST_REGSAUDE_MODE
312920;MG;0010;MG-0010;8;6;0010;False;CNES_ST_REGSAUDE_MODE
312930;MG;0023;MG-0023;9;9;0023;False;CNES_ST_REGSAUDE_MODE
312940;MG;0003;MG-0003;9;5;0003;False;CNES_ST_REGSAUDE_MODE
312950;MG;0013;MG-0013;81;48;0012|0013;True;CNES_ST_REGSAUDE_MODE
312960;MG;0029;MG-0029;16;6;0006|0029;True;CNES_ST_REGSAUDE_MODE
312965;MG;0030;MG-0030;7;5;0030;False;CNES_ST_REGSAUDE_MODE
312970;MG;0022;MG-0022;19;16;0022|3122;True;CNES_ST_REGSAUDE_MODE
312980;MG;;;85;0;;False;CNES_ST_REGSAUDE_MODE
312990;MG;0010;MG-0010;5;4;0010;False;CNES_ST_REGSAUDE_MODE
313000;MG;0020;MG-0020;2;2;0020;False;CNES_ST_REGSAUDE_MODE
313005;MG;0030;MG-0030;12;7;0030;False;CNES_ST_REGSAUDE_MODE
313010;MG;0002;MG-0002;46;20;0002;False;CNES_ST_REGSAUDE_MODE
313020;MG;0015;MG-0015;10;7;0015;False;CNES_ST_REGSAUDE_MODE
313030;MG;0015;MG-0015;13;7;0015;False;CNES_ST_REGSAUDE_MODE
313040;MG;0011;MG-0011;7;3;0011;False;CNES_ST_REGSAUDE_MODE
313050;MG;0011;MG-0011;16;12;0011;False;CNES_ST_REGSAUDE_MODE
313055;MG;0023;MG-0023;7;7;0023;False;CNES_ST_REGSAUDE_MODE
313060;MG;0010;MG-0010;6;3;0010;False;CNES_ST_REGSAUDE_MODE
313065;MG;0006;MG-0006;14;9;0006;False;CNES_ST_REGSAUDE_MODE
313070;MG;0012;MG-0012;7;7;0012;False;CNES_ST_REGSAUDE_MODE
313080;MG;0011;MG-0011;3;3;0011;False;CNES_ST_REGSAUDE_MODE
313090;MG;0023;MG-0023;41;41;0023;False;CNES_ST_REGSAUDE_MODE
313100;MG;0014;MG-0014;7;6;0014;False;CNES_ST_REGSAUDE_MODE
313110;MG;0014;MG-0014;7;7;0014;False;CNES_ST_REGSAUDE_MODE
313115;MG;0023;MG-0023;17;8;0023;False;CNES_ST_REGSAUDE_MODE
313120;MG;0024;MG-0024;42;31;0024;False;CNES_ST_REGSAUDE_MODE
313130;MG;0023;MG-0023;648;8;0023|3123;True;CNES_ST_REGSAUDE_MODE
313140;MG;0026;MG-0026;4;4;0026;False;CNES_ST_REGSAUDE_MODE
313150;MG;0010;MG-0010;19;18;0010;False;CNES_ST_REGSAUDE_MODE
313160;MG;0012;MG-0012;8;5;0012;False;CNES_ST_REGSAUDE_MODE
313170;MG;0009;MG-0009;627;1;0009;False;CNES_ST_REGSAUDE_MODE
313180;MG;0016;MG-0016;9;7;0016|0031;True;CNES_ST_REGSAUDE_MODE
313190;MG;0002;MG-0002;132;57;0002;False;CNES_ST_REGSAUDE_MODE
313200;MG;0006;MG-0006;6;6;0006;False;CNES_ST_REGSAUDE_MODE
313210;MG;0006;MG-0006;24;9;0006|0030;True;CNES_ST_REGSAUDE_MODE
313220;MG;0015;MG-0015;25;25;0015;False;CNES_ST_REGSAUDE_MODE
313230;MG;0017;MG-0017;8;7;0017;False;CNES_ST_REGSAUDE_MODE
313240;MG;0010;MG-0010;474;330;0010;False;CNES_ST_REGSAUDE_MODE
313250;MG;0004;MG-0004;54;41;0004;False;CNES_ST_REGSAUDE_MODE
313260;MG;0027;MG-0027;7;3;0027;False;CNES_ST_REGSAUDE_MODE
313270;MG;0017;MG-0017;36;13;0017;False;CNES_ST_REGSAUDE_MODE
313280;MG;0009;MG-0009;1;1;0009;False;CNES_ST_REGSAUDE_MODE
313290;MG;0022;MG-0022;22;9;0022;False;CNES_ST_REGSAUDE_MODE
313300;MG;0011;MG-0011;31;14;0011;False;CNES_ST_REGSAUDE_MODE
313310;MG;0011;MG-0011;54;33;0011;False;CNES_ST_REGSAUDE_MODE
313320;MG;0016;MG-0016;14;9;0016;False;CNES_ST_REGSAUDE_MODE
313330;MG;0019;MG-0019;40;35;0017|0019;True;CNES_ST_REGSAUDE_MODE
313340;MG;0013;MG-0013;34;11;0012|0013;True;CNES_ST_REGSAUDE_MODE
313350;MG;0015;MG-0015;38;12;0015;False;CNES_ST_REGSAUDE_MODE
313360;MG;0010;MG-0010;13;8;0010;False;CNES_ST_REGSAUDE_MODE
313370;MG;0015;MG-0015;16;10;0015;False;CNES_ST_REGSAUDE_MODE
313375;MG;0022;MG-0022;42;12;0022|3122;True;CNES_ST_REGSAUDE_MODE
313380;MG;0015;MG-0015;380;299;0015;False;CNES_ST_REGSAUDE_MODE
313390;MG;0003;MG-0003;7;2;0003;False;CNES_ST_REGSAUDE_MODE
313400;MG;0019;MG-0019;13;13;0019;False;CNES_ST_REGSAUDE_MODE
313410;MG;0016;MG-0016;5;3;0016;False;CNES_ST_REGSAUDE_MODE
313420;MG;0026;MG-0026;257;70;0023|0026;True;CNES_ST_REGSAUDE_MODE
313430;MG;0011;MG-0011;9;6;0011;False;CNES_ST_REGSAUDE_MODE
313440;MG;0013;MG-0013;91;89;0013;False;CNES_ST_REGSAUDE_MODE
313450;MG;0011;MG-0011;6;3;0011;False;CNES_ST_REGSAUDE_MODE
313460;MG;0002;MG-0002;23;12;0002;False;CNES_ST_REGSAUDE_MODE
313470;MG;0019;MG-0019;19;18;0019;False;CNES_ST_REGSAUDE_MODE
313480;MG;0022;MG-0022;15;11;0022;False;CNES_ST_REGSAUDE_MODE
313490;MG;0010;MG-0010;40;26;0010;False;CNES_ST_REGSAUDE_MODE
313500;MG;0023;MG-0023;6;5;0023;False;CNES_ST_REGSAUDE_MODE
313505;MG;0006;MG-0006;38;24;0006;False;CNES_ST_REGSAUDE_MODE
313507;MG;0016;MG-0016;3;2;0016;False;CNES_ST_REGSAUDE_MODE
313510;MG;0006;MG-0006;123;111;0006;False;CNES_ST_REGSAUDE_MODE
313520;MG;0030;MG-0030;125;24;0029|0030;True;CNES_ST_REGSAUDE_MODE
313530;MG;0015;MG-0015;7;3;0015;False;CNES_ST_REGSAUDE_MODE
313535;MG;0029;MG-0029;14;9;0029|0030;True;CNES_ST_REGSAUDE_MODE
313540;MG;0003;MG-0003;10;4;0003;False;CNES_ST_REGSAUDE_MODE
313545;MG;0004;MG-0004;9;3;0004;False;CNES_ST_REGSAUDE_MODE
313550;MG;0008;MG-0008;16;16;0008;False;CNES_ST_REGSAUDE_MODE
313560;MG;0006;MG-0006;12;9;0006;False;CNES_ST_REGSAUDE_MODE
313570;MG;0014;MG-0014;6;4;0014;False;CNES_ST_REGSAUDE_MODE
313580;MG;0019;MG-0019;41;26;0019;False;CNES_ST_REGSAUDE_MODE
313590;MG;0011;MG-0011;5;3;0011;False;CNES_ST_REGSAUDE_MODE
313600;MG;0019;MG-0019;19;16;0019;False;CNES_ST_REGSAUDE_MODE
313610;MG;0023;MG-0023;5;4;0023;False;CNES_ST_REGSAUDE_MODE
313620;MG;0009;MG-0009;358;97;0009|0029;True;CNES_ST_REGSAUDE_MODE
313630;MG;0007;MG-0007;91;34;0007;False;CNES_ST_REGSAUDE_MODE
313640;MG;0006;MG-0006;7;7;0006;False;CNES_ST_REGSAUDE_MODE
313650;MG;0019;MG-0019;15;10;0019;False;CNES_ST_REGSAUDE_MODE
313652;MG;0004;MG-0004;8;5;0004;False;CNES_ST_REGSAUDE_MODE
313655;MG;0016;MG-0016;6;1;0016;False;CNES_ST_REGSAUDE_MODE
313657;MG;0006;MG-0006;5;5;0006;False;CNES_ST_REGSAUDE_MODE
313660;MG;0002;MG-0002;7;3;0002;False;CNES_ST_REGSAUDE_MODE
313665;MG;0002;MG-0002;45;20;0002;False;CNES_ST_REGSAUDE_MODE
313670;MG;0005;MG-0005;1589;31;0005|3601;True;CNES_ST_REGSAUDE_MODE
313680;MG;0006;MG-0006;7;7;0006;False;CNES_ST_REGSAUDE_MODE
313690;MG;0021;MG-0021;24;3;0021;False;CNES_ST_REGSAUDE_MODE
313695;MG;0029;MG-0029;6;2;0029|0030;True;CNES_ST_REGSAUDE_MODE
313700;MG;0017;MG-0017;20;11;0017;False;CNES_ST_REGSAUDE_MODE
313710;MG;0007;MG-0007;17;13;0007;False;CNES_ST_REGSAUDE_MODE
313720;MG;0015;MG-0015;85;37;0015;False;CNES_ST_REGSAUDE_MODE
313730;MG;0006;MG-0006;8;8;0006;False;CNES_ST_REGSAUDE_MODE
313740;MG;0020;MG-0020;16;5;0003|0020;True;CNES_ST_REGSAUDE_MODE
313750;MG;0007;MG-0007;51;10;0007;False;CNES_ST_REGSAUDE_MODE
313753;MG;0007;MG-0007;16;5;0007;False;CNES_ST_REGSAUDE_MODE
313760;MG;0002;MG-0002;143;105;0002;False;CNES_ST_REGSAUDE_MODE
313770;MG;0024;MG-0024;19;19;0024;False;CNES_ST_REGSAUDE_MODE
313780;MG;0011;MG-0011;45;37;0010|0011;True;CNES_ST_REGSAUDE_MODE
313790;MG;0003;MG-0003;5;5;0003;False;CNES_ST_REGSAUDE_MODE
313800;MG;0027;MG-0027;21;15;0027;False;CNES_ST_REGSAUDE_MODE
313810;MG;0029;MG-0029;13;9;0029;False;CNES_ST_REGSAUDE_MODE
313820;MG;0011;MG-0011;546;267;0011|0111|3138|3820;True;CNES_ST_REGSAUDE_MODE
313830;MG;0015;MG-0015;6;2;0015;False;CNES_ST_REGSAUDE_MODE
313835;MG;0004;MG-0004;11;6;0004;False;CNES_ST_REGSAUDE_MODE
313840;MG;0027;MG-0027;53;32;0027;False;CNES_ST_REGSAUDE_MODE
313850;MG;0005;MG-0005;8;5;0005;False;CNES_ST_REGSAUDE_MODE
313860;MG;0005;MG-0005;34;18;0005;False;CNES_ST_REGSAUDE_MODE
313862;MG;0013;MG-0013;16;15;0013;False;CNES_ST_REGSAUDE_MODE
313865;MG;0030;MG-0030;14;4;0030;False;CNES_ST_REGSAUDE_MODE
313867;MG;0024;MG-0024;7;7;0024;False;CNES_ST_REGSAUDE_MODE
313868;MG;0030;MG-0030;8;7;0030;False;CNES_ST_REGSAUDE_MODE
313870;MG;0011;MG-0011;7;3;0011;False;CNES_ST_REGSAUDE_MODE
313880;MG;0015;MG-0015;37;35;0015;False;CNES_ST_REGSAUDE_MODE
313890;MG;0017;MG-0017;16;14;0017;False;CNES_ST_REGSAUDE_MODE
313900;MG;0021;MG-0021;140;17;0021;False;CNES_ST_REGSAUDE_MODE
313910;MG;0020;MG-0020;5;4;0003|0020;True;CNES_ST_REGSAUDE_MODE
313920;MG;0017;MG-0017;25;20;0017;False;CNES_ST_REGSAUDE_MODE
313925;MG;0006;MG-0006;11;11;0006;False;CNES_ST_REGSAUDE_MODE
313930;MG;0030;MG-0030;24;9;0030;False;CNES_ST_REGSAUDE_MODE
313940;MG;0024;MG-0024;527;134;0024;False;CNES_ST_REGSAUDE_MODE
313950;MG;0024;MG-0024;46;33;0024;False;CNES_ST_REGSAUDE_MODE
313960;MG;0016;MG-0016;40;29;0016;False;CNES_ST_REGSAUDE_MODE
313970;MG;0014;MG-0014;5;3;0014;False;CNES_ST_REGSAUDE_MODE
313980;MG;0005;MG-0005;18;9;0005;False;CNES_ST_REGSAUDE_MODE
313990;MG;0010;MG-0010;36;36;0010;False;CNES_ST_REGSAUDE_MODE
314000;MG;0002;MG-0002;150;50;0001|0002;True;CNES_ST_REGSAUDE_MODE
314010;MG;0016;MG-0016;5;5;0016;False;CNES_ST_REGSAUDE_MODE
314015;MG;0002;MG-0002;12;3;0002;False;CNES_ST_REGSAUDE_MODE
314020;MG;0005;MG-0005;5;2;0005;False;CNES_ST_REGSAUDE_MODE
314030;MG;0023;MG-0023;4;3;0023;False;CNES_ST_REGSAUDE_MODE
314040;MG;0010;MG-0010;5;1;0010|0031;True;CNES_ST_REGSAUDE_MODE
314050;MG;0015;MG-0015;34;9;0015;False;CNES_ST_REGSAUDE_MODE
314053;MG;0024;MG-0024;7;7;0024;False;CNES_ST_REGSAUDE_MODE
314055;MG;0019;MG-0019;4;4;0019;False;CNES_ST_REGSAUDE_MODE
314060;MG;0004;MG-0004;4;2;0004;False;CNES_ST_REGSAUDE_MODE
314070;MG;0002;MG-0002;93;32;0002;False;CNES_ST_REGSAUDE_MODE
314080;MG;0005;MG-0005;22;15;0005;False;CNES_ST_REGSAUDE_MODE
314085;MG;0006;MG-0006;12;11;0006;False;CNES_ST_REGSAUDE_MODE
314090;MG;0024;MG-0024;33;22;0004|0024;True;CNES_ST_REGSAUDE_MODE
314100;MG;0006;MG-0006;27;10;0006;False;CNES_ST_REGSAUDE_MODE
314110;MG;0002;MG-0002;36;30;0002;False;CNES_ST_REGSAUDE_MODE
314120;MG;0007;MG-0007;12;6;0007;False;CNES_ST_REGSAUDE_MODE
314130;MG;0015;MG-0015;6;6;0015;False;CNES_ST_REGSAUDE_MODE
314140;MG;0019;MG-0019;25;25;0019;False;CNES_ST_REGSAUDE_MODE
314150;MG;0016;MG-0016;8;4;0016;False;CNES_ST_REGSAUDE_MODE
314160;MG;0018;MG-0018;16;13;0018;False;CNES_ST_REGSAUDE_MODE
314170;MG;0023;MG-0023;6;3;0023;False;CNES_ST_REGSAUDE_MODE
314180;MG;0004;MG-0004;40;14;0004;False;CNES_ST_REGSAUDE_MODE
314190;MG;0011;MG-0011;8;4;0011;False;CNES_ST_REGSAUDE_MODE
314200;MG;0030;MG-0030;19;10;0006|0030;True;CNES_ST_REGSAUDE_MODE
314210;MG;0018;MG-0018;15;11;0018;False;CNES_ST_REGSAUDE_MODE
314220;MG;0018;MG-0018;27;15;0018;False;CNES_ST_REGSAUDE_MODE
314225;MG;0030;MG-0030;15;5;0030;False;CNES_ST_REGSAUDE_MODE
314230;MG;0002;MG-0002;6;6;0002;False;CNES_ST_REGSAUDE_MODE
314240;MG;0015;MG-0015;15;9;0015;False;CNES_ST_REGSAUDE_MODE
314250;MG;0014;MG-0014;6;5;0014;False;CNES_ST_REGSAUDE_MODE
314260;MG;0011;MG-0011;16;5;0011;False;CNES_ST_REGSAUDE_MODE
314270;MG;0030;MG-0030;18;10;0030;False;CNES_ST_REGSAUDE_MODE
314280;MG;0012;MG-0012;14;10;0012;False;CNES_ST_REGSAUDE_MODE
314290;MG;0006;MG-0006;38;14;0006;False;CNES_ST_REGSAUDE_MODE
314300;MG;0021;MG-0021;23;22;0021;False;CNES_ST_REGSAUDE_MODE
314310;MG;0012;MG-0012;73;15;0012;False;CNES_ST_REGSAUDE_MODE
314315;MG;0019;MG-0019;6;6;0019;False;CNES_ST_REGSAUDE_MODE
314320;MG;0022;MG-0022;39;38;0022;False;CNES_ST_REGSAUDE_MODE
314330;MG;0006;MG-0006;771;617;0006|0009;True;CNES_ST_REGSAUDE_MODE
314340;MG;0010;MG-0010;60;54;0010;False;CNES_ST_REGSAUDE_MODE
314345;MG;0006;MG-0006;11;10;0006;False;CNES_ST_REGSAUDE_MODE
314350;MG;0014;MG-0014;15;12;0014|0031;True;CNES_ST_REGSAUDE_MODE
314360;MG;0014;MG-0014;3;3;0014;False;CNES_ST_REGSAUDE_MODE
314370;MG;0009;MG-0009;1;1;0009;False;CNES_ST_REGSAUDE_MODE
314380;MG;0010;MG-0010;7;4;0010;False;CNES_ST_REGSAUDE_MODE
314390;MG;0018;MG-0018;271;241;0016|0018|0081;True;CNES_ST_REGSAUDE_MODE
314400;MG;0024;MG-0024;34;26;0024;False;CNES_ST_REGSAUDE_MODE
314410;MG;0021;MG-0021;52;18;0021;False;CNES_ST_REGSAUDE_MODE
314420;MG;0016;MG-0016;5;1;0016;False;CNES_ST_REGSAUDE_MODE
314430;MG;0017;MG-0017;73;41;0017;False;CNES_ST_REGSAUDE_MODE
314435;MG;0023;MG-0023;7;4;0023;False;CNES_ST_REGSAUDE_MODE
314437;MG;0028;MG-0028;3;2;0028;False;CNES_ST_REGSAUDE_MODE
314440;MG;0010;MG-0010;8;6;0010;False;CNES_ST_REGSAUDE_MODE
314450;MG;0020;MG-0020;15;10;0003|0020;True;CNES_ST_REGSAUDE_MODE
314460;MG;0011;MG-0011;33;29;0011;False;CNES_ST_REGSAUDE_MODE
314465;MG;0006;MG-0006;13;13;0006;False;CNES_ST_REGSAUDE_MODE
314467;MG;0016;MG-0016;8;6;0016;False;CNES_ST_REGSAUDE_MODE
314470;MG;0009;MG-0009;46;20;0009;False;CNES_ST_REGSAUDE_MODE
314480;MG;0002;MG-0002;245;238;0002;False;CNES_ST_REGSAUDE_MODE
314490;MG;0017;MG-0017;4;4;0017;False;CNES_ST_REGSAUDE_MODE
314500;MG;0012;MG-0012;24;11;0012;False;CNES_ST_REGSAUDE_MODE
314505;MG;0006;MG-0006;8;7;0006;False;CNES_ST_REGSAUDE_MODE
314510;MG;0021;MG-0021;30;15;0021|0022;True;CNES_ST_REGSAUDE_MODE
314520;MG;0015;MG-0015;99;65;0015|3145;True;CNES_ST_REGSAUDE_MODE
314530;MG;0017;MG-0017;30;28;0017;False;CNES_ST_REGSAUDE_MODE
314535;MG;0017;MG-0017;11;8;0017;False;CNES_ST_REGSAUDE_MODE
314537;MG;0006;MG-0006;5;5;0006;False;CNES_ST_REGSAUDE_MODE
314540;MG;0005;MG-0005;5;3;0005;False;CNES_ST_REGSAUDE_MODE
314545;MG;0006;MG-0006;9;9;0006;False;CNES_ST_REGSAUDE_MODE
314550;MG;0011;MG-0011;6;5;0011;False;CNES_ST_REGSAUDE_MODE
314560;MG;0015;MG-0015;94;40;0015;False;CNES_ST_REGSAUDE_MODE
314570;MG;0005;MG-0005;3;2;0005;False;CNES_ST_REGSAUDE_MODE
314580;MG;0015;MG-0015;7;1;0015;False;CNES_ST_REGSAUDE_MODE
314585;MG;0008;MG-0008;7;7;0008;False;CNES_ST_REGSAUDE_MODE
314587;MG;0024;MG-0024;9;6;0024;False;CNES_ST_REGSAUDE_MODE
314590;MG;0003;MG-0003;92;36;0003;False;CNES_ST_REGSAUDE_MODE
314600;MG;0010;MG-0010;94;89;0001|0010;True;CNES_ST_REGSAUDE_MODE
314610;MG;0002;MG-0002;192;181;0001|0002;True;CNES_ST_REGSAUDE_MODE
314620;MG;0017;MG-0017;6;4;0017|0117;True;CNES_ST_REGSAUDE_MODE
314625;MG;0006;MG-0006;5;4;0006;False;CNES_ST_REGSAUDE_MODE
314630;MG;0017;MG-0017;22;19;0017;False;CNES_ST_REGSAUDE_MODE
314640;MG;0014;MG-0014;10;9;0014;False;CNES_ST_REGSAUDE_MODE
314650;MG;0015;MG-0015;10;8;0015;False;CNES_ST_REGSAUDE_MODE
314655;MG;0006;MG-0006;8;3;0006;False;CNES_ST_REGSAUDE_MODE
314660;MG;0003;MG-0003;3;2;0003;False;CNES_ST_REGSAUDE_MODE
314670;MG;0027;MG-0027;19;16;0027;False;CNES_ST_REGSAUDE_MODE
314675;MG;0019;MG-0019;9;8;0019;False;CNES_ST_REGSAUDE_MODE
314690;MG;0014;MG-0014;18;5;0014;False;CNES_ST_REGSAUDE_MODE
314700;MG;0028;MG-0028;206;138;0007|0028;True;CNES_ST_REGSAUDE_MODE
314710;MG;0015;MG-0015;161;30;0015;False;CNES_ST_REGSAUDE_MODE
314720;MG;0021;MG-0021;27;6;0021;False;CNES_ST_REGSAUDE_MODE
314730;MG;0010;MG-0010;48;46;0010;False;CNES_ST_REGSAUDE_MODE
314740;MG;0014;MG-0014;43;12;0014;False;CNES_ST_REGSAUDE_MODE
314750;MG;0009;MG-0009;6;4;0009;False;CNES_ST_REGSAUDE_MODE
314760;MG;0011;MG-0011;37;30;0011;False;CNES_ST_REGSAUDE_MODE
314770;MG;0015;MG-0015;13;7;0015;False;CNES_ST_REGSAUDE_MODE
314780;MG;0005;MG-0005;6;2;0005;False;CNES_ST_REGSAUDE_MODE
314790;MG;0022;MG-0022;308;195;0002|0022;True;CNES_ST_REGSAUDE_MODE
314795;MG;0030;MG-0030;5;4;0030;False;CNES_ST_REGSAUDE_MODE
314800;MG;0007;MG-0007;596;274;0001|0007;True;CNES_ST_REGSAUDE_MODE
314810;MG;0012;MG-0012;206;113;0002|0012;True;CNES_ST_REGSAUDE_MODE
314820;MG;0018;MG-0018;10;8;0018;False;CNES_ST_REGSAUDE_MODE
314830;MG;0008;MG-0008;22;19;0008|0075;True;CNES_ST_REGSAUDE_MODE
314840;MG;0016;MG-0016;7;1;0016;False;CNES_ST_REGSAUDE_MODE
314850;MG;0017;MG-0017;9;8;0017;False;CNES_ST_REGSAUDE_MODE
314860;MG;0016;MG-0016;26;12;0016;False;CNES_ST_REGSAUDE_MODE
314870;MG;0019;MG-0019;36;28;0019;False;CNES_ST_REGSAUDE_MODE
314875;MG;0024;MG-0024;10;5;0024;False;CNES_ST_REGSAUDE_MODE
314880;MG;0008;MG-0008;6;3;0008;False;CNES_ST_REGSAUDE_MODE
314890;MG;0015;MG-0015;6;1;0000|0015;True;CNES_ST_REGSAUDE_MODE
314900;MG;0024;MG-0024;6;4;0024;False;CNES_ST_REGSAUDE_MODE
314910;MG;0010;MG-0010;24;18;0010;False;CNES_ST_REGSAUDE_MODE
314915;MG;0030;MG-0030;13;10;0030;False;CNES_ST_REGSAUDE_MODE
314920;MG;0013;MG-0013;7;6;0013;False;CNES_ST_REGSAUDE_MODE
314930;MG;0002;MG-0002;154;62;0002;False;CNES_ST_REGSAUDE_MODE
314940;MG;0005;MG-0005;4;2;0005;False;CNES_ST_REGSAUDE_MODE
314950;MG;0005;MG-0005;6;4;0005;False;CNES_ST_REGSAUDE_MODE
314960;MG;0014;MG-0014;6;4;0014;False;CNES_ST_REGSAUDE_MODE
314970;MG;0015;MG-0015;12;12;0015;False;CNES_ST_REGSAUDE_MODE
314980;MG;0013;MG-0013;33;26;0013;False;CNES_ST_REGSAUDE_MODE
314990;MG;0011;MG-0011;44;29;0011|0111;True;CNES_ST_REGSAUDE_MODE
314995;MG;0023;MG-0023;6;3;0023;False;CNES_ST_REGSAUDE_MODE
315000;MG;0017;MG-0017;5;3;0017|0071;True;CNES_ST_REGSAUDE_MODE
315010;MG;0005;MG-0005;5;3;0005;False;CNES_ST_REGSAUDE_MODE
315015;MG;0023;MG-0023;9;9;0023;False;CNES_ST_REGSAUDE_MODE
315020;MG;0008;MG-0008;5;5;0008;False;CNES_ST_REGSAUDE_MODE
315030;MG;0020;MG-0020;9;7;0020;False;CNES_ST_REGSAUDE_MODE
315040;MG;0002;MG-0002;7;5;0002|0003;True;CNES_ST_REGSAUDE_MODE
315050;MG;0015;MG-0015;15;6;0015|0022;True;CNES_ST_REGSAUDE_MODE
315053;MG;0023;MG-0023;7;2;0023;False;CNES_ST_REGSAUDE_MODE
315057;MG;0030;MG-0030;8;4;0030;False;CNES_ST_REGSAUDE_MODE
315060;MG;0015;MG-0015;11;6;0015;False;CNES_ST_REGSAUDE_MODE
315070;MG;0013;MG-0013;4;3;0013;False;CNES_ST_REGSAUDE_MODE
315080;MG;0003;MG-0003;26;19;0003;False;CNES_ST_REGSAUDE_MODE
315090;MG;0010;MG-0010;9;7;0010;False;CNES_ST_REGSAUDE_MODE
315100;MG;0010;MG-0010;15;11;0010;False;CNES_ST_REGSAUDE_MODE
315110;MG;0027;MG-0027;21;16;0027;False;CNES_ST_REGSAUDE_MODE
315120;MG;0029;MG-0029;111;44;0029;False;CNES_ST_REGSAUDE_MODE
315130;MG;0018;MG-0018;22;21;0018;False;CNES_ST_REGSAUDE_MODE
315140;MG;0015;MG-0015;48;22;0015;False;CNES_ST_REGSAUDE_MODE
315150;MG;0022;MG-0022;99;93;0022;False;CNES_ST_REGSAUDE_MODE
315160;MG;0013;MG-0013;15;15;0013;False;CNES_ST_REGSAUDE_MODE
315170;MG;0021;MG-0021;25;13;0021;False;CNES_ST_REGSAUDE_MODE
315180;MG;0010;MG-0010;840;512;0001|0006|0010;True;CNES_ST_REGSAUDE_MODE
315190;MG;0024;MG-0024;9;9;0024;False;CNES_ST_REGSAUDE_MODE
315200;MG;0014;MG-0014;46;46;0014;False;CNES_ST_REGSAUDE_MODE
315210;MG;0008;MG-0008;224;30;0008;False;CNES_ST_REGSAUDE_MODE
315213;MG;0029;MG-0029;7;4;0029;False;CNES_ST_REGSAUDE_MODE
315217;MG;0019;MG-0019;16;12;0019;False;CNES_ST_REGSAUDE_MODE
315220;MG;0006;MG-0006;53;25;0006;False;CNES_ST_REGSAUDE_MODE
315230;MG;0008;MG-0008;13;9;0008;False;CNES_ST_REGSAUDE_MODE
315240;MG;0017;MG-0017;15;9;0017;False;CNES_ST_REGSAUDE_MODE
315250;MG;0010;MG-0010;768;713;0010;False;CNES_ST_REGSAUDE_MODE
315260;MG;0011;MG-0011;9;8;0011;False;CNES_ST_REGSAUDE_MODE
315270;MG;0020;MG-0020;10;8;0020;False;CNES_ST_REGSAUDE_MODE
315280;MG;0012;MG-0012;41;33;0012;False;CNES_ST_REGSAUDE_MODE
315290;MG;0022;MG-0022;9;7;0022;False;CNES_ST_REGSAUDE_MODE
315300;MG;0013;MG-0013;6;6;0013;False;CNES_ST_REGSAUDE_MODE
315310;MG;0018;MG-0018;9;5;0018;False;CNES_ST_REGSAUDE_MODE
315320;MG;0014;MG-0014;4;2;0014;False;CNES_ST_REGSAUDE_MODE
315330;MG;0004;MG-0004;5;5;0004;False;CNES_ST_REGSAUDE_MODE
315340;MG;0007;MG-0007;18;10;0007;False;CNES_ST_REGSAUDE_MODE
315350;MG;0024;MG-0024;18;11;0024;False;CNES_ST_REGSAUDE_MODE
315360;MG;0014;MG-0014;8;5;0014;False;CNES_ST_REGSAUDE_MODE
315370;MG;0014;MG-0014;4;2;0014;False;CNES_ST_REGSAUDE_MODE
315380;MG;0003;MG-0003;3;1;0003;False;CNES_ST_REGSAUDE_MODE
315390;MG;0002;MG-0002;12;3;0002;False;CNES_ST_REGSAUDE_MODE
315400;MG;0008;MG-0008;51;34;0008;False;CNES_ST_REGSAUDE_MODE
315410;MG;0027;MG-0027;20;18;0027;False;CNES_ST_REGSAUDE_MODE
315415;MG;0024;MG-0024;7;7;0024;False;CNES_ST_REGSAUDE_MODE
315420;MG;0020;MG-0020;28;19;0003|0020;True;CNES_ST_REGSAUDE_MODE
315430;MG;0016;MG-0016;20;12;0016;False;CNES_ST_REGSAUDE_MODE
315440;MG;0003;MG-0003;7;2;0003;False;CNES_ST_REGSAUDE_MODE
315445;MG;0028;MG-0028;9;7;0026|0028;True;CNES_ST_REGSAUDE_MODE
315450;MG;0006;MG-0006;11;11;0006;False;CNES_ST_REGSAUDE_MODE
315460;MG;0002;MG-0002;145;74;0001|0002|0003|0004;True;CNES_ST_REGSAUDE_MODE
315470;MG;0011;MG-0011;11;3;0011;False;CNES_ST_REGSAUDE_MODE
315480;MG;0002;MG-0002;8;7;0002;False;CNES_ST_REGSAUDE_MODE
315490;MG;0008;MG-0008;39;38;0008;False;CNES_ST_REGSAUDE_MODE
315500;MG;0008;MG-0008;4;4;0008;False;CNES_ST_REGSAUDE_MODE
315510;MG;0019;MG-0019;8;7;0019;False;CNES_ST_REGSAUDE_MODE
315520;MG;0003;MG-0003;6;4;0003;False;CNES_ST_REGSAUDE_MODE
315530;MG;0002;MG-0002;5;5;0002;False;CNES_ST_REGSAUDE_MODE
315540;MG;0005;MG-0005;16;9;0005;False;CNES_ST_REGSAUDE_MODE
315550;MG;0007;MG-0007;27;7;0007;False;CNES_ST_REGSAUDE_MODE
315560;MG;0006;MG-0006;29;24;0006;False;CNES_ST_REGSAUDE_MODE
315570;MG;0009;MG-0009;26;6;0009;False;CNES_ST_REGSAUDE_MODE
315580;MG;0018;MG-0018;35;22;0018;False;CNES_ST_REGSAUDE_MODE
315590;MG;0005;MG-0005;9;7;0005;False;CNES_ST_REGSAUDE_MODE
315600;MG;0004;MG-0004;14;6;0004;False;CNES_ST_REGSAUDE_MODE
315610;MG;0020;MG-0020;9;6;0020;False;CNES_ST_REGSAUDE_MODE
315620;MG;0005;MG-0005;5;4;0005;False;CNES_ST_REGSAUDE_MODE
315630;MG;0018;MG-0018;9;3;0018;False;CNES_ST_REGSAUDE_MODE
315640;MG;0012;MG-0012;3;1;0012;False;CNES_ST_REGSAUDE_MODE
315645;MG;0018;MG-0018;6;3;0018;False;CNES_ST_REGSAUDE_MODE
315650;MG;0006;MG-0006;11;9;0006;False;CNES_ST_REGSAUDE_MODE
315660;MG;0019;MG-0019;13;9;0019;False;CNES_ST_REGSAUDE_MODE
315670;MG;0002;MG-0002;86;65;0001|0002;True;CNES_ST_REGSAUDE_MODE
315680;MG;0004;MG-0004;23;13;0004;False;CNES_ST_REGSAUDE_MODE
315690;MG;0013;MG-0013;60;14;0013;False;CNES_ST_REGSAUDE_MODE
315700;MG;0006;MG-0006;79;70;0006;False;CNES_ST_REGSAUDE_MODE
315710;MG;0019;MG-0019;11;9;0019;False;CNES_ST_REGSAUDE_MODE
315720;MG;0009;MG-0009;73;23;0009|0010;True;CNES_ST_REGSAUDE_MODE
315725;MG;0023;MG-0023;4;4;0023;False;CNES_ST_REGSAUDE_MODE
315727;MG;0005;MG-0005;8;4;0005;False;CNES_ST_REGSAUDE_MODE
315730;MG;0003;MG-0003;3;3;0003;False;CNES_ST_REGSAUDE_MODE
315733;MG;0020;MG-0020;9;4;0020;False;CNES_ST_REGSAUDE_MODE
315737;MG;0006;MG-0006;5;5;0006;False;CNES_ST_REGSAUDE_MODE
315740;MG;0008;MG-0008;10;9;0008|0020;True;CNES_ST_REGSAUDE_MODE
315750;MG;0016;MG-0016;4;2;0016;False;CNES_ST_REGSAUDE_MODE
315760;MG;0029;MG-0029;6;2;0029;False;CNES_ST_REGSAUDE_MODE
315765;MG;0017;MG-0017;6;5;0017;False;CNES_ST_REGSAUDE_MODE
315770;MG;0013;MG-0013;24;21;0013;False;CNES_ST_REGSAUDE_MODE
315780;MG;0002;MG-0002;174;18;0002|3106;True;CNES_ST_REGSAUDE_MODE
315790;MG;0024;MG-0024;20;15;0024;False;CNES_ST_REGSAUDE_MODE
315800;MG;0009;MG-0009;14;14;0009;False;CNES_ST_REGSAUDE_MODE
315810;MG;0019;MG-0019;5;4;0019;False;CNES_ST_REGSAUDE_MODE
315820;MG;0016;MG-0016;20;12;0016;False;CNES_ST_REGSAUDE_MODE
315830;MG;0011;MG-0011;7;7;0011;False;CNES_ST_REGSAUDE_MODE
315840;MG;0027;MG-0027;6;2;0027;False;CNES_ST_REGSAUDE_MODE
315850;MG;0014;MG-0014;6;5;0014;False;CNES_ST_REGSAUDE_MODE
315860;MG;0005;MG-0005;7;5;0005;False;CNES_ST_REGSAUDE_MODE
315870;MG;0003;MG-0003;4;1;0003;False;CNES_ST_REGSAUDE_MODE
315880;MG;0015;MG-0015;8;6;0015;False;CNES_ST_REGSAUDE_MODE
315890;MG;0024;MG-0024;10;10;0024;False;CNES_ST_REGSAUDE_MODE
315895;MG;0023;MG-0023;26;21;0023;False;CNES_ST_REGSAUDE_MODE
315900;MG;0002;MG-0002;5;3;0002;False;CNES_ST_REGSAUDE_MODE
315910;MG;0003;MG-0003;5;5;0003;False;CNES_ST_REGSAUDE_MODE
315920;MG;0010;MG-0010;24;15;0010;False;CNES_ST_REGSAUDE_MODE
315930;MG;0005;MG-0005;6;3;0005;False;CNES_ST_REGSAUDE_MODE
315935;MG;0023;MG-0023;11;3;0023;False;CNES_ST_REGSAUDE_MODE
315940;MG;0003;MG-0003;5;4;0003;False;CNES_ST_REGSAUDE_MODE
315950;MG;0016;MG-0016;11;7;0016;False;CNES_ST_REGSAUDE_MODE
315960;MG;0010;MG-0010;170;89;0010;False;CNES_ST_REGSAUDE_MODE
315970;MG;0007;MG-0007;10;3;0007;False;CNES_ST_REGSAUDE_MODE
315980;MG;0026;MG-0026;28;17;0026;False;CNES_ST_REGSAUDE_MODE
315990;MG;0015;MG-0015;31;18;0015;False;CNES_ST_REGSAUDE_MODE
316000;MG;0027;MG-0027;6;6;0027;False;CNES_ST_REGSAUDE_MODE
316010;MG;0008;MG-0008;6;6;0008;False;CNES_ST_REGSAUDE_MODE
316020;MG;0004;MG-0004;2;2;0004;False;CNES_ST_REGSAUDE_MODE
316030;MG;0019;MG-0019;8;8;0019;False;CNES_ST_REGSAUDE_MODE
316040;MG;0015;MG-0015;50;22;0015;False;CNES_ST_REGSAUDE_MODE
316045;MG;0006;MG-0006;11;7;0006;False;CNES_ST_REGSAUDE_MODE
316050;MG;0009;MG-0009;4;2;0009;False;CNES_ST_REGSAUDE_MODE
316060;MG;0014;MG-0014;5;3;0014;False;CNES_ST_REGSAUDE_MODE
316070;MG;0005;MG-0005;77;40;0005;False;CNES_ST_REGSAUDE_MODE
316080;MG;0011;MG-0011;5;2;0011;False;CNES_ST_REGSAUDE_MODE
316090;MG;0003;MG-0003;6;1;0003;False;CNES_ST_REGSAUDE_MODE
316095;MG;0023;MG-0023;7;5;0023;False;CNES_ST_REGSAUDE_MODE
316100;MG;0009;MG-0009;23;12;0009;False;CNES_ST_REGSAUDE_MODE
316105;MG;0016;MG-0016;8;5;0016;False;CNES_ST_REGSAUDE_MODE
316110;MG;0030;MG-0030;49;26;0030;False;CNES_ST_REGSAUDE_MODE
316120;MG;0015;MG-0015;6;5;0015|3115;True;CNES_ST_REGSAUDE_MODE
316130;MG;0013;MG-0013;13;9;0013;False;CNES_ST_REGSAUDE_MODE
316140;MG;0018;MG-0018;8;4;0018;False;CNES_ST_REGSAUDE_MODE
316150;MG;0018;MG-0018;7;4;0018;False;CNES_ST_REGSAUDE_MODE
316160;MG;0016;MG-0016;3;3;0016;False;CNES_ST_REGSAUDE_MODE
316165;MG;0016;MG-0016;6;2;0016;False;CNES_ST_REGSAUDE_MODE
316170;MG;0007;MG-0007;9;4;0007;False;CNES_ST_REGSAUDE_MODE
316180;MG;0015;MG-0015;10;8;0015;False;CNES_ST_REGSAUDE_MODE
316190;MG;0009;MG-0009;14;5;0009;False;CNES_ST_REGSAUDE_MODE
316200;MG;0011;MG-0011;64;34;0010|0011;True;CNES_ST_REGSAUDE_MODE
316210;MG;0007;MG-0007;60;34;0007;False;CNES_ST_REGSAUDE_MODE
316220;MG;0022;MG-0022;12;9;0022;False;CNES_ST_REGSAUDE_MODE
316225;MG;0006;MG-0006;4;4;0006;False;CNES_ST_REGSAUDE_MODE
316230;MG;0010;MG-0010;6;3;0010;False;CNES_ST_REGSAUDE_MODE
316240;MG;0030;MG-0030;22;12;0029|0030;True;CNES_ST_REGSAUDE_MODE
316245;MG;0030;MG-0030;15;12;0030;False;CNES_ST_REGSAUDE_MODE
316250;MG;0020;MG-0020;321;104;0003|0020;True;CNES_ST_REGSAUDE_MODE
316255;MG;0024;MG-0024;14;14;0024;False;CNES_ST_REGSAUDE_MODE
316257;MG;0016;MG-0016;8;7;0016;False;CNES_ST_REGSAUDE_MODE
316260;MG;0023;MG-0023;9;7;0023;False;CNES_ST_REGSAUDE_MODE
316265;MG;0006;MG-0006;7;7;0006;False;CNES_ST_REGSAUDE_MODE
316270;MG;0006;MG-0006;23;17;0006;False;CNES_ST_REGSAUDE_MODE
316280;MG;0016;MG-0016;16;9;0016;False;CNES_ST_REGSAUDE_MODE
316290;MG;0005;MG-0005;41;35;0005;False;CNES_ST_REGSAUDE_MODE
316292;MG;0002;MG-0002;34;16;0002|3103;True;CNES_ST_REGSAUDE_MODE
316294;MG;0022;MG-0022;11;7;0022;False;CNES_ST_REGSAUDE_MODE
316295;MG;0002;MG-0002;23;15;0002;False;CNES_ST_REGSAUDE_MODE
316300;MG;;;4;0;;False;CNES_ST_REGSAUDE_MODE
316310;MG;0015;MG-0015;9;7;0015;False;CNES_ST_REGSAUDE_MODE
316320;MG;0010;MG-0010;5;3;0010;False;CNES_ST_REGSAUDE_MODE
316330;MG;0017;MG-0017;6;4;0017;False;CNES_ST_REGSAUDE_MODE
316340;MG;0008;MG-0008;5;5;0008;False;CNES_ST_REGSAUDE_MODE
316350;MG;0016;MG-0016;7;3;0016;False;CNES_ST_REGSAUDE_MODE
316360;MG;0024;MG-0024;5;4;0024;False;CNES_ST_REGSAUDE_MODE
316370;MG;0011;MG-0011;256;59;0011;False;CNES_ST_REGSAUDE_MODE
316380;MG;0008;MG-0008;13;10;0008;False;CNES_ST_REGSAUDE_MODE
316390;MG;0021;MG-0021;9;7;0021;False;CNES_ST_REGSAUDE_MODE
316400;MG;0008;MG-0008;16;14;0008;False;CNES_ST_REGSAUDE_MODE
316410;MG;0016;MG-0016;8;4;0016;False;CNES_ST_REGSAUDE_MODE
316420;MG;0030;MG-0030;12;8;0030;False;CNES_ST_REGSAUDE_MODE
316430;MG;0022;MG-0022;14;9;0022;False;CNES_ST_REGSAUDE_MODE
316440;MG;0010;MG-0010;5;5;0010;False;CNES_ST_REGSAUDE_MODE
316443;MG;0018;MG-0018;7;4;0018;False;CNES_ST_REGSAUDE_MODE
316447;MG;0023;MG-0023;5;4;0023;False;CNES_ST_REGSAUDE_MODE
316450;MG;0016;MG-0016;8;2;0016;False;CNES_ST_REGSAUDE_MODE
316460;MG;0015;MG-0015;11;4;0015;False;CNES_ST_REGSAUDE_MODE
316470;MG;0022;MG-0022;205;129;0022;False;CNES_ST_REGSAUDE_MODE
316480;MG;0009;MG-0009;3;2;0009;False;CNES_ST_REGSAUDE_MODE
316490;MG;0011;MG-0011;4;3;0011;False;CNES_ST_REGSAUDE_MODE
316500;MG;0020;MG-0020;13;6;0003|0020;True;CNES_ST_REGSAUDE_MODE
316510;MG;0022;MG-0022;14;3;0022|3122;True;CNES_ST_REGSAUDE_MODE
316520;MG;0011;MG-0011;11;8;0011;False;CNES_ST_REGSAUDE_MODE
316530;MG;0020;MG-0020;17;10;0020;False;CNES_ST_REGSAUDE_MODE
316540;MG;0010;MG-0010;9;8;0010;False;CNES_ST_REGSAUDE_MODE
316550;MG;0016;MG-0016;2;2;0016;False;CNES_ST_REGSAUDE_MODE
316553;MG;0002;MG-0002;40;14;0002;False;CNES_ST_REGSAUDE_MODE
316555;MG;0017;MG-0017;8;7;0017;False;CNES_ST_REGSAUDE_MODE
316556;MG;0008;MG-0008;6;6;0008;False;CNES_ST_REGSAUDE_MODE
316557;MG;0010;MG-0010;6;3;0010;False;CNES_ST_REGSAUDE_MODE
316560;MG;0005;MG-0005;4;3;0005;False;CNES_ST_REGSAUDE_MODE
316570;MG;0018;MG-0018;13;9;0018;False;CNES_ST_REGSAUDE_MODE
316580;MG;0010;MG-0010;5;4;0010;False;CNES_ST_REGSAUDE_MODE
316590;MG;0004;MG-0004;3;3;0004;False;CNES_ST_REGSAUDE_MODE
316600;MG;0003;MG-0003;7;5;0003;False;CNES_ST_REGSAUDE_MODE
316610;MG;0009;MG-0009;5;2;0009;False;CNES_ST_REGSAUDE_MODE
316620;MG;0003;MG-0003;21;3;0003;False;CNES_ST_REGSAUDE_MODE
316630;MG;0008;MG-0008;11;8;0008;False;CNES_ST_REGSAUDE_MODE
316640;MG;0011;MG-0011;2;1;0011;False;CNES_ST_REGSAUDE_MODE
316650;MG;0004;MG-0004;3;2;0004;False;CNES_ST_REGSAUDE_MODE
316660;MG;0015;MG-0015;4;4;0015;False;CNES_ST_REGSAUDE_MODE
316670;MG;0017;MG-0017;6;5;0017;False;CNES_ST_REGSAUDE_MODE
316680;MG;0007;MG-0007;25;15;0007;False;CNES_ST_REGSAUDE_MODE
316690;MG;0021;MG-0021;14;4;0021;False;CNES_ST_REGSAUDE_MODE
316695;MG;0006;MG-0006;7;7;0006;False;CNES_ST_REGSAUDE_MODE
316700;MG;0011;MG-0011;4;2;0011;False;CNES_ST_REGSAUDE_MODE
316710;MG;0004;MG-0004;27;9;0004;False;CNES_ST_REGSAUDE_MODE
316720;MG;0014;MG-0014;572;172;0014;False;CNES_ST_REGSAUDE_MODE
316730;MG;0018;MG-0018;5;1;0018;False;CNES_ST_REGSAUDE_MODE
316740;MG;0010;MG-0010;11;9;0010;False;CNES_ST_REGSAUDE_MODE
316750;MG;0005;MG-0005;5;3;0005;False;CNES_ST_REGSAUDE_MODE
316760;MG;0024;MG-0024;24;22;0024;False;CNES_ST_REGSAUDE_MODE
316770;MG;0016;MG-0016;11;3;0016;False;CNES_ST_REGSAUDE_MODE
316780;MG;0011;MG-0011;3;1;0011;False;CNES_ST_REGSAUDE_MODE
316790;MG;0018;MG-0018;7;7;0018;False;CNES_ST_REGSAUDE_MODE
316800;MG;0006;MG-0006;56;30;0006;False;CNES_ST_REGSAUDE_MODE
316805;MG;0024;MG-0024;6;5;0024;False;CNES_ST_REGSAUDE_MODE
316810;MG;0013;MG-0013;2;2;0013;False;CNES_ST_REGSAUDE_MODE
316820;MG;0015;MG-0015;3;2;0015;False;CNES_ST_REGSAUDE_MODE
316830;MG;0002;MG-0002;6;4;0002;False;CNES_ST_REGSAUDE_MODE
316840;MG;0016;MG-0016;17;14;0016;False;CNES_ST_REGSAUDE_MODE
316850;MG;0008;MG-0008;18;6;0008;False;CNES_ST_REGSAUDE_MODE
316860;MG;0017;MG-0017;489;335;0001|0010|0017;True;CNES_ST_REGSAUDE_MODE
316870;MG;0023;MG-0023;152;84;0023;False;CNES_ST_REGSAUDE_MODE
316880;MG;0020;MG-0020;7;4;0003|0020;True;CNES_ST_REGSAUDE_MODE
316890;MG;0007;MG-0007;13;4;0007;False;CNES_ST_REGSAUDE_MODE
316900;MG;0018;MG-0018;14;4;0018;False;CNES_ST_REGSAUDE_MODE
316905;MG;0010;MG-0010;6;4;0010;False;CNES_ST_REGSAUDE_MODE
316910;MG;0010;MG-0010;7;5;0010;False;CNES_ST_REGSAUDE_MODE
316920;MG;0024;MG-0024;34;19;0024;False;CNES_ST_REGSAUDE_MODE
316930;MG;0011;MG-0011;266;155;0011;False;CNES_ST_REGSAUDE_MODE
316935;MG;0014;MG-0014;70;22;0014;False;CNES_ST_REGSAUDE_MODE
316940;MG;0011;MG-0011;215;191;0011;False;CNES_ST_REGSAUDE_MODE
316950;MG;0016;MG-0016;7;4;0016;False;CNES_ST_REGSAUDE_MODE
316960;MG;0012;MG-0012;26;11;0012;False;CNES_ST_REGSAUDE_MODE
316970;MG;0004;MG-0004;33;5;0004;False;CNES_ST_REGSAUDE_MODE
316980;MG;0010;MG-0010;5;5;0010;False;CNES_ST_REGSAUDE_MODE
316990;MG;0018;MG-0018;186;82;0018;False;CNES_ST_REGSAUDE_MODE
317000;MG;0030;MG-0030;19;8;0030;False;CNES_ST_REGSAUDE_MODE
317005;MG;0023;MG-0023;12;7;0023;False;CNES_ST_REGSAUDE_MODE
317010;MG;0013;MG-0013;564;192;0013;False;CNES_ST_REGSAUDE_MODE
317020;MG;0012;MG-0012;1940;192;0000|0012|0067;True;CNES_ST_REGSAUDE_MODE
317030;MG;0017;MG-0017;4;4;0017;False;CNES_ST_REGSAUDE_MODE
317040;MG;0028;MG-0028;153;50;0028;False;CNES_ST_REGSAUDE_MODE
317043;MG;0013;MG-0013;6;5;0013;False;CNES_ST_REGSAUDE_MODE
317047;MG;0028;MG-0028;6;5;0028;False;CNES_ST_REGSAUDE_MODE
317050;MG;0008;MG-0008;6;5;0008;False;CNES_ST_REGSAUDE_MODE
317052;MG;0030;MG-0030;13;12;0030;False;CNES_ST_REGSAUDE_MODE
317057;MG;0023;MG-0023;5;3;0023;False;CNES_ST_REGSAUDE_MODE
317060;MG;0022;MG-0022;6;3;0022;False;CNES_ST_REGSAUDE_MODE
317065;MG;0006;MG-0006;9;6;0006;False;CNES_ST_REGSAUDE_MODE
317070;MG;0011;MG-0011;812;638;0001|0011|0110;True;CNES_ST_REGSAUDE_MODE
317075;MG;0007;MG-0007;8;6;0007;False;CNES_ST_REGSAUDE_MODE
317080;MG;0029;MG-0029;50;38;0006|0029;True;CNES_ST_REGSAUDE_MODE
317090;MG;0030;MG-0030;22;12;0030;False;CNES_ST_REGSAUDE_MODE
317100;MG;0007;MG-0007;39;14;0007;False;CNES_ST_REGSAUDE_MODE
317103;MG;0006;MG-0006;12;8;0006;False;CNES_ST_REGSAUDE_MODE
317107;MG;0004;MG-0004;6;2;0004;False;CNES_ST_REGSAUDE_MODE
317110;MG;0013;MG-0013;6;6;0013;False;CNES_ST_REGSAUDE_MODE
317115;MG;0023;MG-0023;3;1;0023;False;CNES_ST_REGSAUDE_MODE
317120;MG;0002;MG-0002;137;62;0002;False;CNES_ST_REGSAUDE_MODE
317130;MG;0008;MG-0008;450;436;0001|0007|0008|0075|0080|0081;True;CNES_ST_REGSAUDE_MODE
317140;MG;0018;MG-0018;5;5;0018;False;CNES_ST_REGSAUDE_MODE
317150;MG;0016;MG-0016;6;1;0016;False;CNES_ST_REGSAUDE_MODE
317160;MG;0004;MG-0004;16;6;0004;False;CNES_ST_REGSAUDE_MODE
317170;MG;0011;MG-0011;9;5;0011;False;CNES_ST_REGSAUDE_MODE
317180;MG;0009;MG-0009;18;14;0009;False;CNES_ST_REGSAUDE_MODE
317190;MG;0016;MG-0016;9;3;0016;False;CNES_ST_REGSAUDE_MODE
317200;MG;0018;MG-0018;89;45;0018;False;CNES_ST_REGSAUDE_MODE
317210;MG;0027;MG-0027;10;9;0027;False;CNES_ST_REGSAUDE_MODE
317220;MG;0010;MG-0010;2;2;0010;False;CNES_ST_REGSAUDE_MODE
320010;ES;0001;ES-0001;41;10;0001;False;CNES_ST_REGSAUDE_MODE
320013;ES;0003;ES-0003;20;1;0003;False;CNES_ST_REGSAUDE_MODE
320016;ES;0003;ES-0003;11;2;0003;False;CNES_ST_REGSAUDE_MODE
320020;ES;0002;ES-0002;80;31;0002;False;CNES_ST_REGSAUDE_MODE
320030;ES;0001;ES-0001;30;13;0001;False;CNES_ST_REGSAUDE_MODE
320035;ES;0003;ES-0003;8;6;0003;False;CNES_ST_REGSAUDE_MODE
320040;ES;0001;ES-0001;77;2;0001|4618;True;CNES_ST_REGSAUDE_MODE
320050;ES;0002;ES-0002;6;4;0001|0002;True;CNES_ST_REGSAUDE_MODE
320060;ES;0001;ES-0001;247;37;0001;False;CNES_ST_REGSAUDE_MODE
320070;ES;0002;ES-0002;21;8;0002;False;CNES_ST_REGSAUDE_MODE
320080;ES;0003;ES-0003;61;20;0003;False;CNES_ST_REGSAUDE_MODE
320090;ES;0003;ES-0003;93;24;0003;False;CNES_ST_REGSAUDE_MODE
320100;ES;0003;ES-0003;24;10;0003|0005;True;CNES_ST_REGSAUDE_MODE
320110;ES;0002;ES-0002;11;8;0002;False;CNES_ST_REGSAUDE_MODE
320115;ES;0001;ES-0001;25;6;0001|0002|0003;True;CNES_ST_REGSAUDE_MODE
320120;ES;0002;ES-0002;471;354;0000|0001|0002|0073|0120;True;CNES_ST_REGSAUDE_MODE
320130;ES;0001;ES-0001;234;67;0001|0130;True;CNES_ST_REGSAUDE_MODE
320140;ES;0002;ES-0002;112;7;0001|0002;True;CNES_ST_REGSAUDE_MODE
320150;ES;0003;ES-0003;421;219;0001|0003;True;CNES_ST_REGSAUDE_MODE
320160;ES;0004;ES-0004;21;13;0004;False;CNES_ST_REGSAUDE_MODE
320170;ES;0001;ES-0001;25;1;0001;False;CNES_ST_REGSAUDE_MODE
320180;ES;0002;ES-0002;11;6;0002;False;CNES_ST_REGSAUDE_MODE
320190;ES;0001;ES-0001;67;20;0001;False;CNES_ST_REGSAUDE_MODE
320200;ES;0002;ES-0002;16;6;0002;False;CNES_ST_REGSAUDE_MODE
320210;ES;0003;ES-0003;29;5;0003;False;CNES_ST_REGSAUDE_MODE
320220;ES;0001;ES-0001;24;8;0001;False;CNES_ST_REGSAUDE_MODE
320225;ES;0003;ES-0003;28;6;0003;False;CNES_ST_REGSAUDE_MODE
320230;ES;0002;ES-0002;90;49;0001|0002|0004;True;CNES_ST_REGSAUDE_MODE
320240;ES;0001;ES-0001;144;123;0001;False;CNES_ST_REGSAUDE_MODE
320245;ES;0002;ES-0002;54;12;0001|0002;True;CNES_ST_REGSAUDE_MODE
320250;ES;0001;ES-0001;32;17;0001|0002;True;CNES_ST_REGSAUDE_MODE
320255;ES;0002;ES-0002;15;3;0001|0002;True;CNES_ST_REGSAUDE_MODE
320260;ES;0001;ES-0001;42;13;0001;False;CNES_ST_REGSAUDE_MODE
320265;ES;0002;ES-0002;23;16;0002;False;CNES_ST_REGSAUDE_MODE
320270;ES;0001;ES-0001;26;18;0001;False;CNES_ST_REGSAUDE_MODE
320280;ES;0001;ES-0001;78;25;0001|0002;True;CNES_ST_REGSAUDE_MODE
320290;ES;0001;ES-0001;20;11;0001;False;CNES_ST_REGSAUDE_MODE
320300;ES;0002;ES-0002;69;30;0001|0002|0003;True;CNES_ST_REGSAUDE_MODE
320305;ES;0004;ES-0004;51;10;0001|0004;True;CNES_ST_REGSAUDE_MODE
320310;ES;0002;ES-0002;30;28;0002;False;CNES_ST_REGSAUDE_MODE
320313;ES;0001;ES-0001;41;12;0001;False;CNES_ST_REGSAUDE_MODE
320316;ES;0001;ES-0001;25;15;0001;False;CNES_ST_REGSAUDE_MODE
320320;ES;0001;ES-0001;526;33;0001|0004;True;CNES_ST_REGSAUDE_MODE
320330;ES;0003;ES-0003;15;7;0003;False;CNES_ST_REGSAUDE_MODE
320332;ES;0001;ES-0001;86;16;0001|0002;True;CNES_ST_REGSAUDE_MODE
320334;ES;0001;ES-0001;28;1;0001;False;CNES_ST_REGSAUDE_MODE
320335;ES;0003;ES-0003;27;4;0001|0003;True;CNES_ST_REGSAUDE_MODE
320340;ES;0002;ES-0002;51;15;0002;False;CNES_ST_REGSAUDE_MODE
320350;ES;0004;ES-0004;30;16;0003|0004;True;CNES_ST_REGSAUDE_MODE
320360;ES;0004;ES-0004;10;10;0004;False;CNES_ST_REGSAUDE_MODE
320370;ES;0002;ES-0002;24;15;0001|0002;True;CNES_ST_REGSAUDE_MODE
320380;ES;0002;ES-0002;15;8;0002;False;CNES_ST_REGSAUDE_MODE
320390;ES;0004;ES-0004;92;17;0004;False;CNES_ST_REGSAUDE_MODE
320400;ES;0001;ES-0001;28;6;0001|0002|0003|0004;True;CNES_ST_REGSAUDE_MODE
320405;ES;3203;ES-3203;22;15;3203;False;CNES_ST_REGSAUDE_MODE
320410;ES;0004;ES-0004;47;44;0000|0004;True;CNES_ST_REGSAUDE_MODE
320420;ES;0001;ES-0001;41;2;0001;False;CNES_ST_REGSAUDE_MODE
320425;ES;0004;ES-0004;15;13;0004;False;CNES_ST_REGSAUDE_MODE
320430;ES;0002;ES-0002;23;11;0002;False;CNES_ST_REGSAUDE_MODE
320435;ES;0001;ES-0001;30;9;0001;False;CNES_ST_REGSAUDE_MODE
320440;ES;0002;ES-0002;14;8;0002;False;CNES_ST_REGSAUDE_MODE
320450;ES;0001;ES-0001;13;2;0001|0003;True;CNES_ST_REGSAUDE_MODE
320455;ES;0001;ES-0001;72;24;0001;False;CNES_ST_REGSAUDE_MODE
320460;ES;0001;ES-0001;59;25;0001;False;CNES_ST_REGSAUDE_MODE
320465;ES;0003;ES-0003;13;5;0001|0003;True;CNES_ST_REGSAUDE_MODE
320470;ES;0003;ES-0003;115;12;0003;False;CNES_ST_REGSAUDE_MODE
320480;ES;0002;ES-0002;21;12;0001|0002;True;CNES_ST_REGSAUDE_MODE
320490;ES;0004;ES-0004;244;100;0001|0004;True;CNES_ST_REGSAUDE_MODE
320495;ES;0001;ES-0001;21;9;0001;False;CNES_ST_REGSAUDE_MODE
320500;ES;0001;ES-0001;454;439;0001|0002;True;CNES_ST_REGSAUDE_MODE
320501;ES;0001;ES-0001;37;14;0001;False;CNES_ST_REGSAUDE_MODE
320503;ES;0002;ES-0002;49;11;0002;False;CNES_ST_REGSAUDE_MODE
320506;ES;0001;ES-0001;102;6;0001;False;CNES_ST_REGSAUDE_MODE
320510;ES;0001;ES-0001;47;26;0001;False;CNES_ST_REGSAUDE_MODE
320515;ES;0005;ES-0005;16;1;0003|0005;True;CNES_ST_REGSAUDE_MODE
320517;ES;0003;ES-0003;14;4;0003;False;CNES_ST_REGSAUDE_MODE
320520;ES;0001;ES-0001;968;851;0000|0001|0002|3205;True;CNES_ST_REGSAUDE_MODE
320530;ES;0001;ES-0001;955;934;0000|0001|0009;True;CNES_ST_REGSAUDE_MODE
330010;RJ;;;533;0;;False;CNES_ST_REGSAUDE_MODE
330015;RJ;;;17;0;;False;CNES_ST_REGSAUDE_MODE
330020;RJ;;;299;0;;False;CNES_ST_REGSAUDE_MODE
330022;RJ;;;26;0;;False;CNES_ST_REGSAUDE_MODE
330023;RJ;;;55;0;;False;CNES_ST_REGSAUDE_MODE
330025;RJ;;;25;0;;False;CNES_ST_REGSAUDE_MODE
330030;RJ;;;86;0;;False;CNES_ST_REGSAUDE_MODE
330040;RJ;0010;RJ-0010;423;79;0000|0010|0035|0080;True;CNES_ST_REGSAUDE_MODE
330045;RJ;;;179;0;;False;CNES_ST_REGSAUDE_MODE
330050;RJ;;;48;0;;False;CNES_ST_REGSAUDE_MODE
330060;RJ;;;126;0;;False;CNES_ST_REGSAUDE_MODE
330070;RJ;;;433;0;;False;CNES_ST_REGSAUDE_MODE
330080;RJ;;;90;0;;False;CNES_ST_REGSAUDE_MODE
330090;RJ;;;19;0;;False;CNES_ST_REGSAUDE_MODE
330093;RJ;;;20;0;;False;CNES_ST_REGSAUDE_MODE
330095;RJ;;;20;0;;False;CNES_ST_REGSAUDE_MODE
330100;RJ;0001;RJ-0001;1090;75;0001;False;CNES_ST_REGSAUDE_MODE
330110;RJ;;;62;0;;False;CNES_ST_REGSAUDE_MODE
330115;RJ;0003;RJ-0003;15;9;0003;False;CNES_ST_REGSAUDE_MODE
330120;RJ;;;42;0;;False;CNES_ST_REGSAUDE_MODE
330130;RJ;;;55;0;;False;CNES_ST_REGSAUDE_MODE
330140;RJ;;;41;0;;False;CNES_ST_REGSAUDE_MODE
330150;RJ;;;57;0;;False;CNES_ST_REGSAUDE_MODE
330160;RJ;;;26;0;;False;CNES_ST_REGSAUDE_MODE
330170;RJ;;;300;0;;False;CNES_ST_REGSAUDE_MODE
330180;RJ;;;22;0;;False;CNES_ST_REGSAUDE_MODE
330185;RJ;;;46;0;;False;CNES_ST_REGSAUDE_MODE
330187;RJ;;;44;0;;False;CNES_ST_REGSAUDE_MODE
330190;RJ;;;272;0;;False;CNES_ST_REGSAUDE_MODE
330200;RJ;0000;RJ-0000;162;1;0000;False;CNES_ST_REGSAUDE_MODE
330205;RJ;;;21;0;;False;CNES_ST_REGSAUDE_MODE
330210;RJ;;;44;0;;False;CNES_ST_REGSAUDE_MODE
330220;RJ;;;378;0;;False;CNES_ST_REGSAUDE_MODE
330225;RJ;;;50;0;;False;CNES_ST_REGSAUDE_MODE
330227;RJ;;;34;0;;False;CNES_ST_REGSAUDE_MODE
330230;RJ;;;11;0;;False;CNES_ST_REGSAUDE_MODE
330240;RJ;;;926;0;;False;CNES_ST_REGSAUDE_MODE
330245;RJ;;;17;0;;False;CNES_ST_REGSAUDE_MODE
330250;RJ;0053;RJ-0053;207;2;0052|0053;True;CNES_ST_REGSAUDE_MODE
330260;RJ;;;39;0;;False;CNES_ST_REGSAUDE_MODE
330270;RJ;;;151;0;;False;CNES_ST_REGSAUDE_MODE
330280;RJ;;;48;0;;False;CNES_ST_REGSAUDE_MODE
330285;RJ;0033;RJ-0033;63;12;0033|0285;True;CNES_ST_REGSAUDE_MODE
330290;RJ;;;91;0;;False;CNES_ST_REGSAUDE_MODE
330300;RJ;;;55;0;;False;CNES_ST_REGSAUDE_MODE
330310;RJ;;;48;0;;False;CNES_ST_REGSAUDE_MODE
330320;RJ;0330;RJ-0330;134;2;0330;False;CNES_ST_REGSAUDE_MODE
330330;RJ;0000;RJ-0000;497;4;0000|2689|3052|3306;True;CNES_ST_REGSAUDE_MODE
330340;RJ;0207;RJ-0207;523;1;0207;False;CNES_ST_REGSAUDE_MODE
330350;RJ;;;1014;0;;False;CNES_ST_REGSAUDE_MODE
330360;RJ;;;68;0;;False;CNES_ST_REGSAUDE_MODE
330370;RJ;0033;RJ-0033;79;1;0033|0833;True;CNES_ST_REGSAUDE_MODE
330380;RJ;;;39;0;;False;CNES_ST_REGSAUDE_MODE
330385;RJ;;;43;0;;False;CNES_ST_REGSAUDE_MODE
330390;RJ;;;623;0;;False;CNES_ST_REGSAUDE_MODE
330395;RJ;;;37;0;;False;CNES_ST_REGSAUDE_MODE
330400;RJ;;;42;0;;False;CNES_ST_REGSAUDE_MODE
330410;RJ;;;47;0;;False;CNES_ST_REGSAUDE_MODE
330411;RJ;0006;RJ-0006;46;7;0006;False;CNES_ST_REGSAUDE_MODE
330412;RJ;3304;RJ-3304;27;10;0004|3304;True;CNES_ST_REGSAUDE_MODE
330414;RJ;3305;RJ-3305;52;3;3305;False;CNES_ST_REGSAUDE_MODE
330415;RJ;;;24;0;;False;CNES_ST_REGSAUDE_MODE
330420;RJ;;;506;0;;False;CNES_ST_REGSAUDE_MODE
330430;RJ;;;110;0;;False;CNES_ST_REGSAUDE_MODE
330440;RJ;;;26;0;;False;CNES_ST_REGSAUDE_MODE
330450;RJ;;;21;0;;False;CNES_ST_REGSAUDE_MODE
330452;RJ;;;263;0;;False;CNES_ST_REGSAUDE_MODE
330455;RJ;0019;RJ-0019;6906;14;0001|0005|0006|0010|0018|0019|0021|0022|0031|0040|0051|0052|0053|0207|0234|0259|0997|1114|3301|3306|9999;True;CNES_ST_REGSAUDE_MODE
330460;RJ;;;21;0;;False;CNES_ST_REGSAUDE_MODE
330470;RJ;;;54;0;;False;CNES_ST_REGSAUDE_MODE
330475;RJ;;;59;0;;False;CNES_ST_REGSAUDE_MODE
330480;RJ;;;57;0;;False;CNES_ST_REGSAUDE_MODE
330490;RJ;0033;RJ-0033;933;1;0033;False;CNES_ST_REGSAUDE_MODE
330500;RJ;;;54;0;;False;CNES_ST_REGSAUDE_MODE
330510;RJ;0330;RJ-0330;312;206;0033|0330|0510;True;CNES_ST_REGSAUDE_MODE
330513;RJ;;;10;0;;False;CNES_ST_REGSAUDE_MODE
330515;RJ;;;34;0;;False;CNES_ST_REGSAUDE_MODE
330520;RJ;3302;RJ-3302;106;1;3302;False;CNES_ST_REGSAUDE_MODE
330530;RJ;;;11;0;;False;CNES_ST_REGSAUDE_MODE
330540;RJ;;;37;0;;False;CNES_ST_REGSAUDE_MODE
330550;RJ;;;119;0;;False;CNES_ST_REGSAUDE_MODE
330555;RJ;;;51;0;;False;CNES_ST_REGSAUDE_MODE
330560;RJ;;;40;0;;False;CNES_ST_REGSAUDE_MODE
330570;RJ;0214;RJ-0214;24;7;0214;False;CNES_ST_REGSAUDE_MODE
330575;RJ;0001;RJ-0001;39;6;0001;False;CNES_ST_REGSAUDE_MODE
330580;RJ;;;305;0;;False;CNES_ST_REGSAUDE_MODE
330590;RJ;0004;RJ-0004;17;1;0004;False;CNES_ST_REGSAUDE_MODE
330600;RJ;;;330;0;;False;CNES_ST_REGSAUDE_MODE
330610;RJ;;;180;0;;False;CNES_ST_REGSAUDE_MODE
330615;RJ;;;16;0;;False;CNES_ST_REGSAUDE_MODE
330620;RJ;;;101;0;;False;CNES_ST_REGSAUDE_MODE
330630;RJ;0003;RJ-0003;775;3;0003|3306;True;CNES_ST_REGSAUDE_MODE
350010;SP;0209;SP-0209;145;145;0209;False;CNES_ST_REGSAUDE_MODE
350020;SP;0215;SP-0215;6;6;0215;False;CNES_ST_REGSAUDE_MODE
350030;SP;0214;SP-0214;66;24;0214;False;CNES_ST_REGSAUDE_MODE
350040;SP;0214;SP-0214;5;3;0214;False;CNES_ST_REGSAUDE_MODE
350050;SP;0207;SP-0207;42;10;0007|0207;True;CNES_ST_REGSAUDE_MODE
350055;SP;0206;SP-0206;11;6;0206;False;CNES_ST_REGSAUDE_MODE
350060;SP;0210;SP-0210;6;6;0210;False;CNES_ST_REGSAUDE_MODE
350070;SP;0206;SP-0206;47;35;0206;False;CNES_ST_REGSAUDE_MODE
350075;SP;0216;SP-0216;8;4;0016|0216;True;CNES_ST_REGSAUDE_MODE
350080;SP;0211;SP-0211;2;2;0211;False;CNES_ST_REGSAUDE_MODE
350090;SP;0205;SP-0205;9;6;0205;False;CNES_ST_REGSAUDE_MODE
350100;SP;0213;SP-0213;44;20;0202|0213;True;CNES_ST_REGSAUDE_MODE
350110;SP;0202;SP-0202;8;5;0202;False;CNES_ST_REGSAUDE_MODE
350115;SP;0216;SP-0216;12;2;0001|0016|0216;True;CNES_ST_REGSAUDE_MODE
350120;SP;0215;SP-0215;4;4;0215;False;CNES_ST_REGSAUDE_MODE
350130;SP;0211;SP-0211;22;14;0211;False;CNES_ST_REGSAUDE_MODE
350140;SP;0209;SP-0209;3;3;0209;False;CNES_ST_REGSAUDE_MODE
350150;SP;0209;SP-0209;3;3;0209;False;CNES_ST_REGSAUDE_MODE
350160;SP;0207;SP-0207;950;918;0121|0202|0204|0207|0212|0213|0308;True;CNES_ST_REGSAUDE_MODE
350170;SP;0203;SP-0203;34;11;0003|0203;True;CNES_ST_REGSAUDE_MODE
350180;SP;0215;SP-0215;7;7;0215;False;CNES_ST_REGSAUDE_MODE
350190;SP;0207;SP-0207;297;257;0207|0212|0270;True;CNES_ST_REGSAUDE_MODE
350200;SP;0210;SP-0210;7;6;0210;False;CNES_ST_REGSAUDE_MODE
350210;SP;0002;SP-0002;231;176;0002|0006|0202;True;CNES_ST_REGSAUDE_MODE
350220;SP;0216;SP-0216;35;33;0216;False;CNES_ST_REGSAUDE_MODE
350230;SP;0206;SP-0206;11;2;0206;False;CNES_ST_REGSAUDE_MODE
350240;SP;0211;SP-0211;6;3;0011|0211;True;CNES_ST_REGSAUDE_MODE
350250;SP;0217;SP-0217;43;24;0008|0017|0022|0217|0224;True;CNES_ST_REGSAUDE_MODE
350260;SP;0215;SP-0215;7;7;0215;False;CNES_ST_REGSAUDE_MODE
350270;SP;0216;SP-0216;47;33;0016|0023|0035|0216;True;CNES_ST_REGSAUDE_MODE
350275;SP;0216;SP-0216;20;5;0216;False;CNES_ST_REGSAUDE_MODE
350280;SP;0202;SP-0202;851;734;0006|0202|0206;True;CNES_ST_REGSAUDE_MODE
350290;SP;0216;SP-0216;31;7;0216;False;CNES_ST_REGSAUDE_MODE
350300;SP;0208;SP-0208;13;5;0208;False;CNES_ST_REGSAUDE_MODE
350310;SP;0206;SP-0206;5;3;0206;False;CNES_ST_REGSAUDE_MODE
350315;SP;0017;SP-0017;4;2;0017|0217;True;CNES_ST_REGSAUDE_MODE
350320;SP;0203;SP-0203;799;647;0003|0203|0204|0207|0230|1480;True;CNES_ST_REGSAUDE_MODE
350330;SP;0210;SP-0210;310;32;0210;False;CNES_ST_REGSAUDE_MODE
350335;SP;0209;SP-0209;2;2;0209;False;CNES_ST_REGSAUDE_MODE
350340;SP;0206;SP-0206;14;5;0206;False;CNES_ST_REGSAUDE_MODE
350350;SP;0217;SP-0217;5;3;0217;False;CNES_ST_REGSAUDE_MODE
350360;SP;0206;SP-0206;14;8;0006|0206;True;CNES_ST_REGSAUDE_MODE
350370;SP;0215;SP-0215;14;11;0215;False;CNES_ST_REGSAUDE_MODE
350380;SP;0207;SP-0207;89;21;0007|0017|0207;True;CNES_ST_REGSAUDE_MODE
350390;SP;0201;SP-0201;59;46;0201;False;CNES_ST_REGSAUDE_MODE
350395;SP;0215;SP-0215;2;2;0215;False;CNES_ST_REGSAUDE_MODE
350400;SP;0209;SP-0209;434;434;0209;False;CNES_ST_REGSAUDE_MODE
350410;SP;0207;SP-0207;334;330;0207|0212;True;CNES_ST_REGSAUDE_MODE
350420;SP;0202;SP-0202;31;9;0202;False;CNES_ST_REGSAUDE_MODE
350430;SP;0206;SP-0206;2;2;0206;False;CNES_ST_REGSAUDE_MODE
350440;SP;0206;SP-0206;16;9;0202|0206;True;CNES_ST_REGSAUDE_MODE
350450;SP;0206;SP-0206;265;252;0026|0205|0206;True;CNES_ST_REGSAUDE_MODE
350460;SP;0215;SP-0215;12;12;0215;False;CNES_ST_REGSAUDE_MODE
350470;SP;0206;SP-0206;5;5;0206;False;CNES_ST_REGSAUDE_MODE
350480;SP;0215;SP-0215;5;5;0215;False;CNES_ST_REGSAUDE_MODE
350490;SP;0017;SP-0017;11;10;0017;False;CNES_ST_REGSAUDE_MODE
350500;SP;0211;SP-0211;4;4;0211;False;CNES_ST_REGSAUDE_MODE
350510;SP;0206;SP-0206;3;2;0206;False;CNES_ST_REGSAUDE_MODE
350520;SP;0206;SP-0206;67;30;0206;False;CNES_ST_REGSAUDE_MODE
350530;SP;0206;SP-0206;100;71;0206;False;CNES_ST_REGSAUDE_MODE
350535;SP;0216;SP-0216;7;2;0216;False;CNES_ST_REGSAUDE_MODE
350540;SP;0212;SP-0212;8;4;0012|0212;True;CNES_ST_REGSAUDE_MODE
350550;SP;0005;SP-0005;338;58;0005|0009|0205|0209;True;CNES_ST_REGSAUDE_MODE
350560;SP;0213;SP-0213;31;9;0013|0018|0213|0218;True;CNES_ST_REGSAUDE_MODE
350570;SP;0105;SP-0105;402;21;0105;False;CNES_ST_REGSAUDE_MODE
350580;SP;0209;SP-0209;37;17;0209;False;CNES_ST_REGSAUDE_MODE
350590;SP;0218;SP-0218;271;105;0013|0213|0218;True;CNES_ST_REGSAUDE_MODE
350600;SP;0206;SP-0206;870;299;0001|0006|0010|0206|0210|0260;True;CNES_ST_REGSAUDE_MODE
350610;SP;0205;SP-0205;300;226;0005|0201|0204|0205|0209;True;CNES_ST_REGSAUDE_MODE
350620;SP;0202;SP-0202;4;4;0202;False;CNES_ST_REGSAUDE_MODE
350630;SP;0209;SP-0209;19;6;0009|0209;True;CNES_ST_REGSAUDE_MODE
350635;SP;0219;SP-0219;50;6;0219;False;CNES_ST_REGSAUDE_MODE
350640;SP;0202;SP-0202;10;3;0202;False;CNES_ST_REGSAUDE_MODE
350650;SP;0202;SP-0202;228;60;0202;False;CNES_ST_REGSAUDE_MODE
350660;SP;0201;SP-0201;21;12;0003|0201;True;CNES_ST_REGSAUDE_MODE
350670;SP;0203;SP-0203;22;8;0203;False;CNES_ST_REGSAUDE_MODE
350680;SP;0206;SP-0206;20;17;0206;False;CNES_ST_REGSAUDE_MODE
350690;SP;0206;SP-0206;3;2;0206;False;CNES_ST_REGSAUDE_MODE
350700;SP;0216;SP-0216;109;31;0016|0216|0223;True;CNES_ST_REGSAUDE_MODE
350710;SP;0207;SP-0207;20;9;0207|0212;True;CNES_ST_REGSAUDE_MODE
350715;SP;0016;SP-0016;5;2;0016;False;CNES_ST_REGSAUDE_MODE
350720;SP;0209;SP-0209;2;2;0209;False;CNES_ST_REGSAUDE_MODE
350730;SP;0206;SP-0206;4;3;0206;False;CNES_ST_REGSAUDE_MODE
350740;SP;0203;SP-0203;35;32;0021|0203;True;CNES_ST_REGSAUDE_MODE
350745;SP;0206;SP-0206;3;1;0206;False;CNES_ST_REGSAUDE_MODE
350750;SP;0206;SP-0206;671;391;0206|0211;True;CNES_ST_REGSAUDE_MODE
350760;SP;0207;SP-0207;417;171;0207|0212;True;CNES_ST_REGSAUDE_MODE
350770;SP;0202;SP-0202;3;2;0202;False;CNES_ST_REGSAUDE_MODE
350775;SP;0202;SP-0202;4;2;0202|0206;True;CNES_ST_REGSAUDE_MODE
350780;SP;0218;SP-0218;55;24;0213|0218;True;CNES_ST_REGSAUDE_MODE
350790;SP;0206;SP-0206;73;66;0206;False;CNES_ST_REGSAUDE_MODE
350800;SP;0216;SP-0216;22;9;0016|0032|0216|0223;True;CNES_ST_REGSAUDE_MODE
350810;SP;0202;SP-0202;26;6;0202;False;CNES_ST_REGSAUDE_MODE
350820;SP;0208;SP-0208;6;4;0208;False;CNES_ST_REGSAUDE_MODE
350830;SP;0206;SP-0206;4;3;0206;False;CNES_ST_REGSAUDE_MODE
350840;SP;0207;SP-0207;40;34;0207|0212|2012;True;CNES_ST_REGSAUDE_MODE
350850;SP;0017;SP-0017;317;23;0017|0021|0217|0221;True;CNES_ST_REGSAUDE_MODE
350860;SP;0224;SP-0224;60;6;0224;False;CNES_ST_REGSAUDE_MODE
350870;SP;0214;SP-0214;38;5;0214;False;CNES_ST_REGSAUDE_MODE
350880;SP;0206;SP-0206;46;24;0206;False;CNES_ST_REGSAUDE_MODE
350890;SP;0211;SP-0211;5;5;0211;False;CNES_ST_REGSAUDE_MODE
350900;SP;0201;SP-0201;79;1;0201;False;CNES_ST_REGSAUDE_MODE
350910;SP;0211;SP-0211;7;5;0211;False;CNES_ST_REGSAUDE_MODE
350920;SP;0104;SP-0104;84;1;0104;False;CNES_ST_REGSAUDE_MODE
350925;SP;0212;SP-0212;38;32;0211|0212;True;CNES_ST_REGSAUDE_MODE
350930;SP;0205;SP-0205;11;5;0005|0205;True;CNES_ST_REGSAUDE_MODE
350940;SP;0218;SP-0218;75;22;0213|0218;True;CNES_ST_REGSAUDE_MODE
350945;SP;0216;SP-0216;4;3;0216;False;CNES_ST_REGSAUDE_MODE
350950;SP;0207;SP-0207;1997;1890;0207|2007;True;CNES_ST_REGSAUDE_MODE
350960;SP;0207;SP-0207;31;18;0207|0212;True;CNES_ST_REGSAUDE_MODE
350970;SP;0217;SP-0217;84;79;0217;False;CNES_ST_REGSAUDE_MODE
350980;SP;0209;SP-0209;2;2;0209;False;CNES_ST_REGSAUDE_MODE
350990;SP;0212;SP-0212;8;7;0212;False;CNES_ST_REGSAUDE_MODE
350995;SP;0224;SP-0224;4;1;0217|0224;True;CNES_ST_REGSAUDE_MODE
351000;SP;0209;SP-0209;83;73;0209;False;CNES_ST_REGSAUDE_MODE
351010;SP;0203;SP-0203;2;2;0203;False;CNES_ST_REGSAUDE_MODE
351015;SP;0209;SP-0209;3;3;0209;False;CNES_ST_REGSAUDE_MODE
351020;SP;0216;SP-0216;55;23;0216|0236|2016;True;CNES_ST_REGSAUDE_MODE
351030;SP;0216;SP-0216;18;8;0016|0216;True;CNES_ST_REGSAUDE_MODE
351040;SP;0210;SP-0210;145;125;0210|0215;True;CNES_ST_REGSAUDE_MODE
351050;SP;0217;SP-0217;213;183;0017|0021|0217|0221|2017;True;CNES_ST_REGSAUDE_MODE
351060;SP;0201;SP-0201;121;37;0105|0201;True;CNES_ST_REGSAUDE_MODE
351070;SP;0215;SP-0215;21;18;0015|0215;True;CNES_ST_REGSAUDE_MODE
351080;SP;0214;SP-0214;75;35;0214;False;CNES_ST_REGSAUDE_MODE
351090;SP;0213;SP-0213;5;5;0213;False;CNES_ST_REGSAUDE_MODE
351100;SP;0202;SP-0202;32;4;0002|0202|0206;True;CNES_ST_REGSAUDE_MODE
351110;SP;0215;SP-0215;563;537;0212|0215|0218;True;CNES_ST_REGSAUDE_MODE
351120;SP;0215;SP-0215;13;13;0215;False;CNES_ST_REGSAUDE_MODE
351130;SP;0215;SP-0215;19;19;0215;False;CNES_ST_REGSAUDE_MODE
351140;SP;0206;SP-0206;30;7;0206|0211;True;CNES_ST_REGSAUDE_MODE
351150;SP;0216;SP-0216;130;46;0216|0223;True;CNES_ST_REGSAUDE_MODE
351160;SP;0216;SP-0216;16;3;0216;False;CNES_ST_REGSAUDE_MODE
351170;SP;0215;SP-0215;23;8;0215;False;CNES_ST_REGSAUDE_MODE
351190;SP;0202;SP-0202;10;4;0202;False;CNES_ST_REGSAUDE_MODE
351200;SP;0005;SP-0005;43;1;0005;False;CNES_ST_REGSAUDE_MODE
351210;SP;0205;SP-0205;11;5;0205;False;CNES_ST_REGSAUDE_MODE
351220;SP;0210;SP-0210;41;21;0210|0215;True;CNES_ST_REGSAUDE_MODE
351230;SP;0206;SP-0206;42;41;0206;False;CNES_ST_REGSAUDE_MODE
351240;SP;0210;SP-0210;41;22;0010|0014|0210|0215;True;CNES_ST_REGSAUDE_MODE
351250;SP;0202;SP-0202;2;1;0202;False;CNES_ST_REGSAUDE_MODE
351260;SP;0206;SP-0206;4;1;0206;False;CNES_ST_REGSAUDE_MODE
351270;SP;0210;SP-0210;6;6;0210;False;CNES_ST_REGSAUDE_MODE
351280;SP;0007;SP-0007;82;51;0007|0017|0207;True;CNES_ST_REGSAUDE_MODE
351290;SP;0215;SP-0215;5;5;0215;False;CNES_ST_REGSAUDE_MODE
351300;SP;0201;SP-0201;187;53;0201;False;CNES_ST_REGSAUDE_MODE
351310;SP;0213;SP-0213;75;49;0213;False;CNES_ST_REGSAUDE_MODE
351320;SP;0208;SP-0208;14;4;0020|0208;True;CNES_ST_REGSAUDE_MODE
351330;SP;0209;SP-0209;4;4;0209;False;CNES_ST_REGSAUDE_MODE
351340;SP;0217;SP-0217;293;139;0017|0024|0026|0031|0216|0217|0224|0244;True;CNES_ST_REGSAUDE_MODE
351350;SP;0204;SP-0204;168;145;0201|0204|0210|0214|0240|0304;True;CNES_ST_REGSAUDE_MODE
351360;SP;0017;SP-0017;22;13;0017|0217;True;CNES_ST_REGSAUDE_MODE
351370;SP;0203;SP-0203;123;80;0203;False;CNES_ST_REGSAUDE_MODE
351380;SP;0102;SP-0102;186;178;0102|0201;True;CNES_ST_REGSAUDE_MODE
351385;SP;0215;SP-0215;3;3;0215;False;CNES_ST_REGSAUDE_MODE
351390;SP;0214;SP-0214;31;17;0214;False;CNES_ST_REGSAUDE_MODE
351400;SP;0203;SP-0203;10;2;0203;False;CNES_ST_REGSAUDE_MODE
351410;SP;0206;SP-0206;47;20;0006|0015|0206;True;CNES_ST_REGSAUDE_MODE
351420;SP;0215;SP-0215;3;3;0215;False;CNES_ST_REGSAUDE_MODE
351430;SP;0203;SP-0203;16;9;0003|0203;True;CNES_ST_REGSAUDE_MODE
351440;SP;0211;SP-0211;220;66;0011|0211;True;CNES_ST_REGSAUDE_MODE
351450;SP;0206;SP-0206;47;15;0206;False;CNES_ST_REGSAUDE_MODE
351460;SP;0213;SP-0213;5;4;0213;False;CNES_ST_REGSAUDE_MODE
351470;SP;0209;SP-0209;6;6;0209;False;CNES_ST_REGSAUDE_MODE
351480;SP;0212;SP-0212;10;9;0212;False;CNES_ST_REGSAUDE_MODE
351490;SP;0010;SP-0010;14;7;0010|0210;True;CNES_ST_REGSAUDE_MODE
351492;SP;0215;SP-0215;4;4;0215;False;CNES_ST_REGSAUDE_MODE
351495;SP;0215;SP-0215;3;3;0215;False;CNES_ST_REGSAUDE_MODE
351500;SP;0201;SP-0201;106;24;0005|0201;True;CNES_ST_REGSAUDE_MODE
351510;SP;0201;SP-0201;40;24;0001|0201;True;CNES_ST_REGSAUDE_MODE
351512;SP;0011;SP-0011;3;1;0011|0021;True;CNES_ST_REGSAUDE_MODE
351515;SP;0210;SP-0210;22;19;0210;False;CNES_ST_REGSAUDE_MODE
351518;SP;0214;SP-0214;169;11;0020|0214|0220;True;CNES_ST_REGSAUDE_MODE
351519;SP;0209;SP-0209;5;4;0209;False;CNES_ST_REGSAUDE_MODE
351520;SP;0215;SP-0215;27;21;0215;False;CNES_ST_REGSAUDE_MODE
351530;SP;0211;SP-0211;2;2;0211;False;CNES_ST_REGSAUDE_MODE
351535;SP;0211;SP-0211;14;7;0002|0011|0211;True;CNES_ST_REGSAUDE_MODE
351540;SP;0206;SP-0206;35;22;0206;False;CNES_ST_REGSAUDE_MODE
351550;SP;0215;SP-0215;408;404;0215|1560;True;CNES_ST_REGSAUDE_MODE
351560;SP;0215;SP-0215;7;7;0215;False;CNES_ST_REGSAUDE_MODE
351565;SP;0209;SP-0209;2;2;0209;False;CNES_ST_REGSAUDE_MODE
351570;SP;0201;SP-0201;58;22;0103|0201;True;CNES_ST_REGSAUDE_MODE
351580;SP;0211;SP-0211;4;2;0011|0211;True;CNES_ST_REGSAUDE_MODE
351590;SP;0215;SP-0215;3;3;0215;False;CNES_ST_REGSAUDE_MODE
351600;SP;0209;SP-0209;16;15;0209;False;CNES_ST_REGSAUDE_MODE
351610;SP;0209;SP-0209;7;5;0209;False;CNES_ST_REGSAUDE_MODE
351620;SP;0208;SP-0208;314;281;0208;False;CNES_ST_REGSAUDE_MODE
351630;SP;0201;SP-0201;72;33;0002|0201;True;CNES_ST_REGSAUDE_MODE
351640;SP;0104;SP-0104;107;12;0104|0201|3504;True;CNES_ST_REGSAUDE_MODE
351650;SP;0202;SP-0202;3;1;0202;False;CNES_ST_REGSAUDE_MODE
351660;SP;0209;SP-0209;11;5;0209;False;CNES_ST_REGSAUDE_MODE
351670;SP;0209;SP-0209;75;64;0209;False;CNES_ST_REGSAUDE_MODE
351680;SP;0215;SP-0215;2;2;0215;False;CNES_ST_REGSAUDE_MODE
351685;SP;0203;SP-0203;8;5;0020|0203;True;CNES_ST_REGSAUDE_MODE
351690;SP;0215;SP-0215;19;18;0215;False;CNES_ST_REGSAUDE_MODE
351700;SP;0206;SP-0206;18;4;0206;False;CNES_ST_REGSAUDE_MODE
351710;SP;0202;SP-0202;3;2;0202;False;CNES_ST_REGSAUDE_MODE
351720;SP;0206;SP-0206;14;7;0206;False;CNES_ST_REGSAUDE_MODE
351730;SP;0209;SP-0209;7;6;0209;False;CNES_ST_REGSAUDE_MODE
351740;SP;0205;SP-0205;80;66;0205;False;CNES_ST_REGSAUDE_MODE
351750;SP;0215;SP-0215;21;21;0215;False;CNES_ST_REGSAUDE_MODE
351760;SP;0216;SP-0216;21;7;0216;False;CNES_ST_REGSAUDE_MODE
351770;SP;0208;SP-0208;57;20;0008|0208;True;CNES_ST_REGSAUDE_MODE
351780;SP;0202;SP-0202;15;8;0102|0202;True;CNES_ST_REGSAUDE_MODE
351790;SP;0205;SP-0205;19;16;0005|0205;True;CNES_ST_REGSAUDE_MODE
351800;SP;0215;SP-0215;4;4;0215;False;CNES_ST_REGSAUDE_MODE
351810;SP;0209;SP-0209;6;6;0209;False;CNES_ST_REGSAUDE_MODE
351820;SP;0202;SP-0202;65;54;0009|0202;True;CNES_ST_REGSAUDE_MODE
351830;SP;0103;SP-0103;27;1;0103|0201;True;CNES_ST_REGSAUDE_MODE
351840;SP;0224;SP-0224;371;20;0217|0224;True;CNES_ST_REGSAUDE_MODE
351850;SP;0216;SP-0216;13;13;0216;False;CNES_ST_REGSAUDE_MODE
351860;SP;0213;SP-0213;48;40;0213;False;CNES_ST_REGSAUDE_MODE
351870;SP;0204;SP-0204;370;33;0004|0019|0204|0214|0219;True;CNES_ST_REGSAUDE_MODE
351880;SP;0201;SP-0201;613;559;0201;False;CNES_ST_REGSAUDE_MODE
351885;SP;0213;SP-0213;10;9;0213;False;CNES_ST_REGSAUDE_MODE
351890;SP;0202;SP-0202;3;2;0202;False;CNES_ST_REGSAUDE_MODE
351900;SP;0209;SP-0209;16;8;0209;False;CNES_ST_REGSAUDE_MODE
351905;SP;0207;SP-0207;26;4;0207|0212;True;CNES_ST_REGSAUDE_MODE
351907;SP;0207;SP-0207;184;23;0207|0212;True;CNES_ST_REGSAUDE_MODE
351910;SP;0206;SP-0206;17;7;0006|0206;True;CNES_ST_REGSAUDE_MODE
351920;SP;0209;SP-0209;5;5;0209;False;CNES_ST_REGSAUDE_MODE
351925;SP;0206;SP-0206;8;8;0206;False;CNES_ST_REGSAUDE_MODE
351930;SP;0203;SP-0203;49;24;0103|0203;True;CNES_ST_REGSAUDE_MODE
351940;SP;0215;SP-0215;21;19;0015|0215;True;CNES_ST_REGSAUDE_MODE
351950;SP;0209;SP-0209;6;6;0209;False;CNES_ST_REGSAUDE_MODE
351960;SP;0203;SP-0203;157;136;0003|0023|0203|0207;True;CNES_ST_REGSAUDE_MODE
351970;SP;0216;SP-0216;59;35;0216;False;CNES_ST_REGSAUDE_MODE
351980;SP;0215;SP-0215;21;19;0215;False;CNES_ST_REGSAUDE_MODE
351990;SP;0016;SP-0016;21;9;0016|0211;True;CNES_ST_REGSAUDE_MODE
352000;SP;0206;SP-0206;15;15;0206;False;CNES_ST_REGSAUDE_MODE
352010;SP;0208;SP-0208;64;19;0208;False;CNES_ST_REGSAUDE_MODE
352020;SP;0217;SP-0217;8;5;0017|0217;True;CNES_ST_REGSAUDE_MODE
352030;SP;0212;SP-0212;29;12;0023|0212;True;CNES_ST_REGSAUDE_MODE
352040;SP;0217;SP-0217;31;18;0217;False;CNES_ST_REGSAUDE_MODE
352042;SP;0212;SP-0212;12;8;0212;False;CNES_ST_REGSAUDE_MODE
352044;SP;0206;SP-0206;111;25;0202|0206;True;CNES_ST_REGSAUDE_MODE
352050;SP;0212;SP-0212;398;14;0007|0207|0212;True;CNES_ST_REGSAUDE_MODE
352060;SP;0211;SP-0211;8;4;0211|0216;True;CNES_ST_REGSAUDE_MODE
352070;SP;0215;SP-0215;6;6;0215;False;CNES_ST_REGSAUDE_MODE
352080;SP;0209;SP-0209;2;2;0209;False;CNES_ST_REGSAUDE_MODE
352090;SP;0209;SP-0209;20;12;0209;False;CNES_ST_REGSAUDE_MODE
352100;SP;0216;SP-0216;32;5;0216;False;CNES_ST_REGSAUDE_MODE
352110;SP;0210;SP-0210;8;1;0210;False;CNES_ST_REGSAUDE_MODE
352115;SP;0215;SP-0215;4;4;0215;False;CNES_ST_REGSAUDE_MODE
352120;SP;0212;SP-0212;5;5;0212;False;CNES_ST_REGSAUDE_MODE
352130;SP;0208;SP-0208;46;15;0208;False;CNES_ST_REGSAUDE_MODE
352140;SP;0210;SP-0210;32;25;0010|0210;True;CNES_ST_REGSAUDE_MODE
352150;SP;0215;SP-0215;9;4;0015|0215;True;CNES_ST_REGSAUDE_MODE
352160;SP;0211;SP-0211;11;9;0211|0216;True;CNES_ST_REGSAUDE_MODE
352170;SP;0216;SP-0216;23;12;0016|0216;True;CNES_ST_REGSAUDE_MODE
352180;SP;0206;SP-0206;30;15;0206;False;CNES_ST_REGSAUDE_MODE
352190;SP;0215;SP-0215;30;24;0215;False;CNES_ST_REGSAUDE_MODE
352200;SP;0206;SP-0206;3;3;0206;False;CNES_ST_REGSAUDE_MODE
352210;SP;0219;SP-0219;85;6;0204|0219;True;CNES_ST_REGSAUDE_MODE
352215;SP;0216;SP-0216;4;1;0216;False;CNES_ST_REGSAUDE_MODE
352220;SP;0105;SP-0105;72;18;0105|0201;True;CNES_ST_REGSAUDE_MODE
352230;SP;0216;SP-0216;415;366;0016|0116|0216|0261;True;CNES_ST_REGSAUDE_MODE
352240;SP;0216;SP-0216;282;130;0016|0216;True;CNES_ST_REGSAUDE_MODE
352250;SP;0105;SP-0105;112;12;0105|0201;True;CNES_ST_REGSAUDE_MODE
352260;SP;0220;SP-0220;152;56;0014|0022|0214|0220;True;CNES_ST_REGSAUDE_MODE
352265;SP;0016;SP-0016;7;4;0016|0216;True;CNES_ST_REGSAUDE_MODE
352270;SP;0203;SP-0203;95;95;0203;False;CNES_ST_REGSAUDE_MODE
352280;SP;0211;SP-0211;19;6;0006|0206|0211;True;CNES_ST_REGSAUDE_MODE
352290;SP;0206;SP-0206;14;4;0006|0206;True;CNES_ST_REGSAUDE_MODE
352300;SP;0202;SP-0202;5;2;0002|0202;True;CNES_ST_REGSAUDE_MODE
352310;SP;0201;SP-0201;97;65;0201;False;CNES_ST_REGSAUDE_MODE
352320;SP;0216;SP-0216;81;57;0216|0223;True;CNES_ST_REGSAUDE_MODE
352330;SP;0217;SP-0217;13;4;0217;False;CNES_ST_REGSAUDE_MODE
352340;SP;0207;SP-0207;200;87;0202|0207|0212|0217;True;CNES_ST_REGSAUDE_MODE
352350;SP;0206;SP-0206;20;8;0206;False;CNES_ST_REGSAUDE_MODE
352360;SP;0210;SP-0210;27;21;0210|0215;True;CNES_ST_REGSAUDE_MODE
352370;SP;0208;SP-0208;6;4;0208;False;CNES_ST_REGSAUDE_MODE
352380;SP;0214;SP-0214;6;1;0214;False;CNES_ST_REGSAUDE_MODE
352390;SP;0216;SP-0216;343;201;0016|0023|0116|0215|0216|0217|0221|0223|0226;True;CNES_ST_REGSAUDE_MODE
352400;SP;0207;SP-0207;59;39;0007|0207|2070;True;CNES_ST_REGSAUDE_MODE
352410;SP;0013;SP-0013;204;8;0008|0013|0208|0218;True;CNES_ST_REGSAUDE_MODE
352420;SP;;;9;0;;False;CNES_ST_REGSAUDE_MODE
352430;SP;0213;SP-0213;186;84;0013|0018|0213;True;CNES_ST_REGSAUDE_MODE
352440;SP;0221;SP-0221;433;114;0001|0017|0021|0217|0221|1233;True;CNES_ST_REGSAUDE_MODE
352450;SP;0215;SP-0215;9;9;0215;False;CNES_ST_REGSAUDE_MODE
352460;SP;0212;SP-0212;21;13;0012|0212;True;CNES_ST_REGSAUDE_MODE
352470;SP;0207;SP-0207;104;102;0207|0212;True;CNES_ST_REGSAUDE_MODE
352480;SP;0215;SP-0215;234;222;0215|0250;True;CNES_ST_REGSAUDE_MODE
352490;SP;0217;SP-0217;7;1;0217;False;CNES_ST_REGSAUDE_MODE
352500;SP;0201;SP-0201;57;48;0201|0205;True;CNES_ST_REGSAUDE_MODE
352510;SP;0213;SP-0213;65;36;0213|0218;True;CNES_ST_REGSAUDE_MODE
352520;SP;0207;SP-0207;28;11;0207;False;CNES_ST_REGSAUDE_MODE
352530;SP;0206;SP-0206;479;300;0206|0210;True;CNES_ST_REGSAUDE_MODE
352540;SP;0208;SP-0208;3;3;0208;False;CNES_ST_REGSAUDE_MODE
352550;SP;0207;SP-0207;11;2;0007|0207;True;CNES_ST_REGSAUDE_MODE
352560;SP;0211;SP-0211;7;2;0011|0211;True;CNES_ST_REGSAUDE_MODE
352570;SP;0215;SP-0215;68;68;0215;False;CNES_ST_REGSAUDE_MODE
352580;SP;0209;SP-0209;5;2;0209;False;CNES_ST_REGSAUDE_MODE
352585;SP;0216;SP-0216;6;3;0216;False;CNES_ST_REGSAUDE_MODE
352590;SP;0207;SP-0207;1686;1660;0202|0207|2007;True;CNES_ST_REGSAUDE_MODE
352600;SP;0211;SP-0211;36;12;0016|0211;True;CNES_ST_REGSAUDE_MODE
352610;SP;0212;SP-0212;15;9;0212;False;CNES_ST_REGSAUDE_MODE
352620;SP;0201;SP-0201;15;10;0105|0201;True;CNES_ST_REGSAUDE_MODE
352630;SP;0217;SP-0217;8;4;0017|0217;True;CNES_ST_REGSAUDE_MODE
352640;SP;0206;SP-0206;91;83;0206|0211;True;CNES_ST_REGSAUDE_MODE
352650;SP;0206;SP-0206;8;4;0202|0206;True;CNES_ST_REGSAUDE_MODE
352660;SP;0217;SP-0217;5;3;0217;False;CNES_ST_REGSAUDE_MODE
352670;SP;0215;SP-0215;213;17;0210|0215;True;CNES_ST_REGSAUDE_MODE
352680;SP;0206;SP-0206;225;201;0001|0205|0206|0210;True;CNES_ST_REGSAUDE_MODE
352690;SP;0210;SP-0210;836;830;0201|0210;True;CNES_ST_REGSAUDE_MODE
352700;SP;0207;SP-0207;14;12;0207|0212;True;CNES_ST_REGSAUDE_MODE
352710;SP;0206;SP-0206;523;436;0206|0210|2016;True;CNES_ST_REGSAUDE_MODE
352720;SP;0017;SP-0017;290;266;0017|0217|0224;True;CNES_ST_REGSAUDE_MODE
352725;SP;0202;SP-0202;5;3;0002|0202;True;CNES_ST_REGSAUDE_MODE
352730;SP;0207;SP-0207;44;16;0207;False;CNES_ST_REGSAUDE_MODE
352740;SP;0209;SP-0209;38;33;0209;False;CNES_ST_REGSAUDE_MODE
352750;SP;;;3;0;;False;CNES_ST_REGSAUDE_MODE
352760;SP;0213;SP-0213;21;11;0013|0213;True;CNES_ST_REGSAUDE_MODE
352770;SP;0202;SP-0202;7;1;0202;False;CNES_ST_REGSAUDE_MODE
352780;SP;0209;SP-0209;5;4;0209;False;CNES_ST_REGSAUDE_MODE
352790;SP;0209;SP-0209;3;2;0209;False;CNES_ST_REGSAUDE_MODE
352800;SP;0006;SP-0006;32;19;0006|0206|0210;True;CNES_ST_REGSAUDE_MODE
352810;SP;0215;SP-0215;11;11;0215;False;CNES_ST_REGSAUDE_MODE
352820;SP;0215;SP-0215;4;4;0215;False;CNES_ST_REGSAUDE_MODE
352830;SP;0215;SP-0215;5;5;0215;False;CNES_ST_REGSAUDE_MODE
352840;SP;0216;SP-0216;68;22;0016|0018|0216;True;CNES_ST_REGSAUDE_MODE
352850;SP;0104;SP-0104;62;7;0104|0207;True;CNES_ST_REGSAUDE_MODE
352860;SP;0206;SP-0206;15;14;0206;False;CNES_ST_REGSAUDE_MODE
352870;SP;0211;SP-0211;5;4;0211;False;CNES_ST_REGSAUDE_MODE
352880;SP;0209;SP-0209;15;11;0209;False;CNES_ST_REGSAUDE_MODE
352885;SP;0215;SP-0215;4;4;0215;False;CNES_ST_REGSAUDE_MODE
352890;SP;0209;SP-0209;4;4;0209;False;CNES_ST_REGSAUDE_MODE
352900;SP;0209;SP-0209;977;698;0029|0206|0209|0214|0219;True;CNES_ST_REGSAUDE_MODE
352910;SP;0215;SP-0215;3;3;0215;False;CNES_ST_REGSAUDE_MODE
352920;SP;0211;SP-0211;42;27;0011|0021|0211|0216;True;CNES_ST_REGSAUDE_MODE
352930;SP;0203;SP-0203;227;196;0201|0203|0207;True;CNES_ST_REGSAUDE_MODE
352940;SP;0201;SP-0201;304;280;0201;False;CNES_ST_REGSAUDE_MODE
352950;SP;0215;SP-0215;8;6;0215;False;CNES_ST_REGSAUDE_MODE
352960;SP;0215;SP-0215;6;6;0215;False;CNES_ST_REGSAUDE_MODE
352965;SP;0215;SP-0215;2;2;0215;False;CNES_ST_REGSAUDE_MODE
352970;SP;0208;SP-0208;45;25;0208;False;CNES_ST_REGSAUDE_MODE
352980;SP;0206;SP-0206;11;5;0206;False;CNES_ST_REGSAUDE_MODE
352990;SP;0212;SP-0212;18;10;0212;False;CNES_ST_REGSAUDE_MODE
353000;SP;0215;SP-0215;5;5;0215;False;CNES_ST_REGSAUDE_MODE
353010;SP;0202;SP-0202;61;19;0202;False;CNES_ST_REGSAUDE_MODE
353020;SP;0211;SP-0211;25;12;0029|0211;True;CNES_ST_REGSAUDE_MODE
353030;SP;0215;SP-0215;144;142;0215;False;CNES_ST_REGSAUDE_MODE
353040;SP;0215;SP-0215;2;2;0215;False;CNES_ST_REGSAUDE_MODE
353050;SP;0220;SP-0220;250;51;0114|0133|0214|0220;True;CNES_ST_REGSAUDE_MODE
353060;SP;0201;SP-0201;282;28;0103|0201;True;CNES_ST_REGSAUDE_MODE
353070;SP;0214;SP-0214;382;270;0014|0214|0220|0314;True;CNES_ST_REGSAUDE_MODE
353080;SP;0214;SP-0214;251;208;0214;False;CNES_ST_REGSAUDE_MODE
353090;SP;0210;SP-0210;4;2;0210|0215;True;CNES_ST_REGSAUDE_MODE
353100;SP;0215;SP-0215;7;7;0215;False;CNES_ST_REGSAUDE_MODE
353110;SP;0219;SP-0219;46;8;0004|0019|0219;True;CNES_ST_REGSAUDE_MODE
353120;SP;0212;SP-0212;15;5;0207|0212;True;CNES_ST_REGSAUDE_MODE
353130;SP;0213;SP-0213;222;216;0123|0213|0218;True;CNES_ST_REGSAUDE_MODE
353140;SP;0215;SP-0215;52;51;0215;False;CNES_ST_REGSAUDE_MODE
353150;SP;0205;SP-0205;41;23;0205;False;CNES_ST_REGSAUDE_MODE
353160;SP;0211;SP-0211;5;1;0211;False;CNES_ST_REGSAUDE_MODE
353170;SP;0017;SP-0017;7;4;0017|0217;True;CNES_ST_REGSAUDE_MODE
353180;SP;0207;SP-0207;66;37;0207;False;CNES_ST_REGSAUDE_MODE
353190;SP;0208;SP-0208;76;40;0208;False;CNES_ST_REGSAUDE_MODE
353200;SP;0212;SP-0212;18;4;0212;False;CNES_ST_REGSAUDE_MODE
353205;SP;0203;SP-0203;5;3;0203|0207|0212;True;CNES_ST_REGSAUDE_MODE
353210;SP;0202;SP-0202;6;4;0202;False;CNES_ST_REGSAUDE_MODE
353215;SP;0211;SP-0211;4;3;0211;False;CNES_ST_REGSAUDE_MODE
353220;SP;0211;SP-0211;5;5;0211;False;CNES_ST_REGSAUDE_MODE
353230;SP;0217;SP-0217;7;6;0127|0217;True;CNES_ST_REGSAUDE_MODE
353240;SP;0207;SP-0207;9;5;0207;False;CNES_ST_REGSAUDE_MODE
353250;SP;0215;SP-0215;16;13;0215;False;CNES_ST_REGSAUDE_MODE
353260;SP;0215;SP-0215;39;37;0215|0218;True;CNES_ST_REGSAUDE_MODE
353270;SP;0215;SP-0215;4;3;0215|2062;True;CNES_ST_REGSAUDE_MODE
353280;SP;0215;SP-0215;5;3;0015|0215;True;CNES_ST_REGSAUDE_MODE
353282;SP;0216;SP-0216;8;6;0216;False;CNES_ST_REGSAUDE_MODE
353284;SP;0215;SP-0215;3;3;0215;False;CNES_ST_REGSAUDE_MODE
353286;SP;0202;SP-0202;4;3;0202;False;CNES_ST_REGSAUDE_MODE
353290;SP;0203;SP-0203;20;6;0012|0203|0230;True;CNES_ST_REGSAUDE_MODE
353300;SP;0215;SP-0215;30;29;0215;False;CNES_ST_REGSAUDE_MODE
353310;SP;0211;SP-0211;4;4;0211;False;CNES_ST_REGSAUDE_MODE
353320;SP;0202;SP-0202;8;1;0202;False;CNES_ST_REGSAUDE_MODE
353325;SP;0215;SP-0215;3;3;0215;False;CNES_ST_REGSAUDE_MODE
353330;SP;0202;SP-0202;4;1;0202;False;CNES_ST_REGSAUDE_MODE
353340;SP;0212;SP-0212;78;41;0207|0212;True;CNES_ST_REGSAUDE_MODE
353350;SP;0215;SP-0215;107;104;0215;False;CNES_ST_REGSAUDE_MODE
353360;SP;0208;SP-0208;24;22;0008|0208;True;CNES_ST_REGSAUDE_MODE
353370;SP;0209;SP-0209;4;4;0209;False;CNES_ST_REGSAUDE_MODE
353380;SP;0209;SP-0209;4;4;0209;False;CNES_ST_REGSAUDE_MODE
353390;SP;0205;SP-0205;159;60;0205|0209|1803;True;CNES_ST_REGSAUDE_MODE
353400;SP;0215;SP-0215;7;6;0215;False;CNES_ST_REGSAUDE_MODE
353410;SP;0209;SP-0209;12;12;0209;False;CNES_ST_REGSAUDE_MODE
353420;SP;0215;SP-0215;17;12;0215;False;CNES_ST_REGSAUDE_MODE
353430;SP;0208;SP-0208;191;188;0208;False;CNES_ST_REGSAUDE_MODE
353440;SP;0201;SP-0201;1051;584;0000|0021|0102|0105|0201|0210|0211|1201;True;CNES_ST_REGSAUDE_MODE
353450;SP;0209;SP-0209;4;4;0209;False;CNES_ST_REGSAUDE_MODE
353460;SP;0209;SP-0209;84;84;0209;False;CNES_ST_REGSAUDE_MODE
353470;SP;0209;SP-0209;448;376;0209;False;CNES_ST_REGSAUDE_MODE
353475;SP;0215;SP-0215;30;30;0215;False;CNES_ST_REGSAUDE_MODE
353480;SP;0211;SP-0211;8;3;0011|0211;True;CNES_ST_REGSAUDE_MODE
353490;SP;0209;SP-0209;28;12;0209;False;CNES_ST_REGSAUDE_MODE
353500;SP;0215;SP-0215;18;17;0215;False;CNES_ST_REGSAUDE_MODE
353510;SP;0215;SP-0215;18;17;0215;False;CNES_ST_REGSAUDE_MODE
353520;SP;0215;SP-0215;13;12;0215;False;CNES_ST_REGSAUDE_MODE
353530;SP;0209;SP-0209;51;50;0209;False;CNES_ST_REGSAUDE_MODE
353540;SP;0211;SP-0211;20;15;0211;False;CNES_ST_REGSAUDE_MODE
353550;SP;0209;SP-0209;118;65;0209|0269;True;CNES_ST_REGSAUDE_MODE
353560;SP;0217;SP-0217;16;9;0217;False;CNES_ST_REGSAUDE_MODE
353570;SP;0215;SP-0215;9;8;0215;False;CNES_ST_REGSAUDE_MODE
353580;SP;0211;SP-0211;51;4;0206|0211;True;CNES_ST_REGSAUDE_MODE
353590;SP;0215;SP-0215;3;2;0215;False;CNES_ST_REGSAUDE_MODE
353600;SP;0209;SP-0209;10;7;0209;False;CNES_ST_REGSAUDE_MODE
353610;SP;0206;SP-0206;4;4;0206;False;CNES_ST_REGSAUDE_MODE
353620;SP;0212;SP-0212;29;15;0212;False;CNES_ST_REGSAUDE_MODE
353625;SP;0215;SP-0215;2;2;0215;False;CNES_ST_REGSAUDE_MODE
353630;SP;0208;SP-0208;18;14;0008|0208;True;CNES_ST_REGSAUDE_MODE
353640;SP;0211;SP-0211;6;2;0021|0211;True;CNES_ST_REGSAUDE_MODE
353650;SP;0207;SP-0207;192;190;0012|0207|0212;True;CNES_ST_REGSAUDE_MODE
353657;SP;0206;SP-0206;3;1;0206;False;CNES_ST_REGSAUDE_MODE
353660;SP;0215;SP-0215;8;7;0215;False;CNES_ST_REGSAUDE_MODE
353670;SP;0206;SP-0206;86;37;0206|0208|0210;True;CNES_ST_REGSAUDE_MODE
353680;SP;0207;SP-0207;5;3;0007|0207;True;CNES_ST_REGSAUDE_MODE
353690;SP;0215;SP-0215;5;5;0215;False;CNES_ST_REGSAUDE_MODE
353700;SP;0208;SP-0208;25;18;0208;False;CNES_ST_REGSAUDE_MODE
353710;SP;0207;SP-0207;68;33;0007|0207;True;CNES_ST_REGSAUDE_MODE
353715;SP;0209;SP-0209;8;8;0209;False;CNES_ST_REGSAUDE_MODE
353720;SP;0212;SP-0212;12;2;0212;False;CNES_ST_REGSAUDE_MODE
353730;SP;0206;SP-0206;197;119;0002|0202|0206;True;CNES_ST_REGSAUDE_MODE
353740;SP;0202;SP-0202;68;13;0202|0404;True;CNES_ST_REGSAUDE_MODE
353750;SP;0206;SP-0206;11;4;0206;False;CNES_ST_REGSAUDE_MODE
353760;SP;0204;SP-0204;72;49;0204;False;CNES_ST_REGSAUDE_MODE
353770;SP;0202;SP-0202;5;3;0202;False;CNES_ST_REGSAUDE_MODE
353780;SP;0216;SP-0216;61;17;0216;False;CNES_ST_REGSAUDE_MODE
353790;SP;0216;SP-0216;30;10;0216;False;CNES_ST_REGSAUDE_MODE
353800;SP;0224;SP-0224;435;39;0024|0224;True;CNES_ST_REGSAUDE_MODE
353810;SP;0215;SP-0215;22;18;0215;False;CNES_ST_REGSAUDE_MODE
353820;SP;0212;SP-0212;18;6;0207|0212;True;CNES_ST_REGSAUDE_MODE
353830;SP;0211;SP-0211;3;3;0211;False;CNES_ST_REGSAUDE_MODE
353850;SP;0017;SP-0017;14;7;0017;False;CNES_ST_REGSAUDE_MODE
353860;SP;0207;SP-0207;21;5;0207;False;CNES_ST_REGSAUDE_MODE
353870;SP;0210;SP-0210;1110;1101;0210|0215;True;CNES_ST_REGSAUDE_MODE
353880;SP;0206;SP-0206;87;74;0126|0206;True;CNES_ST_REGSAUDE_MODE
353890;SP;0206;SP-0206;60;46;0206;False;CNES_ST_REGSAUDE_MODE
353900;SP;0215;SP-0215;25;18;0215;False;CNES_ST_REGSAUDE_MODE
353910;SP;0201;SP-0201;12;8;0201;False;CNES_ST_REGSAUDE_MODE
353920;SP;0211;SP-0211;32;24;0011|0021|0211;True;CNES_ST_REGSAUDE_MODE
353930;SP;0210;SP-0210;278;239;0210;False;CNES_ST_REGSAUDE_MODE
353940;SP;0206;SP-0206;12;3;0206;False;CNES_ST_REGSAUDE_MODE
353950;SP;0213;SP-0213;74;42;0013|0213;True;CNES_ST_REGSAUDE_MODE
353960;SP;0215;SP-0215;3;3;0215;False;CNES_ST_REGSAUDE_MODE
353970;SP;0209;SP-0209;2;2;0209;False;CNES_ST_REGSAUDE_MODE
353980;SP;0103;SP-0103;67;14;0103|0201;True;CNES_ST_REGSAUDE_MODE
353990;SP;0215;SP-0215;9;4;0015|0215;True;CNES_ST_REGSAUDE_MODE
354000;SP;0209;SP-0209;117;102;0209;False;CNES_ST_REGSAUDE_MODE
354010;SP;0206;SP-0206;2;2;0206;False;CNES_ST_REGSAUDE_MODE
354020;SP;0213;SP-0213;84;35;0013|0213;True;CNES_ST_REGSAUDE_MODE
354025;SP;0215;SP-0215;2;2;0215;False;CNES_ST_REGSAUDE_MODE
354030;SP;0215;SP-0215;4;4;0215;False;CNES_ST_REGSAUDE_MODE
354040;SP;0215;SP-0215;5;4;0125|0215;True;CNES_ST_REGSAUDE_MODE
354050;SP;0206;SP-0206;14;10;0206;False;CNES_ST_REGSAUDE_MODE
354060;SP;0216;SP-0216;96;37;0016|0216;True;CNES_ST_REGSAUDE_MODE
354070;SP;0203;SP-0203;185;140;0203|0302;True;CNES_ST_REGSAUDE_MODE
354075;SP;0217;SP-0217;14;8;0217;False;CNES_ST_REGSAUDE_MODE
354080;SP;0215;SP-0215;23;16;0215;False;CNES_ST_REGSAUDE_MODE
354085;SP;0209;SP-0209;3;3;0209;False;CNES_ST_REGSAUDE_MODE
354090;SP;0213;SP-0213;24;10;0013|0024|0213;True;CNES_ST_REGSAUDE_MODE
354100;SP;0204;SP-0204;269;181;0004|0204|0219;True;CNES_ST_REGSAUDE_MODE
354105;SP;0206;SP-0206;6;5;0206;False;CNES_ST_REGSAUDE_MODE
354110;SP;0206;SP-0206;4;3;0206|0210;True;CNES_ST_REGSAUDE_MODE
354120;SP;0211;SP-0211;31;21;0011|0211;True;CNES_ST_REGSAUDE_MODE
354130;SP;0211;SP-0211;45;15;0011|0020|0022|0211|0216;True;CNES_ST_REGSAUDE_MODE
354140;SP;0216;SP-0216;926;906;0211|0216;True;CNES_ST_REGSAUDE_MODE
354150;SP;0216;SP-0216;100;20;0211|0216;True;CNES_ST_REGSAUDE_MODE
354160;SP;0206;SP-0206;88;85;0201|0206|0210;True;CNES_ST_REGSAUDE_MODE
354165;SP;0216;SP-0216;5;1;0216;False;CNES_ST_REGSAUDE_MODE
354170;SP;0211;SP-0211;32;12;0011|0211;True;CNES_ST_REGSAUDE_MODE
354180;SP;0209;SP-0209;2;2;0209;False;CNES_ST_REGSAUDE_MODE
354190;SP;0017;SP-0017;10;5;0017;False;CNES_ST_REGSAUDE_MODE
354200;SP;0209;SP-0209;26;26;0209;False;CNES_ST_REGSAUDE_MODE
354210;SP;0210;SP-0210;5;1;0210;False;CNES_ST_REGSAUDE_MODE
354220;SP;0211;SP-0211;78;37;0211|0216;True;CNES_ST_REGSAUDE_MODE
354230;SP;0217;SP-0217;5;3;0017|0217;True;CNES_ST_REGSAUDE_MODE
354240;SP;0211;SP-0211;34;34;0211;False;CNES_ST_REGSAUDE_MODE
354250;SP;0206;SP-0206;8;5;0206;False;CNES_ST_REGSAUDE_MODE
354260;SP;0212;SP-0212;116;57;0012|0023|0121|0212;True;CNES_ST_REGSAUDE_MODE
354270;SP;0208;SP-0208;4;4;0208;False;CNES_ST_REGSAUDE_MODE
354280;SP;0216;SP-0216;6;3;0216;False;CNES_ST_REGSAUDE_MODE
354290;SP;0203;SP-0203;25;12;0203;False;CNES_ST_REGSAUDE_MODE
354300;SP;0216;SP-0216;13;7;0216;False;CNES_ST_REGSAUDE_MODE
354310;SP;0208;SP-0208;5;4;0208;False;CNES_ST_REGSAUDE_MODE
354320;SP;0209;SP-0209;3;3;0209;False;CNES_ST_REGSAUDE_MODE
354323;SP;0211;SP-0211;2;2;0211;False;CNES_ST_REGSAUDE_MODE
354325;SP;0216;SP-0216;2;2;0216;False;CNES_ST_REGSAUDE_MODE
354330;SP;0201;SP-0201;125;59;0102|0201;True;CNES_ST_REGSAUDE_MODE
354340;SP;0213;SP-0213;2483;2431;0213|0216|0218;True;CNES_ST_REGSAUDE_MODE
354350;SP;0216;SP-0216;3;2;0216;False;CNES_ST_REGSAUDE_MODE
354360;SP;0008;SP-0008;7;3;0008|0208;True;CNES_ST_REGSAUDE_MODE
354370;SP;0203;SP-0203;13;10;0203;False;CNES_ST_REGSAUDE_MODE
354380;SP;0209;SP-0209;11;10;0209;False;CNES_ST_REGSAUDE_MODE
354390;SP;0210;SP-0210;622;215;0101|0201|0210|0215;True;CNES_ST_REGSAUDE_MODE
354400;SP;0210;SP-0210;86;13;0210|0215;True;CNES_ST_REGSAUDE_MODE
354410;SP;0202;SP-0202;20;11;0102|0202;True;CNES_ST_REGSAUDE_MODE
354420;SP;0215;SP-0215;11;10;0215;False;CNES_ST_REGSAUDE_MODE
354425;SP;0211;SP-0211;40;20;0211|0216;True;CNES_ST_REGSAUDE_MODE
354430;SP;0217;SP-0217;13;6;0217;False;CNES_ST_REGSAUDE_MODE
354440;SP;0202;SP-0202;5;3;0202;False;CNES_ST_REGSAUDE_MODE
354450;SP;0215;SP-0215;3;3;0215;False;CNES_ST_REGSAUDE_MODE
354460;SP;0206;SP-0206;5;1;0206;False;CNES_ST_REGSAUDE_MODE
354470;SP;0209;SP-0209;2;2;0209;False;CNES_ST_REGSAUDE_MODE
354480;SP;0215;SP-0215;4;4;0215;False;CNES_ST_REGSAUDE_MODE
354490;SP;0208;SP-0208;40;17;0008|0018|0208;True;CNES_ST_REGSAUDE_MODE
354500;SP;0103;SP-0103;16;8;0103;False;CNES_ST_REGSAUDE_MODE
354510;SP;0209;SP-0209;3;2;0209|0219;True;CNES_ST_REGSAUDE_MODE
354515;SP;0210;SP-0210;5;2;0210;False;CNES_ST_REGSAUDE_MODE
354520;SP;0216;SP-0216;203;182;0016|0215|0216|0415|0416;True;CNES_ST_REGSAUDE_MODE
354530;SP;0216;SP-0216;74;39;0216;False;CNES_ST_REGSAUDE_MODE
354540;SP;0209;SP-0209;8;6;0009|0209;True;CNES_ST_REGSAUDE_MODE
354550;SP;0211;SP-0211;4;2;0211;False;CNES_ST_REGSAUDE_MODE
354560;SP;0215;SP-0215;37;36;0215;False;CNES_ST_REGSAUDE_MODE
354570;SP;0215;SP-0215;8;8;0215;False;CNES_ST_REGSAUDE_MODE
354580;SP;0212;SP-0212;319;268;0207|0212|0215;True;CNES_ST_REGSAUDE_MODE
354600;SP;0217;SP-0217;13;6;0217;False;CNES_ST_REGSAUDE_MODE
354610;SP;0215;SP-0215;5;4;0215;False;CNES_ST_REGSAUDE_MODE
354620;SP;0210;SP-0210;4;1;0210;False;CNES_ST_REGSAUDE_MODE
354625;SP;0213;SP-0213;7;5;0213;False;CNES_ST_REGSAUDE_MODE
354630;SP;0214;SP-0214;72;61;0214|0215|0216|0220;True;CNES_ST_REGSAUDE_MODE
354640;SP;0209;SP-0209;154;35;0009|0209;True;CNES_ST_REGSAUDE_MODE
354650;SP;0203;SP-0203;3;2;0203;False;CNES_ST_REGSAUDE_MODE
354660;SP;0215;SP-0215;120;96;0205|0215;True;CNES_ST_REGSAUDE_MODE
354670;SP;0210;SP-0210;44;40;0010|0210;True;CNES_ST_REGSAUDE_MODE
354680;SP;0201;SP-0201;46;34;0103|0201|2010;True;CNES_ST_REGSAUDE_MODE
354690;SP;0203;SP-0203;6;6;0203;False;CNES_ST_REGSAUDE_MODE
354700;SP;0210;SP-0210;8;7;0210;False;CNES_ST_REGSAUDE_MODE
354710;SP;0211;SP-0211;5;2;0211;False;CNES_ST_REGSAUDE_MODE
354720;SP;0215;SP-0215;2;2;0215;False;CNES_ST_REGSAUDE_MODE
354730;SP;0201;SP-0201;49;14;0201;False;CNES_ST_REGSAUDE_MODE
354740;SP;0215;SP-0215;4;3;0215;False;CNES_ST_REGSAUDE_MODE
354750;SP;0213;SP-0213;76;75;0213;False;CNES_ST_REGSAUDE_MODE
354760;SP;0213;SP-0213;63;31;0123|0213;True;CNES_ST_REGSAUDE_MODE
354765;SP;0215;SP-0215;2;2;0215;False;CNES_ST_REGSAUDE_MODE
354770;SP;0211;SP-0211;44;17;0211;False;CNES_ST_REGSAUDE_MODE
354780;SP;0102;SP-0102;697;7;0101|0102|0201;True;CNES_ST_REGSAUDE_MODE
354790;SP;0213;SP-0213;21;7;0000|0213;True;CNES_ST_REGSAUDE_MODE
354800;SP;0207;SP-0207;28;9;0207;False;CNES_ST_REGSAUDE_MODE
354805;SP;0202;SP-0202;4;4;0202;False;CNES_ST_REGSAUDE_MODE
354810;SP;0220;SP-0220;9;2;0220;False;CNES_ST_REGSAUDE_MODE
354820;SP;0217;SP-0217;16;7;0017|0217;True;CNES_ST_REGSAUDE_MODE
354830;SP;0211;SP-0211;2;1;0211;False;CNES_ST_REGSAUDE_MODE
354840;SP;;;3;0;;False;CNES_ST_REGSAUDE_MODE
354850;SP;0204;SP-0204;1626;1003;0104|0204|0219|3227;True;CNES_ST_REGSAUDE_MODE
354860;SP;0217;SP-0217;15;2;0017|0217;True;CNES_ST_REGSAUDE_MODE
354870;SP;0102;SP-0102;866;304;0001|0102|0122|0201|3501;True;CNES_ST_REGSAUDE_MODE
354880;SP;0102;SP-0102;391;11;0102|0201;True;CNES_ST_REGSAUDE_MODE
354890;SP;0203;SP-0203;821;757;0203|0206|1356;True;CNES_ST_REGSAUDE_MODE
354900;SP;0215;SP-0215;5;5;0215;False;CNES_ST_REGSAUDE_MODE
354910;SP;0214;SP-0214;600;44;0014|0214|0220;True;CNES_ST_REGSAUDE_MODE
354920;SP;0215;SP-0215;2;2;0215;False;CNES_ST_REGSAUDE_MODE
354925;SP;0215;SP-0215;4;4;0215;False;CNES_ST_REGSAUDE_MODE
354930;SP;0211;SP-0211;6;3;0211;False;CNES_ST_REGSAUDE_MODE
354940;SP;0208;SP-0208;192;91;0008|0028|0208|0218|0219;True;CNES_ST_REGSAUDE_MODE
354950;SP;0008;SP-0008;8;5;0008;False;CNES_ST_REGSAUDE_MODE
354960;SP;0217;SP-0217;5;2;0017|0217;True;CNES_ST_REGSAUDE_MODE
354970;SP;0214;SP-0214;130;12;0014|0214|0220;True;CNES_ST_REGSAUDE_MODE
354980;SP;0215;SP-0215;1184;1166;0215;False;CNES_ST_REGSAUDE_MODE
354990;SP;0217;SP-0217;1082;954;0217|0219|1221|1224;True;CNES_ST_REGSAUDE_MODE
354995;SP;0201;SP-0201;10;7;0201;False;CNES_ST_REGSAUDE_MODE
355000;SP;0217;SP-0217;11;6;0017|0217;True;CNES_ST_REGSAUDE_MODE
355010;SP;0206;SP-0206;109;10;0206;False;CNES_ST_REGSAUDE_MODE
355020;SP;0216;SP-0216;60;26;0216;False;CNES_ST_REGSAUDE_MODE
355030;SP;0101;SP-0101;12590;896;0001|0010|0016|0018|0019|0030|0035|0100|0101|0104|0193|0201|0220|0350|1010|1101|3501|3506|3700;True;CNES_ST_REGSAUDE_MODE
355040;SP;0210;SP-0210;86;28;0210|0215;True;CNES_ST_REGSAUDE_MODE
355050;SP;0209;SP-0209;6;6;0209;False;CNES_ST_REGSAUDE_MODE
355060;SP;0216;SP-0216;236;114;0216|0223|2016;True;CNES_ST_REGSAUDE_MODE
355070;SP;0217;SP-0217;199;104;0017|0217;True;CNES_ST_REGSAUDE_MODE
355080;SP;0220;SP-0220;30;11;0014|0214|0220;True;CNES_ST_REGSAUDE_MODE
355090;SP;0213;SP-0213;35;33;0013|0213;True;CNES_ST_REGSAUDE_MODE
355100;SP;0219;SP-0219;232;29;0019|0204|0219|1132;True;CNES_ST_REGSAUDE_MODE
355110;SP;0216;SP-0216;9;8;0216;False;CNES_ST_REGSAUDE_MODE
355120;SP;0206;SP-0206;2;1;0206;False;CNES_ST_REGSAUDE_MODE
355130;SP;0215;SP-0215;4;4;0215;False;CNES_ST_REGSAUDE_MODE
355140;SP;0213;SP-0213;17;8;0213;False;CNES_ST_REGSAUDE_MODE
355150;SP;0213;SP-0213;54;12;0013|0213;True;CNES_ST_REGSAUDE_MODE
355160;SP;0207;SP-0207;76;26;0007|0207|0212;True;CNES_ST_REGSAUDE_MODE
355170;SP;0213;SP-0213;392;206;0013|0213|0218;True;CNES_ST_REGSAUDE_MODE
355180;SP;0212;SP-0212;10;6;0212;False;CNES_ST_REGSAUDE_MODE
355190;SP;0209;SP-0209;16;6;0209;False;CNES_ST_REGSAUDE_MODE
355200;SP;0217;SP-0217;7;4;0217;False;CNES_ST_REGSAUDE_MODE
355210;SP;0207;SP-0207;72;60;0207|0217;True;CNES_ST_REGSAUDE_MODE
355220;SP;0216;SP-0216;1182;482;0016|0023|0116|0215|0216|0219|2016|2116;True;CNES_ST_REGSAUDE_MODE
355230;SP;0202;SP-0202;9;3;0202;False;CNES_ST_REGSAUDE_MODE
355240;SP;0207;SP-0207;253;124;0207|0212|2047;True;CNES_ST_REGSAUDE_MODE
355250;SP;0201;SP-0201;293;141;0102|0201;True;CNES_ST_REGSAUDE_MODE
355255;SP;0202;SP-0202;4;3;0002|0202;True;CNES_ST_REGSAUDE_MODE
355260;SP;0215;SP-0215;21;19;0215;False;CNES_ST_REGSAUDE_MODE
355270;SP;0207;SP-0207;45;17;0003|0203|0207;True;CNES_ST_REGSAUDE_MODE
355280;SP;0105;SP-0105;141;22;0000|0105|0201;True;CNES_ST_REGSAUDE_MODE
355290;SP;0211;SP-0211;5;4;0021|0211;True;CNES_ST_REGSAUDE_MODE
355300;SP;0206;SP-0206;15;8;0206;False;CNES_ST_REGSAUDE_MODE
355310;SP;0005;SP-0005;11;1;0005;False;CNES_ST_REGSAUDE_MODE
355320;SP;0205;SP-0205;18;5;0205;False;CNES_ST_REGSAUDE_MODE
355330;SP;0214;SP-0214;83;79;0024|0214;True;CNES_ST_REGSAUDE_MODE
355340;SP;0215;SP-0215;48;44;0215;False;CNES_ST_REGSAUDE_MODE
355350;SP;0216;SP-0216;11;2;0216;False;CNES_ST_REGSAUDE_MODE
355360;SP;0220;SP-0220;18;4;0220;False;CNES_ST_REGSAUDE_MODE
355365;SP;0005;SP-0005;3;2;0005|0205;True;CNES_ST_REGSAUDE_MODE
355370;SP;0203;SP-0203;154;19;0203|0207;True;CNES_ST_REGSAUDE_MODE
355380;SP;0211;SP-0211;19;5;0006|0206|0211;True;CNES_ST_REGSAUDE_MODE
355385;SP;0216;SP-0216;6;3;0216;False;CNES_ST_REGSAUDE_MODE
355390;SP;0211;SP-0211;7;3;0211;False;CNES_ST_REGSAUDE_MODE
355395;SP;0209;SP-0209;18;17;0209;False;CNES_ST_REGSAUDE_MODE
355400;SP;0216;SP-0216;367;304;0016|0214|0216|0261;True;CNES_ST_REGSAUDE_MODE
355410;SP;3517;SP-3517;857;708;0174|0217|0417|3517|3717;True;CNES_ST_REGSAUDE_MODE
355420;SP;0206;SP-0206;4;4;0206;False;CNES_ST_REGSAUDE_MODE
355430;SP;0216;SP-0216;38;16;0011|0211|0216;True;CNES_ST_REGSAUDE_MODE
355440;SP;0205;SP-0205;17;16;0205;False;CNES_ST_REGSAUDE_MODE
355450;SP;0216;SP-0216;144;10;0016|0023|0216|0223;True;CNES_ST_REGSAUDE_MODE
355460;SP;0209;SP-0209;3;3;0209;False;CNES_ST_REGSAUDE_MODE
355465;SP;0206;SP-0206;3;3;0206;False;CNES_ST_REGSAUDE_MODE
355470;SP;0206;SP-0206;7;5;0206;False;CNES_ST_REGSAUDE_MODE
355475;SP;0203;SP-0203;2;2;0203;False;CNES_ST_REGSAUDE_MODE
355480;SP;0217;SP-0217;50;28;0017|0217;True;CNES_ST_REGSAUDE_MODE
355490;SP;0215;SP-0215;4;4;0215;False;CNES_ST_REGSAUDE_MODE
355495;SP;0207;SP-0207;6;3;0207;False;CNES_ST_REGSAUDE_MODE
355500;SP;0209;SP-0209;235;207;0209;False;CNES_ST_REGSAUDE_MODE
355510;SP;0211;SP-0211;45;44;0211|0221;True;CNES_ST_REGSAUDE_MODE
355520;SP;0202;SP-0202;2;2;0202;False;CNES_ST_REGSAUDE_MODE
355530;SP;0215;SP-0215;4;4;0215;False;CNES_ST_REGSAUDE_MODE
355535;SP;0215;SP-0215;3;3;0215;False;CNES_ST_REGSAUDE_MODE
355540;SP;0221;SP-0221;67;17;0017|0217|0221;True;CNES_ST_REGSAUDE_MODE
355550;SP;0209;SP-0209;6;5;0209;False;CNES_ST_REGSAUDE_MODE
355560;SP;0215;SP-0215;26;23;0015|0215;True;CNES_ST_REGSAUDE_MODE
355570;SP;0215;SP-0215;3;3;0215;False;CNES_ST_REGSAUDE_MODE
355580;SP;0215;SP-0215;8;8;0215;False;CNES_ST_REGSAUDE_MODE
355590;SP;0206;SP-0206;3;1;0206;False;CNES_ST_REGSAUDE_MODE
355600;SP;0215;SP-0215;27;27;0215;False;CNES_ST_REGSAUDE_MODE
355610;SP;0215;SP-0215;18;13;0215;False;CNES_ST_REGSAUDE_MODE
355620;SP;0212;SP-0212;428;28;0212;False;CNES_ST_REGSAUDE_MODE
355630;SP;0202;SP-0202;39;9;0102|0202|0206;True;CNES_ST_REGSAUDE_MODE
355635;SP;0207;SP-0207;3;2;0207;False;CNES_ST_REGSAUDE_MODE
355640;SP;0214;SP-0214;119;52;0014|0214;True;CNES_ST_REGSAUDE_MODE
355645;SP;0201;SP-0201;47;13;0201;False;CNES_ST_REGSAUDE_MODE
355650;SP;0207;SP-0207;49;26;0207|0212;True;CNES_ST_REGSAUDE_MODE
355660;SP;0209;SP-0209;22;14;0209;False;CNES_ST_REGSAUDE_MODE
355670;SP;0207;SP-0207;298;108;0007|0012|0110|0207|0212|0217;True;CNES_ST_REGSAUDE_MODE
355680;SP;0205;SP-0205;42;26;0205;False;CNES_ST_REGSAUDE_MODE
355690;SP;0009;SP-0009;7;1;0009;False;CNES_ST_REGSAUDE_MODE
355695;SP;0215;SP-0215;3;3;0215;False;CNES_ST_REGSAUDE_MODE
355700;SP;0216;SP-0216;108;4;0216;False;CNES_ST_REGSAUDE_MODE
355710;SP;0215;SP-0215;390;374;0025|0215|2015;True;CNES_ST_REGSAUDE_MODE
355715;SP;0215;SP-0215;3;3;0215;False;CNES_ST_REGSAUDE_MODE
355720;SP;0209;SP-0209;20;19;0209;False;CNES_ST_REGSAUDE_MODE
355730;SP;0214;SP-0214;13;3;0214;False;CNES_ST_REGSAUDE_MODE
410010;PR;0018;PR-0018;9;9;0018;False;CNES_ST_REGSAUDE_MODE
410020;PR;0002;PR-0002;9;6;0002;False;CNES_ST_REGSAUDE_MODE
410030;PR;0002;PR-0002;9;5;0002;False;CNES_ST_REGSAUDE_MODE
410040;PR;0002;PR-0002;64;61;0002;False;CNES_ST_REGSAUDE_MODE
410045;PR;0011;PR-0011;7;6;0011;False;CNES_ST_REGSAUDE_MODE
410050;PR;0012;PR-0012;36;31;0012;False;CNES_ST_REGSAUDE_MODE
410060;PR;0014;PR-0014;16;15;0014;False;CNES_ST_REGSAUDE_MODE
410070;PR;0012;PR-0012;16;16;0012;False;CNES_ST_REGSAUDE_MODE
410080;PR;0017;PR-0017;16;15;0017;False;CNES_ST_REGSAUDE_MODE
410090;PR;0014;PR-0014;6;6;0014;False;CNES_ST_REGSAUDE_MODE
410100;PR;0008;PR-0008;35;30;0008;False;CNES_ST_REGSAUDE_MODE
410105;PR;0010;PR-0010;5;5;0010;False;CNES_ST_REGSAUDE_MODE
410110;PR;0018;PR-0018;44;41;0018;False;CNES_ST_REGSAUDE_MODE
410115;PR;0015;PR-0015;4;4;0015;False;CNES_ST_REGSAUDE_MODE
410120;PR;0001;PR-0001;21;21;0001;False;CNES_ST_REGSAUDE_MODE
410130;PR;0006;PR-0006;13;13;0006;False;CNES_ST_REGSAUDE_MODE
410140;PR;0016;PR-0016;424;396;0016;False;CNES_ST_REGSAUDE_MODE
410150;PR;0016;PR-0016;273;232;0016;False;CNES_ST_REGSAUDE_MODE
410160;PR;0003;PR-0003;65;61;0003;False;CNES_ST_REGSAUDE_MODE
410165;PR;0022;PR-0022;8;8;0022;False;CNES_ST_REGSAUDE_MODE
410170;PR;0011;PR-0011;45;22;0011;False;CNES_ST_REGSAUDE_MODE
410180;PR;0002;PR-0002;147;108;0002;False;CNES_ST_REGSAUDE_MODE
410185;PR;0022;PR-0022;3;3;0022;False;CNES_ST_REGSAUDE_MODE
410190;PR;0017;PR-0017;33;33;0017;False;CNES_ST_REGSAUDE_MODE
410200;PR;0020;PR-0020;116;113;0020;False;CNES_ST_REGSAUDE_MODE
410210;PR;0015;PR-0015;61;58;0015;False;CNES_ST_REGSAUDE_MODE
410220;PR;0015;PR-0015;10;10;0015;False;CNES_ST_REGSAUDE_MODE
410230;PR;0002;PR-0002;9;9;0002;False;CNES_ST_REGSAUDE_MODE
410240;PR;0018;PR-0018;58;49;0018;False;CNES_ST_REGSAUDE_MODE
410250;PR;0011;PR-0011;21;21;0011;False;CNES_ST_REGSAUDE_MODE
410260;PR;0008;PR-0008;17;16;0008;False;CNES_ST_REGSAUDE_MODE
410270;PR;0019;PR-0019;5;4;0019;False;CNES_ST_REGSAUDE_MODE
410275;PR;0008;PR-0008;8;7;0008;False;CNES_ST_REGSAUDE_MODE
410280;PR;0017;PR-0017;27;27;0017;False;CNES_ST_REGSAUDE_MODE
410290;PR;0006;PR-0006;19;19;0006;False;CNES_ST_REGSAUDE_MODE
410300;PR;0011;PR-0011;7;7;0011;False;CNES_ST_REGSAUDE_MODE
410302;PR;0008;PR-0008;5;5;0008;False;CNES_ST_REGSAUDE_MODE
410304;PR;0005;PR-0005;6;3;0005;False;CNES_ST_REGSAUDE_MODE
410305;PR;0010;PR-0010;18;18;0010;False;CNES_ST_REGSAUDE_MODE
410310;PR;0002;PR-0002;8;6;0002;False;CNES_ST_REGSAUDE_MODE
410315;PR;0008;PR-0008;6;5;0008;False;CNES_ST_REGSAUDE_MODE
410320;PR;0016;PR-0016;13;11;0016;False;CNES_ST_REGSAUDE_MODE
410322;PR;0007;PR-0007;9;6;0007;False;CNES_ST_REGSAUDE_MODE
410330;PR;0016;PR-0016;15;11;0016;False;CNES_ST_REGSAUDE_MODE
410335;PR;0010;PR-0010;9;9;0010;False;CNES_ST_REGSAUDE_MODE
410337;PR;0012;PR-0012;7;4;0012;False;CNES_ST_REGSAUDE_MODE
410340;PR;0017;PR-0017;4;3;0017;False;CNES_ST_REGSAUDE_MODE
410345;PR;0010;PR-0010;32;32;0010;False;CNES_ST_REGSAUDE_MODE
410347;PR;0012;PR-0012;8;7;0012;False;CNES_ST_REGSAUDE_MODE
410350;PR;0016;PR-0016;12;9;0016;False;CNES_ST_REGSAUDE_MODE
410360;PR;0019;PR-0019;40;29;0019|4119;True;CNES_ST_REGSAUDE_MODE
410370;PR;0017;PR-0017;116;109;0017;False;CNES_ST_REGSAUDE_MODE
410380;PR;0016;PR-0016;10;7;0016;False;CNES_ST_REGSAUDE_MODE
410390;PR;0011;PR-0011;29;23;0011;False;CNES_ST_REGSAUDE_MODE
410395;PR;0005;PR-0005;5;4;0005;False;CNES_ST_REGSAUDE_MODE
410400;PR;0002;PR-0002;54;20;0002;False;CNES_ST_REGSAUDE_MODE
410405;PR;0010;PR-0010;8;8;0010;False;CNES_ST_REGSAUDE_MODE
410410;PR;0002;PR-0002;11;10;0002;False;CNES_ST_REGSAUDE_MODE
410420;PR;0002;PR-0002;162;121;0002;False;CNES_ST_REGSAUDE_MODE
410425;PR;0002;PR-0002;18;15;0002;False;CNES_ST_REGSAUDE_MODE
410430;PR;0011;PR-0011;370;293;0011;False;CNES_ST_REGSAUDE_MODE
410440;PR;0022;PR-0022;23;23;0022;False;CNES_ST_REGSAUDE_MODE
410442;PR;0005;PR-0005;25;24;0005;False;CNES_ST_REGSAUDE_MODE
410445;PR;0005;PR-0005;13;12;0005;False;CNES_ST_REGSAUDE_MODE
410450;PR;0008;PR-0008;41;38;0008;False;CNES_ST_REGSAUDE_MODE
410460;PR;0010;PR-0010;32;32;0010;False;CNES_ST_REGSAUDE_MODE
410465;PR;0003;PR-0003;35;31;0003;False;CNES_ST_REGSAUDE_MODE
410470;PR;0019;PR-0019;15;13;0019|4119;True;CNES_ST_REGSAUDE_MODE
410480;PR;0010;PR-0010;749;749;0010;False;CNES_ST_REGSAUDE_MODE
410490;PR;0003;PR-0003;141;102;0002|0003;True;CNES_ST_REGSAUDE_MODE
410500;PR;0010;PR-0010;12;12;0010;False;CNES_ST_REGSAUDE_MODE
410510;PR;0017;PR-0017;22;22;0017;False;CNES_ST_REGSAUDE_MODE
410520;PR;0002;PR-0002;24;16;0002|0003;True;CNES_ST_REGSAUDE_MODE
410530;PR;0010;PR-0010;18;18;0010;False;CNES_ST_REGSAUDE_MODE
410540;PR;0007;PR-0007;63;40;0007;False;CNES_ST_REGSAUDE_MODE
410550;PR;0013;PR-0013;226;226;0013;False;CNES_ST_REGSAUDE_MODE
410560;PR;0013;PR-0013;20;20;0013;False;CNES_ST_REGSAUDE_MODE
410570;PR;0007;PR-0007;21;21;0007;False;CNES_ST_REGSAUDE_MODE
410580;PR;0002;PR-0002;114;76;0002;False;CNES_ST_REGSAUDE_MODE
410590;PR;0015;PR-0015;69;64;0015;False;CNES_ST_REGSAUDE_MODE
410600;PR;0018;PR-0018;12;12;0018;False;CNES_ST_REGSAUDE_MODE
410610;PR;0019;PR-0019;7;7;0019;False;CNES_ST_REGSAUDE_MODE
410620;PR;0002;PR-0002;18;17;0002;False;CNES_ST_REGSAUDE_MODE
410630;PR;0010;PR-0010;25;20;0010;False;CNES_ST_REGSAUDE_MODE
410640;PR;0018;PR-0018;190;188;0018;False;CNES_ST_REGSAUDE_MODE
410645;PR;0007;PR-0007;13;12;0007;False;CNES_ST_REGSAUDE_MODE
410650;PR;0007;PR-0007;65;44;0007;False;CNES_ST_REGSAUDE_MODE
410655;PR;0011;PR-0011;3;2;0011;False;CNES_ST_REGSAUDE_MODE
410657;PR;0008;PR-0008;9;8;0008;False;CNES_ST_REGSAUDE_MODE
410660;PR;0012;PR-0012;38;21;0012;False;CNES_ST_REGSAUDE_MODE
410670;PR;0014;PR-0014;8;8;0014;False;CNES_ST_REGSAUDE_MODE
410680;PR;0006;PR-0006;19;19;0006;False;CNES_ST_REGSAUDE_MODE
410685;PR;0022;PR-0022;5;5;0022;False;CNES_ST_REGSAUDE_MODE
410690;PR;0002;PR-0002;6481;6453;0001|0002|0007;True;CNES_ST_REGSAUDE_MODE
410700;PR;0021;PR-0021;21;20;0021;False;CNES_ST_REGSAUDE_MODE
410710;PR;0014;PR-0014;9;9;0014;False;CNES_ST_REGSAUDE_MODE
410712;PR;0010;PR-0010;4;4;0010;False;CNES_ST_REGSAUDE_MODE
410715;PR;0020;PR-0020;6;6;0020;False;CNES_ST_REGSAUDE_MODE
410720;PR;0008;PR-0008;160;113;0008;False;CNES_ST_REGSAUDE_MODE
410725;PR;0012;PR-0012;19;14;0012;False;CNES_ST_REGSAUDE_MODE
410730;PR;0015;PR-0015;9;9;0015;False;CNES_ST_REGSAUDE_MODE
410740;PR;0008;PR-0008;13;11;0008;False;CNES_ST_REGSAUDE_MODE
410750;PR;0011;PR-0011;17;13;0011;False;CNES_ST_REGSAUDE_MODE
410752;PR;0012;PR-0012;3;3;0012;False;CNES_ST_REGSAUDE_MODE
410753;PR;0020;PR-0020;9;9;0020;False;CNES_ST_REGSAUDE_MODE
410754;PR;0010;PR-0010;7;7;0010;False;CNES_ST_REGSAUDE_MODE
410755;PR;0011;PR-0011;3;3;0011;False;CNES_ST_REGSAUDE_MODE
410760;PR;0016;PR-0016;31;29;0016;False;CNES_ST_REGSAUDE_MODE
410765;PR;0002;PR-0002;72;57;0002|4101;True;CNES_ST_REGSAUDE_MODE
410770;PR;0011;PR-0011;7;6;0011;False;CNES_ST_REGSAUDE_MODE
410773;PR;0004;PR-0004;12;12;0004;False;CNES_ST_REGSAUDE_MODE
410775;PR;0019;PR-0019;16;11;0019|4119;True;CNES_ST_REGSAUDE_MODE
410780;PR;0015;PR-0015;12;12;0015;False;CNES_ST_REGSAUDE_MODE
410785;PR;0008;PR-0008;9;6;0008;False;CNES_ST_REGSAUDE_MODE
410790;PR;0015;PR-0015;12;12;0015;False;CNES_ST_REGSAUDE_MODE
410800;PR;0017;PR-0017;18;18;0017;False;CNES_ST_REGSAUDE_MODE
410810;PR;0015;PR-0015;3;3;0015;False;CNES_ST_REGSAUDE_MODE
410820;PR;0010;PR-0010;7;7;0010;False;CNES_ST_REGSAUDE_MODE
410830;PR;4109;PR-4109;351;178;0009|0409|4108|4109;True;CNES_ST_REGSAUDE_MODE
410832;PR;0012;PR-0012;13;11;0012;False;CNES_ST_REGSAUDE_MODE
410840;PR;0008;PR-0008;438;333;0008;False;CNES_ST_REGSAUDE_MODE
410845;PR;0005;PR-0005;12;12;0005;False;CNES_ST_REGSAUDE_MODE
410850;PR;0006;PR-0006;15;8;0006;False;CNES_ST_REGSAUDE_MODE
410855;PR;0022;PR-0022;6;6;0022;False;CNES_ST_REGSAUDE_MODE
410860;PR;0011;PR-0011;72;58;0011;False;CNES_ST_REGSAUDE_MODE
410865;PR;0005;PR-0005;10;9;0005;False;CNES_ST_REGSAUDE_MODE
410870;PR;0016;PR-0016;13;11;0016;False;CNES_ST_REGSAUDE_MODE
410880;PR;0020;PR-0020;87;85;0020;False;CNES_ST_REGSAUDE_MODE
410890;PR;0014;PR-0014;8;7;0014;False;CNES_ST_REGSAUDE_MODE
410895;PR;0004;PR-0004;14;14;0004;False;CNES_ST_REGSAUDE_MODE
410900;PR;0019;PR-0019;6;5;0019;False;CNES_ST_REGSAUDE_MODE
410910;PR;0013;PR-0013;3;3;0013;False;CNES_ST_REGSAUDE_MODE
410920;PR;0017;PR-0017;9;7;0017;False;CNES_ST_REGSAUDE_MODE
410930;PR;0010;PR-0010;23;23;0010;False;CNES_ST_REGSAUDE_MODE
410940;PR;0005;PR-0005;477;453;0005;False;CNES_ST_REGSAUDE_MODE
410950;PR;0001;PR-0001;6;5;0001;False;CNES_ST_REGSAUDE_MODE
410960;PR;0001;PR-0001;57;46;0001;False;CNES_ST_REGSAUDE_MODE
410965;PR;0007;PR-0007;8;8;0007;False;CNES_ST_REGSAUDE_MODE
410970;PR;0019;PR-0019;59;44;0019|4119;True;CNES_ST_REGSAUDE_MODE
410975;PR;0010;PR-0010;6;6;0010;False;CNES_ST_REGSAUDE_MODE
410980;PR;0017;PR-0017;73;71;0017;False;CNES_ST_REGSAUDE_MODE
410990;PR;0012;PR-0012;15;12;0012;False;CNES_ST_REGSAUDE_MODE
411000;PR;0015;PR-0015;5;5;0015;False;CNES_ST_REGSAUDE_MODE
411005;PR;0010;PR-0010;6;5;0010;False;CNES_ST_REGSAUDE_MODE
411007;PR;0021;PR-0021;8;7;0021;False;CNES_ST_REGSAUDE_MODE
411010;PR;0004;PR-0004;58;58;0004;False;CNES_ST_REGSAUDE_MODE
411020;PR;0004;PR-0004;27;23;0004;False;CNES_ST_REGSAUDE_MODE
411030;PR;0014;PR-0014;3;3;0014;False;CNES_ST_REGSAUDE_MODE
411040;PR;0013;PR-0013;10;9;0013;False;CNES_ST_REGSAUDE_MODE
411050;PR;0003;PR-0003;19;19;0003;False;CNES_ST_REGSAUDE_MODE
411060;PR;0012;PR-0012;29;23;0012;False;CNES_ST_REGSAUDE_MODE
411065;PR;0010;PR-0010;3;3;0010;False;CNES_ST_REGSAUDE_MODE
411070;PR;0004;PR-0004;189;178;0004;False;CNES_ST_REGSAUDE_MODE
411080;PR;0011;PR-0011;7;6;0011;False;CNES_ST_REGSAUDE_MODE
411090;PR;0015;PR-0015;5;5;0015;False;CNES_ST_REGSAUDE_MODE
411095;PR;0009;PR-0009;23;16;0009|0010;True;CNES_ST_REGSAUDE_MODE
411100;PR;0018;PR-0018;4;4;0018;False;CNES_ST_REGSAUDE_MODE
411110;PR;0015;PR-0015;12;10;0015;False;CNES_ST_REGSAUDE_MODE
411120;PR;0007;PR-0007;27;11;0007;False;CNES_ST_REGSAUDE_MODE
411125;PR;0002;PR-0002;19;17;0002;False;CNES_ST_REGSAUDE_MODE
411130;PR;0014;PR-0014;7;7;0014;False;CNES_ST_REGSAUDE_MODE
411140;PR;0003;PR-0003;15;14;0003;False;CNES_ST_REGSAUDE_MODE
411150;PR;0022;PR-0022;121;121;0022;False;CNES_ST_REGSAUDE_MODE
411155;PR;0012;PR-0012;14;12;0012;False;CNES_ST_REGSAUDE_MODE
411160;PR;0015;PR-0015;7;7;0015;False;CNES_ST_REGSAUDE_MODE
411170;PR;0019;PR-0019;11;7;0019;False;CNES_ST_REGSAUDE_MODE
411180;PR;0019;PR-0019;118;90;0019|4119;True;CNES_ST_REGSAUDE_MODE
411190;PR;0017;PR-0017;21;17;0017;False;CNES_ST_REGSAUDE_MODE
411200;PR;0003;PR-0003;62;60;0003;False;CNES_ST_REGSAUDE_MODE
411210;PR;0016;PR-0016;65;51;0016;False;CNES_ST_REGSAUDE_MODE
411220;PR;0011;PR-0011;10;8;0011;False;CNES_ST_REGSAUDE_MODE
411230;PR;0019;PR-0019;6;4;0019|4119;True;CNES_ST_REGSAUDE_MODE
411240;PR;0013;PR-0013;10;8;0013;False;CNES_ST_REGSAUDE_MODE
411250;PR;0022;PR-0022;18;18;0022;False;CNES_ST_REGSAUDE_MODE
411260;PR;0014;PR-0014;1;1;0014;False;CNES_ST_REGSAUDE_MODE
411270;PR;0017;PR-0017;8;8;0017;False;CNES_ST_REGSAUDE_MODE
411275;PR;0010;PR-0010;10;10;0010;False;CNES_ST_REGSAUDE_MODE
411280;PR;0019;PR-0019;25;20;0019|4119;True;CNES_ST_REGSAUDE_MODE
411290;PR;0019;PR-0019;9;7;0019;False;CNES_ST_REGSAUDE_MODE
411295;PR;0011;PR-0011;12;10;0011;False;CNES_ST_REGSAUDE_MODE
411300;PR;0013;PR-0013;9;9;0013;False;CNES_ST_REGSAUDE_MODE
411310;PR;0016;PR-0016;6;5;0016;False;CNES_ST_REGSAUDE_MODE
411320;PR;0002;PR-0002;78;77;0002;False;CNES_ST_REGSAUDE_MODE
411325;PR;0005;PR-0005;3;2;0005;False;CNES_ST_REGSAUDE_MODE
411330;PR;0005;PR-0005;89;84;0005;False;CNES_ST_REGSAUDE_MODE
411340;PR;0018;PR-0018;7;7;0018;False;CNES_ST_REGSAUDE_MODE
411342;PR;0022;PR-0022;6;6;0022;False;CNES_ST_REGSAUDE_MODE
411345;PR;0010;PR-0010;6;6;0010;False;CNES_ST_REGSAUDE_MODE
411350;PR;0014;PR-0014;58;53;0014;False;CNES_ST_REGSAUDE_MODE
411360;PR;0015;PR-0015;10;10;0015;False;CNES_ST_REGSAUDE_MODE
411370;PR;0017;PR-0017;1573;1546;0014|0017|0147|0170;True;CNES_ST_REGSAUDE_MODE
411373;PR;0011;PR-0011;9;9;0011;False;CNES_ST_REGSAUDE_MODE
411375;PR;0022;PR-0022;6;6;0022;False;CNES_ST_REGSAUDE_MODE
411380;PR;0017;PR-0017;8;8;0017;False;CNES_ST_REGSAUDE_MODE
411390;PR;0004;PR-0004;23;22;0004;False;CNES_ST_REGSAUDE_MODE
411400;PR;0011;PR-0011;39;33;0011;False;CNES_ST_REGSAUDE_MODE
411410;PR;0015;PR-0015;29;27;0015;False;CNES_ST_REGSAUDE_MODE
411420;PR;0015;PR-0015;86;86;0015;False;CNES_ST_REGSAUDE_MODE
411430;PR;0002;PR-0002;25;14;0002;False;CNES_ST_REGSAUDE_MODE
411435;PR;0008;PR-0008;5;4;0008;False;CNES_ST_REGSAUDE_MODE
411440;PR;0007;PR-0007;26;20;0007;False;CNES_ST_REGSAUDE_MODE
411450;PR;0022;PR-0022;20;20;0022;False;CNES_ST_REGSAUDE_MODE
411460;PR;0020;PR-0020;156;143;0020;False;CNES_ST_REGSAUDE_MODE
411470;PR;0012;PR-0012;9;9;0012;False;CNES_ST_REGSAUDE_MODE
411480;PR;0015;PR-0015;61;57;0015;False;CNES_ST_REGSAUDE_MODE
411490;PR;0016;PR-0016;11;8;0016;False;CNES_ST_REGSAUDE_MODE
411500;PR;0014;PR-0014;7;7;0014;False;CNES_ST_REGSAUDE_MODE
411510;PR;0012;PR-0012;10;10;0012;False;CNES_ST_REGSAUDE_MODE
411520;PR;0015;PR-0015;1645;1627;0015;False;CNES_ST_REGSAUDE_MODE
411530;PR;0007;PR-0007;13;11;0007;False;CNES_ST_REGSAUDE_MODE
411535;PR;0020;PR-0020;10;8;0020;False;CNES_ST_REGSAUDE_MODE
411540;PR;0008;PR-0008;27;21;0008;False;CNES_ST_REGSAUDE_MODE
411545;PR;0005;PR-0005;5;3;0005;False;CNES_ST_REGSAUDE_MODE
411550;PR;0016;PR-0016;16;14;0016;False;CNES_ST_REGSAUDE_MODE
411560;PR;0009;PR-0009;35;34;0009;False;CNES_ST_REGSAUDE_MODE
411570;PR;0001;PR-0001;49;43;0001;False;CNES_ST_REGSAUDE_MODE
411573;PR;0022;PR-0022;8;8;0022;False;CNES_ST_REGSAUDE_MODE
411575;PR;0016;PR-0016;16;13;0016;False;CNES_ST_REGSAUDE_MODE
411580;PR;0009;PR-0009;148;124;0009;False;CNES_ST_REGSAUDE_MODE
411585;PR;0020;PR-0020;17;15;0020;False;CNES_ST_REGSAUDE_MODE
411590;PR;0014;PR-0014;4;4;0014;False;CNES_ST_REGSAUDE_MODE
411600;PR;0017;PR-0017;4;4;0017;False;CNES_ST_REGSAUDE_MODE
411605;PR;0009;PR-0009;29;29;0009;False;CNES_ST_REGSAUDE_MODE
411610;PR;0011;PR-0011;32;18;0011;False;CNES_ST_REGSAUDE_MODE
411620;PR;0001;PR-0001;27;16;0001;False;CNES_ST_REGSAUDE_MODE
411630;PR;0015;PR-0015;9;9;0015;False;CNES_ST_REGSAUDE_MODE
411640;PR;0015;PR-0015;6;5;0015;False;CNES_ST_REGSAUDE_MODE
411650;PR;0014;PR-0014;2;2;0014;False;CNES_ST_REGSAUDE_MODE
411660;PR;0018;PR-0018;3;3;0018;False;CNES_ST_REGSAUDE_MODE
411670;PR;0010;PR-0010;29;25;0010;False;CNES_ST_REGSAUDE_MODE
411680;PR;0011;PR-0011;9;7;0011;False;CNES_ST_REGSAUDE_MODE
411690;PR;0015;PR-0015;59;56;0015;False;CNES_ST_REGSAUDE_MODE
411695;PR;0008;PR-0008;9;8;0008;False;CNES_ST_REGSAUDE_MODE
411700;PR;0018;PR-0018;11;11;0018;False;CNES_ST_REGSAUDE_MODE
411705;PR;0005;PR-0005;15;15;0005;False;CNES_ST_REGSAUDE_MODE
411710;PR;0014;PR-0014;18;18;0014;False;CNES_ST_REGSAUDE_MODE
411720;PR;0012;PR-0012;7;7;0012;False;CNES_ST_REGSAUDE_MODE
411721;PR;0018;PR-0018;5;5;0018;False;CNES_ST_REGSAUDE_MODE
411722;PR;0020;PR-0020;18;18;0020;False;CNES_ST_REGSAUDE_MODE
411725;PR;0008;PR-0008;22;19;0008;False;CNES_ST_REGSAUDE_MODE
411727;PR;0022;PR-0022;17;17;0022;False;CNES_ST_REGSAUDE_MODE
411729;PR;0016;PR-0016;7;4;0016;False;CNES_ST_REGSAUDE_MODE
411730;PR;0021;PR-0021;31;28;0021;False;CNES_ST_REGSAUDE_MODE
411740;PR;0015;PR-0015;5;5;0015;False;CNES_ST_REGSAUDE_MODE
411745;PR;0020;PR-0020;6;5;0020;False;CNES_ST_REGSAUDE_MODE
411750;PR;0015;PR-0015;30;30;0015;False;CNES_ST_REGSAUDE_MODE
411760;PR;0007;PR-0007;139;10;0007;False;CNES_ST_REGSAUDE_MODE
411770;PR;0003;PR-0003;66;65;0003;False;CNES_ST_REGSAUDE_MODE
411780;PR;0005;PR-0005;11;11;0005;False;CNES_ST_REGSAUDE_MODE
411790;PR;0020;PR-0020;90;90;0020;False;CNES_ST_REGSAUDE_MODE
411800;PR;0014;PR-0014;17;17;0014;False;CNES_ST_REGSAUDE_MODE
411810;PR;0015;PR-0015;24;21;0015;False;CNES_ST_REGSAUDE_MODE
411820;PR;0001;PR-0001;233;182;0001;False;CNES_ST_REGSAUDE_MODE
411830;PR;0014;PR-0014;4;4;0014;False;CNES_ST_REGSAUDE_MODE
411840;PR;0014;PR-0014;273;159;0014;False;CNES_ST_REGSAUDE_MODE
411845;PR;0020;PR-0020;10;10;0020;False;CNES_ST_REGSAUDE_MODE
411850;PR;0007;PR-0007;508;437;0007;False;CNES_ST_REGSAUDE_MODE
411860;PR;0006;PR-0006;10;10;0006;False;CNES_ST_REGSAUDE_MODE
411870;PR;0006;PR-0006;17;16;0006;False;CNES_ST_REGSAUDE_MODE
411880;PR;0011;PR-0011;21;21;0011;False;CNES_ST_REGSAUDE_MODE
411885;PR;0012;PR-0012;9;6;0012;False;CNES_ST_REGSAUDE_MODE
411890;PR;0012;PR-0012;16;14;0012;False;CNES_ST_REGSAUDE_MODE
411900;PR;0008;PR-0008;14;10;0008;False;CNES_ST_REGSAUDE_MODE
411910;PR;0002;PR-0002;27;20;0002;False;CNES_ST_REGSAUDE_MODE
411915;PR;0002;PR-0002;141;104;0002;False;CNES_ST_REGSAUDE_MODE
411920;PR;0019;PR-0019;13;12;0019;False;CNES_ST_REGSAUDE_MODE
411925;PR;0008;PR-0008;6;3;0008;False;CNES_ST_REGSAUDE_MODE
411930;PR;0005;PR-0005;38;33;0005;False;CNES_ST_REGSAUDE_MODE
411940;PR;0003;PR-0003;44;44;0003;False;CNES_ST_REGSAUDE_MODE
411950;PR;0002;PR-0002;69;55;0002;False;CNES_ST_REGSAUDE_MODE
411960;PR;0005;PR-0005;82;66;0005;False;CNES_ST_REGSAUDE_MODE
411965;PR;0017;PR-0017;3;3;0017;False;CNES_ST_REGSAUDE_MODE
411970;PR;0014;PR-0014;5;5;0014;False;CNES_ST_REGSAUDE_MODE
411980;PR;0008;PR-0008;28;27;0008;False;CNES_ST_REGSAUDE_MODE
411990;PR;0003;PR-0003;996;991;0003;False;CNES_ST_REGSAUDE_MODE
411995;PR;0001;PR-0001;36;20;0001;False;CNES_ST_REGSAUDE_MODE
412000;PR;0017;PR-0017;26;26;0017;False;CNES_ST_REGSAUDE_MODE
412010;PR;0003;PR-0003;7;7;0003;False;CNES_ST_REGSAUDE_MODE
412015;PR;0005;PR-0005;4;4;0005;False;CNES_ST_REGSAUDE_MODE
412020;PR;0014;PR-0014;4;3;0014;False;CNES_ST_REGSAUDE_MODE
412030;PR;0006;PR-0006;8;8;0006;False;CNES_ST_REGSAUDE_MODE
412033;PR;0017;PR-0017;8;8;0017;False;CNES_ST_REGSAUDE_MODE
412035;PR;0008;PR-0008;21;15;0008;False;CNES_ST_REGSAUDE_MODE
412040;PR;0015;PR-0015;6;6;0015;False;CNES_ST_REGSAUDE_MODE
412050;PR;0017;PR-0017;15;15;0017;False;CNES_ST_REGSAUDE_MODE
412060;PR;0005;PR-0005;93;91;0002|0005;True;CNES_ST_REGSAUDE_MODE
412065;PR;0011;PR-0011;5;5;0011;False;CNES_ST_REGSAUDE_MODE
412070;PR;0019;PR-0019;19;16;0019;False;CNES_ST_REGSAUDE_MODE
412080;PR;0002;PR-0002;29;24;0002;False;CNES_ST_REGSAUDE_MODE
412085;PR;0020;PR-0020;10;10;0020;False;CNES_ST_REGSAUDE_MODE
412090;PR;0010;PR-0010;61;61;0010;False;CNES_ST_REGSAUDE_MODE
412100;PR;0014;PR-0014;12;12;0014;False;CNES_ST_REGSAUDE_MODE
412110;PR;0011;PR-0011;4;4;0011;False;CNES_ST_REGSAUDE_MODE
412120;PR;0002;PR-0002;17;14;0002;False;CNES_ST_REGSAUDE_MODE
412125;PR;0009;PR-0009;6;4;0009;False;CNES_ST_REGSAUDE_MODE
412130;PR;0018;PR-0018;5;4;0018;False;CNES_ST_REGSAUDE_MODE
412135;PR;0011;PR-0011;4;3;0011;False;CNES_ST_REGSAUDE_MODE
412140;PR;0008;PR-0008;60;37;0008;False;CNES_ST_REGSAUDE_MODE
412150;PR;0004;PR-0004;30;27;0004;False;CNES_ST_REGSAUDE_MODE
412160;PR;0008;PR-0008;14;13;0008;False;CNES_ST_REGSAUDE_MODE
412170;PR;0021;PR-0021;35;18;0021;False;CNES_ST_REGSAUDE_MODE
412175;PR;0005;PR-0005;8;6;0005;False;CNES_ST_REGSAUDE_MODE
412180;PR;0019;PR-0019;24;10;0019|4119;True;CNES_ST_REGSAUDE_MODE
412190;PR;0018;PR-0018;26;26;0018;False;CNES_ST_REGSAUDE_MODE
412200;PR;0004;PR-0004;28;27;0004;False;CNES_ST_REGSAUDE_MODE
412210;PR;0016;PR-0016;8;7;0016;False;CNES_ST_REGSAUDE_MODE
412215;PR;0005;PR-0005;13;11;0005;False;CNES_ST_REGSAUDE_MODE
412217;PR;0022;PR-0022;9;9;0022;False;CNES_ST_REGSAUDE_MODE
412220;PR;0002;PR-0002;24;13;0002;False;CNES_ST_REGSAUDE_MODE
412230;PR;0002;PR-0002;76;71;0002;False;CNES_ST_REGSAUDE_MODE
412240;PR;0017;PR-0017;122;122;0017;False;CNES_ST_REGSAUDE_MODE
412250;PR;0011;PR-0011;28;21;0011;False;CNES_ST_REGSAUDE_MODE
412260;PR;0013;PR-0013;25;25;0013;False;CNES_ST_REGSAUDE_MODE
412265;PR;0022;PR-0022;11;11;0022;False;CNES_ST_REGSAUDE_MODE
412270;PR;0016;PR-0016;11;10;0016;False;CNES_ST_REGSAUDE_MODE
412280;PR;0008;PR-0008;8;7;0008;False;CNES_ST_REGSAUDE_MODE
412290;PR;0019;PR-0019;9;9;0019;False;CNES_ST_REGSAUDE_MODE
412300;PR;0008;PR-0008;28;21;0008;False;CNES_ST_REGSAUDE_MODE
412310;PR;0018;PR-0018;6;6;0018;False;CNES_ST_REGSAUDE_MODE
412320;PR;0018;PR-0018;6;6;0018;False;CNES_ST_REGSAUDE_MODE
412330;PR;0014;PR-0014;14;13;0014;False;CNES_ST_REGSAUDE_MODE
412340;PR;0015;PR-0015;15;14;0015;False;CNES_ST_REGSAUDE_MODE
412350;PR;0020;PR-0020;58;56;0020;False;CNES_ST_REGSAUDE_MODE
412360;PR;0015;PR-0015;3;2;0015;False;CNES_ST_REGSAUDE_MODE
412370;PR;0014;PR-0014;14;14;0014;False;CNES_ST_REGSAUDE_MODE
412380;PR;0008;PR-0008;25;25;0008;False;CNES_ST_REGSAUDE_MODE
412382;PR;0010;PR-0010;4;4;0010;False;CNES_ST_REGSAUDE_MODE
412385;PR;0022;PR-0022;13;12;0022;False;CNES_ST_REGSAUDE_MODE
412390;PR;0018;PR-0018;18;18;0018;False;CNES_ST_REGSAUDE_MODE
412395;PR;0014;PR-0014;6;6;0014;False;CNES_ST_REGSAUDE_MODE
412400;PR;0019;PR-0019;6;6;0019;False;CNES_ST_REGSAUDE_MODE
412402;PR;0010;PR-0010;13;12;0010;False;CNES_ST_REGSAUDE_MODE
412405;PR;0009;PR-0009;32;18;0009;False;CNES_ST_REGSAUDE_MODE
412410;PR;0019;PR-0019;154;138;0019|4119;True;CNES_ST_REGSAUDE_MODE
412420;PR;0014;PR-0014;5;5;0014;False;CNES_ST_REGSAUDE_MODE
412430;PR;0018;PR-0018;4;4;0018;False;CNES_ST_REGSAUDE_MODE
412440;PR;0008;PR-0008;41;19;0008;False;CNES_ST_REGSAUDE_MODE
412450;PR;0015;PR-0015;10;10;0015;False;CNES_ST_REGSAUDE_MODE
412460;PR;0014;PR-0014;6;6;0014;False;CNES_ST_REGSAUDE_MODE
412470;PR;0018;PR-0018;13;13;0018;False;CNES_ST_REGSAUDE_MODE
412480;PR;0007;PR-0007;32;29;0007;False;CNES_ST_REGSAUDE_MODE
412490;PR;0014;PR-0014;5;5;0014;False;CNES_ST_REGSAUDE_MODE
412500;PR;0022;PR-0022;21;21;0022;False;CNES_ST_REGSAUDE_MODE
412510;PR;0003;PR-0003;23;23;0003;False;CNES_ST_REGSAUDE_MODE
412520;PR;0008;PR-0008;26;22;0008;False;CNES_ST_REGSAUDE_MODE
412530;PR;0015;PR-0015;10;10;0015;False;CNES_ST_REGSAUDE_MODE
412535;PR;0012;PR-0012;17;7;0000|0012;True;CNES_ST_REGSAUDE_MODE
412540;PR;0019;PR-0019;9;8;0019;False;CNES_ST_REGSAUDE_MODE
412545;PR;0020;PR-0020;7;7;0020;False;CNES_ST_REGSAUDE_MODE
412550;PR;0002;PR-0002;487;481;0002;False;CNES_ST_REGSAUDE_MODE
412555;PR;0013;PR-0013;3;3;0013;False;CNES_ST_REGSAUDE_MODE
412560;PR;0006;PR-0006;101;101;0006;False;CNES_ST_REGSAUDE_MODE
412570;PR;0009;PR-0009;53;50;0009;False;CNES_ST_REGSAUDE_MODE
412575;PR;0020;PR-0020;11;8;0020;False;CNES_ST_REGSAUDE_MODE
412580;PR;0016;PR-0016;21;18;0016;False;CNES_ST_REGSAUDE_MODE
412590;PR;0014;PR-0014;6;5;0014;False;CNES_ST_REGSAUDE_MODE
412600;PR;0018;PR-0018;11;11;0018;False;CNES_ST_REGSAUDE_MODE
412610;PR;0013;PR-0013;8;7;0013;False;CNES_ST_REGSAUDE_MODE
412620;PR;0018;PR-0018;14;14;0018;False;CNES_ST_REGSAUDE_MODE
412625;PR;0015;PR-0015;87;86;0015;False;CNES_ST_REGSAUDE_MODE
412627;PR;0007;PR-0007;6;5;0007;False;CNES_ST_REGSAUDE_MODE
412630;PR;0003;PR-0003;20;19;0003;False;CNES_ST_REGSAUDE_MODE
412635;PR;0009;PR-0009;5;4;0009;False;CNES_ST_REGSAUDE_MODE
412640;PR;0018;PR-0018;13;13;0018;False;CNES_ST_REGSAUDE_MODE
412650;PR;0017;PR-0017;29;29;0017;False;CNES_ST_REGSAUDE_MODE
412660;PR;0019;PR-0019;46;38;0019|4119;True;CNES_ST_REGSAUDE_MODE
412665;PR;0007;PR-0007;5;5;0007;False;CNES_ST_REGSAUDE_MODE
412667;PR;0017;PR-0017;14;14;0017;False;CNES_ST_REGSAUDE_MODE
412670;PR;0014;PR-0014;7;7;0014;False;CNES_ST_REGSAUDE_MODE
412680;PR;0013;PR-0013;26;26;0013;False;CNES_ST_REGSAUDE_MODE
412690;PR;0012;PR-0012;10;5;0012;False;CNES_ST_REGSAUDE_MODE
412700;PR;0004;PR-0004;18;18;0004;False;CNES_ST_REGSAUDE_MODE
412710;PR;0021;PR-0021;208;188;0021;False;CNES_ST_REGSAUDE_MODE
412720;PR;0011;PR-0011;28;23;0011;False;CNES_ST_REGSAUDE_MODE
412730;PR;0014;PR-0014;23;23;0014;False;CNES_ST_REGSAUDE_MODE
412740;PR;0020;PR-0020;33;25;0020;False;CNES_ST_REGSAUDE_MODE
412750;PR;0021;PR-0021;15;15;0021;False;CNES_ST_REGSAUDE_MODE
412760;PR;0002;PR-0002;23;17;0002;False;CNES_ST_REGSAUDE_MODE
412770;PR;0020;PR-0020;606;606;0020;False;CNES_ST_REGSAUDE_MODE
412780;PR;0019;PR-0019;14;12;0019|4119;True;CNES_ST_REGSAUDE_MODE
412785;PR;0010;PR-0010;18;12;0010;False;CNES_ST_REGSAUDE_MODE
412788;PR;0002;PR-0002;5;2;0002;False;CNES_ST_REGSAUDE_MODE
412790;PR;0013;PR-0013;14;14;0013;False;CNES_ST_REGSAUDE_MODE
412795;PR;0020;PR-0020;17;16;0020;False;CNES_ST_REGSAUDE_MODE
412796;PR;0005;PR-0005;14;14;0005;False;CNES_ST_REGSAUDE_MODE
412800;PR;0011;PR-0011;72;57;0011;False;CNES_ST_REGSAUDE_MODE
412810;PR;0012;PR-0012;596;409;0010|0012;True;CNES_ST_REGSAUDE_MODE
412820;PR;0006;PR-0006;205;195;0006;False;CNES_ST_REGSAUDE_MODE
412830;PR;0015;PR-0015;3;3;0015;False;CNES_ST_REGSAUDE_MODE
412840;PR;0018;PR-0018;13;13;0018;False;CNES_ST_REGSAUDE_MODE
412850;PR;0019;PR-0019;27;20;0019;False;CNES_ST_REGSAUDE_MODE
412853;PR;0021;PR-0021;9;8;0021;False;CNES_ST_REGSAUDE_MODE
412855;PR;0010;PR-0010;19;19;0010;False;CNES_ST_REGSAUDE_MODE
412860;PR;0008;PR-0008;18;11;0008;False;CNES_ST_REGSAUDE_MODE
412862;PR;0012;PR-0012;5;5;0012;False;CNES_ST_REGSAUDE_MODE
412863;PR;0002;PR-0002;10;9;0002;False;CNES_ST_REGSAUDE_MODE
412865;PR;0005;PR-0005;6;5;0005;False;CNES_ST_REGSAUDE_MODE
412870;PR;0007;PR-0007;9;7;0007;False;CNES_ST_REGSAUDE_MODE
412880;PR;0012;PR-0012;7;4;0012;False;CNES_ST_REGSAUDE_MODE
420005;SC;0008;SC-0008;6;3;0007|0008;True;CNES_ST_REGSAUDE_MODE
420010;SC;0001;SC-0001;44;12;0001|0005;True;CNES_ST_REGSAUDE_MODE
420020;SC;0012;SC-0012;21;9;0004|0012;True;CNES_ST_REGSAUDE_MODE
420030;SC;0004;SC-0004;6;4;0004;False;CNES_ST_REGSAUDE_MODE
420040;SC;0007;SC-0007;21;7;0007|0008;True;CNES_ST_REGSAUDE_MODE
420050;SC;0010;SC-0010;10;3;0004|0010;True;CNES_ST_REGSAUDE_MODE
420055;SC;0004;SC-0004;8;3;0004|0010;True;CNES_ST_REGSAUDE_MODE
420060;SC;0018;SC-0018;8;6;0018;False;CNES_ST_REGSAUDE_MODE
420070;SC;0018;SC-0018;15;11;0013|0018;True;CNES_ST_REGSAUDE_MODE
420075;SC;0006;SC-0006;8;3;0003|0006;True;CNES_ST_REGSAUDE_MODE
420080;SC;0001;SC-0001;12;5;0001|0005;True;CNES_ST_REGSAUDE_MODE
420090;SC;0018;SC-0018;10;5;0018;False;CNES_ST_REGSAUDE_MODE
420100;SC;0015;SC-0015;13;6;0015|0026|0027;True;CNES_ST_REGSAUDE_MODE
420110;SC;0018;SC-0018;7;4;0018;False;CNES_ST_REGSAUDE_MODE
420120;SC;0018;SC-0018;14;7;0018;False;CNES_ST_REGSAUDE_MODE
420125;SC;0015;SC-0015;19;5;0009|0014|0015;True;CNES_ST_REGSAUDE_MODE
420127;SC;0003;SC-0003;9;7;0003;False;CNES_ST_REGSAUDE_MODE
420130;SC;0023;SC-0023;30;8;0022|0023;True;CNES_ST_REGSAUDE_MODE
420140;SC;0006;SC-0006;94;43;0006|0022;True;CNES_ST_REGSAUDE_MODE
420150;SC;0020;SC-0020;11;4;0014|0020;True;CNES_ST_REGSAUDE_MODE
420160;SC;0002;SC-0002;15;2;0002;False;CNES_ST_REGSAUDE_MODE
420165;SC;0003;SC-0003;4;1;0003;False;CNES_ST_REGSAUDE_MODE
420170;SC;0015;SC-0015;19;9;0009|0015;True;CNES_ST_REGSAUDE_MODE
420180;SC;0004;SC-0004;3;1;0004;False;CNES_ST_REGSAUDE_MODE
420190;SC;0004;SC-0004;6;4;0004;False;CNES_ST_REGSAUDE_MODE
420195;SC;0006;SC-0006;14;5;0006|0022;True;CNES_ST_REGSAUDE_MODE
420200;SC;0007;SC-0007;163;64;0007|0017;True;CNES_ST_REGSAUDE_MODE
420205;SC;0023;SC-0023;10;5;0011|0022|0023;True;CNES_ST_REGSAUDE_MODE
420207;SC;0006;SC-0006;13;11;0006;False;CNES_ST_REGSAUDE_MODE
420208;SC;0001;SC-0001;5;3;0001;False;CNES_ST_REGSAUDE_MODE
420209;SC;0005;SC-0005;5;3;0001|0005;True;CNES_ST_REGSAUDE_MODE
420210;SC;0023;SC-0023;53;15;0013|0017|0022|0023;True;CNES_ST_REGSAUDE_MODE
420213;SC;0016;SC-0016;13;7;0016|0026;True;CNES_ST_REGSAUDE_MODE
420215;SC;0005;SC-0005;7;4;0001|0005;True;CNES_ST_REGSAUDE_MODE
420220;SC;0009;SC-0009;21;7;0009|0035;True;CNES_ST_REGSAUDE_MODE
420230;SC;0018;SC-0018;100;52;0018;False;CNES_ST_REGSAUDE_MODE
420240;SC;0015;SC-0015;894;279;0000|0015|8901;True;CNES_ST_REGSAUDE_MODE
420243;SC;0027;SC-0027;13;7;0026|0027;True;CNES_ST_REGSAUDE_MODE
420245;SC;0017;SC-0017;25;1;0017;False;CNES_ST_REGSAUDE_MODE
420250;SC;0015;SC-0015;5;2;0015|0026|0027;True;CNES_ST_REGSAUDE_MODE
420253;SC;0005;SC-0005;5;2;0001|0005;True;CNES_ST_REGSAUDE_MODE
420257;SC;0010;SC-0010;4;2;0010;False;CNES_ST_REGSAUDE_MODE
420260;SC;0028;SC-0028;18;7;0015|0027|0028;True;CNES_ST_REGSAUDE_MODE
420270;SC;0015;SC-0015;9;7;0015;False;CNES_ST_REGSAUDE_MODE
420280;SC;0014;SC-0014;87;15;0014|0020|0026|0036|0046;True;CNES_ST_REGSAUDE_MODE
420285;SC;0004;SC-0004;8;4;0004;False;CNES_ST_REGSAUDE_MODE
420287;SC;0008;SC-0008;5;2;0008;False;CNES_ST_REGSAUDE_MODE
420290;SC;0016;SC-0016;316;203;0006|0009|0016;True;CNES_ST_REGSAUDE_MODE
420300;SC;0002;SC-0002;191;96;0002|0009;True;CNES_ST_REGSAUDE_MODE
420310;SC;4210;SC-4210;16;5;0029|4202|4210;True;CNES_ST_REGSAUDE_MODE
420315;SC;0002;SC-0002;6;2;0002|0009|0010;True;CNES_ST_REGSAUDE_MODE
420320;SC;0017;SC-0017;69;27;0007|0017;True;CNES_ST_REGSAUDE_MODE
420325;SC;0015;SC-0015;5;1;0015|0027;True;CNES_ST_REGSAUDE_MODE
420330;SC;0025;SC-0025;16;14;0023|0025;True;CNES_ST_REGSAUDE_MODE
420340;SC;0015;SC-0015;14;6;0015|0027;True;CNES_ST_REGSAUDE_MODE
420350;SC;0010;SC-0010;23;6;0003|0010;True;CNES_ST_REGSAUDE_MODE
420360;SC;0008;SC-0008;117;55;0008;False;CNES_ST_REGSAUDE_MODE
420370;SC;0018;SC-0018;20;6;0018;False;CNES_ST_REGSAUDE_MODE
420380;SC;0026;SC-0026;177;46;0016|0025|0026;True;CNES_ST_REGSAUDE_MODE
420390;SC;0008;SC-0008;84;81;0007|0008;True;CNES_ST_REGSAUDE_MODE
420395;SC;0020;SC-0020;34;27;0014|0020;True;CNES_ST_REGSAUDE_MODE
420400;SC;0007;SC-0007;26;8;0007|0008;True;CNES_ST_REGSAUDE_MODE
420410;SC;0004;SC-0004;13;4;0004|0010;True;CNES_ST_REGSAUDE_MODE
420415;SC;0008;SC-0008;8;4;0007|0008|0015;True;CNES_ST_REGSAUDE_MODE
420417;SC;0015;SC-0015;2;2;0015;False;CNES_ST_REGSAUDE_MODE
420419;SC;0004;SC-0004;5;2;0004|0012;True;CNES_ST_REGSAUDE_MODE
420420;SC;0010;SC-0010;853;430;0003|0004|0010;True;CNES_ST_REGSAUDE_MODE
420425;SC;0012;SC-0012;43;12;0012|0020|0021;True;CNES_ST_REGSAUDE_MODE
420430;SC;0006;SC-0006;283;253;0003|0006;True;CNES_ST_REGSAUDE_MODE
420435;SC;0010;SC-0010;4;3;0010;False;CNES_ST_REGSAUDE_MODE
420440;SC;0010;SC-0010;29;7;0004|0010|0012;True;CNES_ST_REGSAUDE_MODE
420445;SC;0001;SC-0001;7;4;0001;False;CNES_ST_REGSAUDE_MODE
420450;SC;0017;SC-0017;36;22;0017|0024;True;CNES_ST_REGSAUDE_MODE
420455;SC;0015;SC-0015;29;9;0015|0026|0027;True;CNES_ST_REGSAUDE_MODE
420460;SC;0012;SC-0012;686;181;0012|0014|0020|0021;True;CNES_ST_REGSAUDE_MODE
420470;SC;0010;SC-0010;34;8;0010|0029;True;CNES_ST_REGSAUDE_MODE
420475;SC;0010;SC-0010;6;1;0010|0029;True;CNES_ST_REGSAUDE_MODE
420480;SC;0002;SC-0002;150;144;0002;False;CNES_ST_REGSAUDE_MODE
420490;SC;0005;SC-0005;25;4;0001|0005;True;CNES_ST_REGSAUDE_MODE
420500;SC;0005;SC-0005;36;20;0001|0005;True;CNES_ST_REGSAUDE_MODE
420510;SC;0004;SC-0004;8;1;0004|0034;True;CNES_ST_REGSAUDE_MODE
420515;SC;0009;SC-0009;5;2;0009|0035;True;CNES_ST_REGSAUDE_MODE
420517;SC;0005;SC-0005;5;3;0001|0005;True;CNES_ST_REGSAUDE_MODE
420519;SC;0006;SC-0006;8;2;0006;False;CNES_ST_REGSAUDE_MODE
420520;SC;0007;SC-0007;10;6;0007;False;CNES_ST_REGSAUDE_MODE
420530;SC;0005;SC-0005;29;21;0001|0005;True;CNES_ST_REGSAUDE_MODE
420535;SC;0005;SC-0005;4;2;0005;False;CNES_ST_REGSAUDE_MODE
420540;SC;0018;SC-0018;1576;1306;0018;False;CNES_ST_REGSAUDE_MODE
420543;SC;0010;SC-0010;9;1;0010;False;CNES_ST_REGSAUDE_MODE
420545;SC;0012;SC-0012;35;10;0012|0021;True;CNES_ST_REGSAUDE_MODE
420550;SC;0009;SC-0009;143;27;0002|0009;True;CNES_ST_REGSAUDE_MODE
420555;SC;0002;SC-0002;2;1;0002|0009;True;CNES_ST_REGSAUDE_MODE
420560;SC;0001;SC-0001;7;2;0001|0003|0005;True;CNES_ST_REGSAUDE_MODE
420570;SC;0018;SC-0018;47;32;0018;False;CNES_ST_REGSAUDE_MODE
420580;SC;0013;SC-0013;35;8;0013|0022|0023|0024;True;CNES_ST_REGSAUDE_MODE
420590;SC;0009;SC-0009;131;21;0009|0015;True;CNES_ST_REGSAUDE_MODE
420600;SC;0018;SC-0018;14;11;0018;False;CNES_ST_REGSAUDE_MODE
420610;SC;0036;SC-0036;12;4;0014|0020|0036;True;CNES_ST_REGSAUDE_MODE
420620;SC;0014;SC-0014;19;5;0014|0020;True;CNES_ST_REGSAUDE_MODE
420630;SC;0016;SC-0016;35;22;0009|0016;True;CNES_ST_REGSAUDE_MODE
420640;SC;0001;SC-0001;29;16;0001;False;CNES_ST_REGSAUDE_MODE
420650;SC;0017;SC-0017;80;15;0017|0024;True;CNES_ST_REGSAUDE_MODE
420660;SC;0005;SC-0005;11;5;0005;False;CNES_ST_REGSAUDE_MODE
420665;SC;0010;SC-0010;5;3;0004|0010;True;CNES_ST_REGSAUDE_MODE
420670;SC;0007;SC-0007;25;12;0007|0008;True;CNES_ST_REGSAUDE_MODE
420675;SC;0002;SC-0002;6;3;0002;False;CNES_ST_REGSAUDE_MODE
420680;SC;0007;SC-0007;7;4;0007|0008;True;CNES_ST_REGSAUDE_MODE
420690;SC;0014;SC-0014;50;20;0004|0012|0014;True;CNES_ST_REGSAUDE_MODE
420700;SC;0021;SC-0021;121;28;0012|0021;True;CNES_ST_REGSAUDE_MODE
420710;SC;;;16;0;;False;CNES_ST_REGSAUDE_MODE
420720;SC;0014;SC-0014;20;8;0014;False;CNES_ST_REGSAUDE_MODE
420730;SC;0014;SC-0014;117;30;0014|0020;True;CNES_ST_REGSAUDE_MODE
420740;SC;0004;SC-0004;6;1;0004|0012|0013;True;CNES_ST_REGSAUDE_MODE
420750;SC;0009;SC-0009;150;17;0009|0015|0035;True;CNES_ST_REGSAUDE_MODE
420757;SC;0002;SC-0002;7;2;0002|0009;True;CNES_ST_REGSAUDE_MODE
420760;SC;0006;SC-0006;15;5;0003|0006;True;CNES_ST_REGSAUDE_MODE
420765;SC;0005;SC-0005;26;8;0001|0005|0031;True;CNES_ST_REGSAUDE_MODE
420768;SC;0001;SC-0001;9;4;0001|0005;True;CNES_ST_REGSAUDE_MODE
420770;SC;0003;SC-0003;15;9;0003;False;CNES_ST_REGSAUDE_MODE
420775;SC;0010;SC-0010;10;4;0010;False;CNES_ST_REGSAUDE_MODE
420780;SC;0003;SC-0003;27;6;0003|0006;True;CNES_ST_REGSAUDE_MODE
420785;SC;0010;SC-0010;5;1;0004|0010;True;CNES_ST_REGSAUDE_MODE
420790;SC;0016;SC-0016;18;9;0016;False;CNES_ST_REGSAUDE_MODE
420800;SC;0003;SC-0003;34;10;0003|0033;True;CNES_ST_REGSAUDE_MODE
420810;SC;0011;SC-0011;44;15;0011|0015|0025;True;CNES_ST_REGSAUDE_MODE
420820;SC;0007;SC-0007;966;127;0007|0017;True;CNES_ST_REGSAUDE_MODE
420830;SC;0007;SC-0007;264;40;0007|0017;True;CNES_ST_REGSAUDE_MODE
420840;SC;0005;SC-0005;34;20;0001|0005|0031;True;CNES_ST_REGSAUDE_MODE
420845;SC;0023;SC-0023;34;14;0013|0022|0023;True;CNES_ST_REGSAUDE_MODE
420850;SC;0013;SC-0013;68;8;0004|0012|0013;True;CNES_ST_REGSAUDE_MODE
420860;SC;0007;SC-0007;12;4;0003|0007|0008;True;CNES_ST_REGSAUDE_MODE
420870;SC;0006;SC-0006;20;16;0006|0022;True;CNES_ST_REGSAUDE_MODE
420880;SC;0014;SC-0014;46;10;0014|0019|0020;True;CNES_ST_REGSAUDE_MODE
420890;SC;0017;SC-0017;657;582;0017|0023|0024;True;CNES_ST_REGSAUDE_MODE
420895;SC;0010;SC-0010;7;2;0010;False;CNES_ST_REGSAUDE_MODE
420900;SC;0008;SC-0008;352;140;0007|0008;True;CNES_ST_REGSAUDE_MODE
420910;SC;0022;SC-0022;1507;1458;0022|0023;True;CNES_ST_REGSAUDE_MODE
420915;SC;0004;SC-0004;8;3;0004|0014;True;CNES_ST_REGSAUDE_MODE
420917;SC;0003;SC-0003;4;4;0003;False;CNES_ST_REGSAUDE_MODE
420920;SC;0008;SC-0008;6;3;0007|0008;True;CNES_ST_REGSAUDE_MODE
420930;SC;0015;SC-0015;838;286;0015|0027;True;CNES_ST_REGSAUDE_MODE
420940;SC;0014;SC-0014;86;18;0014|0019;True;CNES_ST_REGSAUDE_MODE
420945;SC;;;4;0;;False;CNES_ST_REGSAUDE_MODE
420950;SC;0004;SC-0004;14;5;0004|0012;True;CNES_ST_REGSAUDE_MODE
420960;SC;0012;SC-0012;31;13;0012|0021;True;CNES_ST_REGSAUDE_MODE
420970;SC;0002;SC-0002;16;3;0002;False;CNES_ST_REGSAUDE_MODE
420980;SC;0018;SC-0018;6;4;0018;False;CNES_ST_REGSAUDE_MODE
420985;SC;0003;SC-0003;8;3;0003|0006|0033;True;CNES_ST_REGSAUDE_MODE
420990;SC;0012;SC-0012;15;1;0012;False;CNES_ST_REGSAUDE_MODE
421000;SC;4207;SC-4207;32;20;0017|4207;True;CNES_ST_REGSAUDE_MODE
421003;SC;0008;SC-0008;11;4;0007|0008;True;CNES_ST_REGSAUDE_MODE
421005;SC;0002;SC-0002;6;1;0002|0009;True;CNES_ST_REGSAUDE_MODE
421010;SC;0011;SC-0011;156;22;0011|0025;True;CNES_ST_REGSAUDE_MODE
421020;SC;0018;SC-0018;9;7;0018;False;CNES_ST_REGSAUDE_MODE
421030;SC;0016;SC-0016;8;1;0016;False;CNES_ST_REGSAUDE_MODE
421040;SC;0006;SC-0006;9;5;0006;False;CNES_ST_REGSAUDE_MODE
421050;SC;0010;SC-0010;102;5;0010;False;CNES_ST_REGSAUDE_MODE
421055;SC;0001;SC-0001;3;1;0001|0005;True;CNES_ST_REGSAUDE_MODE
421060;SC;0017;SC-0017;38;17;0014|0017|0024;True;CNES_ST_REGSAUDE_MODE
421070;SC;0016;SC-0016;8;4;0009|0016;True;CNES_ST_REGSAUDE_MODE
421080;SC;0006;SC-0006;19;10;0006|0021|0022;True;CNES_ST_REGSAUDE_MODE
421085;SC;0004;SC-0004;5;2;0004|0012;True;CNES_ST_REGSAUDE_MODE
421090;SC;0010;SC-0010;13;5;0004|0010;True;CNES_ST_REGSAUDE_MODE
421100;SC;0001;SC-0001;31;14;0001|0028|0029;True;CNES_ST_REGSAUDE_MODE
421105;SC;0008;SC-0008;24;11;0007|0008;True;CNES_ST_REGSAUDE_MODE
421110;SC;0011;SC-0011;14;6;0011|0025;True;CNES_ST_REGSAUDE_MODE
421120;SC;0012;SC-0012;29;9;0012|0021;True;CNES_ST_REGSAUDE_MODE
421125;SC;0006;SC-0006;8;2;0006;False;CNES_ST_REGSAUDE_MODE
421130;SC;0007;SC-0007;117;2;0007;False;CNES_ST_REGSAUDE_MODE
421140;SC;0010;SC-0010;14;5;0004|0010;True;CNES_ST_REGSAUDE_MODE
421145;SC;0010;SC-0010;9;2;0010;False;CNES_ST_REGSAUDE_MODE
421150;SC;0018;SC-0018;24;11;0018;False;CNES_ST_REGSAUDE_MODE
421160;SC;0012;SC-0012;41;19;0012|0020|0021;True;CNES_ST_REGSAUDE_MODE
421165;SC;0004;SC-0004;3;2;0003|0004;True;CNES_ST_REGSAUDE_MODE
421170;SC;0021;SC-0021;71;12;0014|0020|0021;True;CNES_ST_REGSAUDE_MODE
421175;SC;0015;SC-0015;41;10;0015|0027;True;CNES_ST_REGSAUDE_MODE
421180;SC;0007;SC-0007;16;10;0007|0008;True;CNES_ST_REGSAUDE_MODE
421185;SC;0005;SC-0005;6;3;0001|0005;True;CNES_ST_REGSAUDE_MODE
421187;SC;0009;SC-0009;5;1;0006|0009;True;CNES_ST_REGSAUDE_MODE
421189;SC;0015;SC-0015;6;1;0015;False;CNES_ST_REGSAUDE_MODE
421190;SC;0018;SC-0018;197;32;0018;False;CNES_ST_REGSAUDE_MODE
421200;SC;0001;SC-0001;14;6;0001|0005;True;CNES_ST_REGSAUDE_MODE
421205;SC;0027;SC-0027;8;2;0015|0027;True;CNES_ST_REGSAUDE_MODE
421210;SC;0010;SC-0010;44;16;0004|0010;True;CNES_ST_REGSAUDE_MODE
421220;SC;0025;SC-0025;29;15;0011|0025;True;CNES_ST_REGSAUDE_MODE
421223;SC;0001;SC-0001;9;3;0001|0005;True;CNES_ST_REGSAUDE_MODE
421225;SC;0006;SC-0006;7;3;0006|0022;True;CNES_ST_REGSAUDE_MODE
421227;SC;0005;SC-0005;11;6;0001|0002|0005;True;CNES_ST_REGSAUDE_MODE
421230;SC;0018;SC-0018;9;6;0018;False;CNES_ST_REGSAUDE_MODE
421240;SC;0020;SC-0020;9;6;0014|0020;True;CNES_ST_REGSAUDE_MODE
421250;SC;0007;SC-0007;50;2;0007|0017;True;CNES_ST_REGSAUDE_MODE
421260;SC;0006;SC-0006;8;5;0003|0006;True;CNES_ST_REGSAUDE_MODE
421265;SC;0019;SC-0019;10;7;0019;False;CNES_ST_REGSAUDE_MODE
421270;SC;0004;SC-0004;8;3;0004|0012|0013;True;CNES_ST_REGSAUDE_MODE
421280;SC;0007;SC-0007;53;13;0007|0017;True;CNES_ST_REGSAUDE_MODE
421290;SC;0010;SC-0010;110;20;0002|0010;True;CNES_ST_REGSAUDE_MODE
421300;SC;0002;SC-0002;8;1;0002;False;CNES_ST_REGSAUDE_MODE
421310;SC;0006;SC-0006;11;4;0001|0003|0006;True;CNES_ST_REGSAUDE_MODE
421315;SC;0004;SC-0004;8;5;0004|0010;True;CNES_ST_REGSAUDE_MODE
421320;SC;0009;SC-0009;97;19;0009|0015;True;CNES_ST_REGSAUDE_MODE
421330;SC;0015;SC-0015;10;5;0015|0027;True;CNES_ST_REGSAUDE_MODE
421335;SC;0002;SC-0002;8;2;0002|0011;True;CNES_ST_REGSAUDE_MODE
421340;SC;0005;SC-0005;25;12;0001|0005;True;CNES_ST_REGSAUDE_MODE
421350;SC;0007;SC-0007;34;15;0007|0017;True;CNES_ST_REGSAUDE_MODE
421360;SC;0026;SC-0026;139;106;0016|0026;True;CNES_ST_REGSAUDE_MODE
421370;SC;0004;SC-0004;29;10;0004|0012|0034;True;CNES_ST_REGSAUDE_MODE
421380;SC;0006;SC-0006;24;9;0006|0022;True;CNES_ST_REGSAUDE_MODE
421390;SC;0003;SC-0003;5;3;0003|0006;True;CNES_ST_REGSAUDE_MODE
421400;SC;0004;SC-0004;31;13;0004|0007|0012|0014;True;CNES_ST_REGSAUDE_MODE
421410;SC;0004;SC-0004;2;1;0004|0014;True;CNES_ST_REGSAUDE_MODE
421415;SC;0005;SC-0005;5;1;0005|0013;True;CNES_ST_REGSAUDE_MODE
421420;SC;0010;SC-0010;34;6;0004|0010;True;CNES_ST_REGSAUDE_MODE
421430;SC;0018;SC-0018;6;6;0018;False;CNES_ST_REGSAUDE_MODE
421440;SC;0002;SC-0002;13;2;0002|0009|0010;True;CNES_ST_REGSAUDE_MODE
421450;SC;0004;SC-0004;14;4;0004|0034;True;CNES_ST_REGSAUDE_MODE
421460;SC;0004;SC-0004;18;4;0004|0012;True;CNES_ST_REGSAUDE_MODE
421470;SC;0009;SC-0009;24;5;0009|0015;True;CNES_ST_REGSAUDE_MODE
421480;SC;0004;SC-0004;369;44;0004|0012;True;CNES_ST_REGSAUDE_MODE
421490;SC;0014;SC-0014;8;3;0014|0020|0036;True;CNES_ST_REGSAUDE_MODE
421500;SC;0025;SC-0025;77;13;0013|0023|0025;True;CNES_ST_REGSAUDE_MODE
421505;SC;0015;SC-0015;6;3;0015|0028;True;CNES_ST_REGSAUDE_MODE
421507;SC;0028;SC-0028;12;2;0005|0028|0029;True;CNES_ST_REGSAUDE_MODE
421510;SC;0015;SC-0015;24;3;0015|0035;True;CNES_ST_REGSAUDE_MODE
421520;SC;0005;SC-0005;13;3;0001|0005|0027;True;CNES_ST_REGSAUDE_MODE
421530;SC;0004;SC-0004;17;7;0004|0012;True;CNES_ST_REGSAUDE_MODE
421535;SC;0010;SC-0010;2;2;0010;False;CNES_ST_REGSAUDE_MODE
421540;SC;0002;SC-0002;12;6;0002;False;CNES_ST_REGSAUDE_MODE
421545;SC;0020;SC-0020;10;6;0014|0020;True;CNES_ST_REGSAUDE_MODE
421550;SC;0002;SC-0002;37;7;0002;False;CNES_ST_REGSAUDE_MODE
421555;SC;0005;SC-0005;5;2;0001|0005;True;CNES_ST_REGSAUDE_MODE
421560;SC;0036;SC-0036;3;2;0014|0036;True;CNES_ST_REGSAUDE_MODE
421565;SC;0006;SC-0006;13;6;0006|0022;True;CNES_ST_REGSAUDE_MODE
421567;SC;0004;SC-0004;6;3;0004|0012|0034;True;CNES_ST_REGSAUDE_MODE
421568;SC;0010;SC-0010;3;1;0002|0010;True;CNES_ST_REGSAUDE_MODE
421569;SC;0010;SC-0010;8;1;0010;False;CNES_ST_REGSAUDE_MODE
421570;SC;0018;SC-0018;42;22;0018;False;CNES_ST_REGSAUDE_MODE
421575;SC;0004;SC-0004;4;2;0004|0010;True;CNES_ST_REGSAUDE_MODE
421580;SC;0025;SC-0025;222;70;0013|0023|0025;True;CNES_ST_REGSAUDE_MODE
421590;SC;0018;SC-0018;9;5;0018;False;CNES_ST_REGSAUDE_MODE
421600;SC;0010;SC-0010;31;5;0004|0010;True;CNES_ST_REGSAUDE_MODE
421605;SC;0002;SC-0002;5;3;0002;False;CNES_ST_REGSAUDE_MODE
421610;SC;0005;SC-0005;37;13;0001|0005;True;CNES_ST_REGSAUDE_MODE
421620;SC;0023;SC-0023;113;65;0013|0022|0023;True;CNES_ST_REGSAUDE_MODE
421625;SC;0001;SC-0001;14;4;0001|0005|0031;True;CNES_ST_REGSAUDE_MODE
421630;SC;0018;SC-0018;46;20;0016|0018;True;CNES_ST_REGSAUDE_MODE
421635;SC;0023;SC-0023;9;8;0022|0023;True;CNES_ST_REGSAUDE_MODE
421640;SC;0006;SC-0006;12;9;0006|0022;True;CNES_ST_REGSAUDE_MODE
421650;SC;0015;SC-0015;57;28;0015;False;CNES_ST_REGSAUDE_MODE
421660;SC;0018;SC-0018;342;47;0018;False;CNES_ST_REGSAUDE_MODE
421670;SC;0005;SC-0005;32;14;0001|0005;True;CNES_ST_REGSAUDE_MODE
421680;SC;0016;SC-0016;8;2;0015|0016|0026;True;CNES_ST_REGSAUDE_MODE
421690;SC;0010;SC-0010;105;34;0003|0004|0010;True;CNES_ST_REGSAUDE_MODE
421700;SC;0014;SC-0014;17;4;0014|0020;True;CNES_ST_REGSAUDE_MODE
421710;SC;0020;SC-0020;10;5;0014|0020;True;CNES_ST_REGSAUDE_MODE
421715;SC;0002;SC-0002;5;3;0002|0010;True;CNES_ST_REGSAUDE_MODE
421720;SC;0001;SC-0001;243;107;0001|0005;True;CNES_ST_REGSAUDE_MODE
421725;SC;0018;SC-0018;8;6;0018;False;CNES_ST_REGSAUDE_MODE
421730;SC;0002;SC-0002;27;22;0002|0010;True;CNES_ST_REGSAUDE_MODE
421740;SC;0024;SC-0024;26;16;0017|0023|0024;True;CNES_ST_REGSAUDE_MODE
421750;SC;0003;SC-0003;56;24;0003|0006|0033;True;CNES_ST_REGSAUDE_MODE
421755;SC;0010;SC-0010;10;2;0010;False;CNES_ST_REGSAUDE_MODE
421760;SC;0012;SC-0012;19;7;0012|0021;True;CNES_ST_REGSAUDE_MODE
421770;SC;0022;SC-0022;62;26;0006|0022;True;CNES_ST_REGSAUDE_MODE
421775;SC;0010;SC-0010;4;2;0010;False;CNES_ST_REGSAUDE_MODE
421780;SC;0004;SC-0004;52;13;0004|0034;True;CNES_ST_REGSAUDE_MODE
421790;SC;0008;SC-0008;17;7;0007|0008;True;CNES_ST_REGSAUDE_MODE
421795;SC;0010;SC-0010;4;3;0010;False;CNES_ST_REGSAUDE_MODE
421800;SC;0018;SC-0018;75;35;0018;False;CNES_ST_REGSAUDE_MODE
421810;SC;0006;SC-0006;13;8;0006|0021|0022;True;CNES_ST_REGSAUDE_MODE
421820;SC;0009;SC-0009;159;66;0009;False;CNES_ST_REGSAUDE_MODE
421825;SC;0002;SC-0002;7;3;0002;False;CNES_ST_REGSAUDE_MODE
421830;SC;0016;SC-0016;31;10;0016|0026;True;CNES_ST_REGSAUDE_MODE
421835;SC;0021;SC-0021;9;3;0012|0021;True;CNES_ST_REGSAUDE_MODE
421840;SC;0014;SC-0014;13;6;0014|0020;True;CNES_ST_REGSAUDE_MODE
421850;SC;0008;SC-0008;21;2;0007|0008;True;CNES_ST_REGSAUDE_MODE
421860;SC;0004;SC-0004;21;5;0004;False;CNES_ST_REGSAUDE_MODE
421870;SC;0014;SC-0014;424;55;0014|0020;True;CNES_ST_REGSAUDE_MODE
421875;SC;0001;SC-0001;16;10;0001|0031;True;CNES_ST_REGSAUDE_MODE
421880;SC;0006;SC-0006;40;21;0006|0022;True;CNES_ST_REGSAUDE_MODE
421885;SC;0010;SC-0010;4;2;0010;False;CNES_ST_REGSAUDE_MODE
421890;SC;0015;SC-0015;25;12;0015|0027|0028;True;CNES_ST_REGSAUDE_MODE
421895;SC;0015;SC-0015;5;1;0015|0027;True;CNES_ST_REGSAUDE_MODE
421900;SC;0012;SC-0012;54;16;0012|0021;True;CNES_ST_REGSAUDE_MODE
421910;SC;0005;SC-0005;11;6;0001|0005;True;CNES_ST_REGSAUDE_MODE
421915;SC;0008;SC-0008;7;5;0007|0008;True;CNES_ST_REGSAUDE_MODE
421917;SC;0008;SC-0008;10;3;0008;False;CNES_ST_REGSAUDE_MODE
421920;SC;0004;SC-0004;11;7;0004|0007|0012;True;CNES_ST_REGSAUDE_MODE
421930;SC;0009;SC-0009;268;18;0002|0008|0009;True;CNES_ST_REGSAUDE_MODE
421935;SC;0004;SC-0004;12;2;0004|0014;True;CNES_ST_REGSAUDE_MODE
421940;SC;0012;SC-0012;7;4;0012|0014;True;CNES_ST_REGSAUDE_MODE
421950;SC;0001;SC-0001;235;90;0001|0005;True;CNES_ST_REGSAUDE_MODE
421960;SC;0033;SC-0033;7;3;0003|0033;True;CNES_ST_REGSAUDE_MODE
421970;SC;0001;SC-0001;88;35;0000|0001|0005;True;CNES_ST_REGSAUDE_MODE
421985;SC;0008;SC-0008;8;2;0007|0008;True;CNES_ST_REGSAUDE_MODE
422000;SC;0021;SC-0021;17;6;0021;False;CNES_ST_REGSAUDE_MODE
430003;RS;0007;RS-0007;6;6;0007;False;CNES_ST_REGSAUDE_MODE
430005;RS;0006;RS-0006;5;5;0006;False;CNES_ST_REGSAUDE_MODE
430010;RS;0004;RS-0004;26;24;0004;False;CNES_ST_REGSAUDE_MODE
430020;RS;0017;RS-0017;15;12;0017;False;CNES_ST_REGSAUDE_MODE
430030;RS;0014;RS-0014;9;6;0014;False;CNES_ST_REGSAUDE_MODE
430040;RS;0010;RS-0010;180;57;0010;False;CNES_ST_REGSAUDE_MODE
430045;RS;0014;RS-0014;11;10;0014;False;CNES_ST_REGSAUDE_MODE
430047;RS;0006;RS-0006;6;5;0006;False;CNES_ST_REGSAUDE_MODE
430050;RS;0019;RS-0019;12;10;0019;False;CNES_ST_REGSAUDE_MODE
430055;RS;0006;RS-0006;6;3;0006;False;CNES_ST_REGSAUDE_MODE
430057;RS;0005;RS-0005;4;4;0005;False;CNES_ST_REGSAUDE_MODE
430060;RS;0001;RS-0001;87;31;0001|0002|0043;True;CNES_ST_REGSAUDE_MODE
430063;RS;0003;RS-0003;8;4;0003|0021;True;CNES_ST_REGSAUDE_MODE
430064;RS;0019;RS-0019;10;7;0015|0019;True;CNES_ST_REGSAUDE_MODE
430066;RS;0006;RS-0006;3;2;0006;False;CNES_ST_REGSAUDE_MODE
430070;RS;0016;RS-0016;17;9;0016;False;CNES_ST_REGSAUDE_MODE
430080;RS;0005;RS-0005;55;35;0005;False;CNES_ST_REGSAUDE_MODE
430085;RS;0002;RS-0002;10;4;0002|0009;True;CNES_ST_REGSAUDE_MODE
430087;RS;0001;RS-0001;5;3;0001;False;CNES_ST_REGSAUDE_MODE
430090;RS;0011;RS-0011;8;7;0011|0016;True;CNES_ST_REGSAUDE_MODE
430100;RS;0016;RS-0016;53;42;0016;False;CNES_ST_REGSAUDE_MODE
430105;RS;0018;RS-0018;11;5;0018;False;CNES_ST_REGSAUDE_MODE
430107;RS;0003;RS-0003;4;4;0003;False;CNES_ST_REGSAUDE_MODE
430110;RS;0002;RS-0002;20;12;0002;False;CNES_ST_REGSAUDE_MODE
430120;RS;0008;RS-0008;30;20;0008;False;CNES_ST_REGSAUDE_MODE
430130;RS;0003;RS-0003;24;22;0003;False;CNES_ST_REGSAUDE_MODE
430140;RS;0019;RS-0019;17;5;0006|0016|0019;True;CNES_ST_REGSAUDE_MODE
430150;RS;0017;RS-0017;15;15;0017;False;CNES_ST_REGSAUDE_MODE
430155;RS;0011;RS-0011;4;4;0011;False;CNES_ST_REGSAUDE_MODE
430160;RS;0007;RS-0007;254;194;0007|0022;True;CNES_ST_REGSAUDE_MODE
430163;RS;0018;RS-0018;14;8;0018;False;CNES_ST_REGSAUDE_MODE
430165;RS;0002;RS-0002;10;6;0001|0002;True;CNES_ST_REGSAUDE_MODE
430170;RS;0011;RS-0011;4;3;0011;False;CNES_ST_REGSAUDE_MODE
430175;RS;0002;RS-0002;6;2;0002|0009;True;CNES_ST_REGSAUDE_MODE
430180;RS;0006;RS-0006;10;5;0006;False;CNES_ST_REGSAUDE_MODE
430185;RS;0019;RS-0019;4;4;0019;False;CNES_ST_REGSAUDE_MODE
430187;RS;0010;RS-0010;6;5;0010;False;CNES_ST_REGSAUDE_MODE
430190;RS;0002;RS-0002;19;5;0002|0009;True;CNES_ST_REGSAUDE_MODE
430192;RS;0011;RS-0011;4;4;0011;False;CNES_ST_REGSAUDE_MODE
430195;RS;0015;RS-0015;5;4;0015|0020;True;CNES_ST_REGSAUDE_MODE
430200;RS;0006;RS-0006;20;20;0006;False;CNES_ST_REGSAUDE_MODE
430205;RS;0011;RS-0011;6;5;0011;False;CNES_ST_REGSAUDE_MODE
430210;RS;0005;RS-0005;345;342;0005|0025;True;CNES_ST_REGSAUDE_MODE
430215;RS;0015;RS-0015;4;4;0015;False;CNES_ST_REGSAUDE_MODE
430220;RS;0014;RS-0014;23;15;0014;False;CNES_ST_REGSAUDE_MODE
430222;RS;0009;RS-0009;4;3;0009;False;CNES_ST_REGSAUDE_MODE
430223;RS;0009;RS-0009;2;2;0009;False;CNES_ST_REGSAUDE_MODE
430225;RS;0005;RS-0005;5;5;0005;False;CNES_ST_REGSAUDE_MODE
430230;RS;0005;RS-0005;27;25;0005;False;CNES_ST_REGSAUDE_MODE
430235;RS;0005;RS-0005;32;30;0005;False;CNES_ST_REGSAUDE_MODE
430237;RS;0019;RS-0019;3;3;0019;False;CNES_ST_REGSAUDE_MODE
430240;RS;0016;RS-0016;26;23;0016;False;CNES_ST_REGSAUDE_MODE
430245;RS;0016;RS-0016;15;3;0016;False;CNES_ST_REGSAUDE_MODE
430250;RS;0012;RS-0012;17;16;0012;False;CNES_ST_REGSAUDE_MODE
430258;RS;0013;RS-0013;4;2;0013;False;CNES_ST_REGSAUDE_MODE
430260;RS;0015;RS-0015;8;8;0015;False;CNES_ST_REGSAUDE_MODE
430265;RS;0002;RS-0002;12;9;0002|0005;True;CNES_ST_REGSAUDE_MODE
430270;RS;0002;RS-0002;35;34;0001|0002;True;CNES_ST_REGSAUDE_MODE
430280;RS;0008;RS-0008;43;24;0008|0027;True;CNES_ST_REGSAUDE_MODE
430290;RS;0004;RS-0004;25;20;0004;False;CNES_ST_REGSAUDE_MODE
430300;RS;0008;RS-0008;243;172;0008;False;CNES_ST_REGSAUDE_MODE
430310;RS;0001;RS-0001;194;33;0001|0002|0030;True;CNES_ST_REGSAUDE_MODE
430320;RS;0006;RS-0006;10;7;0006;False;CNES_ST_REGSAUDE_MODE
430330;RS;0012;RS-0012;15;13;0012;False;CNES_ST_REGSAUDE_MODE
430340;RS;0019;RS-0019;13;12;0002|0019;True;CNES_ST_REGSAUDE_MODE
430350;RS;0002;RS-0002;333;162;0002;False;CNES_ST_REGSAUDE_MODE
430355;RS;0006;RS-0006;8;5;0006;False;CNES_ST_REGSAUDE_MODE
430360;RS;0002;RS-0002;12;7;0001|0002;True;CNES_ST_REGSAUDE_MODE
430367;RS;0005;RS-0005;5;5;0005;False;CNES_ST_REGSAUDE_MODE
430370;RS;0014;RS-0014;12;10;0014;False;CNES_ST_REGSAUDE_MODE
430380;RS;0011;RS-0011;9;8;0011;False;CNES_ST_REGSAUDE_MODE
430390;RS;0001;RS-0001;118;24;0001;False;CNES_ST_REGSAUDE_MODE
430400;RS;0017;RS-0017;5;5;0017;False;CNES_ST_REGSAUDE_MODE
430410;RS;0006;RS-0006;10;8;0006;False;CNES_ST_REGSAUDE_MODE
430420;RS;0013;RS-0013;44;33;0013;False;CNES_ST_REGSAUDE_MODE
430430;RS;0014;RS-0014;16;16;0014;False;CNES_ST_REGSAUDE_MODE
430435;RS;0007;RS-0007;20;16;0007|0022;True;CNES_ST_REGSAUDE_MODE
430440;RS;0005;RS-0005;72;40;0005;False;CNES_ST_REGSAUDE_MODE
430450;RS;0003;RS-0003;74;26;0003|0021;True;CNES_ST_REGSAUDE_MODE
430460;RS;0001;RS-0001;658;601;0001|0100;True;CNES_ST_REGSAUDE_MODE
430461;RS;0016;RS-0016;5;4;0016;False;CNES_ST_REGSAUDE_MODE
430462;RS;0006;RS-0006;4;1;0006;False;CNES_ST_REGSAUDE_MODE
430463;RS;0018;RS-0018;108;8;0018;False;CNES_ST_REGSAUDE_MODE
430465;RS;0004;RS-0004;5;5;0004;False;CNES_ST_REGSAUDE_MODE
430466;RS;0003;RS-0003;15;13;0003;False;CNES_ST_REGSAUDE_MODE
430467;RS;0018;RS-0018;5;5;0018;False;CNES_ST_REGSAUDE_MODE
430468;RS;0002;RS-0002;10;3;0001|0002|0008;True;CNES_ST_REGSAUDE_MODE
430469;RS;0016;RS-0016;4;3;0016;False;CNES_ST_REGSAUDE_MODE
430470;RS;0006;RS-0006;264;210;0006|0606;True;CNES_ST_REGSAUDE_MODE
430471;RS;0018;RS-0018;6;6;0018;False;CNES_ST_REGSAUDE_MODE
430480;RS;0005;RS-0005;81;35;0005;False;CNES_ST_REGSAUDE_MODE
430485;RS;0011;RS-0011;3;3;0011;False;CNES_ST_REGSAUDE_MODE
430490;RS;0006;RS-0006;34;21;0006;False;CNES_ST_REGSAUDE_MODE
430495;RS;0006;RS-0006;4;2;0006;False;CNES_ST_REGSAUDE_MODE
430500;RS;0017;RS-0017;9;8;0017;False;CNES_ST_REGSAUDE_MODE
430510;RS;0005;RS-0005;1368;579;0000|0001|0002|0005|0020|0040|0060|0137|0160|0171|0172|0180|0190|0230|0310|0370|0412|0450|0460|0471|0510|0900|4540;True;CNES_ST_REGSAUDE_MODE
430511;RS;0011;RS-0011;4;4;0011;False;CNES_ST_REGSAUDE_MODE
430512;RS;0003;RS-0003;6;3;0003;False;CNES_ST_REGSAUDE_MODE
430513;RS;0008;RS-0008;7;4;0008;False;CNES_ST_REGSAUDE_MODE
430515;RS;0015;RS-0015;4;3;0015;False;CNES_ST_REGSAUDE_MODE
430517;RS;0009;RS-0009;15;1;0002|0009;True;CNES_ST_REGSAUDE_MODE
430520;RS;0012;RS-0012;51;42;0012;False;CNES_ST_REGSAUDE_MODE
430530;RS;0015;RS-0015;18;12;0015;False;CNES_ST_REGSAUDE_MODE
430535;RS;0002;RS-0002;81;32;0002;False;CNES_ST_REGSAUDE_MODE
430537;RS;0011;RS-0011;3;3;0011;False;CNES_ST_REGSAUDE_MODE
430540;RS;0017;RS-0017;7;2;0017;False;CNES_ST_REGSAUDE_MODE
430543;RS;0003;RS-0003;7;4;0003;False;CNES_ST_REGSAUDE_MODE
430544;RS;0002;RS-0002;10;1;0002|0009;True;CNES_ST_REGSAUDE_MODE
430545;RS;0018;RS-0018;12;7;0018;False;CNES_ST_REGSAUDE_MODE
430550;RS;0006;RS-0006;11;11;0006;False;CNES_ST_REGSAUDE_MODE
430558;RS;0016;RS-0016;5;4;0016;False;CNES_ST_REGSAUDE_MODE
430560;RS;0009;RS-0009;5;5;0009;False;CNES_ST_REGSAUDE_MODE
430570;RS;0017;RS-0017;8;5;0013|0017;True;CNES_ST_REGSAUDE_MODE
430580;RS;0015;RS-0015;16;15;0015;False;CNES_ST_REGSAUDE_MODE
430583;RS;0016;RS-0016;3;2;0016;False;CNES_ST_REGSAUDE_MODE
430585;RS;0006;RS-0006;6;3;0006;False;CNES_ST_REGSAUDE_MODE
430587;RS;0013;RS-0013;6;3;0013|0017;True;CNES_ST_REGSAUDE_MODE
430590;RS;0015;RS-0015;17;11;0015;False;CNES_ST_REGSAUDE_MODE
430593;RS;0005;RS-0005;2;2;0005;False;CNES_ST_REGSAUDE_MODE
430595;RS;0005;RS-0005;4;3;0005;False;CNES_ST_REGSAUDE_MODE
430597;RS;0006;RS-0006;2;1;0006;False;CNES_ST_REGSAUDE_MODE
430600;RS;0017;RS-0017;27;17;0017;False;CNES_ST_REGSAUDE_MODE
430605;RS;0003;RS-0003;19;8;0003;False;CNES_ST_REGSAUDE_MODE
430607;RS;0019;RS-0019;6;4;0019;False;CNES_ST_REGSAUDE_MODE
430610;RS;0009;RS-0009;206;194;0009;False;CNES_ST_REGSAUDE_MODE
430613;RS;0011;RS-0011;3;3;0011;False;CNES_ST_REGSAUDE_MODE
430620;RS;0016;RS-0016;16;8;0016;False;CNES_ST_REGSAUDE_MODE
430630;RS;0006;RS-0006;8;5;0006;False;CNES_ST_REGSAUDE_MODE
430632;RS;0019;RS-0019;6;5;0019;False;CNES_ST_REGSAUDE_MODE
430635;RS;0012;RS-0012;5;5;0012;False;CNES_ST_REGSAUDE_MODE
430637;RS;0004;RS-0004;5;4;0004;False;CNES_ST_REGSAUDE_MODE
430640;RS;0001;RS-0001;111;105;0001|0051;True;CNES_ST_REGSAUDE_MODE
430642;RS;0015;RS-0015;3;3;0015;False;CNES_ST_REGSAUDE_MODE
430645;RS;0016;RS-0016;13;10;0016;False;CNES_ST_REGSAUDE_MODE
430650;RS;0002;RS-0002;20;17;0002;False;CNES_ST_REGSAUDE_MODE
430655;RS;0018;RS-0018;2;1;0018;False;CNES_ST_REGSAUDE_MODE
430660;RS;0007;RS-0007;95;73;0007|0022;True;CNES_ST_REGSAUDE_MODE
430670;RS;0004;RS-0004;5;5;0004;False;CNES_ST_REGSAUDE_MODE
430673;RS;0014;RS-0014;9;7;0014;False;CNES_ST_REGSAUDE_MODE
430675;RS;0016;RS-0016;5;3;0016;False;CNES_ST_REGSAUDE_MODE
430676;RS;0002;RS-0002;29;25;0002;False;CNES_ST_REGSAUDE_MODE
430680;RS;0016;RS-0016;132;107;0016;False;CNES_ST_REGSAUDE_MODE
430690;RS;0008;RS-0008;45;28;0008;False;CNES_ST_REGSAUDE_MODE
430692;RS;0015;RS-0015;4;4;0015;False;CNES_ST_REGSAUDE_MODE
430693;RS;0012;RS-0012;14;12;0012;False;CNES_ST_REGSAUDE_MODE
430695;RS;0011;RS-0011;10;8;0011;False;CNES_ST_REGSAUDE_MODE
430697;RS;0011;RS-0011;3;3;0011;False;CNES_ST_REGSAUDE_MODE
430700;RS;0011;RS-0011;427;376;0001|0011|0016;True;CNES_ST_REGSAUDE_MODE
430705;RS;0006;RS-0006;4;1;0006;False;CNES_ST_REGSAUDE_MODE
430710;RS;0003;RS-0003;15;13;0003;False;CNES_ST_REGSAUDE_MODE
430720;RS;0011;RS-0011;5;5;0011;False;CNES_ST_REGSAUDE_MODE
430730;RS;0019;RS-0019;11;7;0015|0019;True;CNES_ST_REGSAUDE_MODE
430740;RS;0005;RS-0005;4;2;0005;False;CNES_ST_REGSAUDE_MODE
430745;RS;0019;RS-0019;4;4;0019;False;CNES_ST_REGSAUDE_MODE
430750;RS;0006;RS-0006;40;19;0006;False;CNES_ST_REGSAUDE_MODE
430755;RS;0011;RS-0011;16;12;0011|0016;True;CNES_ST_REGSAUDE_MODE
430760;RS;0001;RS-0001;79;16;0001|0007;True;CNES_ST_REGSAUDE_MODE
430770;RS;0001;RS-0001;180;92;0001;False;CNES_ST_REGSAUDE_MODE
430780;RS;0016;RS-0016;117;96;0015|0016;True;CNES_ST_REGSAUDE_MODE
430781;RS;0008;RS-0008;9;6;0008;False;CNES_ST_REGSAUDE_MODE
430783;RS;0012;RS-0012;5;5;0012;False;CNES_ST_REGSAUDE_MODE
430786;RS;0005;RS-0005;4;4;0005;False;CNES_ST_REGSAUDE_MODE
430790;RS;0005;RS-0005;173;139;0005|0026|0265;True;CNES_ST_REGSAUDE_MODE
430800;RS;0004;RS-0004;20;12;0004;False;CNES_ST_REGSAUDE_MODE
430805;RS;0011;RS-0011;3;3;0011;False;CNES_ST_REGSAUDE_MODE
430807;RS;0016;RS-0016;5;2;0016;False;CNES_ST_REGSAUDE_MODE
430810;RS;0005;RS-0005;15;6;0005|0026;True;CNES_ST_REGSAUDE_MODE
430820;RS;0005;RS-0005;155;133;0005;False;CNES_ST_REGSAUDE_MODE
430825;RS;0011;RS-0011;4;4;0011;False;CNES_ST_REGSAUDE_MODE
430830;RS;0006;RS-0006;11;7;0006|0016;True;CNES_ST_REGSAUDE_MODE
430840;RS;0004;RS-0004;12;10;0004;False;CNES_ST_REGSAUDE_MODE
430843;RS;0016;RS-0016;2;2;0016;False;CNES_ST_REGSAUDE_MODE
430845;RS;0009;RS-0009;11;9;0009;False;CNES_ST_REGSAUDE_MODE
430850;RS;0019;RS-0019;146;74;0015|0019;True;CNES_ST_REGSAUDE_MODE
430860;RS;0005;RS-0005;120;96;0005;False;CNES_ST_REGSAUDE_MODE
430865;RS;0012;RS-0012;8;8;0012;False;CNES_ST_REGSAUDE_MODE
430870;RS;0011;RS-0011;18;14;0011|0016;True;CNES_ST_REGSAUDE_MODE
430880;RS;0002;RS-0002;11;8;0002;False;CNES_ST_REGSAUDE_MODE
430885;RS;0006;RS-0006;4;3;0006;False;CNES_ST_REGSAUDE_MODE
430890;RS;0011;RS-0011;46;35;0011;False;CNES_ST_REGSAUDE_MODE
430900;RS;0014;RS-0014;49;38;0014;False;CNES_ST_REGSAUDE_MODE
430905;RS;0001;RS-0001;7;1;0001;False;CNES_ST_REGSAUDE_MODE
430910;RS;0005;RS-0005;219;66;0005|0023;True;CNES_ST_REGSAUDE_MODE
430912;RS;0015;RS-0015;5;5;0015;False;CNES_ST_REGSAUDE_MODE
430915;RS;0013;RS-0013;3;3;0013;False;CNES_ST_REGSAUDE_MODE
430920;RS;0001;RS-0001;394;128;0001|0002;True;CNES_ST_REGSAUDE_MODE
430925;RS;0005;RS-0005;4;4;0005;False;CNES_ST_REGSAUDE_MODE
430930;RS;0002;RS-0002;132;35;0001|0002;True;CNES_ST_REGSAUDE_MODE
430940;RS;0005;RS-0005;118;118;0005;False;CNES_ST_REGSAUDE_MODE
430950;RS;0012;RS-0012;21;21;0012;False;CNES_ST_REGSAUDE_MODE
430955;RS;0001;RS-0001;11;5;0001|0008;True;CNES_ST_REGSAUDE_MODE
430957;RS;0013;RS-0013;3;2;0013;False;CNES_ST_REGSAUDE_MODE
430960;RS;0014;RS-0014;60;13;0014;False;CNES_ST_REGSAUDE_MODE
430965;RS;0007;RS-0007;4;3;0007;False;CNES_ST_REGSAUDE_MODE
430970;RS;0017;RS-0017;11;9;0013|0017;True;CNES_ST_REGSAUDE_MODE
430975;RS;0008;RS-0008;7;6;0008;False;CNES_ST_REGSAUDE_MODE
430980;RS;0006;RS-0006;8;7;0006;False;CNES_ST_REGSAUDE_MODE
430990;RS;0006;RS-0006;11;6;0001|0006;True;CNES_ST_REGSAUDE_MODE
430995;RS;0006;RS-0006;6;2;0006;False;CNES_ST_REGSAUDE_MODE
431000;RS;0009;RS-0009;108;97;0009;False;CNES_ST_REGSAUDE_MODE
431010;RS;0002;RS-0002;78;14;0001|0002;True;CNES_ST_REGSAUDE_MODE
431020;RS;0017;RS-0017;318;271;0017;False;CNES_ST_REGSAUDE_MODE
431030;RS;0016;RS-0016;14;6;0016;False;CNES_ST_REGSAUDE_MODE
431033;RS;0018;RS-0018;20;15;0018;False;CNES_ST_REGSAUDE_MODE
431036;RS;0016;RS-0016;8;6;0016|0030;True;CNES_ST_REGSAUDE_MODE
431040;RS;0014;RS-0014;16;13;0014;False;CNES_ST_REGSAUDE_MODE
431041;RS;0017;RS-0017;5;5;0017;False;CNES_ST_REGSAUDE_MODE
431043;RS;0005;RS-0005;10;5;0005;False;CNES_ST_REGSAUDE_MODE
431046;RS;0011;RS-0011;2;2;0011;False;CNES_ST_REGSAUDE_MODE
431050;RS;0019;RS-0019;14;9;0019;False;CNES_ST_REGSAUDE_MODE
431053;RS;0004;RS-0004;7;4;0004;False;CNES_ST_REGSAUDE_MODE
431055;RS;0004;RS-0004;2;2;0004;False;CNES_ST_REGSAUDE_MODE
431057;RS;0006;RS-0006;4;4;0006;False;CNES_ST_REGSAUDE_MODE
431060;RS;0010;RS-0010;60;11;0003|0010;True;CNES_ST_REGSAUDE_MODE
431065;RS;0018;RS-0018;5;3;0018;False;CNES_ST_REGSAUDE_MODE
431070;RS;0011;RS-0011;9;9;0011;False;CNES_ST_REGSAUDE_MODE
431075;RS;0004;RS-0004;4;4;0004;False;CNES_ST_REGSAUDE_MODE
431080;RS;0001;RS-0001;42;24;0001|0007;True;CNES_ST_REGSAUDE_MODE
431085;RS;0015;RS-0015;9;8;0015;False;CNES_ST_REGSAUDE_MODE
431087;RS;0009;RS-0009;2;1;0009|0012;True;CNES_ST_REGSAUDE_MODE
431090;RS;0011;RS-0011;4;3;0011;False;CNES_ST_REGSAUDE_MODE
431100;RS;0003;RS-0003;41;28;0003|0021;True;CNES_ST_REGSAUDE_MODE
431110;RS;0004;RS-0004;25;16;0004;False;CNES_ST_REGSAUDE_MODE
431112;RS;0005;RS-0005;7;7;0005;False;CNES_ST_REGSAUDE_MODE
431113;RS;0004;RS-0004;4;4;0004;False;CNES_ST_REGSAUDE_MODE
431115;RS;0017;RS-0017;12;9;0013|0017;True;CNES_ST_REGSAUDE_MODE
431120;RS;0004;RS-0004;43;38;0004;False;CNES_ST_REGSAUDE_MODE
431123;RS;0008;RS-0008;2;1;0008;False;CNES_ST_REGSAUDE_MODE
431125;RS;0006;RS-0006;5;5;0006;False;CNES_ST_REGSAUDE_MODE
431127;RS;0006;RS-0006;4;2;0006;False;CNES_ST_REGSAUDE_MODE
431130;RS;0006;RS-0006;75;58;0006;False;CNES_ST_REGSAUDE_MODE
431140;RS;0016;RS-0016;439;422;0016;False;CNES_ST_REGSAUDE_MODE
431142;RS;;;4;0;;False;CNES_ST_REGSAUDE_MODE
431150;RS;0007;RS-0007;17;7;0007|0022;True;CNES_ST_REGSAUDE_MODE
431160;RS;0019;RS-0019;10;10;0019;False;CNES_ST_REGSAUDE_MODE
431162;RS;0007;RS-0007;5;5;0007;False;CNES_ST_REGSAUDE_MODE
431164;RS;0005;RS-0005;3;2;0005;False;CNES_ST_REGSAUDE_MODE
431170;RS;0006;RS-0006;11;3;0006|0018;True;CNES_ST_REGSAUDE_MODE
431171;RS;0010;RS-0010;5;2;0010;False;CNES_ST_REGSAUDE_MODE
431173;RS;0018;RS-0018;8;5;0018;False;CNES_ST_REGSAUDE_MODE
431175;RS;0010;RS-0010;6;4;0010;False;CNES_ST_REGSAUDE_MODE
431177;RS;0018;RS-0018;7;6;0018;False;CNES_ST_REGSAUDE_MODE
431179;RS;0001;RS-0001;8;7;0001;False;CNES_ST_REGSAUDE_MODE
431180;RS;0006;RS-0006;171;95;0006;False;CNES_ST_REGSAUDE_MODE
431190;RS;0011;RS-0011;13;9;0011|0016;True;CNES_ST_REGSAUDE_MODE
431198;RS;0002;RS-0002;4;2;0002;False;CNES_ST_REGSAUDE_MODE
431200;RS;0011;RS-0011;3;3;0011;False;CNES_ST_REGSAUDE_MODE
431205;RS;0016;RS-0016;13;5;0016;False;CNES_ST_REGSAUDE_MODE
431210;RS;0004;RS-0004;9;6;0004;False;CNES_ST_REGSAUDE_MODE
431213;RS;0006;RS-0006;2;1;0006;False;CNES_ST_REGSAUDE_MODE
431215;RS;0013;RS-0013;4;3;0013|0028;True;CNES_ST_REGSAUDE_MODE
431217;RS;0012;RS-0012;5;5;0012;False;CNES_ST_REGSAUDE_MODE
431220;RS;0006;RS-0006;11;4;0006;False;CNES_ST_REGSAUDE_MODE
431225;RS;0002;RS-0002;8;7;0002|0009;True;CNES_ST_REGSAUDE_MODE
431230;RS;0015;RS-0015;8;4;0015|0020;True;CNES_ST_REGSAUDE_MODE
431235;RS;0006;RS-0006;6;3;0006;False;CNES_ST_REGSAUDE_MODE
431237;RS;0005;RS-0005;4;4;0005;False;CNES_ST_REGSAUDE_MODE
431238;RS;0005;RS-0005;6;6;0005;False;CNES_ST_REGSAUDE_MODE
431240;RS;0002;RS-0002;186;143;0001|0002;True;CNES_ST_REGSAUDE_MODE
431242;RS;0006;RS-0006;8;7;0006;False;CNES_ST_REGSAUDE_MODE
431244;RS;0018;RS-0018;6;4;0018;False;CNES_ST_REGSAUDE_MODE
431245;RS;0003;RS-0003;9;6;0003;False;CNES_ST_REGSAUDE_MODE
431247;RS;0001;RS-0001;7;3;0001;False;CNES_ST_REGSAUDE_MODE
431250;RS;0018;RS-0018;19;17;0018;False;CNES_ST_REGSAUDE_MODE
431260;RS;0016;RS-0016;15;12;0016|0029;True;CNES_ST_REGSAUDE_MODE
431261;RS;0005;RS-0005;3;2;0005;False;CNES_ST_REGSAUDE_MODE
431262;RS;0006;RS-0006;6;5;0006;False;CNES_ST_REGSAUDE_MODE
431265;RS;0006;RS-0006;53;29;0006|0017;True;CNES_ST_REGSAUDE_MODE
431267;RS;0006;RS-0006;4;1;0006;False;CNES_ST_REGSAUDE_MODE
431270;RS;0011;RS-0011;22;17;0011;False;CNES_ST_REGSAUDE_MODE
431275;RS;0006;RS-0006;5;2;0006;False;CNES_ST_REGSAUDE_MODE
431280;RS;0005;RS-0005;14;10;0005;False;CNES_ST_REGSAUDE_MODE
431290;RS;0005;RS-0005;33;32;0005;False;CNES_ST_REGSAUDE_MODE
431295;RS;0015;RS-0015;4;4;0015;False;CNES_ST_REGSAUDE_MODE
431300;RS;0016;RS-0016;13;10;0016|0029;True;CNES_ST_REGSAUDE_MODE
431301;RS;0014;RS-0014;7;4;0014;False;CNES_ST_REGSAUDE_MODE
431303;RS;0004;RS-0004;6;6;0004;False;CNES_ST_REGSAUDE_MODE
431306;RS;0001;RS-0001;16;6;0001;False;CNES_ST_REGSAUDE_MODE
431308;RS;0005;RS-0005;3;3;0005;False;CNES_ST_REGSAUDE_MODE
431310;RS;0004;RS-0004;17;14;0004;False;CNES_ST_REGSAUDE_MODE
431320;RS;0005;RS-0005;85;79;0005;False;CNES_ST_REGSAUDE_MODE
431330;RS;0005;RS-0005;144;126;0005|0025;True;CNES_ST_REGSAUDE_MODE
431333;RS;0017;RS-0017;5;5;0017;False;CNES_ST_REGSAUDE_MODE
431335;RS;0005;RS-0005;4;3;0005;False;CNES_ST_REGSAUDE_MODE
431337;RS;0001;RS-0001;24;8;0001;False;CNES_ST_REGSAUDE_MODE
431339;RS;0008;RS-0008;8;8;0008;False;CNES_ST_REGSAUDE_MODE
431340;RS;0001;RS-0001;504;234;0001;False;CNES_ST_REGSAUDE_MODE
431342;RS;0014;RS-0014;9;4;0014;False;CNES_ST_REGSAUDE_MODE
431344;RS;0019;RS-0019;4;4;0019;False;CNES_ST_REGSAUDE_MODE
431346;RS;0015;RS-0015;3;3;0015;False;CNES_ST_REGSAUDE_MODE
431349;RS;0015;RS-0015;4;3;0015;False;CNES_ST_REGSAUDE_MODE
431350;RS;0018;RS-0018;110;74;0018;False;CNES_ST_REGSAUDE_MODE
431360;RS;0006;RS-0006;9;7;0006;False;CNES_ST_REGSAUDE_MODE
431365;RS;0018;RS-0018;13;13;0018;False;CNES_ST_REGSAUDE_MODE
431370;RS;0015;RS-0015;80;49;0015|0020;True;CNES_ST_REGSAUDE_MODE
431380;RS;0019;RS-0019;28;11;0019|0049;True;CNES_ST_REGSAUDE_MODE
431390;RS;0017;RS-0017;112;42;0017;False;CNES_ST_REGSAUDE_MODE
431395;RS;0013;RS-0013;14;11;0013;False;CNES_ST_REGSAUDE_MODE
431400;RS;0005;RS-0005;33;21;0005;False;CNES_ST_REGSAUDE_MODE
431402;RS;0004;RS-0004;12;5;0004;False;CNES_ST_REGSAUDE_MODE
431403;RS;0002;RS-0002;8;4;0001|0002;True;CNES_ST_REGSAUDE_MODE
431405;RS;0002;RS-0002;46;14;0001|0002;True;CNES_ST_REGSAUDE_MODE
431406;RS;0008;RS-0008;4;3;0008|0027;True;CNES_ST_REGSAUDE_MODE
431407;RS;0013;RS-0013;6;4;0013;False;CNES_ST_REGSAUDE_MODE
431410;RS;0006;RS-0006;1016;931;0006|0017|006²;True;CNES_ST_REGSAUDE_MODE
431413;RS;0011;RS-0011;4;3;0011;False;CNES_ST_REGSAUDE_MODE
431415;RS;0016;RS-0016;6;5;0016;False;CNES_ST_REGSAUDE_MODE
431417;RS;0003;RS-0003;3;1;0003;False;CNES_ST_REGSAUDE_MODE
431420;RS;0003;RS-0003;9;7;0003|0021;True;CNES_ST_REGSAUDE_MODE
431430;RS;0017;RS-0017;8;5;0017;False;CNES_ST_REGSAUDE_MODE
431440;RS;0043;RS-0043;930;91;0003|0043;True;CNES_ST_REGSAUDE_MODE
431442;RS;0005;RS-0005;5;4;0005;False;CNES_ST_REGSAUDE_MODE
431445;RS;0019;RS-0019;4;3;0002|0019;True;CNES_ST_REGSAUDE_MODE
431446;RS;0005;RS-0005;3;3;0005;False;CNES_ST_REGSAUDE_MODE
431447;RS;0004;RS-0004;9;6;0004;False;CNES_ST_REGSAUDE_MODE
431449;RS;0019;RS-0019;7;6;0019;False;CNES_ST_REGSAUDE_MODE
431450;RS;0003;RS-0003;23;14;0001|0003;True;CNES_ST_REGSAUDE_MODE
431454;RS;0005;RS-0005;4;4;0005;False;CNES_ST_REGSAUDE_MODE
431455;RS;0012;RS-0012;7;6;0012;False;CNES_ST_REGSAUDE_MODE
431460;RS;0003;RS-0003;17;10;0003|0021;True;CNES_ST_REGSAUDE_MODE
431470;RS;0019;RS-0019;13;10;0019;False;CNES_ST_REGSAUDE_MODE
431475;RS;0016;RS-0016;4;3;0016;False;CNES_ST_REGSAUDE_MODE
431477;RS;0006;RS-0006;5;2;0006|0017;True;CNES_ST_REGSAUDE_MODE
431478;RS;0011;RS-0011;3;3;0011;False;CNES_ST_REGSAUDE_MODE
431480;RS;0001;RS-0001;67;14;0001;False;CNES_ST_REGSAUDE_MODE
431490;RS;0001;RS-0001;5068;1964;0000|0001|0002|0009|0011|0043|0736|1130|5495;True;CNES_ST_REGSAUDE_MODE
431500;RS;0014;RS-0014;9;8;0014;False;CNES_ST_REGSAUDE_MODE
431505;RS;0014;RS-0014;6;5;0014;False;CNES_ST_REGSAUDE_MODE
431507;RS;0014;RS-0014;3;3;0014;False;CNES_ST_REGSAUDE_MODE
431510;RS;0012;RS-0012;29;22;0011|0012;True;CNES_ST_REGSAUDE_MODE
431513;RS;0016;RS-0016;3;3;0016;False;CNES_ST_REGSAUDE_MODE
431514;RS;0007;RS-0007;5;3;0001|0007;True;CNES_ST_REGSAUDE_MODE
431515;RS;0016;RS-0016;13;8;0016|0029;True;CNES_ST_REGSAUDE_MODE
431517;RS;0005;RS-0005;3;2;0005;False;CNES_ST_REGSAUDE_MODE
431520;RS;0016;RS-0016;4;3;0016|0029;True;CNES_ST_REGSAUDE_MODE
431530;RS;0010;RS-0010;48;10;0010;False;CNES_ST_REGSAUDE_MODE
431531;RS;0011;RS-0011;2;2;0011;False;CNES_ST_REGSAUDE_MODE
431532;RS;0004;RS-0004;6;5;0004;False;CNES_ST_REGSAUDE_MODE
431535;RS;0009;RS-0009;11;8;0009;False;CNES_ST_REGSAUDE_MODE
431540;RS;0015;RS-0015;20;20;0015;False;CNES_ST_REGSAUDE_MODE
431545;RS;0016;RS-0016;6;5;0016;False;CNES_ST_REGSAUDE_MODE
431550;RS;0004;RS-0004;23;17;0004;False;CNES_ST_REGSAUDE_MODE
431555;RS;0019;RS-0019;3;2;0016|0019;True;CNES_ST_REGSAUDE_MODE
431560;RS;0003;RS-0003;202;93;0003|0021;True;CNES_ST_REGSAUDE_MODE
431570;RS;0013;RS-0013;72;57;0010|0013;True;CNES_ST_REGSAUDE_MODE
431575;RS;0001;RS-0001;8;4;0001|0002;True;CNES_ST_REGSAUDE_MODE
431580;RS;0016;RS-0016;10;6;0016;False;CNES_ST_REGSAUDE_MODE
431590;RS;0019;RS-0019;24;12;0015|0019;True;CNES_ST_REGSAUDE_MODE
431595;RS;0012;RS-0012;9;8;0012;False;CNES_ST_REGSAUDE_MODE
431600;RS;0002;RS-0002;27;15;0001|0002;True;CNES_ST_REGSAUDE_MODE
431610;RS;0015;RS-0015;19;13;0015|0020;True;CNES_ST_REGSAUDE_MODE
431620;RS;0015;RS-0015;9;5;0015;False;CNES_ST_REGSAUDE_MODE
431630;RS;0012;RS-0012;21;16;0011|0012;True;CNES_ST_REGSAUDE_MODE
431640;RS;0010;RS-0010;84;53;0010;False;CNES_ST_REGSAUDE_MODE
431642;RS;0015;RS-0015;6;6;0015;False;CNES_ST_REGSAUDE_MODE
431643;RS;0009;RS-0009;5;5;0009;False;CNES_ST_REGSAUDE_MODE
431645;RS;0009;RS-0009;30;24;0009;False;CNES_ST_REGSAUDE_MODE
431647;RS;0012;RS-0012;9;8;0012;False;CNES_ST_REGSAUDE_MODE
431650;RS;0002;RS-0002;16;10;0001|0002;True;CNES_ST_REGSAUDE_MODE
431660;RS;0006;RS-0006;51;29;0006|0018;True;CNES_ST_REGSAUDE_MODE
431670;RS;0009;RS-0009;18;16;0009;False;CNES_ST_REGSAUDE_MODE
431673;RS;0006;RS-0006;2;1;0006;False;CNES_ST_REGSAUDE_MODE
431675;RS;0016;RS-0016;11;6;0016|0043;True;CNES_ST_REGSAUDE_MODE
431680;RS;0013;RS-0013;722;3;0013;False;CNES_ST_REGSAUDE_MODE
431690;RS;0004;RS-0004;918;892;0004;False;CNES_ST_REGSAUDE_MODE
431695;RS;0001;RS-0001;13;3;0001;False;CNES_ST_REGSAUDE_MODE
431697;RS;0010;RS-0010;3;3;0010;False;CNES_ST_REGSAUDE_MODE
431700;RS;0003;RS-0003;8;7;0003;False;CNES_ST_REGSAUDE_MODE
431710;RS;0010;RS-0010;193;82;0010;False;CNES_ST_REGSAUDE_MODE
431720;RS;0014;RS-0014;247;196;0014;False;CNES_ST_REGSAUDE_MODE
431725;RS;0005;RS-0005;2;2;0005;False;CNES_ST_REGSAUDE_MODE
431730;RS;0003;RS-0003;62;39;0000|0003;True;CNES_ST_REGSAUDE_MODE
431740;RS;0004;RS-0004;189;186;0004;False;CNES_ST_REGSAUDE_MODE
431750;RS;0012;RS-0012;538;514;0012|0013;True;CNES_ST_REGSAUDE_MODE
431755;RS;0006;RS-0006;2;1;0006;False;CNES_ST_REGSAUDE_MODE
431760;RS;0018;RS-0018;68;53;0018;False;CNES_ST_REGSAUDE_MODE
431770;RS;0012;RS-0012;24;22;0012;False;CNES_ST_REGSAUDE_MODE
431775;RS;0006;RS-0006;3;2;0006;False;CNES_ST_REGSAUDE_MODE
431780;RS;0017;RS-0017;31;25;0013|0017;True;CNES_ST_REGSAUDE_MODE
431790;RS;0014;RS-0014;33;9;0014;False;CNES_ST_REGSAUDE_MODE
431795;RS;0006;RS-0006;3;3;0006;False;CNES_ST_REGSAUDE_MODE
431800;RS;0012;RS-0012;172;135;0010|0011|0012;True;CNES_ST_REGSAUDE_MODE
431805;RS;0006;RS-0006;4;3;0006;False;CNES_ST_REGSAUDE_MODE
431810;RS;0004;RS-0004;25;24;0004;False;CNES_ST_REGSAUDE_MODE
431820;RS;0002;RS-0002;21;10;0001|0002|0006;True;CNES_ST_REGSAUDE_MODE
431830;RS;0010;RS-0010;95;60;0010;False;CNES_ST_REGSAUDE_MODE
431840;RS;0002;RS-0002;61;53;0000|0002;True;CNES_ST_REGSAUDE_MODE
431842;RS;0006;RS-0006;5;1;0006;False;CNES_ST_REGSAUDE_MODE
431843;RS;0004;RS-0004;7;7;0004;False;CNES_ST_REGSAUDE_MODE
431844;RS;0005;RS-0005;7;3;0005;False;CNES_ST_REGSAUDE_MODE
431845;RS;0015;RS-0015;5;3;0015;False;CNES_ST_REGSAUDE_MODE
431846;RS;0016;RS-0016;6;6;0016;False;CNES_ST_REGSAUDE_MODE
431848;RS;0001;RS-0001;5;4;0001;False;CNES_ST_REGSAUDE_MODE
431849;RS;0014;RS-0014;6;6;0014;False;CNES_ST_REGSAUDE_MODE
431850;RS;0003;RS-0003;30;13;0003;False;CNES_ST_REGSAUDE_MODE
431860;RS;0006;RS-0006;21;11;0006;False;CNES_ST_REGSAUDE_MODE
431861;RS;0002;RS-0002;7;2;0001|0002;True;CNES_ST_REGSAUDE_MODE
431862;RS;0005;RS-0005;13;13;0005;False;CNES_ST_REGSAUDE_MODE
431870;RS;0001;RS-0001;346;32;0001;False;CNES_ST_REGSAUDE_MODE
431880;RS;0003;RS-0003;70;69;0003;False;CNES_ST_REGSAUDE_MODE
431890;RS;0012;RS-0012;124;121;0012;False;CNES_ST_REGSAUDE_MODE
431900;RS;0005;RS-0005;77;50;0005|0006;True;CNES_ST_REGSAUDE_MODE
431910;RS;0017;RS-0017;10;7;0017;False;CNES_ST_REGSAUDE_MODE
431912;RS;0004;RS-0004;4;2;0004;False;CNES_ST_REGSAUDE_MODE
431915;RS;0012;RS-0012;26;25;0012;False;CNES_ST_REGSAUDE_MODE
431920;RS;0012;RS-0012;9;8;0012;False;CNES_ST_REGSAUDE_MODE
431930;RS;0014;RS-0014;13;11;0014;False;CNES_ST_REGSAUDE_MODE
431935;RS;0002;RS-0002;7;2;0002|0008;True;CNES_ST_REGSAUDE_MODE
431936;RS;0015;RS-0015;3;2;0015|0020;True;CNES_ST_REGSAUDE_MODE
431937;RS;0012;RS-0012;6;5;0012;False;CNES_ST_REGSAUDE_MODE
431940;RS;0004;RS-0004;31;25;0004|0007;True;CNES_ST_REGSAUDE_MODE
431950;RS;0002;RS-0002;43;21;0001|0002|4302;True;CNES_ST_REGSAUDE_MODE
431960;RS;0004;RS-0004;30;25;0004;False;CNES_ST_REGSAUDE_MODE
431970;RS;0011;RS-0011;6;6;0011;False;CNES_ST_REGSAUDE_MODE
431971;RS;0016;RS-0016;4;4;0016;False;CNES_ST_REGSAUDE_MODE
431973;RS;0017;RS-0017;5;5;0017;False;CNES_ST_REGSAUDE_MODE
431975;RS;0005;RS-0005;3;2;0005|0055;True;CNES_ST_REGSAUDE_MODE
431980;RS;0004;RS-0004;23;20;0004;False;CNES_ST_REGSAUDE_MODE
431990;RS;0001;RS-0001;89;22;0001;False;CNES_ST_REGSAUDE_MODE
432000;RS;0001;RS-0001;221;76;0001;False;CNES_ST_REGSAUDE_MODE
432010;RS;0015;RS-0015;59;34;0015|0020;True;CNES_ST_REGSAUDE_MODE
432020;RS;0019;RS-0019;27;17;0015|0019;True;CNES_ST_REGSAUDE_MODE
432023;RS;0013;RS-0013;6;3;0013|0017;True;CNES_ST_REGSAUDE_MODE
432026;RS;0008;RS-0008;14;12;0008|0027;True;CNES_ST_REGSAUDE_MODE
432030;RS;0009;RS-0009;11;10;0009;False;CNES_ST_REGSAUDE_MODE
432032;RS;0014;RS-0014;4;4;0014;False;CNES_ST_REGSAUDE_MODE
432035;RS;0002;RS-0002;2;2;0002;False;CNES_ST_REGSAUDE_MODE
432040;RS;0006;RS-0006;94;9;0006;False;CNES_ST_REGSAUDE_MODE
432045;RS;0016;RS-0016;5;3;0016;False;CNES_ST_REGSAUDE_MODE
432050;RS;0006;RS-0006;10;4;0006|0017;True;CNES_ST_REGSAUDE_MODE
432055;RS;0002;RS-0002;19;9;0002|0009;True;CNES_ST_REGSAUDE_MODE
432057;RS;0012;RS-0012;3;2;0012;False;CNES_ST_REGSAUDE_MODE
432060;RS;0011;RS-0011;8;7;0011;False;CNES_ST_REGSAUDE_MODE
432065;RS;0004;RS-0004;5;5;0004;False;CNES_ST_REGSAUDE_MODE
432067;RS;0013;RS-0013;14;11;0013;False;CNES_ST_REGSAUDE_MODE
432070;RS;0008;RS-0008;56;47;0008;False;CNES_ST_REGSAUDE_MODE
432080;RS;0006;RS-0006;123;29;0006|0060;True;CNES_ST_REGSAUDE_MODE
432085;RS;0008;RS-0008;11;5;0001|0008;True;CNES_ST_REGSAUDE_MODE
432090;RS;0006;RS-0006;103;44;0006;False;CNES_ST_REGSAUDE_MODE
432100;RS;0006;RS-0006;32;9;0006;False;CNES_ST_REGSAUDE_MODE
432110;RS;0009;RS-0009;32;6;0002|0009;True;CNES_ST_REGSAUDE_MODE
432120;RS;0001;RS-0001;115;103;0001|0002;True;CNES_ST_REGSAUDE_MODE
432130;RS;0016;RS-0016;67;53;0016|0019;True;CNES_ST_REGSAUDE_MODE
432132;RS;0019;RS-0019;6;4;0019;False;CNES_ST_REGSAUDE_MODE
432135;RS;0018;RS-0018;5;4;0018;False;CNES_ST_REGSAUDE_MODE
432140;RS;0019;RS-0019;47;47;0019;False;CNES_ST_REGSAUDE_MODE
432143;RS;0018;RS-0018;22;16;0018;False;CNES_ST_REGSAUDE_MODE
432145;RS;0016;RS-0016;95;10;0016;False;CNES_ST_REGSAUDE_MODE
432146;RS;;;3;0;;False;CNES_ST_REGSAUDE_MODE
432147;RS;0019;RS-0019;9;5;0018|0019;True;CNES_ST_REGSAUDE_MODE
432149;RS;0004;RS-0004;3;3;0004;False;CNES_ST_REGSAUDE_MODE
432150;RS;0018;RS-0018;126;92;0018;False;CNES_ST_REGSAUDE_MODE
432160;RS;0018;RS-0018;95;78;0018|0818;True;CNES_ST_REGSAUDE_MODE
432162;RS;0016;RS-0016;3;2;0016;False;CNES_ST_REGSAUDE_MODE
432163;RS;0011;RS-0011;5;5;0011;False;CNES_ST_REGSAUDE_MODE
432166;RS;0018;RS-0018;19;7;0018;False;CNES_ST_REGSAUDE_MODE
432170;RS;0006;RS-0006;50;19;0001|0002|0006;True;CNES_ST_REGSAUDE_MODE
432180;RS;0014;RS-0014;115;96;0014;False;CNES_ST_REGSAUDE_MODE
432183;RS;0018;RS-0018;5;4;0018;False;CNES_ST_REGSAUDE_MODE
432185;RS;0015;RS-0015;7;5;0015|0020;True;CNES_ST_REGSAUDE_MODE
432190;RS;0019;RS-0019;122;106;0002|0019;True;CNES_ST_REGSAUDE_MODE
432195;RS;0015;RS-0015;11;9;0015;False;CNES_ST_REGSAUDE_MODE
432200;RS;0001;RS-0001;57;32;0001|0002;True;CNES_ST_REGSAUDE_MODE
432210;RS;0014;RS-0014;19;9;0014;False;CNES_ST_REGSAUDE_MODE
432215;RS;0006;RS-0006;4;2;0006;False;CNES_ST_REGSAUDE_MODE
432218;RS;0006;RS-0006;4;3;0006;False;CNES_ST_REGSAUDE_MODE
432220;RS;0009;RS-0009;44;34;0009|0019;True;CNES_ST_REGSAUDE_MODE
432225;RS;0002;RS-0002;14;6;0001|0002;True;CNES_ST_REGSAUDE_MODE
432230;RS;0014;RS-0014;27;11;0014;False;CNES_ST_REGSAUDE_MODE
432232;RS;0003;RS-0003;6;6;0003;False;CNES_ST_REGSAUDE_MODE
432234;RS;0012;RS-0012;2;1;0011|0012;True;CNES_ST_REGSAUDE_MODE
432235;RS;0005;RS-0005;3;3;0005;False;CNES_ST_REGSAUDE_MODE
432237;RS;0004;RS-0004;3;3;0004;False;CNES_ST_REGSAUDE_MODE
432240;RS;0010;RS-0010;323;24;0010;False;CNES_ST_REGSAUDE_MODE
432250;RS;0005;RS-0005;142;52;0005;False;CNES_ST_REGSAUDE_MODE
432252;RS;0013;RS-0013;3;3;0013;False;CNES_ST_REGSAUDE_MODE
432253;RS;0013;RS-0013;15;14;0013;False;CNES_ST_REGSAUDE_MODE
432254;RS;0005;RS-0005;16;9;0005;False;CNES_ST_REGSAUDE_MODE
432255;RS;;;3;0;;False;CNES_ST_REGSAUDE_MODE
432260;RS;0013;RS-0013;301;195;0013|0028;True;CNES_ST_REGSAUDE_MODE
432270;RS;0028;RS-0028;72;39;0012|0013|0028;True;CNES_ST_REGSAUDE_MODE
432280;RS;0005;RS-0005;170;105;0005;False;CNES_ST_REGSAUDE_MODE
432285;RS;0016;RS-0016;3;3;0016;False;CNES_ST_REGSAUDE_MODE
432290;RS;0011;RS-0011;11;7;0011|0016;True;CNES_ST_REGSAUDE_MODE
432300;RS;0002;RS-0002;113;57;0001|0002|0010;True;CNES_ST_REGSAUDE_MODE
432310;RS;0019;RS-0019;6;6;0019;False;CNES_ST_REGSAUDE_MODE
432320;RS;4306;RS-4306;6;4;4306;False;CNES_ST_REGSAUDE_MODE
432330;RS;0005;RS-0005;9;9;0005;False;CNES_ST_REGSAUDE_MODE
432335;RS;0006;RS-0006;4;2;0006;False;CNES_ST_REGSAUDE_MODE
432340;RS;0006;RS-0006;6;3;0006;False;CNES_ST_REGSAUDE_MODE
432345;RS;0004;RS-0004;7;4;0004;False;CNES_ST_REGSAUDE_MODE
432350;RS;0019;RS-0019;6;5;0019;False;CNES_ST_REGSAUDE_MODE
432360;RS;0005;RS-0005;4;2;0005;False;CNES_ST_REGSAUDE_MODE
432370;RS;0019;RS-0019;4;4;0019;False;CNES_ST_REGSAUDE_MODE
432375;RS;0012;RS-0012;4;4;0012;False;CNES_ST_REGSAUDE_MODE
432377;RS;0016;RS-0016;7;6;0016;False;CNES_ST_REGSAUDE_MODE
432380;RS;0018;RS-0018;19;15;0018|018²;True;CNES_ST_REGSAUDE_MODE
500020;MS;0007;MS-0007;25;5;0007;False;CNES_ST_REGSAUDE_MODE
500025;MS;0009;MS-0009;10;2;0009;False;CNES_ST_REGSAUDE_MODE
500060;MS;0003;MS-0003;83;16;0003|0362;True;CNES_ST_REGSAUDE_MODE
500070;MS;0005;MS-0005;19;7;0005;False;CNES_ST_REGSAUDE_MODE
500080;MS;0006;MS-0006;16;5;0006;False;CNES_ST_REGSAUDE_MODE
500085;MS;0006;MS-0006;18;5;0006;False;CNES_ST_REGSAUDE_MODE
500090;MS;0003;MS-0003;18;8;0003;False;CNES_ST_REGSAUDE_MODE
500100;MS;0008;MS-0008;55;5;0008;False;CNES_ST_REGSAUDE_MODE
500110;MS;0001;MS-0001;115;49;0000|0001|0005;True;CNES_ST_REGSAUDE_MODE
500124;MS;0003;MS-0003;14;6;0003;False;CNES_ST_REGSAUDE_MODE
500150;MS;0001;MS-0001;9;4;0001;False;CNES_ST_REGSAUDE_MODE
500190;MS;0007;MS-0007;59;8;0007;False;CNES_ST_REGSAUDE_MODE
500200;MS;0006;MS-0006;17;5;0006|0007;True;CNES_ST_REGSAUDE_MODE
500210;MS;0010;MS-0010;31;8;0005|0010;True;CNES_ST_REGSAUDE_MODE
500215;MS;0005;MS-0005;16;5;0005;False;CNES_ST_REGSAUDE_MODE
500220;MS;0010;MS-0010;31;11;0005|0010|2333|2762;True;CNES_ST_REGSAUDE_MODE
500230;MS;0007;MS-0007;31;2;0007;False;CNES_ST_REGSAUDE_MODE
500240;MS;0002;MS-0002;52;9;0002|0003|0012;True;CNES_ST_REGSAUDE_MODE
500260;MS;0001;MS-0001;37;2;0001;False;CNES_ST_REGSAUDE_MODE
500270;MS;0001;MS-0001;1239;13;0001|7901;True;CNES_ST_REGSAUDE_MODE
500280;MS;0010;MS-0010;7;3;0010;False;CNES_ST_REGSAUDE_MODE
500290;MS;0008;MS-0008;78;13;0008;False;CNES_ST_REGSAUDE_MODE
500295;MS;0008;MS-0008;70;4;0006|0008;True;CNES_ST_REGSAUDE_MODE
500310;MS;0001;MS-0001;7;5;0001;False;CNES_ST_REGSAUDE_MODE
500315;MS;0003;MS-0003;17;6;0003;False;CNES_ST_REGSAUDE_MODE
500320;MS;0011;MS-0011;166;26;0001|0011;True;CNES_ST_REGSAUDE_MODE
500325;MS;0008;MS-0008;49;6;0008;False;CNES_ST_REGSAUDE_MODE
500330;MS;0009;MS-0009;74;1;0009;False;CNES_ST_REGSAUDE_MODE
500345;MS;0012;MS-0012;36;6;0002|0012;True;CNES_ST_REGSAUDE_MODE
500348;MS;0005;MS-0005;17;8;0005;False;CNES_ST_REGSAUDE_MODE
500350;MS;0002;MS-0002;9;6;0002;False;CNES_ST_REGSAUDE_MODE
500370;MS;0002;MS-0002;758;14;0002|0003|0012|7980;True;CNES_ST_REGSAUDE_MODE
500375;MS;0004;MS-0004;16;8;0004;False;CNES_ST_REGSAUDE_MODE
500380;MS;0012;MS-0012;43;32;0012;False;CNES_ST_REGSAUDE_MODE
500390;MS;0001;MS-0001;5;1;0001;False;CNES_ST_REGSAUDE_MODE
500400;MS;0012;MS-0012;41;2;0002|0003|0005|0012;True;CNES_ST_REGSAUDE_MODE
500410;MS;0005;MS-0005;16;4;0005|0010;True;CNES_ST_REGSAUDE_MODE
500430;MS;0004;MS-0004;17;9;0004;False;CNES_ST_REGSAUDE_MODE
500440;MS;0008;MS-0008;14;8;0008;False;CNES_ST_REGSAUDE_MODE
500450;MS;0002;MS-0002;27;6;0002|0012;True;CNES_ST_REGSAUDE_MODE
500460;MS;0004;MS-0004;17;5;0003|0004;True;CNES_ST_REGSAUDE_MODE
500470;MS;0006;MS-0006;83;6;0006;False;CNES_ST_REGSAUDE_MODE
500480;MS;0004;MS-0004;7;5;0004;False;CNES_ST_REGSAUDE_MODE
500490;MS;0001;MS-0001;5;2;0001;False;CNES_ST_REGSAUDE_MODE
500500;MS;0010;MS-0010;50;35;0000|0010;True;CNES_ST_REGSAUDE_MODE
500510;MS;0012;MS-0012;12;3;0003|0004|0012|0013;True;CNES_ST_REGSAUDE_MODE
500515;MS;0004;MS-0004;13;4;0004;False;CNES_ST_REGSAUDE_MODE
500520;MS;0011;MS-0011;19;2;0011;False;CNES_ST_REGSAUDE_MODE
500525;MS;0002;MS-0002;14;2;0002|0012;True;CNES_ST_REGSAUDE_MODE
500540;MS;0001;MS-0001;58;5;0001;False;CNES_ST_REGSAUDE_MODE
500560;MS;0005;MS-0005;29;4;0005;False;CNES_ST_REGSAUDE_MODE
500568;MS;0006;MS-0006;28;5;0004|0006;True;CNES_ST_REGSAUDE_MODE
500570;MS;0004;MS-0004;106;16;0001|0004|0008;True;CNES_ST_REGSAUDE_MODE
500580;MS;0010;MS-0010;20;10;0005|0010;True;CNES_ST_REGSAUDE_MODE
500600;MS;0002;MS-0002;34;4;0001|0002|0007;True;CNES_ST_REGSAUDE_MODE
500620;MS;0006;MS-0006;159;2;0006;False;CNES_ST_REGSAUDE_MODE
500625;MS;0006;MS-0006;5;5;0006;False;CNES_ST_REGSAUDE_MODE
500627;MS;;;13;0;;False;CNES_ST_REGSAUDE_MODE
500630;MS;0008;MS-0008;134;84;0008;False;CNES_ST_REGSAUDE_MODE
500635;MS;0003;MS-0003;21;5;0003;False;CNES_ST_REGSAUDE_MODE
500640;MS;0009;MS-0009;12;6;0009;False;CNES_ST_REGSAUDE_MODE
500660;MS;0003;MS-0003;126;29;0003;False;CNES_ST_REGSAUDE_MODE
500690;MS;0010;MS-0010;15;5;0010;False;CNES_ST_REGSAUDE_MODE
500710;MS;0001;MS-0001;30;7;0001|0012;True;CNES_ST_REGSAUDE_MODE
500720;MS;0001;MS-0001;97;8;0000|0001|0003;True;CNES_ST_REGSAUDE_MODE
500730;MS;0009;MS-0009;10;5;0009;False;CNES_ST_REGSAUDE_MODE
500740;MS;0009;MS-0009;32;19;0009;False;CNES_ST_REGSAUDE_MODE
500750;MS;0001;MS-0001;6;2;0001;False;CNES_ST_REGSAUDE_MODE
500755;MS;0007;MS-0007;8;4;0001|0007;True;CNES_ST_REGSAUDE_MODE
500769;MS;0001;MS-0001;63;1;0001;False;CNES_ST_REGSAUDE_MODE
500770;MS;0003;MS-0003;11;3;0003;False;CNES_ST_REGSAUDE_MODE
500780;MS;0007;MS-0007;13;5;0007;False;CNES_ST_REGSAUDE_MODE
500790;MS;0001;MS-0001;55;13;0001|0012;True;CNES_ST_REGSAUDE_MODE
500793;MS;0009;MS-0009;31;3;0009;False;CNES_ST_REGSAUDE_MODE
500795;MS;0003;MS-0003;17;5;0003;False;CNES_ST_REGSAUDE_MODE
500797;MS;0006;MS-0006;10;4;0006|0007;True;CNES_ST_REGSAUDE_MODE
500800;MS;0001;MS-0001;19;11;0001;False;CNES_ST_REGSAUDE_MODE
500830;MS;0007;MS-0007;309;1;0007;False;CNES_ST_REGSAUDE_MODE
500840;MS;0012;MS-0012;11;7;0002|0012;True;CNES_ST_REGSAUDE_MODE
510010;MT;0001;MT-0001;9;7;0001;False;CNES_ST_REGSAUDE_MODE
510020;MT;0003;MT-0003;64;44;0003|0013;True;CNES_ST_REGSAUDE_MODE
510025;MT;0004;MT-0004;139;38;0004;False;CNES_ST_REGSAUDE_MODE
510030;MT;0007;MT-0007;38;35;0007;False;CNES_ST_REGSAUDE_MODE
510035;MT;0016;MT-0016;7;5;0006|0016;True;CNES_ST_REGSAUDE_MODE
510040;MT;0007;MT-0007;17;9;0007;False;CNES_ST_REGSAUDE_MODE
510050;MT;0013;MT-0013;11;7;0013;False;CNES_ST_REGSAUDE_MODE
510060;MT;0007;MT-0007;16;10;0007;False;CNES_ST_REGSAUDE_MODE
510080;MT;0004;MT-0004;11;7;0004;False;CNES_ST_REGSAUDE_MODE
510100;MT;0008;MT-0008;7;3;0003|0008;True;CNES_ST_REGSAUDE_MODE
510120;MT;0007;MT-0007;3;3;0007;False;CNES_ST_REGSAUDE_MODE
510125;MT;0002;MT-0002;22;15;0002;False;CNES_ST_REGSAUDE_MODE
510130;MT;0005;MT-0005;20;15;0005;False;CNES_ST_REGSAUDE_MODE
510140;MT;0009;MT-0009;32;31;0009;False;CNES_ST_REGSAUDE_MODE
510160;MT;0001;MT-0001;12;7;0001;False;CNES_ST_REGSAUDE_MODE
510170;MT;0005;MT-0005;39;16;0005;False;CNES_ST_REGSAUDE_MODE
510180;MT;0008;MT-0008;189;87;0008;False;CNES_ST_REGSAUDE_MODE
510185;MT;0003;MT-0003;12;3;0003|0007|0013;True;CNES_ST_REGSAUDE_MODE
510190;MT;0009;MT-0009;37;36;0009;False;CNES_ST_REGSAUDE_MODE
510250;MT;0002;MT-0002;181;99;0001|0002;True;CNES_ST_REGSAUDE_MODE
510260;MT;0008;MT-0008;11;7;0008;False;CNES_ST_REGSAUDE_MODE
510263;MT;0005;MT-0005;56;22;0001|0005;True;CNES_ST_REGSAUDE_MODE
510267;MT;0007;MT-0007;88;29;0007|0009;True;CNES_ST_REGSAUDE_MODE
510268;MT;0012;MT-0012;31;10;0012;False;CNES_ST_REGSAUDE_MODE
510269;MT;0006;MT-0006;11;7;0006|0008;True;CNES_ST_REGSAUDE_MODE
510270;MT;0003;MT-0003;58;55;0003|0008;True;CNES_ST_REGSAUDE_MODE
510279;MT;0004;MT-0004;16;8;0004;False;CNES_ST_REGSAUDE_MODE
510285;MT;0009;MT-0009;18;18;0009;False;CNES_ST_REGSAUDE_MODE
510300;MT;0001;MT-0001;25;14;0001;False;CNES_ST_REGSAUDE_MODE
510305;MT;0014;MT-0014;15;14;0014;False;CNES_ST_REGSAUDE_MODE
510310;MT;0003;MT-0003;14;9;0003;False;CNES_ST_REGSAUDE_MODE
510320;MT;0015;MT-0015;68;40;0015;False;CNES_ST_REGSAUDE_MODE
510325;MT;0009;MT-0009;18;13;0009;False;CNES_ST_REGSAUDE_MODE
510330;MT;0012;MT-0012;35;12;0002|0012;True;CNES_ST_REGSAUDE_MODE
510335;MT;0006;MT-0006;46;18;0006;False;CNES_ST_REGSAUDE_MODE
510336;MT;0012;MT-0012;10;3;0012;False;CNES_ST_REGSAUDE_MODE
510337;MT;0009;MT-0009;19;18;0009;False;CNES_ST_REGSAUDE_MODE
510340;MT;0001;MT-0001;1678;39;0001;False;CNES_ST_REGSAUDE_MODE
510343;MT;0002;MT-0002;7;1;0002;False;CNES_ST_REGSAUDE_MODE
510345;MT;0005;MT-0005;15;8;0005;False;CNES_ST_REGSAUDE_MODE
510350;MT;0013;MT-0013;41;24;0013;False;CNES_ST_REGSAUDE_MODE
510360;MT;0007;MT-0007;10;9;0007;False;CNES_ST_REGSAUDE_MODE
510370;MT;0014;MT-0014;21;12;0014;False;CNES_ST_REGSAUDE_MODE
510380;MT;0002;MT-0002;8;3;0002|0012|0014;True;CNES_ST_REGSAUDE_MODE
510385;MT;0003;MT-0003;24;6;0003|0013;True;CNES_ST_REGSAUDE_MODE
510390;MT;0008;MT-0008;10;4;0003|0008;True;CNES_ST_REGSAUDE_MODE
510395;MT;0002;MT-0002;7;7;0002;False;CNES_ST_REGSAUDE_MODE
510410;MT;0011;MT-0011;43;22;0011;False;CNES_ST_REGSAUDE_MODE
510420;MT;0007;MT-0007;22;15;0007;False;CNES_ST_REGSAUDE_MODE
510450;MT;0002;MT-0002;6;3;0002;False;CNES_ST_REGSAUDE_MODE
510452;MT;0014;MT-0014;12;12;0014;False;CNES_ST_REGSAUDE_MODE
510454;MT;0014;MT-0014;12;8;0014;False;CNES_ST_REGSAUDE_MODE
510455;MT;0015;MT-0015;8;5;0015;False;CNES_ST_REGSAUDE_MODE
510460;MT;0007;MT-0007;29;15;0007;False;CNES_ST_REGSAUDE_MODE
510480;MT;0007;MT-0007;55;12;0001|0002|0007;True;CNES_ST_REGSAUDE_MODE
510490;MT;0001;MT-0001;12;5;0001;False;CNES_ST_REGSAUDE_MODE
510500;MT;0012;MT-0012;16;10;0012;False;CNES_ST_REGSAUDE_MODE
510510;MT;0010;MT-0010;72;42;0001|0010;True;CNES_ST_REGSAUDE_MODE
510515;MT;0009;MT-0009;68;51;0009;False;CNES_ST_REGSAUDE_MODE
510517;MT;0009;MT-0009;22;14;0009;False;CNES_ST_REGSAUDE_MODE
510520;MT;0007;MT-0007;17;16;0007;False;CNES_ST_REGSAUDE_MODE
510523;MT;0002;MT-0002;6;4;0002;False;CNES_ST_REGSAUDE_MODE
510525;MT;0014;MT-0014;196;188;0014;False;CNES_ST_REGSAUDE_MODE
510530;MT;0016;MT-0016;5;3;0006|0016;True;CNES_ST_REGSAUDE_MODE
510550;MT;0012;MT-0012;18;12;0001|0012;True;CNES_ST_REGSAUDE_MODE
510558;MT;0014;MT-0014;16;13;0014;False;CNES_ST_REGSAUDE_MODE
510560;MT;0011;MT-0011;25;18;0011;False;CNES_ST_REGSAUDE_MODE
510562;MT;0002;MT-0002;60;58;0002;False;CNES_ST_REGSAUDE_MODE
510590;MT;0013;MT-0013;21;9;0013;False;CNES_ST_REGSAUDE_MODE
510600;MT;0013;MT-0013;10;5;0013;False;CNES_ST_REGSAUDE_MODE
510610;MT;0001;MT-0001;11;7;0001;False;CNES_ST_REGSAUDE_MODE
510615;MT;0004;MT-0004;23;16;0004;False;CNES_ST_REGSAUDE_MODE
510617;MT;0003;MT-0003;10;4;0001|0003|0013;True;CNES_ST_REGSAUDE_MODE
510618;MT;0012;MT-0012;13;9;0012;False;CNES_ST_REGSAUDE_MODE
510619;MT;0015;MT-0015;8;7;0015;False;CNES_ST_REGSAUDE_MODE
510620;MT;0001;MT-0001;11;7;0001;False;CNES_ST_REGSAUDE_MODE
510621;MT;0015;MT-0015;18;9;0015;False;CNES_ST_REGSAUDE_MODE
510622;MT;0014;MT-0014;151;147;0001|0004|0014|0016;True;CNES_ST_REGSAUDE_MODE
510623;MT;0005;MT-0005;21;11;0005|0008;True;CNES_ST_REGSAUDE_MODE
510624;MT;0014;MT-0014;19;12;0014;False;CNES_ST_REGSAUDE_MODE
510625;MT;0008;MT-0008;20;12;0008;False;CNES_ST_REGSAUDE_MODE
510626;MT;0011;MT-0011;9;5;0011;False;CNES_ST_REGSAUDE_MODE
510627;MT;0010;MT-0010;10;5;0010|0011;True;CNES_ST_REGSAUDE_MODE
510628;MT;0008;MT-0008;11;6;0003|0008;True;CNES_ST_REGSAUDE_MODE
510629;MT;0004;MT-0004;20;12;0004;False;CNES_ST_REGSAUDE_MODE
510630;MT;0007;MT-0007;31;14;0007;False;CNES_ST_REGSAUDE_MODE
510631;MT;0006;MT-0006;4;1;0006|0016;True;CNES_ST_REGSAUDE_MODE
510637;MT;0007;MT-0007;19;7;0003|0007;True;CNES_ST_REGSAUDE_MODE
510642;MT;0011;MT-0011;29;18;0011;False;CNES_ST_REGSAUDE_MODE
510645;MT;0001;MT-0001;8;6;0001;False;CNES_ST_REGSAUDE_MODE
510650;MT;0001;MT-0001;30;21;0001;False;CNES_ST_REGSAUDE_MODE
510665;MT;0008;MT-0008;11;8;0008;False;CNES_ST_REGSAUDE_MODE
510670;MT;0008;MT-0008;8;5;0003|0008;True;CNES_ST_REGSAUDE_MODE
510675;MT;0012;MT-0012;77;76;0012;False;CNES_ST_REGSAUDE_MODE
510677;MT;0006;MT-0006;12;11;0006;False;CNES_ST_REGSAUDE_MODE
510680;MT;0010;MT-0010;12;8;0010|0011;True;CNES_ST_REGSAUDE_MODE
510682;MT;0002;MT-0002;14;9;0001|0002;True;CNES_ST_REGSAUDE_MODE
510685;MT;0005;MT-0005;11;7;0005;False;CNES_ST_REGSAUDE_MODE
510700;MT;0007;MT-0007;19;12;0007;False;CNES_ST_REGSAUDE_MODE
510704;MT;0007;MT-0007;156;105;0007;False;CNES_ST_REGSAUDE_MODE
510706;MT;0003;MT-0003;42;24;0003|0013;True;CNES_ST_REGSAUDE_MODE
510710;MT;0002;MT-0002;24;17;0002;False;CNES_ST_REGSAUDE_MODE
510715;MT;0002;MT-0002;4;4;0002;False;CNES_ST_REGSAUDE_MODE
510718;MT;0003;MT-0003;21;14;0003|0009;True;CNES_ST_REGSAUDE_MODE
510719;MT;0008;MT-0008;7;6;0008;False;CNES_ST_REGSAUDE_MODE
510720;MT;0002;MT-0002;7;5;0002;False;CNES_ST_REGSAUDE_MODE
510724;MT;0014;MT-0014;12;11;0014;False;CNES_ST_REGSAUDE_MODE
510726;MT;0005;MT-0005;5;4;0005|0008;True;CNES_ST_REGSAUDE_MODE
510729;MT;0007;MT-0007;4;3;0007;False;CNES_ST_REGSAUDE_MODE
510730;MT;0013;MT-0013;31;28;0013;False;CNES_ST_REGSAUDE_MODE
510735;MT;0006;MT-0006;9;5;0006;False;CNES_ST_REGSAUDE_MODE
510740;MT;0007;MT-0007;6;6;0007;False;CNES_ST_REGSAUDE_MODE
510757;MT;0012;MT-0012;9;4;0012;False;CNES_ST_REGSAUDE_MODE
510760;MT;0007;MT-0007;596;3;0007;False;CNES_ST_REGSAUDE_MODE
510770;MT;0013;MT-0013;18;10;0013;False;CNES_ST_REGSAUDE_MODE
510774;MT;0006;MT-0006;6;4;0006;False;CNES_ST_REGSAUDE_MODE
510775;MT;0002;MT-0002;10;8;0002;False;CNES_ST_REGSAUDE_MODE
510776;MT;0014;MT-0014;12;7;0014;False;CNES_ST_REGSAUDE_MODE
510777;MT;0006;MT-0006;8;8;0006;False;CNES_ST_REGSAUDE_MODE
510779;MT;0007;MT-0007;7;6;0007;False;CNES_ST_REGSAUDE_MODE
510780;MT;0001;MT-0001;13;12;0001;False;CNES_ST_REGSAUDE_MODE
510785;MT;0016;MT-0016;21;14;0016;False;CNES_ST_REGSAUDE_MODE
510787;MT;0005;MT-0005;49;45;0005;False;CNES_ST_REGSAUDE_MODE
510788;MT;0016;MT-0016;5;4;0016;False;CNES_ST_REGSAUDE_MODE
510790;MT;0014;MT-0014;506;485;0001|0003|0014|0017;True;CNES_ST_REGSAUDE_MODE
510792;MT;5114;MT-5114;175;91;0014|0061|0514|5114;True;CNES_ST_REGSAUDE_MODE
510794;MT;0010;MT-0010;19;15;0010;False;CNES_ST_REGSAUDE_MODE
510795;MT;0005;MT-0005;280;199;0005;False;CNES_ST_REGSAUDE_MODE
510800;MT;0014;MT-0014;26;17;0014;False;CNES_ST_REGSAUDE_MODE
510805;MT;0011;MT-0011;15;11;0011;False;CNES_ST_REGSAUDE_MODE
510810;MT;0007;MT-0007;7;6;0007;False;CNES_ST_REGSAUDE_MODE
510820;MT;0008;MT-0008;9;6;0008;False;CNES_ST_REGSAUDE_MODE
510830;MT;0014;MT-0014;11;4;0014;False;CNES_ST_REGSAUDE_MODE
510835;MT;0012;MT-0012;12;6;0012|0014;True;CNES_ST_REGSAUDE_MODE
510840;MT;0001;MT-0001;213;198;0001;False;CNES_ST_REGSAUDE_MODE
510850;MT;0014;MT-0014;17;7;0014;False;CNES_ST_REGSAUDE_MODE
510860;MT;0006;MT-0006;19;15;0006;False;CNES_ST_REGSAUDE_MODE
510880;MT;0015;MT-0015;5;3;0015;False;CNES_ST_REGSAUDE_MODE
510885;MT;0005;MT-0005;7;4;0005;False;CNES_ST_REGSAUDE_MODE
510890;MT;0013;MT-0013;12;10;0013;False;CNES_ST_REGSAUDE_MODE
510895;MT;0004;MT-0004;12;7;0004;False;CNES_ST_REGSAUDE_MODE
520005;GO;0001;GO-0001;16;4;0001|0007;True;CNES_ST_REGSAUDE_MODE
520010;GO;0003;GO-0003;16;4;0003;False;CNES_ST_REGSAUDE_MODE
520013;GO;0015;GO-0015;27;24;0015;False;CNES_ST_REGSAUDE_MODE
520015;GO;0011;GO-0011;3;2;0011;False;CNES_ST_REGSAUDE_MODE
520017;GO;0002;GO-0002;7;7;0002;False;CNES_ST_REGSAUDE_MODE
520020;GO;0006;GO-0006;4;3;0006|0015;True;CNES_ST_REGSAUDE_MODE
520025;GO;0018;GO-0018;52;41;0018;False;CNES_ST_REGSAUDE_MODE
520030;GO;0003;GO-0003;32;10;0003;False;CNES_ST_REGSAUDE_MODE
520050;GO;0006;GO-0006;3;2;0001|0006;True;CNES_ST_REGSAUDE_MODE
520055;GO;0012;GO-0012;6;3;0007|0012;True;CNES_ST_REGSAUDE_MODE
520060;GO;0002;GO-0002;9;1;0002;False;CNES_ST_REGSAUDE_MODE
520080;GO;0002;GO-0002;16;12;0002;False;CNES_ST_REGSAUDE_MODE
520082;GO;0012;GO-0012;4;3;0012;False;CNES_ST_REGSAUDE_MODE
520085;GO;0009;GO-0009;7;2;0009;False;CNES_ST_REGSAUDE_MODE
520090;GO;0010;GO-0010;4;3;0010;False;CNES_ST_REGSAUDE_MODE
520110;GO;0003;GO-0003;494;351;0001|0003|0005;True;CNES_ST_REGSAUDE_MODE
520120;GO;0007;GO-0007;1;1;0007;False;CNES_ST_REGSAUDE_MODE
520130;GO;0001;GO-0001;29;12;0001;False;CNES_ST_REGSAUDE_MODE
520140;GO;0001;GO-0001;301;36;0001|0623;True;CNES_ST_REGSAUDE_MODE
520145;GO;0015;GO-0015;3;2;0015;False;CNES_ST_REGSAUDE_MODE
520150;GO;0014;GO-0014;5;4;0014;False;CNES_ST_REGSAUDE_MODE
520160;GO;0001;GO-0001;12;4;0001;False;CNES_ST_REGSAUDE_MODE
520170;GO;0010;GO-0010;28;21;0010;False;CNES_ST_REGSAUDE_MODE
520180;GO;0001;GO-0001;10;6;0001;False;CNES_ST_REGSAUDE_MODE
520215;GO;0009;GO-0009;8;5;0009;False;CNES_ST_REGSAUDE_MODE
520235;GO;0010;GO-0010;6;2;0010;False;CNES_ST_REGSAUDE_MODE
520250;GO;0009;GO-0009;9;2;0009;False;CNES_ST_REGSAUDE_MODE
520260;GO;0022;GO-0022;7;7;0022;False;CNES_ST_REGSAUDE_MODE
520280;GO;0001;GO-0001;4;3;0001;False;CNES_ST_REGSAUDE_MODE
520310;GO;0010;GO-0010;13;10;0007|0010;True;CNES_ST_REGSAUDE_MODE
520320;GO;0004;GO-0004;9;6;0004;False;CNES_ST_REGSAUDE_MODE
520330;GO;0001;GO-0001;38;17;0001;False;CNES_ST_REGSAUDE_MODE
520340;GO;0010;GO-0010;13;7;0010;False;CNES_ST_REGSAUDE_MODE
520350;GO;0006;GO-0006;46;11;0006;False;CNES_ST_REGSAUDE_MODE
520355;GO;0001;GO-0001;9;4;0001;False;CNES_ST_REGSAUDE_MODE
520357;GO;0013;GO-0013;4;3;0013;False;CNES_ST_REGSAUDE_MODE
520360;GO;0001;GO-0001;4;2;0001;False;CNES_ST_REGSAUDE_MODE
520380;GO;0010;GO-0010;8;3;0010;False;CNES_ST_REGSAUDE_MODE
520390;GO;0006;GO-0006;12;3;0006|0015;True;CNES_ST_REGSAUDE_MODE
520393;GO;0022;GO-0022;6;4;0022;False;CNES_ST_REGSAUDE_MODE
520396;GO;0002;GO-0002;4;4;0002;False;CNES_ST_REGSAUDE_MODE
520400;GO;0002;GO-0002;8;4;0002|0004;True;CNES_ST_REGSAUDE_MODE
520410;GO;0015;GO-0015;11;5;0015;False;CNES_ST_REGSAUDE_MODE
520420;GO;0022;GO-0022;3;1;0022;False;CNES_ST_REGSAUDE_MODE
520425;GO;0006;GO-0006;13;8;0006;False;CNES_ST_REGSAUDE_MODE
520430;GO;0015;GO-0015;27;12;0015|0019;True;CNES_ST_REGSAUDE_MODE
520440;GO;0014;GO-0014;12;7;0014;False;CNES_ST_REGSAUDE_MODE
520450;GO;0007;GO-0007;179;123;0007|0016;True;CNES_ST_REGSAUDE_MODE
520455;GO;0001;GO-0001;3;1;0001;False;CNES_ST_REGSAUDE_MODE
520460;GO;0001;GO-0001;2;2;0001;False;CNES_ST_REGSAUDE_MODE
520465;GO;0013;GO-0013;8;8;0013;False;CNES_ST_REGSAUDE_MODE
520470;GO;0012;GO-0012;20;10;0007|0012;True;CNES_ST_REGSAUDE_MODE
520480;GO;0007;GO-0007;7;4;0007|0016;True;CNES_ST_REGSAUDE_MODE
520485;GO;0003;GO-0003;5;2;0003;False;CNES_ST_REGSAUDE_MODE
520490;GO;0016;GO-0016;23;11;0001|0005|0016;True;CNES_ST_REGSAUDE_MODE
520495;GO;0004;GO-0004;4;2;0004|0020;True;CNES_ST_REGSAUDE_MODE
520500;GO;0004;GO-0004;7;5;0004;False;CNES_ST_REGSAUDE_MODE
520505;GO;0015;GO-0015;5;2;0010|0015;True;CNES_ST_REGSAUDE_MODE
520510;GO;0007;GO-0007;516;512;0007;False;CNES_ST_REGSAUDE_MODE
520520;GO;0001;GO-0001;9;4;0001;False;CNES_ST_REGSAUDE_MODE
520530;GO;0016;GO-0016;8;5;0016;False;CNES_ST_REGSAUDE_MODE
520540;GO;0004;GO-0004;163;24;0004;False;CNES_ST_REGSAUDE_MODE
520545;GO;0001;GO-0001;13;1;0001;False;CNES_ST_REGSAUDE_MODE
520547;GO;0014;GO-0014;12;4;0014;False;CNES_ST_REGSAUDE_MODE
520549;GO;0018;GO-0018;42;34;0018|0019;True;CNES_ST_REGSAUDE_MODE
520551;GO;0009;GO-0009;19;9;0003|0009;True;CNES_ST_REGSAUDE_MODE
520552;GO;0012;GO-0012;7;6;0007|0012;True;CNES_ST_REGSAUDE_MODE
520570;GO;0022;GO-0022;4;1;0022;False;CNES_ST_REGSAUDE_MODE
520580;GO;0003;GO-0003;12;7;0003;False;CNES_ST_REGSAUDE_MODE
520590;GO;0007;GO-0007;10;7;0007;False;CNES_ST_REGSAUDE_MODE
520620;GO;0018;GO-0018;61;35;0018;False;CNES_ST_REGSAUDE_MODE
520630;GO;0001;GO-0001;5;3;0001;False;CNES_ST_REGSAUDE_MODE
520640;GO;0004;GO-0004;40;16;0004;False;CNES_ST_REGSAUDE_MODE
520650;GO;0001;GO-0001;11;6;0001;False;CNES_ST_REGSAUDE_MODE
520660;GO;0007;GO-0007;4;4;0007;False;CNES_ST_REGSAUDE_MODE
520670;GO;0002;GO-0002;5;5;0002;False;CNES_ST_REGSAUDE_MODE
520680;GO;0001;GO-0001;9;5;0001;False;CNES_ST_REGSAUDE_MODE
520690;GO;0007;GO-0007;3;3;0007;False;CNES_ST_REGSAUDE_MODE
520710;GO;0010;GO-0010;4;3;0010;False;CNES_ST_REGSAUDE_MODE
520725;GO;0014;GO-0014;8;6;0014;False;CNES_ST_REGSAUDE_MODE
520735;GO;0001;GO-0001;9;5;0001;False;CNES_ST_REGSAUDE_MODE
520740;GO;0001;GO-0001;20;12;0001;False;CNES_ST_REGSAUDE_MODE
520750;GO;0013;GO-0013;4;4;0013;False;CNES_ST_REGSAUDE_MODE
520753;GO;0009;GO-0009;9;3;0009|0010;True;CNES_ST_REGSAUDE_MODE
520760;GO;0010;GO-0010;6;4;0010;False;CNES_ST_REGSAUDE_MODE
520780;GO;0022;GO-0022;15;6;0009|0022;True;CNES_ST_REGSAUDE_MODE
520790;GO;0002;GO-0002;11;5;0002|0004;True;CNES_ST_REGSAUDE_MODE
520800;GO;0002;GO-0002;135;39;0002;False;CNES_ST_REGSAUDE_MODE
520810;GO;0013;GO-0013;8;6;0013;False;CNES_ST_REGSAUDE_MODE
520815;GO;0003;GO-0003;8;7;0003;False;CNES_ST_REGSAUDE_MODE
520830;GO;0016;GO-0016;6;6;0016;False;CNES_ST_REGSAUDE_MODE
520840;GO;0003;GO-0003;14;6;0003;False;CNES_ST_REGSAUDE_MODE
520850;GO;0007;GO-0007;5;5;0007;False;CNES_ST_REGSAUDE_MODE
520860;GO;0004;GO-0004;106;35;0004;False;CNES_ST_REGSAUDE_MODE
520870;GO;0001;GO-0001;3669;12;0001;False;CNES_ST_REGSAUDE_MODE
520880;GO;0001;GO-0001;42;34;0001;False;CNES_ST_REGSAUDE_MODE
520890;GO;0009;GO-0009;37;12;0009|0010;True;CNES_ST_REGSAUDE_MODE
520910;GO;0006;GO-0006;118;30;0006;False;CNES_ST_REGSAUDE_MODE
520915;GO;0006;GO-0006;5;4;0006;False;CNES_ST_REGSAUDE_MODE
520920;GO;0001;GO-0001;17;11;0001;False;CNES_ST_REGSAUDE_MODE
520929;GO;0010;GO-0010;4;3;0010;False;CNES_ST_REGSAUDE_MODE
520940;GO;0002;GO-0002;4;4;0002;False;CNES_ST_REGSAUDE_MODE
520945;GO;0004;GO-0004;3;1;0004;False;CNES_ST_REGSAUDE_MODE
520960;GO;0010;GO-0010;6;3;0009|0010;True;CNES_ST_REGSAUDE_MODE
520970;GO;0001;GO-0001;26;15;0001;False;CNES_ST_REGSAUDE_MODE
520980;GO;0012;GO-0012;9;7;0012;False;CNES_ST_REGSAUDE_MODE
520990;GO;0002;GO-0002;8;6;0002;False;CNES_ST_REGSAUDE_MODE
520993;GO;0006;GO-0006;9;7;0006;False;CNES_ST_REGSAUDE_MODE
520995;GO;0001;GO-0001;19;9;0001|0011;True;CNES_ST_REGSAUDE_MODE
521000;GO;;;84;0;;False;CNES_ST_REGSAUDE_MODE
521010;GO;0007;GO-0007;87;87;0007;False;CNES_ST_REGSAUDE_MODE
521015;GO;0004;GO-0004;4;4;0004;False;CNES_ST_REGSAUDE_MODE
521020;GO;0010;GO-0010;73;66;0010;False;CNES_ST_REGSAUDE_MODE
521030;GO;0010;GO-0010;5;3;0010;False;CNES_ST_REGSAUDE_MODE
521040;GO;0009;GO-0009;58;18;0001|0009|0010;True;CNES_ST_REGSAUDE_MODE
521056;GO;0010;GO-0010;7;4;0010;False;CNES_ST_REGSAUDE_MODE
521060;GO;0004;GO-0004;11;3;0004;False;CNES_ST_REGSAUDE_MODE
521080;GO;0015;GO-0015;7;3;0015;False;CNES_ST_REGSAUDE_MODE
521090;GO;0004;GO-0004;23;7;0004;False;CNES_ST_REGSAUDE_MODE
521100;GO;0009;GO-0009;9;2;0009|0010;True;CNES_ST_REGSAUDE_MODE
521120;GO;0009;GO-0009;37;14;0009|0010;True;CNES_ST_REGSAUDE_MODE
521130;GO;0015;GO-0015;10;5;0015;False;CNES_ST_REGSAUDE_MODE
521140;GO;0001;GO-0001;8;4;0001;False;CNES_ST_REGSAUDE_MODE
521150;GO;0006;GO-0006;450;150;0006|0015;True;CNES_ST_REGSAUDE_MODE
521160;GO;0010;GO-0010;7;4;0010;False;CNES_ST_REGSAUDE_MODE
521170;GO;0001;GO-0001;7;5;0001;False;CNES_ST_REGSAUDE_MODE
521180;GO;0004;GO-0004;48;25;0004;False;CNES_ST_REGSAUDE_MODE
521190;GO;0014;GO-0014;234;116;0014;False;CNES_ST_REGSAUDE_MODE
521200;GO;0010;GO-0010;3;2;0010;False;CNES_ST_REGSAUDE_MODE
521205;GO;0001;GO-0001;3;3;0001;False;CNES_ST_REGSAUDE_MODE
521210;GO;0006;GO-0006;10;6;0006|0021;True;CNES_ST_REGSAUDE_MODE
521220;GO;0009;GO-0009;33;12;0009|0010;True;CNES_ST_REGSAUDE_MODE
521225;GO;0014;GO-0014;3;3;0014;False;CNES_ST_REGSAUDE_MODE
521230;GO;0001;GO-0001;7;3;0001;False;CNES_ST_REGSAUDE_MODE
521250;GO;0018;GO-0018;302;294;0018|0189;True;CNES_ST_REGSAUDE_MODE
521260;GO;0001;GO-0001;4;4;0001;False;CNES_ST_REGSAUDE_MODE
521270;GO;0002;GO-0002;7;7;0002;False;CNES_ST_REGSAUDE_MODE
521280;GO;0012;GO-0012;19;13;0012;False;CNES_ST_REGSAUDE_MODE
521290;GO;0007;GO-0007;3;3;0007;False;CNES_ST_REGSAUDE_MODE
521295;GO;0009;GO-0009;7;3;0009|0010;True;CNES_ST_REGSAUDE_MODE
521300;GO;0015;GO-0015;12;8;0015;False;CNES_ST_REGSAUDE_MODE
521305;GO;0009;GO-0009;4;1;0003|0009;True;CNES_ST_REGSAUDE_MODE
521308;GO;0013;GO-0013;33;22;0013;False;CNES_ST_REGSAUDE_MODE
521310;GO;0014;GO-0014;119;16;0014;False;CNES_ST_REGSAUDE_MODE
521340;GO;0022;GO-0022;6;6;0022;False;CNES_ST_REGSAUDE_MODE
521350;GO;0016;GO-0016;7;5;0016;False;CNES_ST_REGSAUDE_MODE
521370;GO;0010;GO-0010;11;7;0010;False;CNES_ST_REGSAUDE_MODE
521375;GO;0015;GO-0015;13;9;0014|0015;True;CNES_ST_REGSAUDE_MODE
521377;GO;0013;GO-0013;6;4;0013;False;CNES_ST_REGSAUDE_MODE
521380;GO;0006;GO-0006;80;60;0005|0006|0015;True;CNES_ST_REGSAUDE_MODE
521385;GO;0004;GO-0004;3;3;0004;False;CNES_ST_REGSAUDE_MODE
521390;GO;0009;GO-0009;6;2;0009;False;CNES_ST_REGSAUDE_MODE
521400;GO;0009;GO-0009;19;9;0009;False;CNES_ST_REGSAUDE_MODE
521405;GO;0013;GO-0013;6;4;0013;False;CNES_ST_REGSAUDE_MODE
521410;GO;0013;GO-0013;6;6;0013;False;CNES_ST_REGSAUDE_MODE
521440;GO;0001;GO-0001;9;5;0001;False;CNES_ST_REGSAUDE_MODE
521450;GO;0001;GO-0001;30;10;0001;False;CNES_ST_REGSAUDE_MODE
521460;GO;0007;GO-0007;53;25;0007|0012;True;CNES_ST_REGSAUDE_MODE
521470;GO;0004;GO-0004;5;2;0004;False;CNES_ST_REGSAUDE_MODE
521480;GO;0007;GO-0007;4;4;0007;False;CNES_ST_REGSAUDE_MODE
521483;GO;0010;GO-0010;11;8;0009|0010;True;CNES_ST_REGSAUDE_MODE
521486;GO;0004;GO-0004;5;1;0004;False;CNES_ST_REGSAUDE_MODE
521487;GO;0007;GO-0007;2;2;0007;False;CNES_ST_REGSAUDE_MODE
521490;GO;0002;GO-0002;6;6;0002;False;CNES_ST_REGSAUDE_MODE
521500;GO;0001;GO-0001;8;8;0001;False;CNES_ST_REGSAUDE_MODE
521520;GO;0010;GO-0010;5;2;0008|0010;True;CNES_ST_REGSAUDE_MODE
521523;GO;0018;GO-0018;42;29;0018;False;CNES_ST_REGSAUDE_MODE
521525;GO;0013;GO-0013;6;5;0013;False;CNES_ST_REGSAUDE_MODE
521530;GO;0001;GO-0001;35;29;0001;False;CNES_ST_REGSAUDE_MODE
521540;GO;0001;GO-0001;6;3;0001;False;CNES_ST_REGSAUDE_MODE
521550;GO;0007;GO-0007;10;10;0007;False;CNES_ST_REGSAUDE_MODE
521560;GO;0003;GO-0003;24;12;0003|0009;True;CNES_ST_REGSAUDE_MODE
521565;GO;0010;GO-0010;3;3;0010;False;CNES_ST_REGSAUDE_MODE
521570;GO;0011;GO-0011;29;5;0011|0022;True;CNES_ST_REGSAUDE_MODE
521580;GO;0007;GO-0007;6;4;0007;False;CNES_ST_REGSAUDE_MODE
521590;GO;0012;GO-0012;8;2;0011|0012;True;CNES_ST_REGSAUDE_MODE
521600;GO;0006;GO-0006;3;3;0006;False;CNES_ST_REGSAUDE_MODE
521630;GO;0015;GO-0015;14;8;0001|0013|0015;True;CNES_ST_REGSAUDE_MODE
521640;GO;0022;GO-0022;21;8;0022;False;CNES_ST_REGSAUDE_MODE
521645;GO;0014;GO-0014;4;4;0014;False;CNES_ST_REGSAUDE_MODE
521680;GO;0001;GO-0001;11;5;0001;False;CNES_ST_REGSAUDE_MODE
521690;GO;0004;GO-0004;4;2;0004;False;CNES_ST_REGSAUDE_MODE
521710;GO;0001;GO-0001;33;21;0001;False;CNES_ST_REGSAUDE_MODE
521720;GO;0010;GO-0010;10;9;0008|0010;True;CNES_ST_REGSAUDE_MODE
521730;GO;0003;GO-0003;36;12;0003|0004|0009|0203;True;CNES_ST_REGSAUDE_MODE
521740;GO;0007;GO-0007;76;10;0007|0008;True;CNES_ST_REGSAUDE_MODE
521760;GO;0002;GO-0002;56;35;0002|0016;True;CNES_ST_REGSAUDE_MODE
521770;GO;0001;GO-0001;29;19;0001;False;CNES_ST_REGSAUDE_MODE
521800;GO;0013;GO-0013;80;38;0004|0006|0013;True;CNES_ST_REGSAUDE_MODE
521805;GO;0006;GO-0006;6;6;0006;False;CNES_ST_REGSAUDE_MODE
521810;GO;0014;GO-0014;3;3;0014;False;CNES_ST_REGSAUDE_MODE
521830;GO;0002;GO-0002;35;21;0002;False;CNES_ST_REGSAUDE_MODE
521839;GO;0001;GO-0001;6;5;0001;False;CNES_ST_REGSAUDE_MODE
521850;GO;0015;GO-0015;120;89;0001|0015;True;CNES_ST_REGSAUDE_MODE
521860;GO;0004;GO-0004;17;8;0004;False;CNES_ST_REGSAUDE_MODE
521870;GO;0004;GO-0004;3;1;0004;False;CNES_ST_REGSAUDE_MODE
521878;GO;0007;GO-0007;7;5;0007;False;CNES_ST_REGSAUDE_MODE
521880;GO;0001;GO-0001;844;465;0001|0011|0015;True;CNES_ST_REGSAUDE_MODE
521890;GO;0004;GO-0004;38;15;0004|0006;True;CNES_ST_REGSAUDE_MODE
521900;GO;0022;GO-0022;11;5;0009|0011|0022;True;CNES_ST_REGSAUDE_MODE
521910;GO;0001;GO-0001;5;4;0001;False;CNES_ST_REGSAUDE_MODE
521920;GO;0007;GO-0007;4;3;0007;False;CNES_ST_REGSAUDE_MODE
521925;GO;0009;GO-0009;4;4;0009;False;CNES_ST_REGSAUDE_MODE
521930;GO;0015;GO-0015;66;39;0001|0015;True;CNES_ST_REGSAUDE_MODE
521935;GO;0004;GO-0004;3;2;0004;False;CNES_ST_REGSAUDE_MODE
521940;GO;0014;GO-0014;4;1;0014;False;CNES_ST_REGSAUDE_MODE
521945;GO;0004;GO-0004;5;4;0004;False;CNES_ST_REGSAUDE_MODE
521950;GO;0001;GO-0001;3;3;0001;False;CNES_ST_REGSAUDE_MODE
521960;GO;0013;GO-0013;4;4;0013;False;CNES_ST_REGSAUDE_MODE
521970;GO;0004;GO-0004;9;8;0004;False;CNES_ST_REGSAUDE_MODE
521971;GO;0015;GO-0015;3;3;0015;False;CNES_ST_REGSAUDE_MODE
521973;GO;0001;GO-0001;5;5;0001;False;CNES_ST_REGSAUDE_MODE
521975;GO;0018;GO-0018;47;33;0018;False;CNES_ST_REGSAUDE_MODE
521980;GO;0017;GO-0017;9;7;0008|0017;True;CNES_ST_REGSAUDE_MODE
521990;GO;0001;GO-0001;6;5;0001;False;CNES_ST_REGSAUDE_MODE
522000;GO;0002;GO-0002;11;8;0002;False;CNES_ST_REGSAUDE_MODE
522005;GO;0022;GO-0022;3;1;0022;False;CNES_ST_REGSAUDE_MODE
522010;GO;0022;GO-0022;68;50;0011|0012|0022;True;CNES_ST_REGSAUDE_MODE
522015;GO;0004;GO-0004;8;3;0004;False;CNES_ST_REGSAUDE_MODE
522020;GO;0013;GO-0013;43;16;0013;False;CNES_ST_REGSAUDE_MODE
522026;GO;0001;GO-0001;7;1;0001;False;CNES_ST_REGSAUDE_MODE
522028;GO;0004;GO-0004;2;2;0004;False;CNES_ST_REGSAUDE_MODE
522040;GO;0015;GO-0015;44;21;0015;False;CNES_ST_REGSAUDE_MODE
522045;GO;0001;GO-0001;109;88;0001|7525;True;CNES_ST_REGSAUDE_MODE
522050;GO;0014;GO-0014;8;4;0014;False;CNES_ST_REGSAUDE_MODE
522060;GO;0001;GO-0001;26;16;0001;False;CNES_ST_REGSAUDE_MODE
522068;GO;0002;GO-0002;5;4;0002;False;CNES_ST_REGSAUDE_MODE
522070;GO;0002;GO-0002;4;3;0002;False;CNES_ST_REGSAUDE_MODE
522100;GO;0001;GO-0001;6;4;0001;False;CNES_ST_REGSAUDE_MODE
522108;GO;0016;GO-0016;6;2;0016;False;CNES_ST_REGSAUDE_MODE
522119;GO;0003;GO-0003;7;3;0003|0009;True;CNES_ST_REGSAUDE_MODE
522130;GO;0007;GO-0007;7;5;0007;False;CNES_ST_REGSAUDE_MODE
522140;GO;0001;GO-0001;97;47;0001;False;CNES_ST_REGSAUDE_MODE
522145;GO;0013;GO-0013;7;5;0013;False;CNES_ST_REGSAUDE_MODE
522150;GO;0022;GO-0022;7;3;0010|0012|0022;True;CNES_ST_REGSAUDE_MODE
522155;GO;0015;GO-0015;5;3;0015;False;CNES_ST_REGSAUDE_MODE
522157;GO;0008;GO-0008;3;1;0004|0008|0020;True;CNES_ST_REGSAUDE_MODE
522160;GO;0012;GO-0012;95;90;0003|0012;True;CNES_ST_REGSAUDE_MODE
522170;GO;0004;GO-0004;13;8;0004;False;CNES_ST_REGSAUDE_MODE
522180;GO;0007;GO-0007;6;2;0007;False;CNES_ST_REGSAUDE_MODE
522185;GO;0018;GO-0018;114;105;0008|0018;True;CNES_ST_REGSAUDE_MODE
522190;GO;0001;GO-0001;4;2;0001;False;CNES_ST_REGSAUDE_MODE
522200;GO;0001;GO-0001;14;9;0001;False;CNES_ST_REGSAUDE_MODE
522205;GO;0001;GO-0001;13;8;0001;False;CNES_ST_REGSAUDE_MODE
522220;GO;0002;GO-0002;6;6;0002;False;CNES_ST_REGSAUDE_MODE
522230;GO;0004;GO-0004;5;4;0004;False;CNES_ST_REGSAUDE_MODE
530010;DF;0006;DF-0006;3619;48;0001|0002|0003|0004|0005|0006|0007|0008|0009|0010|0053|1965;True;CNES_ST_REGSAUDE_MODE
