distance_min_km,edge_type,source_health_region_id,target_health_region_id,flow,edges,source_region_total,share_of_source_region_flow,weighted_mean_distance_km
25.0,residence,PE-0002,PE-0001,24832.0,595,28252.0,0.878947,59.198128
25.0,residence,RS-0002,RS-0001,22908.0,325,29064.0,0.788192,44.475156
25.0,residence,GO-0018,DF-0006,22820.0,127,28748.0,0.793794,47.771108
25.0,residence,SP-0201,SP-0101,22354.0,460,29701.0,0.752635,33.031688
25.0,residence,PE-0004,PE-0001,19561.0,573,37344.0,0.523806,128.924288
25.0,residence,PE-0003,PE-0001,14878.0,419,19886.0,0.748165,80.035568
25.0,residence,CE-0002,CE-0001,14584.0,190,16468.0,0.885596,53.118978
25.0,residence,SP-0211,SP-0216,11838.0,110,15360.0,0.770703,58.871395
25.0,residence,RN-0001,RN-0007,10610.0,311,13489.0,0.786567,55.158478
25.0,residence,PA-0002,PA-0001,9742.0,174,11577.0,0.841496,69.429966
25.0,residence,BA-0003,BA-0001,8695.0,365,12738.0,0.682603,106.185108
25.0,residence,RN-0003,RN-0007,8633.0,267,9497.0,0.909024,83.704217
25.0,residence,BA-0012,BA-0001,7268.0,329,13420.0,0.54158,218.413369
25.0,residence,PE-0005,PE-0001,6760.0,266,14225.0,0.47522,206.402987
25.0,residence,MG-0015,MG-0002,6283.0,343,21650.0,0.290208,118.305087
25.0,residence,PA-0003,PA-0001,6050.0,141,10576.0,0.57205,85.390396
25.0,residence,BA-0015,PE-0008,6015.0,33,20536.0,0.2929,79.354238
25.0,residence,PA-0005,PA-0001,6012.0,176,24496.0,0.245428,156.267915
25.0,residence,PR-0020,PR-0010,5971.0,108,11993.0,0.497874,69.064549
25.0,residence,BA-0002,BA-0001,5950.0,257,11656.0,0.510467,110.443018
25.0,residence,RS-0018,RS-0001,5798.0,181,10553.0,0.549417,102.700951
25.0,residence,PR-0001,PR-0002,5597.0,107,7622.0,0.734322,75.314266
25.0,residence,PA-0004,PA-0001,5283.0,182,13654.0,0.38692,176.52319
25.0,residence,MG-0014,MG-0002,5104.0,256,13691.0,0.3728,119.137674
25.0,residence,MG-0030,MG-0006,5090.0,110,11929.0,0.426691,143.818958
25.0,residence,PE-0006,PE-0001,5064.0,183,12246.0,0.413523,272.519786
25.0,residence,CE-0003,CE-0001,4911.0,113,7442.0,0.659903,45.38545
25.0,residence,PR-0003,PR-0002,4908.0,109,11071.0,0.44332,93.24474
25.0,residence,ES-0001,ES-0003,4830.0,75,57029.0,0.084694,61.573117
25.0,residence,SP-0105,SP-0101,4823.0,84,5262.0,0.916572,30.787651
25.0,residence,PB-0002,PB-0001,4716.0,231,5632.0,0.837358,84.472341
25.0,residence,ES-0002,ES-0001,4658.0,207,14793.0,0.314879,106.177697
25.0,residence,PA-0006,PA-0001,4653.0,81,9622.0,0.483579,95.111441
25.0,residence,GO-0002,DF-0006,4615.0,77,15106.0,0.305508,78.261905
25.0,residence,CE-0010,CE-0001,4563.0,174,6119.0,0.74571,197.504877
25.0,residence,SP-0205,SP-0005,4472.0,33,5616.0,0.796296,41.761843
25.0,residence,CE-0008,CE-0001,4425.0,145,8976.0,0.492981,186.664933
25.0,residence,CE-0013,CE-0011,4353.0,40,8036.0,0.541687,82.093953
25.0,residence,ES-0001,ES-0002,4352.0,90,57029.0,0.076312,53.737875
25.0,residence,CE-0012,CE-0011,4294.0,31,7123.0,0.602836,77.768296
25.0,residence,CE-0009,CE-0001,4292.0,99,6786.0,0.632479,143.392406
25.0,residence,PE-0012,PE-0001,4291.0,121,5218.0,0.822346,75.332367
25.0,residence,PI-0006,PI-0004,4251.0,167,6044.0,0.703342,102.603809
25.0,residence,RN-0005,RN-0007,4235.0,199,6662.0,0.635695,84.109171
25.0,residence,GO-0009,GO-0001,4220.0,194,6239.0,0.67639,151.794037
25.0,residence,PI-0005,PI-0004,4191.0,149,6211.0,0.674771,110.832661
25.0,residence,AL-0002,AL-0001,4176.0,115,7456.0,0.560086,55.749973
25.0,residence,MG-0009,MG-0002,4056.0,201,7846.0,0.516951,94.428613
25.0,residence,PE-0008,BA-0015,3955.0,19,21485.0,0.184082,60.631826
25.0,residence,MA-0003,MA-0001,3839.0,138,7589.0,0.505864,117.959516
25.0,residence,CE-0006,CE-0001,3785.0,101,4121.0,0.918466,120.352576
25.0,residence,SE-0002,SE-0008,3714.0,74,4957.0,0.749243,53.345743
25.0,residence,GO-0018,GO-0001,3587.0,110,28748.0,0.124774,152.421578
25.0,residence,PR-0021,PR-0002,3535.0,79,6770.0,0.522157,173.581009
25.0,residence,SP-0218,SP-0213,3518.0,19,3566.0,0.98654,41.526779
25.0,residence,SP-0217,SP-3517,3481.0,42,11663.0,0.298465,47.973078
25.0,residence,GO-0007,GO-0001,3473.0,129,9427.0,0.36841,158.44565
25.0,residence,SP-0102,SP-0101,3473.0,64,3943.0,0.880801,28.804404
25.0,residence,SE-0001,SE-0008,3468.0,64,6698.0,0.517766,76.777975
25.0,residence,SP-0101,SP-0201,3431.0,17,49979.0,0.068649,38.019298
25.0,residence,PB-0012,PB-0001,3425.0,138,5027.0,0.681321,50.830248
25.0,residence,SC-0023,SC-0022,3336.0,19,3791.0,0.879979,36.728845
25.0,residence,PI-0002,PI-0004,3291.0,122,6854.0,0.480158,134.199735
25.0,residence,AM-0007,AM-0001,3283.0,130,13884.0,0.236459,117.25938
25.0,residence,PA-0011,PA-0001,3278.0,138,39231.0,0.083556,442.520861
25.0,residence,BA-0016,BA-0001,3234.0,186,7777.0,0.415842,295.762389
25.0,residence,RN-0004,RN-0007,3191.0,162,7056.0,0.452239,182.760022
25.0,residence,CE-0007,CE-0001,3181.0,80,3740.0,0.850535,119.04123
25.0,residence,PR-0019,PR-0017,3129.0,97,9881.0,0.316668,125.015445
25.0,residence,GO-0006,GO-0001,3063.0,133,6109.0,0.501391,161.927196
25.0,residence,CE-0004,CE-0001,3062.0,121,4032.0,0.759425,84.11366
25.0,residence,MG-0004,MG-0002,3044.0,207,17699.0,0.171987,245.671982
25.0,residence,SE-0003,SE-0008,2997.0,59,3442.0,0.870715,41.379758
25.0,residence,BA-0004,BA-0001,2965.0,179,6482.0,0.457421,77.282906
25.0,residence,PE-0005,PE-0004,2951.0,69,14225.0,0.207452,97.59681
25.0,residence,PA-0005,PA-0003,2940.0,37,24496.0,0.12002,94.852184
25.0,residence,SE-0004,SE-0008,2908.0,64,5064.0,0.57425,111.145953
25.0,residence,MA-0002,MA-0001,2896.0,115,5075.0,0.57064,69.240698
25.0,residence,ES-0004,ES-0001,2895.0,97,11734.0,0.246719,156.200072
25.0,residence,ES-0003,ES-0001,2861.0,156,13165.0,0.217319,138.86922
25.0,residence,BA-0012,BA-0002,2858.0,86,13420.0,0.212966,111.85032
25.0,residence,GO-0002,GO-0001,2854.0,124,15106.0,0.188932,300.91398
25.0,residence,BA-0021,BA-0001,2815.0,184,8804.0,0.319741,413.001204
25.0,residence,SE-0005,SE-0008,2800.0,83,3656.0,0.765864,65.65754
25.0,residence,PR-0014,PR-0015,2791.0,107,8566.0,0.325823,90.710119
25.0,residence,BA-0031,BA-0001,2747.0,159,5874.0,0.467654,76.658656
25.0,residence,MA-0009,MA-0001,2732.0,127,13358.0,0.204522,139.752489
25.0,residence,ES-0004,ES-0003,2724.0,21,11734.0,0.232146,112.707681
25.0,residence,MA-0010,MA-0011,2724.0,36,10972.0,0.248268,109.195658
25.0,residence,AL-0003,AL-0001,2718.0,102,5255.0,0.517222,111.628989
25.0,residence,CE-0015,CE-0011,2710.0,43,3804.0,0.712408,155.633279
25.0,residence,RS-0003,RS-0043,2694.0,67,19290.0,0.139658,76.963527
25.0,residence,CE-0005,CE-0001,2679.0,77,5097.0,0.525603,146.894015
25.0,residence,PR-0018,PR-0017,2655.0,89,7866.0,0.337529,69.060898
25.0,residence,BA-0014,BA-0020,2653.0,72,4253.0,0.623795,89.294336
25.0,residence,MA-0007,MA-0001,2633.0,122,5217.0,0.504696,109.95613
25.0,residence,SP-0219,SP-0204,2630.0,24,4105.0,0.640682,45.785217
25.0,residence,PA-0007,PA-0001,2606.0,100,7838.0,0.332483,96.161818
25.0,residence,SP-0216,SP-0101,2592.0,183,30394.0,0.08528,111.907669
25.0,residence,MG-0003,MG-0002,2553.0,130,7804.0,0.32714,93.647681
25.0,residence,SP-0216,SP-0206,2516.0,70,30394.0,0.082779,157.99054
25.0,residence,MT-0014,MT-5114,2509.0,14,10021.0,0.250374,106.660969
25.0,residence,MS-0010,MS-0001,2485.0,40,3449.0,0.720499,208.33495
25.0,residence,MG-0024,MG-0018,2480.0,57,13305.0,0.186396,92.150527
25.0,residence,CE-0003,CE-2301,2441.0,16,7442.0,0.328003,34.591272
25.0,residence,BA-0011,BA-0001,2434.0,167,6250.0,0.38944,235.300059
25.0,residence,BA-0018,BA-0001,2427.0,156,5858.0,0.414305,239.199325
25.0,residence,PE-0011,PE-0001,2401.0,100,6438.0,0.372942,376.974223
25.0,residence,GO-0010,GO-0001,2397.0,167,3417.0,0.701493,232.750906
25.0,residence,MG-0027,MG-0018,2397.0,48,3532.0,0.678652,53.150588
25.0,residence,GO-0015,GO-0001,2365.0,161,3874.0,0.61048,168.497584
25.0,residence,RJ-0033,RJ-0019,2358.0,51,3854.0,0.611832,38.248336
25.0,residence,PB-0004,PB-0003,2338.0,88,2845.0,0.821793,75.906766
25.0,residence,CE-0016,CE-0011,2323.0,20,3804.0,0.610673,92.227375
25.0,residence,PI-0003,PI-0004,2310.0,68,3669.0,0.629599,162.398738
25.0,residence,GO-0003,GO-0001,2284.0,101,5353.0,0.426677,61.289443
25.0,residence,MA-0006,MA-0001,2262.0,135,6207.0,0.364427,101.931459
25.0,residence,AL-0002,AL-0007,2252.0,26,7456.0,0.302039,37.295616
25.0,residence,SP-0207,SP-0101,2244.0,164,14290.0,0.157033,73.83709
25.0,residence,SP-0212,SP-0207,2230.0,52,11657.0,0.191301,36.153048
25.0,residence,MS-0005,MS-0001,2226.0,37,4116.0,0.540816,142.156309
25.0,residence,MA-0004,MA-0001,2205.0,102,10482.0,0.210361,208.750963
25.0,residence,SE-0006,SE-0008,2202.0,33,2588.0,0.85085,91.970477
25.0,residence,PE-0010,PE-0001,2192.0,113,5161.0,0.424724,287.153386
25.0,residence,RN-0006,RN-0002,2174.0,124,6037.0,0.360113,131.225658
25.0,residence,SP-0104,SP-0101,2170.0,60,2457.0,0.883191,30.180601
25.0,residence,PR-0004,PR-0002,2095.0,74,5068.0,0.413378,143.247489
25.0,residence,TO-0001,TO-0003,2060.0,27,17379.0,0.118534,102.84636
25.0,residence,PA-0013,PA-0001,2049.0,66,6188.0,0.331125,166.378154
25.0,residence,PI-0009,PI-0004,2013.0,98,4282.0,0.470107,267.636018
25.0,residence,BA-0013,BA-0001,2010.0,119,13959.0,0.143993,192.756777
25.0,residence,BA-0019,BA-0020,1998.0,69,11655.0,0.171429,131.378859
25.0,residence,BA-0005,BA-0001,1993.0,114,5163.0,0.386016,108.270207
25.0,residence,AL-0005,AL-0001,1946.0,56,2322.0,0.838071,62.844349
25.0,residence,PR-0006,PR-0002,1946.0,75,4532.0,0.429391,179.289222
25.0,residence,MG-0019,MG-0017,1943.0,70,8515.0,0.228186,186.791352
25.0,residence,GO-0014,GO-0001,1940.0,99,3512.0,0.552392,324.339868
25.0,residence,BA-0029,BA-0001,1901.0,138,4567.0,0.416247,121.971954
25.0,residence,CE-0020,CE-0021,1883.0,24,2653.0,0.709763,71.170894
25.0,residence,BA-0029,BA-0004,1853.0,22,4567.0,0.405737,47.719832
25.0,residence,BA-0007,BA-0006,1836.0,36,5536.0,0.331647,54.553694
25.0,residence,RS-0015,RS-0006,1807.0,57,5019.0,0.360032,81.601007
25.0,residence,CE-0019,CE-0021,1805.0,20,3807.0,0.474127,54.378238
25.0,residence,AC-0002,AC-0001,1802.0,28,10808.0,0.166728,283.798791
25.0,residence,PR-0005,PR-0002,1795.0,93,11962.0,0.150059,230.68979
25.0,residence,TO-0002,TO-0001,1794.0,64,15695.0,0.114304,192.566731
25.0,residence,RN-0008,RN-0002,1792.0,11,2261.0,0.79257,56.666272
25.0,residence,SC-0025,SC-0011,1789.0,8,3037.0,0.589068,51.579339
25.0,residence,BA-0031,BA-0004,1781.0,16,5874.0,0.303201,41.954754
25.0,residence,SP-0203,SP-0213,1780.0,23,9480.0,0.187764,86.107221
25.0,residence,SP-0017,SP-0217,1777.0,28,3111.0,0.571199,61.178696
25.0,residence,GO-0004,GO-0001,1769.0,142,5763.0,0.306958,157.405871
25.0,residence,PE-0004,PE-0006,1754.0,52,37344.0,0.046969,66.610571
25.0,residence,RN-0002,RN-0007,1753.0,86,11078.0,0.158242,231.842222
25.0,residence,PB-0005,PB-0003,1740.0,90,2577.0,0.675204,119.120526
25.0,residence,AM-0008,AM-0001,1739.0,69,11815.0,0.147186,196.376419
25.0,residence,MA-0004,PI-0001,1739.0,29,10482.0,0.165903,59.788765
25.0,residence,BA-0026,BA-0025,1728.0,16,9387.0,0.184084,173.996541
25.0,residence,PE-0006,PE-0004,1723.0,47,12246.0,0.140699,171.486416
25.0,residence,PI-0007,PI-0004,1708.0,90,3501.0,0.487861,171.370819
25.0,residence,SP-0204,SP-0101,1708.0,66,3444.0,0.495935,55.632504
25.0,residence,MG-0026,MG-0012,1702.0,23,3828.0,0.444619,150.827169
25.0,residence,SC-0001,SC-0010,1662.0,36,3663.0,0.453726,58.271856
25.0,residence,MS-0009,MS-0001,1659.0,35,4931.0,0.336443,220.756885
25.0,residence,RJ-0053,RJ-0019,1658.0,34,2221.0,0.746511,38.964478
25.0,residence,MT-0005,MT-0001,1653.0,63,7356.0,0.224715,242.445226
25.0,residence,PR-0008,PR-0010,1635.0,42,12009.0,0.136148,103.595727
25.0,residence,PA-0008,PA-0001,1633.0,78,16520.0,0.09885,243.100371
25.0,residence,SP-0209,SP-0206,1599.0,63,21362.0,0.074853,172.340336
25.0,residence,BA-0028,PE-0008,1597.0,21,8369.0,0.190823,129.15357
25.0,residence,MA-0008,MA-0001,1583.0,74,8042.0,0.196842,212.065987
25.0,residence,PR-0011,PR-0010,1581.0,30,9755.0,0.162071,100.054626
25.0,residence,MS-0003,MS-0002,1575.0,33,13509.0,0.116589,105.492803
25.0,residence,SP-0211,SP-0206,1570.0,28,15360.0,0.102214,117.36653
25.0,residence,MG-0021,MG-0022,1499.0,22,8612.0,0.174059,57.993942
25.0,residence,MG-0020,MG-0003,1498.0,54,4539.0,0.330029,52.407331
25.0,residence,GO-0022,GO-0001,1488.0,91,1664.0,0.894231,123.28908
25.0,residence,SP-0201,SP-0105,1475.0,22,29701.0,0.049662,34.42125
25.0,residence,CE-0018,CE-0021,1474.0,19,4817.0,0.306,117.236856
25.0,residence,BA-0027,BA-0001,1455.0,109,4791.0,0.303694,362.848708
25.0,residence,MS-0008,MS-0001,1453.0,26,5532.0,0.262654,286.431924
25.0,residence,MA-0005,MA-0001,1443.0,71,5359.0,0.269267,184.45926
25.0,residence,PE-0009,PE-0001,1425.0,60,9271.0,0.153705,585.99517
25.0,residence,RJ-3305,RJ-0019,1421.0,40,1462.0,0.971956,40.201067
25.0,residence,RS-0019,RS-0006,1403.0,46,4429.0,0.316776,126.473896
25.0,residence,SC-0016,SC-0015,1400.0,8,3620.0,0.38674,31.65746
25.0,residence,PB-0012,PB-0003,1397.0,42,5027.0,0.277899,35.285813
25.0,residence,PR-0009,PR-0010,1389.0,24,3251.0,0.427253,80.537562
25.0,residence,PR-0005,PR-0010,1386.0,31,11962.0,0.115867,136.30585
25.0,residence,SC-0005,SC-0001,1379.0,18,3119.0,0.442129,40.377375
25.0,residence,PR-0009,PR-4109,1357.0,15,3251.0,0.41741,49.094497
25.0,residence,RS-0015,RS-0019,1349.0,24,5019.0,0.268779,43.439906
25.0,residence,AM-0005,AM-0001,1334.0,62,8175.0,0.16318,331.875359
25.0,residence,SP-0224,SP-0217,1333.0,14,2256.0,0.590869,70.231629
25.0,residence,AL-0010,AL-0003,1331.0,4,2718.0,0.489698,59.08785
25.0,residence,RJ-0330,RJ-0019,1302.0,20,1477.0,0.881517,35.3778
25.0,residence,MG-0028,DF-0006,1298.0,59,5511.0,0.235529,154.057973
25.0,residence,SP-0208,SP-0213,1296.0,25,5295.0,0.244759,76.919818
25.0,residence,PE-0003,PE-0006,1294.0,48,19886.0,0.065071,63.323523
25.0,residence,BA-0024,BA-0030,1291.0,12,3210.0,0.402181,62.135301
25.0,residence,GO-0003,DF-0006,1289.0,30,5353.0,0.2408,59.724745
25.0,residence,MG-0029,MG-0006,1276.0,36,4727.0,0.269939,137.489192
25.0,residence,PI-0016,PI-0009,1271.0,27,2224.0,0.571493,79.359042
25.0,residence,SC-0007,SC-0018,1270.0,56,3035.0,0.418451,84.353651
25.0,residence,MT-0013,MT-0001,1253.0,49,4623.0,0.271036,144.857827
25.0,residence,MA-0016,MA-0011,1237.0,24,11074.0,0.111703,173.855833
25.0,residence,MG-0016,MG-0002,1233.0,104,8341.0,0.147824,242.697514
25.0,residence,MG-0018,MG-0005,1225.0,85,7057.0,0.173587,77.514488
25.0,residence,RJ-0000,RJ-0019,1210.0,44,4540.0,0.26652,53.011854
25.0,residence,PB-0007,PB-0006,1199.0,43,2742.0,0.437272,101.150799
25.0,residence,PA-0004,PA-0003,1196.0,39,13654.0,0.087593,94.787618
25.0,residence,PI-0001,PI-0004,1194.0,39,4953.0,0.241066,256.296538
25.0,residence,BA-0028,BA-0001,1186.0,73,8369.0,0.141713,334.668994
25.0,residence,AL-0008,AL-0007,1184.0,17,2977.0,0.397716,49.73992
25.0,residence,RS-0016,RS-0001,1184.0,83,3499.0,0.338382,91.283217
25.0,residence,CE-0010,CE-0008,1181.0,11,6119.0,0.193005,126.519507
25.0,residence,PE-0008,PE-0001,1180.0,38,21485.0,0.054922,616.608179
25.0,residence,MG-0023,MG-0002,1177.0,93,9469.0,0.1243,166.187453
25.0,residence,SP-0221,SP-0217,1177.0,9,2107.0,0.558614,77.953445
25.0,residence,BA-0015,BA-0001,1173.0,73,20536.0,0.057119,450.227308
25.0,residence,CE-0017,CE-0021,1172.0,14,2840.0,0.412676,87.31128
25.0,residence,PE-0001,PE-0006,1164.0,34,30866.0,0.037711,35.909007
25.0,residence,MT-0012,MT-0002,1163.0,16,6729.0,0.172834,240.531156
25.0,residence,PR-0013,PR-0015,1162.0,39,4288.0,0.270989,79.277248
25.0,residence,SE-0004,SE-0002,1161.0,19,5064.0,0.229265,83.144229
25.0,residence,CE-0014,CE-0001,1132.0,38,1429.0,0.792162,329.956433
25.0,residence,ES-3203,ES-0004,1122.0,2,1607.0,0.698195,63.630853
25.0,residence,CE-0018,CE-0001,1119.0,70,4817.0,0.232302,291.523491
25.0,residence,SP-0217,SP-0221,1116.0,5,11663.0,0.095687,44.055911
25.0,residence,BA-0017,BA-0001,1114.0,76,2907.0,0.383213,229.365754
25.0,residence,AL-0001,AL-0002,1109.0,7,11392.0,0.097349,39.427618
25.0,residence,BA-0031,BA-0002,1105.0,31,5874.0,0.188117,45.341718
25.0,residence,BA-0022,BA-0025,1093.0,10,4693.0,0.2329,222.228429
25.0,residence,MA-0013,MA-0014,1090.0,13,8893.0,0.122568,128.249066
25.0,residence,MS-0012,MS-0002,1088.0,23,1468.0,0.741144,55.932252
25.0,residence,MS-0006,MS-0002,1086.0,36,4917.0,0.220866,141.795906
25.0,residence,PI-0011,PI-0010,1083.0,14,5049.0,0.214498,177.99219
25.0,residence,PR-0022,PR-0016,1083.0,25,4048.0,0.26754,107.027404
25.0,residence,BA-0006,BA-0007,1067.0,15,3669.0,0.290815,40.566823
25.0,residence,MG-0017,MG-0002,1060.0,89,11010.0,0.096276,372.940054
25.0,residence,SP-0217,SP-0101,1060.0,62,11663.0,0.090886,115.386233
25.0,residence,CE-0011,CE-0001,1057.0,74,11893.0,0.088876,199.297055
25.0,residence,PE-0002,PE-0004,1050.0,27,28252.0,0.037166,49.804956
25.0,residence,MG-0021,MG-0010,1041.0,27,8612.0,0.120878,63.695063
25.0,residence,RS-0001,RS-0002,1041.0,47,14353.0,0.072528,42.770792
25.0,residence,BA-0025,BA-0001,1037.0,63,21941.0,0.047263,755.02563
25.0,residence,AL-0008,AL-0001,1028.0,45,2977.0,0.345314,113.920906
25.0,residence,AL-0010,AL-0001,1027.0,43,2718.0,0.377851,126.602329
25.0,residence,SP-0219,SP-0101,1025.0,49,4105.0,0.249695,54.036732
25.0,residence,PA-0007,AP-0001,1022.0,11,7838.0,0.13039,65.05121
25.0,residence,GO-0004,GO-0003,1017.0,41,5763.0,0.176471,120.856082
25.0,residence,MS-0002,MS-0001,1010.0,20,2715.0,0.372007,155.276502
25.0,residence,CE-0015,CE-0001,1007.0,74,3804.0,0.264721,280.866321
25.0,residence,AL-0007,AL-0001,1004.0,40,2036.0,0.493124,94.584899
25.0,residence,MG-0006,MG-0002,1003.0,74,22490.0,0.044598,418.788041
25.0,residence,SP-3517,SP-0217,997.0,9,1332.0,0.748498,42.506551
25.0,residence,MG-0024,MG-0002,992.0,90,13305.0,0.074558,209.741057
25.0,residence,SC-0013,SC-0022,985.0,5,1433.0,0.687369,28.460255
25.0,residence,SC-0016,SC-0011,980.0,8,3620.0,0.270718,67.330289
25.0,residence,MA-0017,MA-0001,974.0,51,6514.0,0.149524,202.230447
25.0,residence,SP-0214,SP-0207,969.0,28,7065.0,0.137155,95.637055
25.0,residence,MA-0009,MA-2109,966.0,7,13358.0,0.072316,45.9742
25.0,residence,PI-0014,PI-0013,953.0,12,2944.0,0.323709,125.595112
25.0,residence,PR-0021,PR-0003,952.0,23,6770.0,0.14062,99.612893
25.0,residence,MS-0007,MS-0001,951.0,25,8221.0,0.115679,241.704291
25.0,residence,CE-0009,CE-0008,947.0,10,6786.0,0.139552,90.532664
25.0,residence,PI-0008,PI-0004,944.0,49,2451.0,0.385149,233.78211
25.0,residence,GO-0013,GO-0001,928.0,72,1779.0,0.521641,376.600745
25.0,residence,SC-0005,SC-0010,927.0,34,3119.0,0.297211,75.519387
25.0,residence,GO-0014,GO-0015,926.0,10,3512.0,0.263667,179.23348
25.0,residence,MA-0013,PI-0010,925.0,8,8893.0,0.104014,45.603709
25.0,residence,RS-0005,RS-0001,917.0,69,8085.0,0.11342,102.662165
25.0,residence,SP-0201,SP-0102,904.0,40,29701.0,0.030437,36.095171
25.0,residence,SC-0014,SC-0018,900.0,53,5048.0,0.178288,91.231315
25.0,residence,MA-0016,MA-0014,892.0,7,11074.0,0.080549,66.192476
25.0,residence,PI-0015,PI-0010,887.0,5,3040.0,0.291776,214.898462
25.0,residence,MG-0019,MG-0002,885.0,83,8515.0,0.103934,505.502559
25.0,residence,SC-0004,SC-0014,880.0,20,4797.0,0.183448,35.438719
25.0,residence,SP-0101,SP-0217,880.0,8,49979.0,0.017607,140.216872
25.0,residence,MA-0018,PI-0004,874.0,25,7672.0,0.113921,57.284929
25.0,residence,RS-0012,RS-0017,869.0,24,4814.0,0.180515,105.744015
25.0,residence,PI-0011,PI-0004,861.0,58,5049.0,0.170529,350.7824
25.0,residence,PE-0007,PE-0001,859.0,42,4091.0,0.209973,461.215936
25.0,residence,PI-0010,PI-0004,858.0,58,7464.0,0.114952,246.35049
25.0,residence,MA-0015,MA-2105,857.0,12,3570.0,0.240056,61.506272
25.0,residence,BA-0017,BA-0002,856.0,30,2907.0,0.294462,105.64532
25.0,residence,SP-0210,SP-0207,855.0,38,7670.0,0.111473,65.224315
25.0,residence,AL-0006,AL-0001,853.0,31,1645.0,0.518541,91.510225
25.0,residence,SP-0202,SP-0206,852.0,20,6869.0,0.124036,59.865577
25.0,residence,MA-0017,MA-0015,849.0,17,6514.0,0.130335,46.202989
25.0,residence,MG-0007,MG-0002,848.0,55,8488.0,0.099906,301.409653
25.0,residence,PE-0002,PE-0006,846.0,52,28252.0,0.029945,56.888401
25.0,residence,CE-0013,CE-0001,845.0,61,8036.0,0.105152,278.622442
25.0,residence,AC-0003,AC-0002,842.0,4,3395.0,0.248012,153.502774
25.0,residence,RS-0008,RS-0001,839.0,53,2820.0,0.297518,177.906632
25.0,residence,SP-0103,SP-0101,836.0,38,1653.0,0.505747,39.024652
25.0,residence,PR-0004,PR-0003,833.0,28,5068.0,0.164365,74.326679
25.0,residence,CE-0012,CE-0001,831.0,57,7123.0,0.116664,196.995784
25.0,residence,PR-0018,PR-0016,829.0,24,7866.0,0.10539,98.356814
25.0,residence,ES-0003,ES-0004,828.0,12,13165.0,0.062894,81.066552
25.0,residence,PR-0019,PR-0016,826.0,30,9881.0,0.083595,154.72852
25.0,residence,SP-0212,SP-0101,823.0,70,11657.0,0.070601,131.332589
25.0,residence,BA-0018,BA-0002,815.0,33,5858.0,0.139126,180.520827
25.0,residence,MS-0004,MS-0002,811.0,23,3367.0,0.240867,127.809434
25.0,residence,MA-0011,MA-0001,809.0,43,10382.0,0.077923,315.929983
25.0,residence,RN-0006,RN-0007,806.0,74,6037.0,0.13351,329.226194
25.0,residence,PA-0010,PA-0001,805.0,36,16089.0,0.050034,573.198008
25.0,residence,PI-0016,PI-0004,800.0,55,2224.0,0.359712,326.0895
25.0,residence,PE-0003,PE-0004,792.0,39,19886.0,0.039827,54.467237
25.0,residence,MS-0004,PR-0010,790.0,9,3367.0,0.23463,203.422021
25.0,residence,MA-0015,MA-0001,788.0,62,3570.0,0.220728,250.958469
25.0,residence,PI-0002,PI-0003,781.0,16,6854.0,0.113948,73.731459
25.0,residence,BA-0007,BA-0001,779.0,67,5536.0,0.140715,210.246002
25.0,residence,GO-0011,GO-0001,778.0,28,820.0,0.94878,74.844843
25.0,residence,SP-0203,SP-0206,774.0,20,9480.0,0.081646,76.119031
25.0,residence,SP-0202,SP-0215,773.0,52,6869.0,0.112535,112.631427
25.0,residence,PE-0009,PE-0008,772.0,26,9271.0,0.08327,184.703264
25.0,residence,SP-0103,SP-0201,771.0,12,1653.0,0.466425,36.174726
25.0,residence,BA-0028,BA-0015,769.0,24,8369.0,0.091887,124.341233
25.0,residence,BA-0024,BA-0020,768.0,55,3210.0,0.239252,189.642646
25.0,residence,RS-0011,RS-0006,768.0,40,5157.0,0.148924,71.064644
25.0,residence,SC-0015,SC-0018,768.0,35,7708.0,0.099637,148.528817
25.0,residence,MA-0012,MA-0011,767.0,31,15634.0,0.04906,273.227861
25.0,residence,PR-0019,PR-0018,764.0,41,9881.0,0.07732,75.005494
25.0,residence,CE-0005,CE-0008,763.0,9,5097.0,0.149696,70.651618
25.0,residence,PR-0016,PR-0017,763.0,34,5135.0,0.148588,45.509332
25.0,residence,SP-0007,SP-0207,761.0,8,847.0,0.898465,32.645506
25.0,residence,SP-0207,SP-0212,761.0,24,14290.0,0.053254,54.956378
25.0,residence,PI-0002,PI-0001,757.0,21,6854.0,0.110446,102.520068
25.0,residence,RS-0009,RS-0002,757.0,2,3428.0,0.220828,37.462762
25.0,residence,AM-0002,AM-0001,756.0,45,9328.0,0.081046,551.711275
25.0,residence,CE-0017,CE-0001,756.0,42,2840.0,0.266197,303.134073
25.0,residence,SP-0017,SP-3517,751.0,11,3111.0,0.241401,68.86934
25.0,residence,BA-0010,BA-0001,747.0,44,5187.0,0.144014,376.557249
25.0,residence,RJ-0019,RJ-0000,745.0,9,52343.0,0.014233,45.771346
25.0,residence,RS-0009,RS-0001,739.0,35,3428.0,0.215578,109.28772
25.0,residence,BA-0001,BA-0002,735.0,26,17824.0,0.041237,64.293464
25.0,residence,MG-0020,MG-0002,730.0,63,4539.0,0.160828,130.138673
25.0,residence,AL-0003,AL-0007,728.0,10,5255.0,0.138535,125.396898
25.0,residence,BA-0010,PE-0008,724.0,17,5187.0,0.13958,203.777426
25.0,residence,PE-0006,PE-0011,724.0,26,12246.0,0.059121,115.891561
25.0,residence,AM-0003,AC-0001,720.0,9,7180.0,0.100279,141.075754
25.0,residence,PR-0008,PR-0007,718.0,37,12009.0,0.059788,71.675781
25.0,residence,PR-0011,PR-0015,714.0,61,9755.0,0.073193,101.369215
25.0,residence,PI-0014,PI-0010,713.0,13,2944.0,0.242188,419.014562
25.0,residence,BA-0026,BA-0001,712.0,58,9387.0,0.07585,589.806266
25.0,residence,SC-0010,PR-0007,699.0,5,7647.0,0.091408,37.455279
25.0,residence,RN-0002,RN-0006,697.0,38,11078.0,0.062917,113.367421
25.0,residence,MS-0011,MS-0001,689.0,11,7011.0,0.098274,300.142828
25.0,residence,SC-0010,SC-0001,689.0,31,7647.0,0.090101,54.548528
25.0,residence,SP-0006,SP-0206,689.0,8,689.0,1.0,37.553728
25.0,residence,RS-0003,RS-0001,687.0,35,19290.0,0.035614,237.312677
25.0,residence,PI-0012,PI-0004,685.0,43,4749.0,0.144241,439.27846
25.0,residence,BA-0005,BA-0007,684.0,16,5163.0,0.132481,113.383539
25.0,residence,SC-0008,SC-0002,681.0,11,1548.0,0.439922,48.217963
25.0,residence,AL-0006,AL-0007,677.0,8,1645.0,0.41155,54.515666
25.0,residence,PE-0012,PE-0002,673.0,11,5218.0,0.128977,30.581312
25.0,residence,PE-0010,PE-0004,672.0,31,5161.0,0.130207,181.35321
25.0,residence,PR-0014,PR-0016,672.0,25,8566.0,0.07845,144.616327
25.0,residence,AL-0012,AL-0001,671.0,16,857.0,0.782964,66.417409
25.0,residence,SP-0215,SP-0005,669.0,36,33707.0,0.019848,139.254505
25.0,residence,MT-0007,MT-0001,666.0,44,15375.0,0.043317,178.6061
25.0,residence,BA-0008,BA-0001,664.0,42,10820.0,0.061368,398.893638
25.0,residence,MA-0004,MA-0003,664.0,5,10482.0,0.063347,49.817576
25.0,residence,MT-0002,MT-0001,663.0,40,9475.0,0.069974,225.125411
25.0,residence,MA-0014,MA-0001,659.0,58,5126.0,0.12856,303.912245
25.0,residence,BA-0020,BA-0001,654.0,56,8094.0,0.080801,340.168355
25.0,residence,MG-0008,MG-0002,652.0,69,6250.0,0.10432,132.394739
25.0,residence,PB-0011,PB-0006,652.0,18,1321.0,0.493565,78.633753
25.0,residence,MA-2111,MA-0011,647.0,5,4195.0,0.154231,102.990816
25.0,residence,MG-0028,MG-0007,647.0,18,5511.0,0.117402,179.207997
25.0,residence,AL-0001,AL-0007,644.0,21,11392.0,0.056531,56.557416
25.0,residence,MT-0009,MT-0001,644.0,41,7562.0,0.085163,599.503912
25.0,residence,MT-0014,MT-0001,641.0,36,10021.0,0.063966,351.342877
25.0,residence,BA-0005,BA-0004,637.0,17,5163.0,0.123378,58.530278
25.0,residence,MA-0009,MA-0008,636.0,9,13358.0,0.047612,84.502437
25.0,residence,BA-0003,BA-0002,630.0,33,12738.0,0.049458,78.19025
25.0,residence,MA-0011,MA-0006,630.0,6,10382.0,0.060682,40.461533
25.0,residence,SP-0206,SP-0202,628.0,9,29477.0,0.021305,59.057126
25.0,residence,PR-0020,PR-0002,623.0,51,11993.0,0.051947,480.198664
25.0,residence,SC-0025,SC-0022,620.0,16,3037.0,0.204149,69.354033
25.0,residence,MA-0018,MA-0001,618.0,45,7672.0,0.080553,269.214441
25.0,residence,BA-0030,BA-0020,613.0,29,3633.0,0.168731,254.417647
25.0,residence,CE-0021,CE-0019,611.0,9,2277.0,0.268336,37.585938
25.0,residence,AL-0004,AL-0001,610.0,31,1226.0,0.497553,86.953985
25.0,residence,AL-0009,AL-0003,610.0,2,1281.0,0.47619,38.888153
25.0,residence,SP-0016,SP-0216,610.0,11,732.0,0.833333,66.531471
25.0,residence,MA-0014,MA-0013,608.0,16,5126.0,0.118611,76.031792
25.0,residence,MA-0002,MA-0003,606.0,8,5075.0,0.119409,67.18485
25.0,residence,BA-0016,BA-0002,604.0,34,7777.0,0.077665,186.512163
25.0,residence,PB-0003,PB-0001,603.0,48,10705.0,0.056329,114.798491
25.0,residence,PR-0017,PR-0016,603.0,24,13830.0,0.043601,47.940943
25.0,residence,PI-0011,PI-0012,598.0,23,5049.0,0.118439,101.829119
25.0,residence,RS-0006,RS-0001,596.0,31,11374.0,0.0524,125.626802
25.0,residence,GO-0001,GO-0015,592.0,4,20996.0,0.028196,52.600729
25.0,residence,PI-0017,PI-0009,591.0,18,2301.0,0.256845,109.039907
25.0,residence,MA-0013,MA-0018,590.0,18,8893.0,0.066344,158.057464
25.0,residence,MG-0008,MG-0018,590.0,23,6250.0,0.0944,72.778492
25.0,residence,PE-0011,PE-0010,588.0,8,6438.0,0.091333,67.60569
25.0,residence,PE-0008,PE-0007,587.0,10,21485.0,0.027321,80.057739
25.0,residence,RS-0013,RS-0001,587.0,42,3197.0,0.18361,126.173364
25.0,residence,PE-0006,PE-0010,584.0,12,12246.0,0.047689,70.951369
25.0,residence,SC-0003,SC-0010,582.0,8,809.0,0.719407,38.571083
25.0,residence,SP-0224,SP-3517,575.0,6,2256.0,0.254876,50.772841
25.0,residence,MG-0016,MG-0023,574.0,26,8341.0,0.068817,79.081934
25.0,residence,GO-0012,GO-0001,572.0,51,1110.0,0.515315,253.765988
25.0,residence,AL-0008,AL-0003,571.0,6,2977.0,0.191804,41.08182
25.0,residence,PB-0002,PB-0003,571.0,34,5632.0,0.101385,61.884593
25.0,residence,MA-0015,MA-0005,568.0,22,3570.0,0.159104,83.59404
25.0,residence,TO-0003,TO-0001,566.0,8,632.0,0.89557,173.581233
25.0,residence,AM-0007,AC-0002,565.0,3,13884.0,0.040694,51.131823
25.0,residence,PE-0010,PE-0011,562.0,24,5161.0,0.108894,92.106538
25.0,residence,MA-0014,MA-0005,560.0,23,5126.0,0.109247,89.036353
25.0,residence,PA-0012,PA-0001,559.0,53,24170.0,0.023128,727.868879
25.0,residence,PE-0004,PE-0005,558.0,23,37344.0,0.014942,51.080644
25.0,residence,CE-0021,CE-0001,556.0,25,2277.0,0.244181,393.624798
25.0,residence,PA-0010,PA-0009,556.0,13,16089.0,0.034558,311.694823
25.0,residence,RS-0010,RS-0006,556.0,10,11991.0,0.046368,378.692876
25.0,residence,BA-0019,BA-0001,553.0,53,11655.0,0.047447,348.303582
25.0,residence,SP-0208,SP-0005,553.0,13,5295.0,0.104438,78.225006
25.0,residence,MS-0003,PR-0010,547.0,12,13509.0,0.040492,259.248814
25.0,residence,PB-0006,PB-0003,547.0,40,3541.0,0.154476,121.126376
25.0,residence,PB-0008,PB-0006,547.0,21,1888.0,0.289725,78.822973
25.0,residence,SC-0020,SC-0014,547.0,11,837.0,0.653524,31.231559
25.0,residence,RS-0019,RS-0011,546.0,15,4429.0,0.123278,97.445958
25.0,residence,MG-0004,MG-0009,545.0,7,17699.0,0.030793,70.444073
25.0,residence,PR-0008,PR-0002,543.0,53,12009.0,0.045216,410.72767
25.0,residence,AL-0004,AL-0007,541.0,6,1226.0,0.441272,50.769535
25.0,residence,RS-0010,RS-0004,540.0,10,11991.0,0.045034,196.023228
25.0,residence,MG-0011,MG-0021,536.0,27,11955.0,0.044835,56.397329
25.0,residence,RS-0014,RS-0017,536.0,26,3168.0,0.169192,82.537875
25.0,residence,SC-0012,SC-0018,533.0,27,2348.0,0.227002,144.269603
25.0,residence,GO-0009,DF-0006,532.0,29,6239.0,0.08527,145.495644
25.0,residence,MG-0011,MG-0002,532.0,45,11955.0,0.0445,220.197502
25.0,residence,MG-0027,MG-0005,527.0,39,3532.0,0.149207,75.871027
25.0,residence,SC-0026,SC-0011,527.0,4,1280.0,0.411719,82.926589
25.0,residence,PI-0017,PI-0004,526.0,39,2301.0,0.228596,378.859851
25.0,residence,PB-0009,PB-0001,525.0,43,2806.0,0.187099,404.02497
25.0,residence,SC-0009,SC-0015,525.0,13,1782.0,0.294613,54.540425
25.0,residence,SP-0215,SP-0210,525.0,11,33707.0,0.015575,38.453377
25.0,residence,BA-0022,BA-0001,523.0,47,4693.0,0.111443,533.569734
25.0,residence,PR-0019,PR-0002,522.0,52,9881.0,0.052829,218.078678
25.0,residence,RS-0015,RS-0017,517.0,16,5019.0,0.103009,71.895695
25.0,residence,MA-0016,MA-0001,515.0,36,11074.0,0.046505,365.105838
25.0,residence,BA-0006,BA-0001,512.0,37,3669.0,0.139548,229.716975
25.0,residence,BA-0010,BA-0011,511.0,9,5187.0,0.098516,59.024547
25.0,residence,RJ-0001,RJ-0019,508.0,22,1022.0,0.497065,191.001262
25.0,residence,RJ-0207,RJ-0019,505.0,23,812.0,0.621921,105.20812
25.0,residence,MG-0016,ES-0003,500.0,15,8341.0,0.059945,66.284382
25.0,residence,PE-0011,PE-0004,497.0,22,6438.0,0.077198,261.753193
25.0,residence,SC-0016,SC-0026,496.0,8,3620.0,0.137017,50.779536
25.0,residence,BA-0023,BA-0020,494.0,31,2234.0,0.221128,259.573876
25.0,residence,AM-0009,AM-0001,493.0,40,6482.0,0.076057,551.873758
25.0,residence,RS-0010,RS-0001,493.0,28,11991.0,0.041114,441.133341
25.0,residence,MT-0008,MT-0003,491.0,4,6192.0,0.079296,111.956428
25.0,residence,AL-0002,AL-0006,489.0,3,7456.0,0.065585,29.623971
25.0,residence,SC-0014,SC-0022,486.0,18,5048.0,0.096276,115.71842
25.0,residence,PI-0013,PI-0010,481.0,7,5302.0,0.09072,296.481464
25.0,residence,SC-0012,SC-0004,481.0,3,2348.0,0.204855,32.316619
25.0,residence,BA-0001,BA-0003,480.0,12,17824.0,0.02693,43.908575
25.0,residence,BA-0012,BA-0011,479.0,10,13420.0,0.035693,66.558486
25.0,residence,RN-0001,RN-0005,479.0,19,13489.0,0.03551,53.662607
25.0,residence,MA-0014,MA-0018,478.0,20,5126.0,0.09325,107.974932
25.0,residence,SP-0214,SP-0213,476.0,14,7065.0,0.067374,122.997545
25.0,residence,SP-0216,SP-0211,476.0,9,30394.0,0.015661,75.219824
25.0,residence,PB-0001,PE-0001,475.0,27,11039.0,0.043029,99.35178
25.0,residence,SP-0101,SP-0104,475.0,4,49979.0,0.009504,35.057125
25.0,residence,BA-0017,BA-0016,473.0,15,2907.0,0.162711,61.108356
25.0,residence,MS-0001,MS-0002,472.0,10,66709.0,0.007076,75.815133
25.0,residence,MG-0029,MG-0030,469.0,7,4727.0,0.099217,40.93856
25.0,residence,GO-0001,GO-0006,467.0,22,20996.0,0.022242,142.587521
25.0,residence,BA-0008,BA-0009,466.0,11,10820.0,0.043068,93.372917
25.0,residence,PI-0014,PI-0004,466.0,41,2944.0,0.158288,598.607419
25.0,residence,SC-0017,SC-0022,465.0,14,1452.0,0.320248,46.73064
25.0,residence,MA-2108,MA-0008,463.0,2,742.0,0.623989,28.520176
25.0,residence,MA-0007,MA-0006,459.0,11,5217.0,0.087982,63.372946
25.0,residence,PB-0006,PB-0001,459.0,35,3541.0,0.129624,264.009661
25.0,residence,SC-0006,SC-0018,456.0,36,3546.0,0.128596,208.764749
25.0,residence,PB-0010,PB-0001,454.0,32,1768.0,0.256787,357.473737
25.0,residence,BA-0019,BA-0024,453.0,11,11655.0,0.038867,89.732911
25.0,residence,AM-0001,AM-0007,452.0,5,126150.0,0.003583,82.123468
25.0,residence,SC-0009,SC-0018,450.0,29,1782.0,0.252525,159.721326
25.0,residence,BA-0030,BA-0001,447.0,34,3633.0,0.123039,508.133193
25.0,residence,MA-0005,MA-0018,442.0,8,5359.0,0.082478,77.957668
25.0,residence,PI-0013,PI-0004,442.0,29,5302.0,0.083365,475.971796
25.0,residence,RS-0007,RS-0001,442.0,26,1865.0,0.236997,206.303133
25.0,residence,SP-0214,SP-0220,442.0,12,7065.0,0.062562,41.891191
25.0,residence,BA-0007,BA-0013,441.0,23,5536.0,0.07966,78.457093
25.0,residence,SP-0208,SP-0013,441.0,6,5295.0,0.083286,36.93366
25.0,residence,MA-0013,MA-0001,440.0,37,8893.0,0.049477,417.452855
25.0,residence,SP-0204,SP-0219,438.0,6,3444.0,0.127178,34.713012
25.0,residence,MG-0007,MG-0012,435.0,19,8488.0,0.051249,92.155951
25.0,residence,PI-0012,PI-0010,434.0,12,4749.0,0.091388,258.43644
25.0,residence,MG-0013,SP-0005,433.0,18,16685.0,0.025951,126.64458
25.0,residence,RN-0004,RN-0005,433.0,17,7056.0,0.061366,62.675844
25.0,residence,RN-0008,RN-0007,431.0,16,2261.0,0.190624,200.149862
25.0,residence,SP-0202,SP-0101,427.0,26,6869.0,0.062163,318.310983
25.0,residence,SP-0220,SP-0214,427.0,17,1565.0,0.272843,70.474111
25.0,residence,CE-0020,CE-0001,426.0,28,2653.0,0.160573,388.039857
25.0,residence,MA-0005,MA-2105,424.0,4,5359.0,0.079119,50.287617
25.0,residence,PI-0007,PI-0009,422.0,13,3501.0,0.120537,83.18537
25.0,residence,SC-0004,SC-0010,420.0,7,4797.0,0.087555,32.321062
25.0,residence,SP-0101,SP-0207,420.0,18,49979.0,0.008404,79.989143
25.0,residence,SC-0001,SC-0005,416.0,23,3663.0,0.113568,41.687585
25.0,residence,SP-0216,SP-0201,416.0,22,30394.0,0.013687,62.058881
25.0,residence,PE-0005,PE-0006,414.0,26,14225.0,0.029104,119.483661
25.0,residence,MA-0003,MA-0004,413.0,11,7589.0,0.054421,66.19571
25.0,residence,RJ-0019,RJ-0033,411.0,5,52343.0,0.007852,48.944196
25.0,residence,MG-0024,MG-0023,410.0,21,13305.0,0.030815,55.564827
25.0,residence,GO-0006,GO-0015,409.0,14,6109.0,0.06695,75.036214
25.0,residence,BA-0021,BA-0016,406.0,29,8804.0,0.046115,146.279636
25.0,residence,MG-0007,MG-0013,406.0,19,8488.0,0.047832,236.769737
25.0,residence,PR-0015,PR-0002,404.0,37,9469.0,0.042666,353.866186
25.0,residence,PR-0007,PR-0010,403.0,15,6149.0,0.065539,172.606992
25.0,residence,PA-0008,AP-0001,402.0,12,16520.0,0.024334,147.376363
25.0,residence,SC-0007,SC-0022,401.0,17,3035.0,0.132125,75.700735
25.0,residence,MA-0018,MA-0017,400.0,3,7672.0,0.052138,57.725957
25.0,residence,GO-0013,GO-0003,399.0,20,1779.0,0.224283,336.598117
25.0,residence,RJ-0053,RJ-0330,396.0,2,2221.0,0.178298,35.358909
25.0,residence,SP-0217,SP-0212,394.0,3,11663.0,0.033782,82.722114
25.0,residence,SP-0002,SP-0202,393.0,3,576.0,0.682292,90.79953
25.0,residence,MG-0007,SP-0005,392.0,15,8488.0,0.046183,319.413776
25.0,residence,SC-0018,SC-0014,392.0,11,12007.0,0.032648,58.107639
25.0,residence,SP-0203,SP-0005,390.0,14,9480.0,0.041139,151.398473
25.0,residence,PE-0004,PE-0003,389.0,25,37344.0,0.010417,54.548746
25.0,residence,RN-0005,RN-0004,389.0,11,6662.0,0.058391,48.167008
25.0,residence,BA-0005,BA-0006,388.0,11,5163.0,0.07515,122.985028
25.0,residence,PR-0013,PR-0012,387.0,16,4288.0,0.090252,55.700611
25.0,residence,MS-0003,MS-0001,386.0,19,13509.0,0.028574,260.535373
25.0,residence,SC-0014,SC-0006,386.0,19,5048.0,0.076466,102.983015
25.0,residence,MA-0015,MA-0017,385.0,12,3570.0,0.107843,71.465296
25.0,residence,SC-0004,SC-0018,385.0,33,4797.0,0.080258,131.571201
25.0,residence,SC-0005,PR-0010,385.0,7,3119.0,0.123437,167.781496
25.0,residence,SC-0006,SC-0012,384.0,22,3546.0,0.108291,45.915199
25.0,residence,RS-0002,RS-0013,382.0,10,29064.0,0.013143,75.218583
25.0,residence,SC-0014,SC-0012,382.0,20,5048.0,0.075674,39.236689
25.0,residence,MA-0014,MA-0015,380.0,20,5126.0,0.074132,56.604333
25.0,residence,MA-0003,MA-0005,378.0,12,7589.0,0.049809,59.452257
25.0,residence,PR-0014,PR-0002,378.0,37,8566.0,0.044128,442.942724
25.0,residence,SP-0209,SP-0005,378.0,15,21362.0,0.017695,91.330345
25.0,residence,PR-0022,PR-0017,376.0,29,4048.0,0.092885,125.397554
25.0,residence,SP-0202,SP-0005,376.0,16,6869.0,0.054739,233.236772
25.0,residence,RS-0019,RS-0017,373.0,13,4429.0,0.084218,111.293216
25.0,residence,MA-0017,MA-0005,372.0,16,6514.0,0.057108,65.054732
25.0,residence,PE-0006,PE-0005,372.0,14,12246.0,0.030377,103.070571
25.0,residence,RS-0043,RS-0001,372.0,9,621.0,0.599034,202.768532
25.0,residence,SC-0017,SC-0011,370.0,5,1452.0,0.254821,80.31285
25.0,residence,PI-0015,PI-0004,369.0,26,3040.0,0.121382,381.537419
25.0,residence,SC-0028,SC-0015,369.0,3,643.0,0.573872,75.656765
25.0,residence,PB-0008,RN-0006,366.0,13,1888.0,0.193856,39.977073
25.0,residence,GO-0009,GO-0003,365.0,6,6239.0,0.058503,71.770695
25.0,residence,PR-0011,PR-0002,364.0,39,9755.0,0.037314,356.952179
25.0,residence,RJ-3302,RJ-0019,364.0,24,523.0,0.695985,120.038626
25.0,residence,BA-0002,BA-0018,361.0,12,11656.0,0.030971,112.674659
25.0,residence,SP-0214,SP-0101,361.0,34,7065.0,0.051097,171.211512
25.0,residence,MA-2105,MA-0005,359.0,2,489.0,0.734151,31.487808
25.0,residence,SC-0011,SC-0025,359.0,7,2373.0,0.151285,55.449969
25.0,residence,BA-0009,BA-0001,357.0,29,8080.0,0.044183,505.22312
25.0,residence,SP-0210,SP-0206,356.0,13,7670.0,0.046415,117.020583
25.0,residence,GO-0016,GO-0001,355.0,31,998.0,0.355711,473.043878
25.0,residence,SP-0210,SP-0101,354.0,28,7670.0,0.046154,156.199812
25.0,residence,CE-0001,CE-0008,353.0,11,15882.0,0.022226,147.873634
25.0,residence,PA-0005,PA-0004,353.0,28,24496.0,0.014411,131.734272
25.0,residence,PB-0010,PB-0006,353.0,16,1768.0,0.199661,80.178089
25.0,residence,BA-0001,BA-0004,351.0,13,17824.0,0.019693,71.320088
25.0,residence,AL-0001,PE-0001,348.0,13,11392.0,0.030548,187.454117
25.0,residence,ES-0001,ES-0004,347.0,10,57029.0,0.006085,87.620713
25.0,residence,PI-0011,PI-0008,347.0,7,5049.0,0.068726,96.882258
25.0,residence,SE-0008,SE-0001,345.0,8,13048.0,0.026441,44.749376
25.0,residence,SC-0012,SC-0014,344.0,12,2348.0,0.146508,40.781626
25.0,residence,BA-0016,BA-0021,342.0,13,7777.0,0.043976,110.329788
25.0,residence,PR-4109,PR-0010,342.0,8,740.0,0.462162,115.069981
25.0,residence,SC-0017,SC-0018,342.0,21,1452.0,0.235537,78.0294
25.0,residence,MG-0006,MG-0030,340.0,7,22490.0,0.015118,65.714261
25.0,residence,GO-0001,DF-0006,339.0,21,20996.0,0.016146,187.362763
25.0,residence,BA-0023,BA-0001,338.0,29,2234.0,0.151298,441.820771
25.0,residence,SC-0027,SC-0015,338.0,7,338.0,1.0,38.383271
25.0,residence,BA-0010,BA-0015,337.0,17,5187.0,0.06497,199.209809
25.0,residence,BA-0016,BA-0018,334.0,18,7777.0,0.042947,121.680783
25.0,residence,PR-0010,PR-0002,334.0,21,11147.0,0.029963,417.0012
25.0,residence,SP-0213,SP-0218,333.0,17,15305.0,0.021758,37.272822
25.0,residence,PB-0008,PB-0001,332.0,23,1888.0,0.175847,311.1689
25.0,residence,PE-0007,PE-0008,332.0,17,4091.0,0.081154,210.5857
25.0,residence,BA-0004,BA-0031,326.0,12,6482.0,0.050293,39.164363
25.0,residence,DF-0006,GO-0018,326.0,4,75042.0,0.004344,42.332442
25.0,residence,SP-0214,SP-0212,326.0,10,7065.0,0.046143,90.064288
25.0,residence,PB-0007,PB-0001,325.0,39,2742.0,0.118527,361.178444
25.0,residence,MG-0012,SP-0005,324.0,9,7996.0,0.04052,200.85371
25.0,residence,BA-0019,BA-0018,323.0,12,11655.0,0.027713,181.585805
25.0,residence,SP-0221,SP-3517,321.0,4,2107.0,0.152349,63.126686
25.0,residence,BA-0013,BA-0006,320.0,16,13959.0,0.022924,165.624776
25.0,residence,MA-0010,MA-0001,320.0,26,10972.0,0.029165,370.899743
25.0,residence,SP-0220,SP-0207,319.0,11,1565.0,0.203834,96.090692
25.0,residence,RS-0001,RS-0018,318.0,21,14353.0,0.022156,100.357971
25.0,residence,RS-0004,RS-0001,317.0,27,8292.0,0.03823,264.042366
25.0,residence,SP-0221,SP-0101,317.0,15,2107.0,0.150451,94.60936
25.0,residence,AL-0009,AL-0001,316.0,20,1281.0,0.246682,172.366333
25.0,residence,BA-0021,BA-0027,316.0,18,8804.0,0.035893,72.659859
25.0,residence,MT-0012,MT-0001,315.0,24,6729.0,0.046812,394.195259
25.0,residence,MT-5114,MT-0014,315.0,4,4043.0,0.077912,99.439604
25.0,residence,PE-0001,PE-0002,314.0,17,30866.0,0.010173,56.436327
25.0,residence,SP-0101,SP-0105,314.0,5,49979.0,0.006283,28.961849
25.0,residence,CE-0002,CE-2301,313.0,7,16468.0,0.019007,55.666311
25.0,residence,MA-0009,MA-0006,313.0,17,13358.0,0.023432,117.92283
25.0,residence,SP-0216,SP-0207,310.0,24,30394.0,0.010199,92.85436
25.0,residence,TO-0001,TO-0002,310.0,17,17379.0,0.017838,140.072463
25.0,residence,BA-0010,SE-0002,309.0,4,5187.0,0.059572,81.849255
25.0,residence,MG-0005,MG-0011,307.0,7,7442.0,0.041252,34.093427
25.0,residence,PR-0012,PR-0015,307.0,30,9454.0,0.032473,161.3566
25.0,residence,PA-0009,PA-0001,306.0,19,48286.0,0.006337,794.351953
25.0,residence,SP-0209,SP-0101,306.0,27,21362.0,0.014325,415.196913
25.0,residence,PI-0002,PI-0005,304.0,7,6854.0,0.044354,52.626556
25.0,residence,SP-0206,SP-0101,304.0,25,29477.0,0.010313,319.626808
25.0,residence,PB-0003,PE-0001,302.0,16,10705.0,0.028211,155.862184
25.0,residence,MG-0006,MG-0029,300.0,5,22490.0,0.013339,55.188567
25.0,residence,MG-0026,SP-0005,299.0,8,3828.0,0.078109,209.564849
25.0,residence,SP-0214,SP-0206,299.0,11,7065.0,0.042321,169.405054
25.0,residence,MT-0006,MT-0001,298.0,26,5353.0,0.05567,753.172039
25.0,residence,BA-0011,BA-0003,297.0,19,6250.0,0.04752,149.414443
25.0,residence,GO-0001,SP-0005,297.0,7,20996.0,0.014146,409.937153
25.0,residence,MA-0015,MA-0014,296.0,10,3570.0,0.082913,75.247293
25.0,residence,SC-0013,SC-0004,295.0,1,1433.0,0.205862,28.009987
25.0,residence,BA-0029,BA-0002,294.0,15,4567.0,0.064375,108.32792
25.0,residence,AM-0010,AM-0001,293.0,17,2538.0,0.115445,472.860798
25.0,residence,BA-0002,BA-0003,293.0,14,11656.0,0.025137,77.645107
25.0,residence,AM-0001,PR-0002,292.0,5,126150.0,0.002315,2788.146583
25.0,residence,AM-0004,AM-0001,292.0,29,3843.0,0.075982,755.340136
25.0,residence,BA-0003,SE-0001,291.0,6,12738.0,0.022845,58.018979
25.0,residence,SP-0205,SP-0213,291.0,11,5616.0,0.051816,85.37356
25.0,residence,PA-0013,PA-0006,290.0,12,6188.0,0.046865,152.720022
25.0,residence,SC-0010,SC-0018,290.0,19,7647.0,0.037923,415.601693
25.0,residence,SC-0016,SC-0018,290.0,15,3620.0,0.08011,76.140947
25.0,residence,MT-0014,MT-0015,289.0,2,10021.0,0.028839,140.594702
25.0,residence,AL-0009,AL-0007,287.0,12,1281.0,0.224044,91.787787
25.0,residence,BA-0021,BA-0018,286.0,20,8804.0,0.032485,173.245653
25.0,residence,ES-3203,ES-0001,285.0,10,1607.0,0.177349,189.781375
25.0,residence,MT-0004,MT-0001,284.0,22,6255.0,0.045404,646.368343
25.0,residence,PR-4109,PR-0002,284.0,8,740.0,0.383784,521.713448
25.0,residence,GO-0006,SP-0005,283.0,9,6109.0,0.046325,280.347113
25.0,residence,SC-0002,SC-0018,283.0,17,2567.0,0.110245,245.154722
25.0,residence,RN-0003,RN-0006,282.0,19,9497.0,0.029694,248.724019
25.0,residence,SC-0010,SC-0005,282.0,25,7647.0,0.036877,69.127743
25.0,residence,AC-0003,AC-0001,281.0,6,3395.0,0.082769,451.803167
25.0,residence,PB-0015,PB-0003,280.0,8,310.0,0.903226,47.969437
25.0,residence,MT-0008,MT-0007,279.0,8,6192.0,0.045058,124.545034
25.0,residence,BA-0014,BA-0001,278.0,30,4253.0,0.065366,305.25672
25.0,residence,BA-0024,BA-0001,277.0,31,3210.0,0.086293,458.612644
25.0,residence,PR-0012,PR-0002,277.0,25,9454.0,0.0293,461.999977
25.0,residence,RS-0009,RS-0017,277.0,13,3428.0,0.080805,68.825427
25.0,residence,SP-3517,SP-0101,277.0,12,1332.0,0.207958,128.375214
25.0,residence,AL-0001,AL-0003,275.0,6,11392.0,0.02414,53.018978
25.0,residence,MG-0010,SP-0207,275.0,21,3229.0,0.085166,90.49198
25.0,residence,BA-0027,BA-0018,274.0,13,4791.0,0.057191,127.773087
25.0,residence,RJ-0001,RJ-0033,273.0,4,1022.0,0.267123,81.244023
25.0,residence,SC-0011,SC-0022,273.0,7,2373.0,0.115044,111.361365
25.0,residence,MA-0004,MA-0008,272.0,2,10482.0,0.025949,91.543839
25.0,residence,MA-0013,PI-0004,272.0,18,8893.0,0.030586,147.201434
25.0,residence,SP-0213,SP-0005,269.0,7,15305.0,0.017576,87.369233
25.0,residence,BA-0003,SE-0008,268.0,14,12738.0,0.021039,128.125177
25.0,residence,SC-0007,SC-0015,267.0,17,3035.0,0.087974,57.29206
25.0,residence,SC-0014,SC-0004,267.0,2,5048.0,0.052892,26.346813
25.0,residence,BA-0028,BA-0016,266.0,9,8369.0,0.031784,116.384729
25.0,residence,RN-0003,RN-0002,266.0,6,9497.0,0.028009,89.21193
25.0,residence,MG-0029,MG-0002,265.0,28,4727.0,0.056061,298.783264
25.0,residence,MG-0030,MG-0002,265.0,28,11929.0,0.022215,465.249272
25.0,residence,RS-0028,RS-0013,265.0,4,376.0,0.704787,32.079599
25.0,residence,SC-0012,SC-0006,265.0,14,2348.0,0.112862,46.365403
25.0,residence,SP-0207,SP-0203,265.0,6,14290.0,0.018544,43.693396
25.0,residence,MA-0012,MA-0001,264.0,21,15634.0,0.016886,632.926971
25.0,residence,MA-0013,MA-0015,261.0,17,8893.0,0.029349,235.5635
25.0,residence,PR-0015,PR-0017,260.0,18,9469.0,0.027458,82.326639
25.0,residence,BA-0009,BA-0008,259.0,16,8080.0,0.032054,110.679938
25.0,residence,SP-0224,SP-0101,259.0,17,2256.0,0.114805,154.886093
25.0,residence,CE-0019,CE-0001,258.0,26,3807.0,0.06777,407.764058
25.0,residence,MG-0024,MG-0008,258.0,20,13305.0,0.019391,89.872938
25.0,residence,RJ-0003,RJ-0019,258.0,14,469.0,0.550107,99.575375
25.0,residence,PI-0003,PI-0001,257.0,12,3669.0,0.070046,138.61184
25.0,residence,AM-0009,AM-0005,256.0,3,6482.0,0.039494,99.355714
25.0,residence,PI-0004,PI-0002,256.0,8,10613.0,0.024121,88.583001
25.0,residence,RS-0010,RS-0012,256.0,4,11991.0,0.021349,56.89855
25.0,residence,SC-0022,SC-0018,254.0,12,1312.0,0.193598,165.083865
25.0,residence,CE-0014,CE-0008,253.0,4,1429.0,0.177047,159.86482
25.0,residence,MG-0017,MG-0004,253.0,4,11010.0,0.022979,63.258415
25.0,residence,MT-0011,MT-0001,253.0,21,5409.0,0.046774,653.275072
25.0,residence,MA-2108,MA-0001,252.0,19,742.0,0.339623,156.985191
25.0,residence,SP-0017,SP-0224,252.0,8,3111.0,0.081003,39.374499
25.0,residence,RJ-0207,RJ-0033,251.0,2,812.0,0.309113,82.44012
25.0,residence,SP-0202,SP-0002,251.0,6,6869.0,0.036541,39.080364
25.0,residence,MG-0028,MG-0002,250.0,25,5511.0,0.045364,466.763002
25.0,residence,PR-0013,PR-0011,250.0,13,4288.0,0.058302,54.594732
25.0,residence,PR-0012,PR-0010,249.0,15,9454.0,0.026338,121.077888
25.0,residence,SP-0206,SP-0005,249.0,10,29477.0,0.008447,205.363077
25.0,residence,BA-0002,BA-0012,248.0,10,11656.0,0.021277,75.55951
25.0,residence,AP-0002,AP-0001,247.0,12,426.0,0.579812,237.700809
25.0,residence,SP-0010,SP-0210,247.0,5,293.0,0.843003,47.596333
25.0,residence,BA-0030,BA-0024,245.0,18,3633.0,0.067437,79.167724
25.0,residence,MA-0018,MA-0004,245.0,5,7672.0,0.031934,36.852925
25.0,residence,SP-0203,SP-0101,244.0,23,9480.0,0.025738,249.790331
25.0,residence,SP-0217,SP-0224,242.0,11,11663.0,0.020749,38.441182
25.0,residence,BA-0004,BA-0002,241.0,15,6482.0,0.03718,81.575033
25.0,residence,PR-0007,PR-0002,240.0,27,6149.0,0.039031,329.092446
25.0,residence,PA-0003,PA-0005,239.0,13,10576.0,0.022598,189.061301
25.0,residence,AM-0008,AM-0002,238.0,3,11815.0,0.020144,193.48621
25.0,residence,GO-0012,GO-0003,237.0,12,1110.0,0.213514,225.411601
25.0,residence,GO-0015,SP-0005,235.0,13,3874.0,0.060661,332.069806
25.0,residence,BA-0017,BA-0018,234.0,8,2907.0,0.080495,55.198698
25.0,residence,PE-0001,PE-0004,234.0,12,30866.0,0.007581,70.074278
25.0,residence,SP-0005,SP-0213,234.0,4,698.0,0.335244,102.743251
25.0,residence,SC-0015,SC-0002,232.0,10,7708.0,0.030099,116.935491
25.0,residence,BA-0012,BA-0003,231.0,13,13420.0,0.017213,181.804176
25.0,residence,PB-0007,PB-0003,231.0,25,2742.0,0.084245,240.316306
25.0,residence,SC-0004,SC-0015,231.0,21,4797.0,0.048155,80.492966
25.0,residence,PI-0006,PI-0010,230.0,4,6044.0,0.038054,71.858424
25.0,residence,BA-0027,BA-0002,228.0,12,4791.0,0.047589,306.214515
25.0,residence,MG-0017,MG-0023,228.0,14,11010.0,0.020708,241.860284
25.0,residence,SP-0205,SP-0215,228.0,13,5616.0,0.040598,74.057534
25.0,residence,SP-0217,SP-0219,228.0,2,11663.0,0.019549,39.24966
25.0,residence,MG-0018,MG-0002,227.0,26,7057.0,0.032167,182.996585
25.0,residence,MS-0006,MS-0001,227.0,14,4917.0,0.046166,229.489114
25.0,residence,MT-0008,MT-0001,226.0,20,6192.0,0.036499,383.736513
25.0,residence,TO-0001,MT-0016,226.0,1,17379.0,0.013004,86.8165
25.0,residence,PR-0017,PR-0015,224.0,15,13830.0,0.016197,83.670582
25.0,residence,PA-0003,PA-0004,223.0,16,10576.0,0.021085,71.690497
25.0,residence,PR-0010,PR-0020,223.0,12,11147.0,0.020005,58.407087
25.0,residence,SC-0028,SC-0010,223.0,2,643.0,0.346812,67.714682
25.0,residence,SP-0101,SP-0204,223.0,8,49979.0,0.004462,47.405504
25.0,residence,SP-0101,MG-0002,222.0,14,49979.0,0.004442,499.066493
25.0,residence,TO-0001,SP-0005,222.0,9,17379.0,0.012774,1112.710758
25.0,residence,SC-0022,SC-0006,221.0,3,1312.0,0.168445,30.916604
25.0,residence,ES-0005,ES-0003,220.0,4,388.0,0.56701,67.480129
25.0,residence,MG-0022,SP-0213,220.0,10,7954.0,0.027659,117.567385
25.0,residence,MG-0028,SP-0005,220.0,4,5511.0,0.03992,499.873373
25.0,residence,CE-0016,CE-0001,218.0,18,3804.0,0.057308,270.924048
25.0,residence,GO-0001,GO-0003,218.0,20,20996.0,0.010383,52.136681
25.0,residence,PB-0010,RN-0006,217.0,12,1768.0,0.122738,52.432204
25.0,residence,PR-0015,PR-0016,217.0,15,9469.0,0.022917,53.791634
25.0,residence,GO-0009,GO-0022,216.0,11,6239.0,0.034621,109.589901
25.0,residence,SE-0003,SE-0005,216.0,13,3442.0,0.062754,38.492778
25.0,residence,DF-0006,GO-0001,215.0,12,75042.0,0.002865,186.869495
25.0,residence,MS-0006,PR-0010,215.0,2,4917.0,0.043726,140.018808
25.0,residence,MS-0008,MS-0007,215.0,5,5532.0,0.038865,133.884045
25.0,residence,PA-0004,PA-0005,215.0,9,13654.0,0.015746,212.955126
25.0,residence,PR-0002,PR-0001,213.0,7,51637.0,0.004125,74.084874
25.0,residence,SC-0012,SC-0022,212.0,8,2348.0,0.09029,98.043698
25.0,residence,SE-0006,SE-0002,212.0,9,2588.0,0.081917,60.5059
25.0,residence,AM-0004,AC-0002,211.0,4,3843.0,0.054905,157.089357
25.0,residence,BA-0010,SE-0008,211.0,10,5187.0,0.040679,135.543808
25.0,residence,MG-0002,MG-0014,211.0,13,30469.0,0.006925,61.114102
25.0,residence,PB-0008,PB-0003,209.0,14,1888.0,0.110699,203.792974
25.0,residence,SP-0204,SP-0212,209.0,6,3444.0,0.060685,99.437394
25.0,residence,AM-0003,AM-0001,208.0,19,7180.0,0.028969,738.070291
25.0,residence,SP-0219,SP-0212,208.0,3,4105.0,0.05067,119.66831
25.0,residence,AM-0004,AM-0008,207.0,2,3843.0,0.053864,58.310012
25.0,residence,BA-0005,BA-0013,206.0,18,5163.0,0.039899,68.939622
25.0,residence,BA-0011,BA-0002,206.0,15,6250.0,0.03296,160.363225
25.0,residence,MG-0028,MG-0013,206.0,6,5511.0,0.03738,356.745236
25.0,residence,PE-0011,PE-0006,206.0,18,6438.0,0.031998,181.407048
25.0,residence,SC-0036,SC-0014,206.0,5,259.0,0.795367,45.408243
25.0,residence,CE-0001,CE-2301,205.0,6,15882.0,0.012908,48.265577
25.0,residence,RJ-0000,RJ-0330,205.0,4,4540.0,0.045154,40.938213
25.0,residence,SC-0002,SC-0009,205.0,10,2567.0,0.07986,34.818643
25.0,residence,PE-0011,PE-0007,203.0,4,6438.0,0.031532,58.490551
25.0,residence,SP-0017,SP-0101,202.0,16,3111.0,0.064931,154.693884
25.0,residence,AL-0010,AL-0007,201.0,10,2718.0,0.073951,153.881438
25.0,residence,CE-0017,CE-0020,201.0,6,2840.0,0.070775,44.427532
25.0,residence,MG-0005,MG-0002,201.0,14,7442.0,0.027009,208.43698
25.0,residence,RS-0009,RS-0006,201.0,14,3428.0,0.058635,86.164614
25.0,residence,SP-0101,SP-0206,201.0,4,49979.0,0.004022,268.694306
25.0,residence,ES-3203,ES-0003,200.0,2,1607.0,0.124456,163.328348
25.0,residence,MG-0011,MG-0022,199.0,14,11955.0,0.016646,145.15136
25.0,residence,RN-0002,RN-0008,199.0,10,11078.0,0.017964,41.201047
25.0,residence,BA-0023,BA-0024,198.0,6,2234.0,0.08863,83.517322
25.0,residence,PR-0017,PR-0002,198.0,12,13830.0,0.014317,292.198035
25.0,residence,SC-4210,SC-0010,197.0,2,219.0,0.899543,61.421329
25.0,residence,MA-0012,MA-0016,195.0,5,15634.0,0.012473,70.186676
25.0,residence,PE-0009,PE-0007,195.0,10,9271.0,0.021033,96.094955
25.0,residence,RS-0004,RS-0009,195.0,13,8292.0,0.023517,127.254224
25.0,residence,GO-0007,SP-0005,194.0,7,9427.0,0.020579,305.94079
25.0,residence,MG-0019,MG-0004,194.0,6,8515.0,0.022783,103.4126
25.0,residence,PI-0004,PI-0003,194.0,3,10613.0,0.018279,58.574309
25.0,residence,AM-0001,AM-0002,193.0,3,126150.0,0.00153,86.753957
25.0,residence,BA-0015,BA-0016,193.0,9,20536.0,0.009398,254.489019
25.0,residence,BA-0027,BA-0021,193.0,7,4791.0,0.040284,113.531239
25.0,residence,MG-0003,MG-0005,193.0,19,7804.0,0.024731,86.589053
25.0,residence,PB-0009,RN-0006,193.0,10,2806.0,0.068781,78.804181
25.0,residence,PI-0004,PI-0005,193.0,7,10613.0,0.018185,47.393146
25.0,residence,SC-0012,SC-0021,193.0,5,2348.0,0.082198,31.476902
25.0,residence,SE-0004,SE-0005,193.0,10,5064.0,0.038112,67.452826
25.0,residence,BA-0026,BA-0022,192.0,17,9387.0,0.020454,208.230559
25.0,residence,SP-0201,SP-0217,192.0,16,29701.0,0.006464,106.530561
25.0,residence,BA-0004,BA-0029,191.0,6,6482.0,0.029466,32.407249
25.0,residence,BA-0018,BA-0027,191.0,11,5858.0,0.032605,132.733188
25.0,residence,PI-0008,PI-0010,191.0,8,2451.0,0.077927,99.748651
25.0,residence,RJ-0001,RJ-0000,191.0,7,1022.0,0.186888,54.155493
25.0,residence,SP-0220,SP-0213,191.0,4,1565.0,0.122045,110.151932
25.0,residence,GO-0007,GO-0006,188.0,10,9427.0,0.019943,128.830851
25.0,residence,PR-0016,PR-0015,188.0,18,5135.0,0.036611,56.688322
25.0,residence,RS-0017,RS-0019,188.0,7,3152.0,0.059645,54.156208
25.0,residence,SC-0026,SC-0022,188.0,6,1280.0,0.146875,174.815285
25.0,residence,SP-0101,SP-0216,188.0,11,49979.0,0.003762,106.392562
25.0,residence,MA-0008,MA-2108,186.0,6,8042.0,0.023129,75.563162
25.0,residence,PR-0016,PR-0002,186.0,17,5135.0,0.036222,295.287887
25.0,residence,SC-0002,SC-0001,184.0,4,2567.0,0.071679,50.469376
25.0,residence,SC-0016,SC-0022,184.0,12,3620.0,0.050829,137.410239
25.0,residence,SC-0018,SC-0015,184.0,12,12007.0,0.015324,91.844145
25.0,residence,SP-0207,SP-0206,184.0,15,14290.0,0.012876,174.283658
25.0,residence,BA-0011,SE-0008,183.0,13,6250.0,0.02928,117.888636
25.0,residence,ES-0001,MG-0002,183.0,27,57029.0,0.003209,384.077276
25.0,residence,AL-0012,AL-0003,181.0,2,857.0,0.211202,29.329723
25.0,residence,BA-0011,BA-0025,181.0,4,6250.0,0.02896,109.68283
25.0,residence,MA-0014,MA-2105,181.0,7,5126.0,0.03531,55.807611
25.0,residence,MT-0011,MT-0014,181.0,10,5409.0,0.033463,252.452308
25.0,residence,CE-0010,CE-2301,180.0,8,6119.0,0.029417,176.678185
25.0,residence,GO-0001,GO-0022,180.0,10,20996.0,0.008573,91.907476
25.0,residence,MT-0010,MT-0001,180.0,15,3333.0,0.054005,510.071239
25.0,residence,PB-0016,PB-0003,180.0,9,238.0,0.756303,114.417361
25.0,residence,RS-0043,RS-0003,180.0,5,621.0,0.289855,45.919071
25.0,residence,MG-0023,MG-0016,179.0,5,9469.0,0.018904,42.363011
25.0,residence,PA-0002,PA-0006,179.0,7,11577.0,0.015462,105.0733
25.0,residence,BA-0021,BA-0002,178.0,15,8804.0,0.020218,339.708349
25.0,residence,RJ-0019,RJ-0003,178.0,3,52343.0,0.003401,74.963421
25.0,residence,MG-0007,MG-0022,177.0,11,8488.0,0.020853,289.05143
25.0,residence,MG-0020,MG-0005,177.0,15,4539.0,0.038995,105.000195
25.0,residence,RS-0012,RS-0001,177.0,16,4814.0,0.036768,406.688174
25.0,residence,RS-0013,RS-0008,177.0,10,3197.0,0.055364,60.606438
25.0,residence,PI-0009,PI-0008,176.0,7,4282.0,0.041102,51.718109
25.0,residence,PR-0013,PR-0016,176.0,8,4288.0,0.041045,128.633928
25.0,residence,AP-0001,PA-0001,175.0,11,31630.0,0.005533,343.033779
25.0,residence,RN-0007,RN-0006,174.0,9,4377.0,0.039753,311.696055
25.0,residence,SC-0001,SC-0018,174.0,18,3663.0,0.047502,432.376052
25.0,residence,MT-0015,MT-0001,173.0,14,2229.0,0.077613,549.553019
25.0,residence,PI-0008,PI-0009,173.0,8,2451.0,0.070583,78.030797
25.0,residence,PR-0007,PR-0008,173.0,12,6149.0,0.028135,59.357671
25.0,residence,SP-0207,SP-0005,173.0,8,14290.0,0.012106,306.351996
25.0,residence,MG-0015,MG-0022,172.0,10,21650.0,0.007945,103.060001
25.0,residence,SP-0206,SP-0215,172.0,14,29477.0,0.005835,124.534885
25.0,residence,GO-0016,DF-0006,170.0,10,998.0,0.170341,242.137044
25.0,residence,MT-0006,MT-0003,169.0,4,5353.0,0.031571,259.770565
25.0,residence,RJ-0019,MG-0002,169.0,12,52343.0,0.003229,337.545177
25.0,residence,SP-0013,SP-0208,169.0,2,327.0,0.51682,45.997763
25.0,residence,BA-0020,BA-0019,167.0,15,8094.0,0.020633,149.484298
25.0,residence,SC-0022,SC-0025,167.0,2,1312.0,0.127287,54.091546
25.0,residence,SP-0201,SP-0207,166.0,17,29701.0,0.005589,57.145805
25.0,residence,PE-0004,PE-0002,165.0,14,37344.0,0.004418,58.494165
25.0,residence,RS-0008,RS-0004,165.0,12,2820.0,0.058511,73.93917
25.0,residence,SP-0210,SP-0212,165.0,15,7670.0,0.021512,47.076506
25.0,residence,CE-0018,CE-0008,164.0,8,4817.0,0.034046,99.616662
25.0,residence,RS-0007,RS-0043,164.0,8,1865.0,0.087936,192.109126
25.0,residence,SC-0009,SC-0002,164.0,4,1782.0,0.092031,60.165624
25.0,residence,BA-0014,BA-0007,162.0,9,4253.0,0.038091,80.270034
25.0,residence,PE-0010,PE-0006,162.0,14,5161.0,0.031389,131.49823
25.0,residence,MT-0003,MT-0001,161.0,16,7229.0,0.022271,463.433711
25.0,residence,MT-5114,MT-0001,161.0,9,4043.0,0.039822,318.808433
25.0,residence,RS-4306,RS-0006,161.0,4,161.0,1.0,37.887228
25.0,residence,SC-0018,SC-0022,161.0,8,12007.0,0.013409,147.391484
25.0,residence,SE-0028,SE-0002,161.0,2,312.0,0.516026,38.032167
25.0,residence,SP-0105,SP-0102,159.0,8,5262.0,0.030217,35.419775
25.0,residence,SC-0022,SC-0017,158.0,2,1312.0,0.120427,28.143329
25.0,residence,GO-0002,GO-0018,157.0,9,15106.0,0.010393,182.638037
25.0,residence,PE-0001,PE-0003,157.0,13,30866.0,0.005087,71.528001
25.0,residence,PR-0022,PR-0002,157.0,21,4048.0,0.038785,256.323275
25.0,residence,MS-0002,PR-0010,156.0,2,2715.0,0.057459,305.027928
25.0,residence,PB-0008,PB-0010,156.0,11,1888.0,0.082627,59.347633
25.0,residence,PE-0007,PE-0011,156.0,11,4091.0,0.038132,89.246995
25.0,residence,SP-0201,SP-0206,156.0,13,29701.0,0.005252,287.379569
25.0,residence,BA-0010,PE-0007,155.0,6,5187.0,0.029882,104.581327
25.0,residence,MT-0013,MT-5114,155.0,2,4623.0,0.033528,175.921648
25.0,residence,PR-0011,PR-0016,155.0,14,9755.0,0.015889,147.312437
25.0,residence,RN-0001,RN-0006,154.0,8,13489.0,0.011417,185.333179
25.0,residence,SP-0214,SP-0210,154.0,14,7065.0,0.021798,84.001432
25.0,residence,MG-0010,MG-0002,153.0,18,3229.0,0.047383,337.834048
25.0,residence,MG-0022,MG-0002,153.0,18,7954.0,0.019236,271.168107
25.0,residence,MS-0006,SP-0005,153.0,5,4917.0,0.031117,532.831845
25.0,residence,PB-0006,PE-0001,153.0,13,3541.0,0.043208,291.041999
25.0,residence,SP-0009,SP-0205,153.0,2,308.0,0.496753,31.114155
25.0,residence,MG-0019,MG-0006,152.0,12,8515.0,0.017851,202.882946
25.0,residence,MG-0024,MG-0005,152.0,15,13305.0,0.011424,184.163373
25.0,residence,MT-0015,MT-0014,151.0,9,2229.0,0.067743,150.142882
25.0,residence,PA-0005,PA-0011,151.0,3,24496.0,0.006164,186.161808
25.0,residence,GO-0014,SP-0005,149.0,7,3512.0,0.042426,506.369107
25.0,residence,SC-0021,SC-0018,149.0,13,570.0,0.261404,142.259489
25.0,residence,BA-0014,BA-0006,148.0,8,4253.0,0.034799,122.285047
25.0,residence,PB-0010,PB-0009,148.0,6,1768.0,0.08371,39.191544
25.0,residence,MG-0016,MG-0018,147.0,10,8341.0,0.017624,254.82122
25.0,residence,CE-0011,CE-0016,146.0,6,11893.0,0.012276,63.300958
25.0,residence,SE-0028,SE-0008,146.0,4,312.0,0.467949,77.445552
25.0,residence,AL-0005,AL-0003,145.0,3,2322.0,0.062446,38.07178
25.0,residence,PA-0012,SP-0005,145.0,8,24170.0,0.005999,1451.312351
25.0,residence,PR-0018,PR-0002,145.0,19,7866.0,0.018434,271.676036
25.0,residence,PR-0018,PR-0019,145.0,15,7866.0,0.018434,51.107998
25.0,residence,BA-0010,BA-0013,144.0,4,5187.0,0.027762,58.057577
25.0,residence,MG-0010,SP-0005,144.0,12,3229.0,0.044596,318.038192
25.0,residence,MT-0001,MT-0007,144.0,11,29034.0,0.00496,117.548126
25.0,residence,SC-0002,SC-0010,144.0,8,2567.0,0.056097,83.373262
25.0,residence,SC-0026,SC-0016,144.0,1,1280.0,0.1125,27.058826
25.0,residence,BA-0020,BA-0018,143.0,11,8094.0,0.017667,293.794046
25.0,residence,MS-0004,MS-0001,143.0,9,3367.0,0.042471,314.379169
25.0,residence,PE-0012,PE-0006,143.0,7,5218.0,0.027405,76.93708
25.0,residence,SP-0210,SP-0213,143.0,9,7670.0,0.018644,139.082999
25.0,residence,SC-0017,SC-0007,141.0,3,1452.0,0.097107,40.436939
25.0,residence,PR-0014,PR-0012,140.0,12,8566.0,0.016344,91.659978
25.0,residence,SC-0021,SC-0014,140.0,5,570.0,0.245614,44.149601
25.0,residence,AM-0001,SP-0101,139.0,6,126150.0,0.001102,2752.0031
25.0,residence,CE-0011,CE-2301,139.0,10,11893.0,0.011688,193.029035
25.0,residence,PA-0011,SP-0005,139.0,10,39231.0,0.003543,1708.020701
25.0,residence,MT-0016,MT-0003,138.0,4,1352.0,0.102071,247.649857
25.0,residence,RN-0005,RN-0006,138.0,9,6662.0,0.020715,249.022664
25.0,residence,BA-0022,BA-0027,137.0,6,4693.0,0.029192,87.535605
25.0,residence,MG-0020,MG-0011,137.0,6,4539.0,0.030183,41.894906
25.0,residence,RR-0001,AM-0001,137.0,9,27131.0,0.00505,694.460137
25.0,residence,SP-0212,SP-0204,137.0,15,11657.0,0.011753,152.49394
25.0,residence,SP-0216,SP-0005,137.0,10,30394.0,0.004507,355.876244
25.0,residence,MA-0016,MA-0018,136.0,5,11074.0,0.012281,202.675209
25.0,residence,BA-0015,PE-0001,135.0,12,20536.0,0.006574,689.163143
25.0,residence,BA-0026,BA-0030,134.0,6,9387.0,0.014275,152.197393
25.0,residence,MA-0005,MA-0017,134.0,7,5359.0,0.025005,56.843698
25.0,residence,SC-0006,SC-0014,134.0,9,3546.0,0.037789,83.95606
25.0,residence,SP-0209,SP-0215,134.0,9,21362.0,0.006273,164.421189
25.0,residence,CE-0007,RN-0002,133.0,5,3740.0,0.035561,55.142184
25.0,residence,GO-0018,GO-0002,133.0,6,28748.0,0.004626,107.149955
25.0,residence,SP-0009,SP-0005,133.0,4,308.0,0.431818,68.074472
25.0,residence,SP-0203,SP-0215,133.0,15,9480.0,0.01403,133.188336
25.0,residence,SP-0204,SP-0217,133.0,5,3444.0,0.038618,146.79632
25.0,residence,AM-0002,AM-0007,132.0,3,9328.0,0.014151,161.169713
25.0,residence,PB-0010,PB-0003,132.0,11,1768.0,0.074661,238.125134
25.0,residence,CE-0005,CE-2301,131.0,7,5097.0,0.025701,135.17861
25.0,residence,GO-0015,GO-0014,131.0,14,3874.0,0.033815,136.514242
25.0,residence,PR-0006,PR-0003,131.0,9,4532.0,0.028906,136.925117
25.0,residence,RS-0013,RS-0016,131.0,8,3197.0,0.040976,45.288244
25.0,residence,BA-0021,BA-0022,130.0,5,8804.0,0.014766,48.596177
25.0,residence,CE-0004,CE-0008,130.0,8,4032.0,0.032242,93.190741
25.0,residence,RJ-0010,RJ-0019,130.0,9,343.0,0.379009,104.752113
25.0,residence,RS-0001,RS-0013,130.0,4,14353.0,0.009057,96.934651
25.0,residence,SP-0215,SP-0101,130.0,14,33707.0,0.003857,254.936486
25.0,residence,AC-0001,AC-0002,129.0,5,21143.0,0.006101,464.960426
25.0,residence,BA-0010,PE-0001,129.0,8,5187.0,0.02487,410.23617
25.0,residence,MG-0010,SP-0101,129.0,14,3229.0,0.03995,151.812093
25.0,residence,PB-0001,PB-0003,129.0,16,11039.0,0.011686,105.991503
25.0,residence,PR-0004,PR-0005,129.0,7,5068.0,0.025454,74.252039
25.0,residence,RS-0008,RS-0002,129.0,2,2820.0,0.045745,30.064968
25.0,residence,MG-0005,MG-0018,128.0,13,7442.0,0.0172,91.265018
25.0,residence,RS-0012,RS-0006,128.0,4,4814.0,0.026589,239.49151
25.0,residence,RN-0004,RN-0002,127.0,3,7056.0,0.017999,113.41371
25.0,residence,SE-0006,SE-0001,127.0,9,2588.0,0.049073,67.793474
25.0,residence,BA-0012,BA-0018,126.0,13,13420.0,0.009389,198.842312
25.0,residence,BA-0025,BA-0022,126.0,11,21941.0,0.005743,204.559824
25.0,residence,MG-0016,ES-0001,126.0,17,8341.0,0.015106,147.486439
25.0,residence,MT-0002,MT-0012,126.0,8,9475.0,0.013298,114.527509
25.0,residence,RN-0007,RN-0003,126.0,4,4377.0,0.028787,59.09902
25.0,residence,SP-0105,SP-0201,126.0,9,5262.0,0.023945,39.652423
25.0,residence,BA-0009,ES-0001,125.0,13,8080.0,0.01547,270.114584
25.0,residence,BA-0019,BA-0023,125.0,7,11655.0,0.010725,72.620988
25.0,residence,MA-0005,MA-0004,125.0,2,5359.0,0.023325,54.173019
25.0,residence,MA-0012,MA-0014,125.0,3,15634.0,0.007995,46.134863
25.0,residence,MG-0012,MG-0013,125.0,9,7996.0,0.015633,101.867236
25.0,residence,SP-0005,SP-0215,125.0,4,698.0,0.179083,85.211564
25.0,residence,SP-0011,SP-0216,125.0,4,134.0,0.932836,37.552528
25.0,residence,CE-0007,CE-0008,124.0,5,3740.0,0.033155,180.080909
25.0,residence,CE-0018,CE-0020,124.0,3,4817.0,0.025742,32.449724
25.0,residence,PB-0011,PB-0003,124.0,16,1321.0,0.093868,195.889264
25.0,residence,RS-0012,RS-0014,124.0,9,4814.0,0.025758,104.204166
25.0,residence,AM-0001,SP-0206,123.0,3,126150.0,0.000975,2514.683117
25.0,residence,ES-0002,ES-0003,123.0,8,14793.0,0.008315,147.778454
25.0,residence,PI-0087,PI-0008,123.0,1,188.0,0.654255,50.773602
25.0,residence,SC-0004,SC-0007,123.0,14,4797.0,0.025641,124.962708
25.0,residence,SC-0008,SC-0018,123.0,10,1548.0,0.079457,286.910568
25.0,residence,SC-0011,SC-0026,123.0,5,2373.0,0.051833,86.683224
25.0,residence,MS-0002,MS-0012,122.0,3,2715.0,0.044936,56.172062
25.0,residence,PB-0011,PB-0001,122.0,12,1321.0,0.092354,343.75194
25.0,residence,RS-0006,RS-0008,122.0,2,11374.0,0.010726,31.400726
25.0,residence,RS-0017,RS-0006,122.0,8,3152.0,0.038706,140.369138
25.0,residence,SC-0021,SC-0012,122.0,6,570.0,0.214035,36.487978
25.0,residence,SP-0212,SP-0219,122.0,2,11657.0,0.010466,40.835803
25.0,residence,SP-0220,SP-0101,122.0,13,1565.0,0.077955,171.332376
25.0,residence,GO-0010,GO-0022,121.0,9,3417.0,0.035411,136.52583
25.0,residence,MA-0006,MA-0009,121.0,6,6207.0,0.019494,45.726376
25.0,residence,SC-0025,SC-0018,121.0,14,3037.0,0.039842,164.529062
25.0,residence,AL-0007,AL-0008,120.0,4,2036.0,0.058939,40.328883
25.0,residence,MG-0020,MG-0015,120.0,5,4539.0,0.026438,36.892229
25.0,residence,SP-0005,SP-0205,120.0,2,698.0,0.17192,48.080758
25.0,residence,SP-0215,SP-0207,120.0,6,33707.0,0.00356,120.194052
25.0,residence,GO-0007,GO-0003,119.0,3,9427.0,0.012623,209.489444
25.0,residence,MA-0005,MA-0015,119.0,6,5359.0,0.022206,89.807879
25.0,residence,PR-0012,PR-0011,119.0,9,9454.0,0.012587,82.674787
25.0,residence,SP-0101,SP-0219,119.0,4,49979.0,0.002381,58.007479
25.0,residence,TO-0002,MA-0011,119.0,7,15695.0,0.007582,46.32074
25.0,residence,RS-0014,RS-0001,118.0,13,3168.0,0.037247,402.791145
25.0,residence,PR-0006,SC-0026,117.0,4,4532.0,0.025816,39.101679
25.0,residence,SP-0016,SP-0211,117.0,2,732.0,0.159836,56.433718
25.0,residence,SP-0101,BA-0020,117.0,4,49979.0,0.002341,1150.107815
25.0,residence,MG-0018,MG-0008,116.0,5,7057.0,0.016438,29.927072
25.0,residence,SP-0008,SP-0208,116.0,2,152.0,0.763158,52.466271
25.0,residence,SP-0102,SP-0201,116.0,14,3943.0,0.029419,36.96736
25.0,residence,CE-0016,PI-0001,115.0,8,3804.0,0.030231,71.477895
25.0,residence,PA-0002,PA-0003,115.0,12,11577.0,0.009933,70.961969
25.0,residence,PB-0009,PB-0003,115.0,9,2806.0,0.040984,288.049322
25.0,residence,PB-0009,PB-0006,115.0,11,2806.0,0.040984,137.843459
25.0,residence,PI-0017,PI-0011,115.0,4,2301.0,0.049978,69.221288
25.0,residence,PR-0009,PR-0002,115.0,13,3251.0,0.035374,498.082749
25.0,residence,RS-0017,RS-0001,115.0,10,3152.0,0.036485,314.118498
25.0,residence,MA-0001,MA-0006,114.0,7,9158.0,0.012448,64.517489
25.0,residence,MG-0014,MG-0015,114.0,10,13691.0,0.008327,58.263718
25.0,residence,MT-0001,PR-0002,114.0,7,29034.0,0.003926,1288.29869
25.0,residence,PR-0013,PR-0002,114.0,9,4288.0,0.026586,393.58232
25.0,residence,SP-0101,PE-0001,114.0,9,49979.0,0.002281,2137.232849
25.0,residence,BA-0023,BA-0019,113.0,8,2234.0,0.050582,123.848169
25.0,residence,MA-0008,MA-0017,113.0,7,8042.0,0.014051,60.461363
25.0,residence,MG-0011,SP-0207,113.0,11,11955.0,0.009452,224.604173
25.0,residence,MG-0012,MG-0002,113.0,10,7996.0,0.014132,398.103246
25.0,residence,MG-0021,MG-0011,113.0,12,8612.0,0.013121,75.650994
25.0,residence,SC-0002,SC-0008,113.0,6,2567.0,0.04402,63.633475
25.0,residence,SP-0213,SP-0101,113.0,8,15305.0,0.007383,284.004284
25.0,residence,CE-0002,CE-0008,112.0,8,16468.0,0.006801,165.528901
25.0,residence,PA-0001,PA-0003,112.0,12,5274.0,0.021236,51.232362
25.0,residence,PE-0009,BA-0015,112.0,10,9271.0,0.012081,192.472176
25.0,residence,PI-0010,PI-0011,112.0,3,7464.0,0.015005,62.692749
25.0,residence,PI-0011,PI-0009,112.0,5,5049.0,0.022183,112.267883
25.0,residence,SC-0015,SC-0008,112.0,5,7708.0,0.01453,152.734555
25.0,residence,SE-0003,SE-0002,112.0,6,3442.0,0.032539,37.420457
25.0,residence,SE-0008,BA-0001,112.0,6,13048.0,0.008584,270.531116
25.0,residence,BA-0015,PE-0007,111.0,5,20536.0,0.005405,163.199382
25.0,residence,GO-0001,SP-0101,111.0,8,20996.0,0.005287,810.888259
25.0,residence,MS-0002,MS-0003,111.0,4,2715.0,0.040884,96.044254
25.0,residence,PI-0016,PE-0009,111.0,3,2224.0,0.04991,34.86548
25.0,residence,PR-0003,PR-0005,111.0,7,11071.0,0.010026,174.53584
25.0,residence,SC-0004,PR-0007,111.0,4,4797.0,0.023139,37.6325
25.0,residence,AL-0003,PE-0001,110.0,9,5255.0,0.020932,314.758886
25.0,residence,BA-0015,BA-0012,110.0,5,20536.0,0.005356,89.862838
25.0,residence,BA-0015,PI-0012,110.0,3,20536.0,0.005356,79.563318
25.0,residence,MS-0008,SP-0005,110.0,5,5532.0,0.019884,410.051946
25.0,residence,PR-0011,PR-0012,110.0,9,9755.0,0.011276,78.421103
25.0,residence,SC-0022,SC-0012,110.0,3,1312.0,0.083841,56.529341
25.0,residence,SP-0013,SP-0213,110.0,1,327.0,0.336391,92.813311
25.0,residence,RN-0002,CE-0001,109.0,7,11078.0,0.009839,204.789774
25.0,residence,SC-0014,SC-0021,109.0,6,5048.0,0.021593,46.848297
25.0,residence,BA-0031,BA-0003,107.0,5,5874.0,0.018216,72.095577
25.0,residence,MT-0007,SP-0005,107.0,6,15375.0,0.006959,759.623554
25.0,residence,RR-0001,DF-0006,107.0,3,27131.0,0.003944,2530.206573
25.0,residence,SC-0006,SC-0021,107.0,5,3546.0,0.030175,35.866459
25.0,residence,BA-0003,BA-0011,106.0,6,12738.0,0.008322,109.778822
25.0,residence,MA-0008,MA-0004,106.0,3,8042.0,0.013181,54.695102
25.0,residence,MA-0017,MA-2105,106.0,4,6514.0,0.016273,61.413926
25.0,residence,PA-0009,AM-0001,106.0,13,48286.0,0.002195,535.864712
25.0,residence,SC-0006,SC-0022,106.0,9,3546.0,0.029893,116.842302
25.0,residence,SC-0014,SC-0015,106.0,8,5048.0,0.020998,128.497076
25.0,residence,BA-0013,BA-0020,105.0,12,13959.0,0.007522,106.102353
25.0,residence,MA-0011,MA-2111,105.0,3,10382.0,0.010114,45.648828
25.0,residence,MG-0012,MG-0007,105.0,4,7996.0,0.013132,123.950527
25.0,residence,RR-0001,SP-0005,105.0,1,27131.0,0.00387,2946.763636
25.0,residence,MA-0018,MA-0005,104.0,5,7672.0,0.013556,98.03089
25.0,residence,MG-0003,MG-0020,104.0,9,7804.0,0.013326,61.104487
25.0,residence,MG-0012,DF-0006,104.0,6,7996.0,0.013007,346.373496
25.0,residence,MG-0028,MG-0022,104.0,4,5511.0,0.018871,447.931041
25.0,residence,PR-0010,PR-0015,104.0,7,11147.0,0.00933,229.222453
25.0,residence,MA-0015,MA-0018,103.0,9,3570.0,0.028852,156.76381
25.0,residence,MG-0002,MG-0003,103.0,6,30469.0,0.00338,119.632911
25.0,residence,MS-0001,SP-0005,103.0,3,66709.0,0.001544,597.988629
25.0,residence,MT-0004,MT-0014,101.0,8,6255.0,0.016147,287.299526
25.0,residence,SP-0208,SP-0101,101.0,7,5295.0,0.019075,351.230201
25.0,residence,SP-0219,SP-0217,101.0,3,4105.0,0.024604,153.467055
25.0,residence,BA-0011,BA-0012,100.0,5,6250.0,0.016,104.995267
25.0,residence,GO-0001,GO-0014,100.0,4,20996.0,0.004763,116.627305
25.0,residence,GO-0017,GO-0001,100.0,7,136.0,0.735294,460.742119
25.0,residence,PE-0002,PE-0012,100.0,6,28252.0,0.00354,34.407639
25.0,residence,PR-0019,PR-0015,100.0,11,9881.0,0.01012,206.126499
25.0,residence,SC-0007,SC-0008,100.0,7,3035.0,0.032949,40.013934
25.0,residence,SP-0206,SP-0213,100.0,9,29477.0,0.003392,167.43719
25.0,residence,AL-0005,AL-0002,99.0,2,2322.0,0.042636,56.298601
25.0,residence,MG-0002,MG-0015,99.0,13,30469.0,0.003249,86.190098
25.0,residence,RJ-0033,RJ-0330,99.0,2,3854.0,0.025688,41.38888
25.0,residence,RS-0019,RS-0001,99.0,14,4429.0,0.022353,340.071308
25.0,residence,SC-0023,SC-0017,99.0,9,3791.0,0.026114,40.965254
25.0,residence,SP-0101,SP-0214,99.0,2,49979.0,0.001981,230.873664
25.0,residence,SP-0217,SP-0017,99.0,2,11663.0,0.008488,28.89304
25.0,residence,AL-0010,BA-0010,98.0,4,2718.0,0.036056,45.47196
25.0,residence,BA-0022,BA-0026,98.0,3,4693.0,0.020882,94.308705
25.0,residence,ES-0005,ES-0004,98.0,1,388.0,0.252577,84.251869
25.0,residence,PR-0005,PR-0003,98.0,7,11962.0,0.008193,114.15647
25.0,residence,RS-0004,RS-0006,98.0,6,8292.0,0.011819,223.58884
25.0,residence,SC-0016,SC-0007,98.0,5,3620.0,0.027072,54.125051
25.0,residence,SP-0209,SP-0216,98.0,11,21362.0,0.004588,81.068357
25.0,residence,SP-0210,SP-0005,98.0,6,7670.0,0.012777,224.910221
25.0,residence,SP-0211,SP-0101,98.0,13,15360.0,0.00638,553.260776
25.0,residence,TO-0002,SP-0005,98.0,7,15695.0,0.006244,1470.055747
25.0,residence,BA-0017,BA-0012,97.0,5,2907.0,0.033368,51.151559
25.0,residence,BA-0020,BA-0014,97.0,11,8094.0,0.011984,67.558614
25.0,residence,CE-0012,CE-0016,97.0,6,7123.0,0.013618,56.208872
25.0,residence,ES-0002,MG-0024,97.0,7,14793.0,0.006557,40.341242
25.0,residence,GO-0012,GO-0004,97.0,6,1110.0,0.087387,150.163665
25.0,residence,PB-0001,RN-0007,95.0,5,11039.0,0.008606,154.980514
25.0,residence,RS-0011,RS-0001,95.0,6,5157.0,0.018422,290.901007
25.0,residence,SC-0001,PR-0010,95.0,6,3663.0,0.025935,183.93555
25.0,residence,SC-0015,SC-0004,95.0,6,7708.0,0.012325,45.24153
25.0,residence,SP-0101,SP-0005,95.0,1,49979.0,0.001901,397.191906
25.0,residence,MG-0013,SP-0215,94.0,7,16685.0,0.005634,99.82555
25.0,residence,SC-0017,SC-0015,94.0,5,1452.0,0.064738,62.290984
25.0,residence,BA-0011,BA-0022,93.0,4,6250.0,0.01488,99.726762
25.0,residence,BA-0021,BA-0020,93.0,3,8804.0,0.010563,391.232491
25.0,residence,BA-0029,BA-0013,93.0,5,4567.0,0.020363,81.355542
25.0,residence,PE-0005,AL-0003,93.0,3,14225.0,0.006538,42.90218
25.0,residence,RS-0006,RS-0015,93.0,6,11374.0,0.008177,60.511805
25.0,residence,RS-0015,RS-0001,93.0,14,5019.0,0.01853,315.311705
25.0,residence,SC-0020,SC-0022,93.0,5,837.0,0.111111,104.58541
25.0,residence,BA-0013,BA-0002,92.0,6,13959.0,0.006591,213.198474
25.0,residence,MG-0005,MG-0027,92.0,11,7442.0,0.012362,66.451438
25.0,residence,MG-0012,SP-0215,92.0,6,7996.0,0.011506,269.356001
25.0,residence,PE-0008,BA-0001,92.0,9,21485.0,0.004282,498.554847
25.0,residence,RS-0028,RS-0001,92.0,7,376.0,0.244681,132.925249
25.0,residence,SC-0018,SC-0007,92.0,5,12007.0,0.007662,43.452022
25.0,residence,MT-0013,MT-0014,91.0,7,4623.0,0.019684,96.676492
25.0,residence,PR-0020,PR-0015,91.0,7,11993.0,0.007588,237.677014
25.0,residence,RS-0004,RS-0017,91.0,6,8292.0,0.010974,145.910281
25.0,residence,SP-0102,SP-0206,91.0,6,3943.0,0.023079,297.541577
25.0,residence,TO-0001,DF-0006,91.0,6,17379.0,0.005236,567.142268
25.0,residence,DF-0006,GO-0003,90.0,4,75042.0,0.001199,108.124254
25.0,residence,RJ-3302,RJ-0033,90.0,3,523.0,0.172084,103.08663
25.0,residence,CE-0006,CE-2301,89.0,6,4121.0,0.021597,108.670408
25.0,residence,MS-0004,MS-0006,89.0,2,3367.0,0.026433,34.075954
25.0,residence,SC-0008,SC-0010,89.0,7,1548.0,0.057494,124.95827
25.0,residence,SC-0023,SC-0018,89.0,11,3791.0,0.023477,139.555629
25.0,residence,SC-0026,SC-0018,89.0,8,1280.0,0.069531,257.07601
25.0,residence,SP-0207,SP-0102,89.0,11,14290.0,0.006228,102.488244
25.0,residence,SP-0207,SP-0217,89.0,7,14290.0,0.006228,154.911015
25.0,residence,PI-0010,PI-0008,88.0,4,7464.0,0.01179,56.944981
25.0,residence,SP-0206,SP-0217,88.0,5,29477.0,0.002985,374.095648
25.0,residence,BA-0025,BA-0020,87.0,10,21941.0,0.003965,582.022303
25.0,residence,MA-0005,MA-0014,87.0,4,5359.0,0.016234,123.295405
25.0,residence,RS-0014,RS-0006,87.0,11,3168.0,0.027462,207.091847
25.0,residence,SP-0204,SP-0102,87.0,8,3444.0,0.025261,38.97274
25.0,residence,BA-0009,MG-0002,86.0,13,8080.0,0.010644,504.881816
25.0,residence,PA-0001,PA-0005,85.0,6,5274.0,0.016117,202.531409
25.0,residence,RS-0019,RS-0015,85.0,5,4429.0,0.019192,50.332207
25.0,residence,SC-0009,SC-0003,85.0,3,1782.0,0.047699,88.191819
25.0,residence,SP-0101,DF-0006,85.0,6,49979.0,0.001701,882.882778
25.0,residence,BA-0020,BA-0024,84.0,9,8094.0,0.010378,182.392809
25.0,residence,BA-0026,BA-0020,84.0,8,9387.0,0.008949,336.283151
25.0,residence,MG-0013,MG-0002,84.0,10,16685.0,0.005034,333.222868
25.0,residence,MG-0015,MG-0011,84.0,9,21650.0,0.00388,49.056881
25.0,residence,MS-0001,SP-0206,84.0,2,66709.0,0.001259,588.762114
25.0,residence,PA-0012,PA-0011,84.0,6,24170.0,0.003475,210.381145
25.0,residence,RN-0007,RN-0005,84.0,8,4377.0,0.019191,71.776604
25.0,residence,RS-0008,RS-0016,84.0,5,2820.0,0.029787,83.842421
25.0,residence,AM-0005,RR-0001,83.0,2,8175.0,0.010153,475.3621
25.0,residence,BA-0008,BA-0006,83.0,7,10820.0,0.007671,179.579355
25.0,residence,BA-0026,GO-0002,83.0,1,9387.0,0.008842,125.364256
25.0,residence,MG-0021,MG-0002,83.0,10,8612.0,0.009638,270.280839
25.0,residence,PI-0007,PI-0008,83.0,2,3501.0,0.023708,54.182254
25.0,residence,RN-0001,RN-0002,83.0,5,13489.0,0.006153,90.049366
25.0,residence,SC-0008,SC-0015,83.0,9,1548.0,0.053618,128.631537
25.0,residence,BA-0018,BA-0016,82.0,3,5858.0,0.013998,77.39091
25.0,residence,MA-0007,MA-2108,82.0,2,5217.0,0.015718,31.406556
25.0,residence,MG-0013,MG-0022,82.0,6,16685.0,0.004915,179.724187
25.0,residence,PB-0006,PB-0010,82.0,4,3541.0,0.023157,87.757254
25.0,residence,SE-0008,SE-0002,82.0,5,13048.0,0.006284,45.721989
25.0,residence,SP-0101,SP-0215,82.0,1,49979.0,0.001641,422.511365
25.0,residence,AL-0003,AL-0008,81.0,3,5255.0,0.015414,97.373442
25.0,residence,MA-0004,PI-0004,81.0,9,10482.0,0.007728,233.387592
25.0,residence,MG-0017,MG-0016,81.0,6,11010.0,0.007357,91.8318
25.0,residence,MG-0018,MG-0027,81.0,5,7057.0,0.011478,41.19525
25.0,residence,RJ-0003,MG-0005,81.0,2,469.0,0.172708,110.418612
25.0,residence,RJ-0330,RJ-0000,81.0,9,1477.0,0.054841,41.511855
25.0,residence,RS-0012,RS-0004,81.0,6,4814.0,0.016826,162.668956
25.0,residence,SC-0021,SC-0006,81.0,5,570.0,0.142105,58.960979
25.0,residence,SP-0207,SP-0210,81.0,10,14290.0,0.005668,45.806668
25.0,residence,SP-0214,SP-0005,81.0,7,7065.0,0.011465,219.32745
25.0,residence,PB-0005,PB-0001,80.0,11,2577.0,0.031044,257.705266
25.0,residence,SE-0002,SE-0001,80.0,6,4957.0,0.016139,64.740595
25.0,residence,CE-0009,CE-2301,79.0,4,6786.0,0.011642,137.42849
25.0,residence,MG-0009,MG-0004,79.0,7,7846.0,0.010069,92.90166
25.0,residence,MS-0006,MS-0004,79.0,2,4917.0,0.016067,96.154993
25.0,residence,MT-0001,SP-0101,79.0,4,29034.0,0.002721,1312.111432
25.0,residence,PE-0004,PB-0005,79.0,5,37344.0,0.002115,86.69845
25.0,residence,PE-0012,PB-0001,79.0,5,5218.0,0.01514,46.87887
25.0,residence,PI-0004,PE-0001,79.0,1,10613.0,0.007444,926.651285
25.0,residence,PR-0021,PR-0018,79.0,4,6770.0,0.011669,113.982035
25.0,residence,SC-0025,SC-0026,79.0,7,3037.0,0.026013,102.401619
25.0,residence,SC-4207,SC-0007,79.0,2,132.0,0.598485,28.191049
25.0,residence,SE-0003,SE-0004,79.0,2,3442.0,0.022952,36.627562
25.0,residence,CE-0006,CE-0008,78.0,7,4121.0,0.018927,198.649468
25.0,residence,MG-0013,SP-0213,78.0,6,16685.0,0.004675,178.648231
25.0,residence,MS-0001,SP-0101,78.0,6,66709.0,0.001169,837.123082
25.0,residence,PI-0010,PI-0013,78.0,3,7464.0,0.01045,128.480353
25.0,residence,PR-0011,ES-0004,78.0,1,9755.0,0.007996,1469.884991
25.0,residence,SP-0007,SP-0212,78.0,1,847.0,0.09209,26.127189
25.0,residence,SP-0209,SP-0205,78.0,1,21362.0,0.003651,37.012257
25.0,residence,CE-0021,CE-0020,77.0,2,2277.0,0.033816,26.911037
25.0,residence,MG-0016,MG-0017,77.0,2,8341.0,0.009232,48.194339
25.0,residence,RS-0001,RS-0006,77.0,10,14353.0,0.005365,104.22403
25.0,residence,SC-0009,SC-0007,77.0,5,1782.0,0.04321,83.31486
25.0,residence,SC-0022,PR-0002,77.0,7,1312.0,0.058689,96.005555
25.0,residence,SP-0104,SP-0207,77.0,5,2457.0,0.031339,50.461801
25.0,residence,CE-0003,CE-0008,76.0,5,7442.0,0.010212,139.419656
25.0,residence,MG-0011,SP-0101,76.0,9,11955.0,0.006357,253.689658
25.0,residence,SC-0007,SC-0010,76.0,7,3035.0,0.025041,113.255857
25.0,residence,SC-0009,SC-0014,76.0,6,1782.0,0.042649,42.624761
25.0,residence,SC-0011,SC-0016,76.0,2,2373.0,0.032027,45.857802
25.0,residence,SP-0215,SP-0206,76.0,9,33707.0,0.002255,175.37122
25.0,residence,BA-0009,ES-0004,75.0,3,8080.0,0.009282,87.62188
25.0,residence,BA-0024,BA-0023,75.0,5,3210.0,0.023364,44.042223
25.0,residence,SC-0002,SC-0015,75.0,8,2567.0,0.029217,134.252244
25.0,residence,SC-0004,SC-0011,75.0,2,4797.0,0.015635,64.55884
25.0,residence,SC-0007,SC-4207,75.0,3,3035.0,0.024712,35.314791
25.0,residence,SC-0009,SC-0010,75.0,4,1782.0,0.042088,154.948867
25.0,residence,SC-0023,SC-0025,75.0,4,3791.0,0.019784,100.065957
25.0,residence,SP-0207,SP-0201,75.0,11,14290.0,0.005248,72.480033
25.0,residence,DF-0006,MG-0002,74.0,6,75042.0,0.000986,615.595217
25.0,residence,MA-2109,MA-0001,74.0,8,162.0,0.45679,235.810926
25.0,residence,PA-0011,PA-0005,74.0,2,39231.0,0.001886,231.304319
25.0,residence,RN-0007,RN-0001,74.0,5,4377.0,0.016907,33.148192
25.0,residence,SP-0220,SP-0206,74.0,2,1565.0,0.047284,182.631514
25.0,residence,BA-0002,BA-0004,73.0,8,11656.0,0.006263,79.078794
25.0,residence,BA-0023,BA-0030,73.0,4,2234.0,0.032677,115.404562
25.0,residence,PA-0011,MA-0001,73.0,5,39231.0,0.001861,716.997013
25.0,residence,PE-0004,PE-0011,73.0,6,37344.0,0.001955,181.601683
25.0,residence,PI-0010,PI-0012,73.0,8,7464.0,0.00978,150.147875
25.0,residence,PR-0005,PR-0022,73.0,4,11962.0,0.006103,49.722995
25.0,residence,PR-0012,PR-0014,73.0,6,9454.0,0.007722,101.555428
25.0,residence,RJ-0010,RJ-0033,73.0,1,343.0,0.212828,100.96802
25.0,residence,BA-0013,BA-0007,72.0,8,13959.0,0.005158,137.40402
25.0,residence,DF-0006,SP-0206,72.0,2,75042.0,0.000959,738.856138
25.0,residence,MG-0023,MG-0018,72.0,6,9469.0,0.007604,148.240074
25.0,residence,PI-0001,PI-0002,72.0,3,4953.0,0.014537,67.359011
25.0,residence,SC-0009,SC-0008,72.0,2,1782.0,0.040404,42.999409
25.0,residence,SC-0010,SC-0015,72.0,4,7647.0,0.009415,277.840168
25.0,residence,TO-0001,SP-0207,72.0,5,17379.0,0.004143,1421.985876
25.0,residence,AL-0005,PE-0003,71.0,1,2322.0,0.030577,35.142149
25.0,residence,MG-0009,MG-0023,71.0,7,7846.0,0.009049,72.216515
25.0,residence,MG-0012,MG-0022,71.0,6,7996.0,0.008879,252.191886
25.0,residence,MG-0016,MG-0009,71.0,5,8341.0,0.008512,42.223584
25.0,residence,MG-0028,MG-0006,71.0,6,5511.0,0.012883,297.255832
25.0,residence,PB-0011,PE-0011,71.0,7,1321.0,0.053747,42.51965
25.0,residence,RS-0014,RS-0012,71.0,4,3168.0,0.022412,68.604009
25.0,residence,SC-0020,SC-0018,71.0,8,837.0,0.084827,106.318693
25.0,residence,SP-0215,SP-0213,71.0,6,33707.0,0.002106,185.777684
25.0,residence,AM-0001,SP-0005,70.0,1,126150.0,0.000555,2362.184406
25.0,residence,BA-0006,BA-0013,70.0,4,3669.0,0.019079,185.91326
25.0,residence,BA-0024,BA-0026,70.0,3,3210.0,0.021807,60.518244
25.0,residence,ES-0001,SP-0206,70.0,9,57029.0,0.001227,942.636557
25.0,residence,ES-0005,ES-0001,70.0,7,388.0,0.180412,176.07143
25.0,residence,MA-0008,MA-0005,70.0,4,8042.0,0.008704,91.726592
25.0,residence,MA-0011,SP-0005,70.0,2,10382.0,0.006742,1699.531286
25.0,residence,MA-2109,MA-0006,70.0,1,162.0,0.432099,167.2863
25.0,residence,PB-0007,RN-0006,70.0,6,2742.0,0.025529,117.903491
25.0,residence,BA-0004,BA-0005,69.0,5,6482.0,0.010645,42.614399
25.0,residence,CE-0004,CE-2301,69.0,4,4032.0,0.017113,66.296946
25.0,residence,MA-0001,MA-0005,69.0,2,9158.0,0.007534,156.754295
25.0,residence,PA-0001,PA-0013,69.0,4,5274.0,0.013083,160.807043
25.0,residence,PA-0010,PA-0011,69.0,5,16089.0,0.004289,172.689189
25.0,residence,PR-0019,PR-0022,69.0,7,9881.0,0.006983,195.657825
25.0,residence,RJ-0010,RJ-0330,69.0,1,343.0,0.201166,87.185818
25.0,residence,RJ-0053,RJ-0003,69.0,2,2221.0,0.031067,99.114035
25.0,residence,RS-0009,RS-0004,69.0,5,3428.0,0.020128,80.749243
25.0,residence,DF-0006,PE-0001,68.0,2,75042.0,0.000906,1643.814606
25.0,residence,MA-0004,MA-0018,68.0,4,10482.0,0.006487,79.120402
25.0,residence,MG-0015,SP-0005,68.0,3,21650.0,0.003141,318.754517
25.0,residence,MG-0021,SP-0206,68.0,3,8612.0,0.007896,238.3056
25.0,residence,PE-0001,PB-0001,68.0,9,30866.0,0.002203,82.037342
25.0,residence,PR-0012,PR-0017,68.0,5,9454.0,0.007193,237.70405
25.0,residence,SC-0001,ES-0001,68.0,5,3663.0,0.018564,1495.358522
25.0,residence,SP-0202,SP-0213,68.0,5,6869.0,0.0099,289.25032
25.0,residence,SP-0209,SP-0213,68.0,4,21362.0,0.003183,223.739201
25.0,residence,SP-0213,SP-0203,68.0,9,15305.0,0.004443,69.127049
25.0,residence,AL-0002,AL-0008,67.0,3,7456.0,0.008986,62.952889
25.0,residence,GO-0010,GO-0009,67.0,6,3417.0,0.019608,111.106508
25.0,residence,BA-0009,BA-0006,66.0,5,8080.0,0.008168,279.426757
25.0,residence,BA-0028,BA-0012,66.0,4,8369.0,0.007886,87.948029
25.0,residence,MG-0013,MG-0007,66.0,7,16685.0,0.003956,243.768572
25.0,residence,PB-0004,PB-0001,66.0,9,2845.0,0.023199,161.028052
25.0,residence,SE-0008,SE-0005,66.0,6,13048.0,0.005058,80.488486
25.0,residence,SP-0217,SP-0207,66.0,5,11663.0,0.005659,128.346436
25.0,residence,AC-0002,AC-0003,65.0,1,10808.0,0.006014,84.289967
25.0,residence,BA-0008,MG-0002,65.0,8,10820.0,0.006007,612.459704
25.0,residence,PI-0009,PI-0007,65.0,3,4282.0,0.01518,52.52513
25.0,residence,PR-0001,SC-0022,65.0,4,7622.0,0.008528,54.080103
25.0,residence,RS-0005,RS-0006,65.0,8,8085.0,0.00804,108.926991
25.0,residence,RS-0017,RS-0009,65.0,2,3152.0,0.020622,36.914107
25.0,residence,SP-0102,SP-0217,65.0,4,3943.0,0.016485,141.828873
25.0,residence,AM-0004,AC-0001,64.0,6,3843.0,0.016654,396.722986
25.0,residence,BA-0026,BA-0024,64.0,5,9387.0,0.006818,210.853778
25.0,residence,MA-0005,MA-0003,64.0,2,5359.0,0.011943,126.840925
25.0,residence,MG-0007,DF-0006,64.0,5,8488.0,0.00754,320.204947
25.0,residence,MG-0016,MG-0004,64.0,7,8341.0,0.007673,75.144708
25.0,residence,MT-0005,MT-0012,64.0,1,7356.0,0.0087,143.926399
25.0,residence,PB-0003,RN-0006,64.0,2,10705.0,0.005979,220.823381
25.0,residence,RJ-3304,RJ-0003,64.0,2,70.0,0.914286,30.434126
25.0,residence,RS-0043,RS-0007,64.0,2,621.0,0.10306,168.899541
25.0,residence,SC-0022,SC-0011,64.0,1,1312.0,0.04878,85.26568
25.0,residence,AP-0001,SP-0101,63.0,4,31630.0,0.001992,2716.019329
25.0,residence,BA-0016,BA-0017,63.0,4,7777.0,0.008101,41.213131
25.0,residence,MG-0002,MG-0009,63.0,8,30469.0,0.002068,82.765086
25.0,residence,PB-0006,PB-0011,63.0,5,3541.0,0.017792,94.011894
25.0,residence,PR-0021,PR-0016,63.0,6,6770.0,0.009306,116.580478
25.0,residence,SC-0003,SC-0006,63.0,1,809.0,0.077874,38.791039
25.0,residence,PB-0010,PE-0001,62.0,5,1768.0,0.035068,346.191372
25.0,residence,PR-0005,PR-0015,62.0,4,11962.0,0.005183,211.14822
25.0,residence,PR-0013,PR-0014,62.0,6,4288.0,0.014459,78.706486
25.0,residence,PR-0017,PR-0018,62.0,6,13830.0,0.004483,71.174808
25.0,residence,RJ-0003,RJ-0033,62.0,1,469.0,0.132196,90.966771
25.0,residence,RJ-0019,SP-0101,62.0,7,52343.0,0.001184,334.980071
25.0,residence,SC-0023,SC-0011,62.0,5,3791.0,0.016355,115.512378
25.0,residence,SP-0201,SP-0216,62.0,9,29701.0,0.002087,70.328845
25.0,residence,SP-0206,SP-0211,62.0,2,29477.0,0.002103,33.383846
25.0,residence,AL-0001,AL-0008,61.0,6,11392.0,0.005355,81.733007
25.0,residence,AL-0007,AL-0006,61.0,4,2036.0,0.029961,45.201544
25.0,residence,MA-0016,MA-0015,61.0,3,11074.0,0.005508,107.882259
25.0,residence,MG-0023,MG-0009,61.0,7,9469.0,0.006442,43.941659
25.0,residence,MG-0029,MG-0014,61.0,4,4727.0,0.012905,111.462877
25.0,residence,PI-0003,PI-0002,61.0,4,3669.0,0.016626,93.559693
25.0,residence,RS-0011,RS-0015,61.0,1,5157.0,0.011829,55.790308
25.0,residence,SC-0007,SC-0002,61.0,5,3035.0,0.020099,112.423876
25.0,residence,SC-0013,SC-0018,61.0,4,1433.0,0.042568,103.972734
25.0,residence,SP-0101,SP-0103,61.0,2,49979.0,0.001221,44.03618
25.0,residence,AC-0001,AC-0003,60.0,2,21143.0,0.002838,197.841749
25.0,residence,CE-0010,RN-0006,60.0,6,6119.0,0.009806,71.190443
25.0,residence,MA-0017,MA-0018,60.0,4,6514.0,0.009211,191.972621
25.0,residence,PB-0006,RN-0006,60.0,4,3541.0,0.016944,119.0026
25.0,residence,PE-0001,PE-0012,60.0,4,30866.0,0.001944,66.151479
25.0,residence,PR-0002,PR-0003,60.0,6,51637.0,0.001162,89.631744
25.0,residence,PR-0012,PR-0016,60.0,8,9454.0,0.006347,200.662035
25.0,residence,SC-0015,SC-0009,60.0,2,7708.0,0.007784,28.739418
25.0,residence,SC-0021,SC-0022,60.0,4,570.0,0.105263,153.299979
25.0,residence,BA-0001,SP-0005,59.0,1,17824.0,0.00331,1368.980149
25.0,residence,BA-0025,DF-0006,59.0,6,21941.0,0.002689,508.636617
25.0,residence,CE-0001,CE-0011,59.0,2,15882.0,0.003715,203.95491
25.0,residence,GO-0003,GO-0004,59.0,6,5353.0,0.011022,72.347167
25.0,residence,MS-0003,MS-0004,59.0,5,13509.0,0.004367,93.448472
25.0,residence,RJ-0214,RJ-0033,59.0,2,124.0,0.475806,79.858924
25.0,residence,SP-0101,PR-0002,59.0,4,49979.0,0.00118,325.161621
25.0,residence,SP-0201,SP-0204,59.0,8,29701.0,0.001986,47.682559
25.0,residence,BA-0001,BA-0005,58.0,3,17824.0,0.003254,64.805493
25.0,residence,BA-0008,ES-0001,58.0,4,10820.0,0.00536,351.69007
25.0,residence,DF-0006,GO-0002,58.0,3,75042.0,0.000773,132.076438
25.0,residence,MA-0007,MA-0003,58.0,2,5217.0,0.011118,39.373877
25.0,residence,MA-0011,MA-0016,58.0,4,10382.0,0.005587,163.627982
25.0,residence,MG-0018,MG-0024,58.0,7,7057.0,0.008219,40.661038
25.0,residence,PA-0009,AP-0001,58.0,5,48286.0,0.001201,402.612834
25.0,residence,PB-0011,PE-0010,58.0,4,1321.0,0.043906,34.614888
25.0,residence,PE-0007,BA-0015,58.0,6,4091.0,0.014177,206.815084
25.0,residence,PR-0012,PR-0020,58.0,5,9454.0,0.006135,42.550793
25.0,residence,SC-0033,SC-0010,58.0,1,87.0,0.666667,29.030541
25.0,residence,MA-0008,MA-0009,57.0,6,8042.0,0.007088,142.512712
25.0,residence,MA-0009,MA-2108,57.0,3,13358.0,0.004267,95.419616
25.0,residence,MS-0002,SP-0005,57.0,3,2715.0,0.020994,673.53337
25.0,residence,MT-0014,MT-0011,57.0,4,10021.0,0.005688,195.610028
25.0,residence,PA-0005,MA-0011,57.0,3,24496.0,0.002327,164.664722
25.0,residence,RJ-0006,RJ-0003,57.0,2,90.0,0.633333,30.214778
25.0,residence,RJ-3302,RJ-0003,57.0,1,523.0,0.108987,201.644235
25.0,residence,SE-0001,SE-0002,57.0,7,6698.0,0.00851,69.744454
25.0,residence,SP-0104,SP-0102,57.0,5,2457.0,0.023199,44.936321
25.0,residence,BA-0015,BA-0028,56.0,6,20536.0,0.002727,115.191553
25.0,residence,BA-0028,BA-0002,56.0,6,8369.0,0.006691,237.949054
25.0,residence,GO-0001,TO-0001,56.0,5,20996.0,0.002667,625.053402
25.0,residence,MG-0008,MG-0023,56.0,4,6250.0,0.00896,47.819307
25.0,residence,MG-0010,MG-0022,56.0,7,3229.0,0.017343,175.362751
25.0,residence,MG-0019,BA-0020,56.0,9,8515.0,0.006577,97.350906
25.0,residence,PE-0005,PE-0003,56.0,7,14225.0,0.003937,99.376323
25.0,residence,PR-0008,PR-0015,56.0,3,12009.0,0.004663,336.312399
25.0,residence,RN-0007,RN-0002,56.0,4,4377.0,0.012794,271.741552
25.0,residence,SC-0015,SC-0022,56.0,4,7708.0,0.007265,129.102581
25.0,residence,SP-0208,SP-0206,56.0,3,5295.0,0.010576,245.241884
25.0,residence,AL-0001,AL-0006,55.0,2,11392.0,0.004828,43.644167
25.0,residence,AL-0007,AL-0003,55.0,2,2036.0,0.027014,58.709849
25.0,residence,BA-0001,SP-0101,55.0,5,17824.0,0.003086,1466.212663
25.0,residence,BA-0019,BA-0030,55.0,4,11655.0,0.004719,97.504243
25.0,residence,MA-0004,MA-0010,55.0,2,10482.0,0.005247,59.428626
25.0,residence,MT-0014,SP-0005,55.0,3,10021.0,0.005488,1193.278696
25.0,residence,PR-0003,PR-0004,55.0,6,11071.0,0.004968,72.387316
25.0,residence,RS-0010,RS-0007,55.0,4,11991.0,0.004587,136.473371
25.0,residence,SC-0006,SC-0003,55.0,4,3546.0,0.01551,39.909142
25.0,residence,SC-0025,SC-0015,55.0,4,3037.0,0.01811,93.164526
25.0,residence,SP-0104,SP-0105,55.0,6,2457.0,0.022385,39.601673
25.0,residence,SP-0206,SP-0209,55.0,6,29477.0,0.001866,66.245973
25.0,residence,SP-0212,SP-0005,55.0,4,11657.0,0.004718,296.869053
25.0,residence,SP-0212,SP-0206,55.0,5,11657.0,0.004718,161.018892
25.0,residence,AM-0005,AM-0003,54.0,2,8175.0,0.006606,131.113653
25.0,residence,PA-0005,TO-0001,54.0,1,24496.0,0.002204,778.288401
25.0,residence,PR-0002,SC-0022,54.0,3,51637.0,0.001046,96.958204
25.0,residence,PR-0013,PR-0017,54.0,5,4288.0,0.012593,151.552941
25.0,residence,RJ-0010,MG-0005,54.0,2,343.0,0.157434,118.551238
25.0,residence,RS-0004,RS-0010,54.0,6,8292.0,0.006512,73.421238
25.0,residence,SC-0020,SC-0012,54.0,5,837.0,0.064516,37.662433
25.0,residence,SC-0022,SC-0026,54.0,2,1312.0,0.041159,160.210609
25.0,residence,SE-0005,SE-0001,54.0,5,3656.0,0.01477,131.145371
25.0,residence,SP-0101,SP-0221,54.0,2,49979.0,0.00108,111.42426
25.0,residence,SP-0214,SP-0208,54.0,6,7065.0,0.007643,170.604809
25.0,residence,BA-0001,SP-0206,53.0,3,17824.0,0.002974,1499.36552
25.0,residence,CE-0017,CE-0019,53.0,1,2840.0,0.018662,28.971393
25.0,residence,MA-0006,MA-0007,53.0,5,6207.0,0.008539,72.516921
25.0,residence,RN-0004,RN-0006,53.0,6,7056.0,0.007511,104.13821
25.0,residence,SC-0022,SC-0016,53.0,1,1312.0,0.040396,135.695909
25.0,residence,BA-0014,BA-0018,52.0,6,4253.0,0.012227,330.429087
25.0,residence,GO-0008,GO-0004,52.0,2,52.0,1.0,134.635421
25.0,residence,MG-0013,MG-0012,52.0,6,16685.0,0.003117,89.238495
25.0,residence,PA-0011,TO-0002,52.0,5,39231.0,0.001325,215.172761
25.0,residence,PI-0017,PI-0016,52.0,3,2301.0,0.022599,32.03244
25.0,residence,PR-0016,PR-0022,52.0,3,5135.0,0.010127,45.3378
25.0,residence,RJ-0033,RJ-0003,52.0,4,3854.0,0.013492,94.401142
25.0,residence,RJ-0053,RJ-0033,52.0,2,2221.0,0.023413,31.245814
25.0,residence,RS-0001,SC-0018,52.0,4,14353.0,0.003623,371.178512
25.0,residence,SP-0216,SP-0215,52.0,3,30394.0,0.001711,247.092071
25.0,residence,AM-0001,CE-0001,51.0,3,126150.0,0.000404,2414.736498
25.0,residence,BA-0018,BA-0021,51.0,3,5858.0,0.008706,108.172527
25.0,residence,BA-0019,BA-0013,51.0,1,11655.0,0.004376,213.157677
25.0,residence,CE-0012,CE-2301,51.0,4,7123.0,0.00716,192.623203
25.0,residence,GO-0001,SP-0215,51.0,4,20996.0,0.002429,393.838337
25.0,residence,MA-0005,PI-0004,51.0,3,5359.0,0.009517,138.871639
25.0,residence,MG-0011,MG-0010,51.0,5,11955.0,0.004266,70.676874
25.0,residence,MG-0027,MG-0002,51.0,7,3532.0,0.014439,220.336005
25.0,residence,MT-0015,MT-0011,51.0,3,2229.0,0.02288,76.746561
25.0,residence,PA-0009,PA-0010,51.0,3,48286.0,0.001056,182.420686
25.0,residence,PI-0003,PI-0005,51.0,4,3669.0,0.0139,86.385912
25.0,residence,PI-0087,PI-0004,51.0,5,188.0,0.271277,277.699843
25.0,residence,PR-0002,PR-0015,51.0,7,51637.0,0.000988,363.114227
25.0,residence,PR-0003,PR-0021,51.0,5,11071.0,0.004607,96.707666
25.0,residence,PR-0013,PR-0010,51.0,5,4288.0,0.011894,161.419295
25.0,residence,SC-0005,SC-0018,51.0,6,3119.0,0.016351,492.459249
25.0,residence,SE-0008,SP-0101,51.0,4,13048.0,0.003909,1728.766032
25.0,residence,SP-0104,SP-0201,51.0,6,2457.0,0.020757,40.439606
25.0,residence,SP-0216,SP-0102,51.0,6,30394.0,0.001678,87.509221
25.0,residence,BA-0024,BA-0019,50.0,5,3210.0,0.015576,77.052916
25.0,residence,MS-0001,SP-0215,50.0,1,66709.0,0.00075,504.174336
25.0,residence,MT-0004,SP-0005,50.0,4,6255.0,0.007994,1455.603431
25.0,residence,MT-0008,SP-0005,50.0,3,6192.0,0.008075,718.633282
25.0,residence,PA-0009,AM-0005,50.0,3,48286.0,0.001035,133.925309
25.0,residence,PI-0011,RS-0001,50.0,2,5049.0,0.009903,2602.704803
25.0,residence,PI-0017,PI-0010,50.0,3,2301.0,0.02173,222.485843
25.0,residence,PR-0011,PR-0014,50.0,5,9755.0,0.005126,137.458929
25.0,residence,RS-0016,RS-0006,50.0,6,3499.0,0.01429,61.14975
25.0,residence,SC-0004,SC-0022,50.0,5,4797.0,0.010423,149.326249
25.0,residence,SP-0101,MG-0006,50.0,3,49979.0,0.001,842.171934
25.0,residence,MA-0013,MA-0005,49.0,7,8893.0,0.00551,239.501248
25.0,residence,PB-0012,PE-0001,49.0,4,5027.0,0.009747,94.709393
25.0,residence,PR-0010,PR-0007,49.0,3,11147.0,0.004396,131.729281
25.0,residence,RS-0014,RS-0015,49.0,4,3168.0,0.015467,109.434559
25.0,residence,RS-0018,RS-0002,49.0,8,10553.0,0.004643,78.187752
25.0,residence,SC-0004,SC-0025,49.0,1,4797.0,0.010215,31.258992
25.0,residence,SC-0011,SC-0018,49.0,6,2373.0,0.020649,195.656604
25.0,residence,SC-0015,SC-0028,49.0,3,7708.0,0.006357,69.758626
25.0,residence,AL-0009,AL-0008,48.0,4,1281.0,0.037471,84.957521
25.0,residence,CE-0007,CE-2301,48.0,4,3740.0,0.012834,110.180722
25.0,residence,MA-0001,MA-0003,48.0,4,9158.0,0.005241,118.439624
25.0,residence,MA-0014,MA-0016,48.0,4,5126.0,0.009364,41.212999
25.0,residence,MA-0016,MA-0005,48.0,3,11074.0,0.004334,180.663535
25.0,residence,MA-2105,MA-0001,48.0,6,489.0,0.09816,212.901299
25.0,residence,PA-0002,PA-0005,48.0,3,11577.0,0.004146,100.331152
25.0,residence,PR-0005,PR-0004,48.0,5,11962.0,0.004013,99.678764
25.0,residence,SC-0008,SC-0009,48.0,3,1548.0,0.031008,42.597972
25.0,residence,SC-0018,PR-0002,48.0,5,12007.0,0.003998,231.304638
25.0,residence,SP-0002,SP-0215,48.0,3,576.0,0.083333,179.126846
25.0,residence,SP-0101,PI-0003,48.0,1,49979.0,0.00096,2217.568002
25.0,residence,BA-0003,BA-0012,47.0,2,12738.0,0.00369,121.638785
25.0,residence,BA-0024,BA-0018,47.0,6,3210.0,0.014642,318.44067
25.0,residence,CE-0015,PI-0003,47.0,1,3804.0,0.012355,59.060475
25.0,residence,ES-0001,SP-0101,47.0,5,57029.0,0.000824,782.79866
25.0,residence,GO-0006,GO-0007,47.0,6,6109.0,0.007694,145.382109
25.0,residence,MA-0016,MA-0012,47.0,1,11074.0,0.004244,69.204425
25.0,residence,MG-0010,MG-0021,47.0,6,3229.0,0.014556,58.784254
25.0,residence,MG-0012,MG-0026,47.0,4,7996.0,0.005878,71.211592
25.0,residence,MG-0028,MG-0012,47.0,4,5511.0,0.008528,274.063359
25.0,residence,MS-0001,PR-0002,47.0,2,66709.0,0.000705,719.037898
25.0,residence,MS-0004,MS-0003,47.0,6,3367.0,0.013959,125.911922
25.0,residence,MS-0012,MS-0001,47.0,5,1468.0,0.032016,208.36129
25.0,residence,PA-0009,AM-0009,47.0,1,48286.0,0.000973,166.911481
25.0,residence,PI-0004,PI-0001,47.0,3,10613.0,0.004429,253.738441
25.0,residence,RR-0001,SP-0101,47.0,3,27131.0,0.001732,3335.413662
25.0,residence,SC-0023,SC-0007,47.0,3,3791.0,0.012398,45.869551
25.0,residence,AL-0007,AL-0002,46.0,1,2036.0,0.022593,60.01018
25.0,residence,AM-0001,DF-0006,46.0,3,126150.0,0.000365,1994.59785
25.0,residence,AM-0001,GO-0001,46.0,4,126150.0,0.000365,1973.572628
25.0,residence,BA-0005,BA-0002,46.0,4,5163.0,0.00891,150.151005
25.0,residence,BA-0029,BA-0018,46.0,3,4567.0,0.010072,109.853317
25.0,residence,CE-0020,CE-0019,46.0,4,2653.0,0.017339,103.907271
25.0,residence,ES-0001,BA-0009,46.0,5,57029.0,0.000807,333.077546
25.0,residence,MT-0001,MT-0014,46.0,5,29034.0,0.001584,302.520273
25.0,residence,MT-0010,MT-0014,46.0,3,3333.0,0.013801,170.26198
25.0,residence,PA-0009,MT-0014,46.0,1,48286.0,0.000953,422.428564
25.0,residence,PE-0006,BA-0010,46.0,2,12246.0,0.003756,53.648629
25.0,residence,PI-0005,PI-0003,46.0,5,6211.0,0.007406,70.984819
25.0,residence,PR-0012,PR-0013,46.0,5,9454.0,0.004866,77.635578
25.0,residence,RJ-0053,RJ-0000,46.0,5,2221.0,0.020711,30.510674
25.0,residence,SP-0201,SP-0224,46.0,2,29701.0,0.001549,153.531234
25.0,residence,SP-0207,SP-0213,46.0,2,14290.0,0.003219,118.802909
25.0,residence,SP-0207,SP-0216,46.0,5,14290.0,0.003219,51.421469
25.0,residence,TO-0002,DF-0006,46.0,3,15695.0,0.002931,925.105522
25.0,residence,BA-0006,BA-0002,45.0,4,3669.0,0.012265,337.828692
25.0,residence,BA-0007,BA-0008,45.0,3,5536.0,0.008129,136.909527
25.0,residence,BA-0031,BA-0011,45.0,1,5874.0,0.007661,131.914332
25.0,residence,MA-0008,MA-2105,45.0,2,8042.0,0.005596,80.725293
25.0,residence,MG-0021,SP-0207,45.0,4,8612.0,0.005225,211.430453
25.0,residence,MT-0016,MT-0001,45.0,4,1352.0,0.033284,642.072916
25.0,residence,PI-0017,PI-0008,45.0,2,2301.0,0.019557,121.525567
25.0,residence,PR-0021,PR-0017,45.0,5,6770.0,0.006647,100.77421
25.0,residence,PR-0022,PR-0005,45.0,5,4048.0,0.011117,79.456998
25.0,residence,RJ-0019,RJ-0010,45.0,1,52343.0,0.00086,85.481217
25.0,residence,RS-0002,RS-0003,45.0,6,29064.0,0.001548,116.635667
25.0,residence,RS-0017,RS-0015,45.0,3,3152.0,0.014277,75.62573
25.0,residence,SC-0002,SC-0004,45.0,5,2567.0,0.01753,92.188903
25.0,residence,SP-0002,SP-0005,45.0,1,576.0,0.078125,288.591441
25.0,residence,BA-0016,BA-0031,44.0,1,7777.0,0.005658,238.760528
25.0,residence,BA-0025,SP-0005,44.0,2,21941.0,0.002005,974.461133
25.0,residence,CE-2301,CE-0008,44.0,1,59.0,0.745763,161.602476
25.0,residence,MA-0001,MA-0002,44.0,5,9158.0,0.004805,65.065958
25.0,residence,MA-0003,MA-0002,44.0,3,7589.0,0.005798,34.120967
25.0,residence,MG-0011,MG-0015,44.0,4,11955.0,0.00368,54.852895
25.0,residence,MS-0008,SP-0215,44.0,4,5532.0,0.007954,243.052724
25.0,residence,PB-0003,PB-0005,44.0,4,10705.0,0.00411,88.340523
25.0,residence,PB-0005,PE-0001,44.0,5,2577.0,0.017074,215.058579
25.0,residence,PE-0011,CE-0019,44.0,2,6438.0,0.006834,49.933371
25.0,residence,PR-0020,PR-0014,44.0,5,11993.0,0.003669,197.785344
25.0,residence,RJ-0019,ES-0001,44.0,5,52343.0,0.000841,433.751467
25.0,residence,RN-0003,RN-0005,44.0,5,9497.0,0.004633,66.028523
25.0,residence,RS-0001,RS-0005,44.0,8,14353.0,0.003066,87.194878
25.0,residence,SP-0002,SP-0206,44.0,1,576.0,0.076389,45.492458
25.0,residence,AL-0010,AL-0008,43.0,3,2718.0,0.01582,128.158959
25.0,residence,CE-0018,CE-0017,43.0,5,4817.0,0.008927,71.105269
25.0,residence,CE-0018,CE-0019,43.0,1,4817.0,0.008927,114.38279
25.0,residence,MA-0001,MA-0015,43.0,2,9158.0,0.004695,234.510945
25.0,residence,MG-0024,ES-0002,43.0,3,13305.0,0.003232,96.342278
25.0,residence,MS-0001,MS-0003,43.0,4,66709.0,0.000645,214.236266
25.0,residence,PA-0006,PA-0013,43.0,3,9622.0,0.004469,57.457628
25.0,residence,PB-0011,PB-0007,43.0,4,1321.0,0.032551,44.516634
25.0,residence,PR-0006,PR-0005,43.0,5,4532.0,0.009488,86.86666
25.0,residence,RN-0007,RN-0004,43.0,5,4377.0,0.009824,168.57844
25.0,residence,SP-0216,SP-0217,43.0,6,30394.0,0.001415,234.568119
25.0,residence,BA-0023,BA-0018,42.0,3,2234.0,0.0188,235.738117
25.0,residence,CE-0010,CE-0009,42.0,3,6119.0,0.006864,42.667995
25.0,residence,DF-0006,SP-0101,42.0,3,75042.0,0.00056,874.100431
25.0,residence,GO-0016,GO-0018,42.0,2,998.0,0.042084,383.503458
25.0,residence,MG-0010,SP-0217,42.0,2,3229.0,0.013007,46.416105
25.0,residence,MG-0028,MG-0030,42.0,3,5511.0,0.007621,77.711039
25.0,residence,MS-0007,SP-0206,42.0,5,8221.0,0.005109,339.047981
25.0,residence,MT-0001,SP-0215,42.0,2,29034.0,0.001447,903.100021
25.0,residence,PA-0001,PA-0004,42.0,4,5274.0,0.007964,152.594212
25.0,residence,PR-0005,PR-0016,42.0,3,11962.0,0.003511,159.967394
25.0,residence,SC-0006,SC-0010,42.0,3,3546.0,0.011844,71.873068
25.0,residence,SC-0007,SC-0017,42.0,1,3035.0,0.013839,31.042954
25.0,residence,SP-0217,SP-0206,42.0,2,11663.0,0.003601,352.440574
25.0,residence,AM-0001,ES-0001,41.0,1,126150.0,0.000325,2922.516909
25.0,residence,BA-0008,BA-0007,41.0,4,10820.0,0.003789,129.848275
25.0,residence,BA-0012,PE-0008,41.0,2,13420.0,0.003055,187.741397
25.0,residence,BA-0022,BA-0023,41.0,3,4693.0,0.008736,104.7847
25.0,residence,GO-0007,DF-0006,41.0,4,9427.0,0.004349,231.167122
25.0,residence,MA-0016,MA-0013,41.0,1,11074.0,0.003702,91.435531
25.0,residence,MG-0004,MG-0006,41.0,5,17699.0,0.002317,96.990239
25.0,residence,PE-0006,PE-0008,41.0,1,12246.0,0.003348,246.873126
25.0,residence,PR-0003,PR-0015,41.0,4,11071.0,0.003703,259.795953
25.0,residence,RJ-0214,RJ-0019,41.0,4,124.0,0.330645,108.492565
25.0,residence,SC-0002,SC-0022,41.0,3,2567.0,0.015972,216.253133
25.0,residence,TO-0002,SP-0101,41.0,3,15695.0,0.002612,1792.396729
25.0,residence,AL-0007,PE-0001,40.0,2,2036.0,0.019646,268.208601
25.0,residence,AM-0001,RJ-0019,40.0,3,126150.0,0.000317,2907.022612
25.0,residence,BA-0002,BA-0031,40.0,2,11656.0,0.003432,36.716834
25.0,residence,DF-0006,SP-0215,40.0,1,75042.0,0.000533,586.069635
25.0,residence,MA-0004,MA-0009,40.0,1,10482.0,0.003816,183.675162
25.0,residence,MA-0013,MA-0004,40.0,1,8893.0,0.004498,314.997757
25.0,residence,MG-0010,SP-3517,40.0,2,3229.0,0.012388,39.674295
25.0,residence,PA-0001,PA-0006,40.0,4,5274.0,0.007584,57.446367
25.0,residence,PE-0008,PE-0009,40.0,3,21485.0,0.001862,127.771613
25.0,residence,PR-0009,PR-0015,40.0,5,3251.0,0.012304,316.177023
25.0,residence,PR-0017,PR-0022,40.0,5,13830.0,0.002892,128.39625
25.0,residence,RS-0002,RS-0018,40.0,6,29064.0,0.001376,68.034171
25.0,residence,SP-0017,RJ-0010,40.0,2,3111.0,0.012858,27.023375
25.0,residence,SP-0102,SP-0204,40.0,5,3943.0,0.010145,30.018142
25.0,residence,SP-0213,SP-0206,40.0,4,15305.0,0.002614,171.783352
25.0,residence,AL-0003,PE-0003,39.0,1,5255.0,0.007422,31.585693
25.0,residence,AL-0005,PE-0001,39.0,5,2322.0,0.016796,137.418768
25.0,residence,AM-0009,AM-0008,39.0,3,6482.0,0.006017,123.282982
25.0,residence,BA-0013,BA-0005,39.0,6,13959.0,0.002794,114.05083
25.0,residence,GO-0001,SP-0206,39.0,4,20996.0,0.001857,611.613153
25.0,residence,MA-0018,MA-0013,39.0,1,7672.0,0.005083,168.386881
25.0,residence,MG-0022,SP-0206,39.0,3,7954.0,0.004903,270.903262
25.0,residence,MT-0006,TO-0001,39.0,4,5353.0,0.007286,373.202755
25.0,residence,PE-0003,PE-0005,39.0,3,19886.0,0.001961,51.980432
25.0,residence,RJ-0207,RJ-0330,39.0,1,812.0,0.04803,107.228534
25.0,residence,RN-0007,PE-0001,39.0,2,4377.0,0.00891,253.132742
25.0,residence,RS-0003,RS-0007,39.0,4,19290.0,0.002022,117.539539
25.0,residence,RS-0013,RS-0017,39.0,3,3197.0,0.012199,68.226943
25.0,residence,SC-0022,SC-0015,39.0,2,1312.0,0.029726,76.156172
25.0,residence,AL-0006,AL-0002,38.0,1,1645.0,0.0231,66.060942
25.0,residence,AP-0001,SP-0005,38.0,2,31630.0,0.001201,2345.974011
25.0,residence,BA-0001,BA-0020,38.0,3,17824.0,0.002132,335.545064
25.0,residence,BA-0001,SP-0215,38.0,1,17824.0,0.002132,1456.236111
25.0,residence,BA-0014,BA-0024,38.0,3,4253.0,0.008935,292.994916
25.0,residence,BA-0018,BA-0004,38.0,4,5858.0,0.006487,102.289575
25.0,residence,PA-0005,PA-0006,38.0,3,24496.0,0.001551,197.665272
25.0,residence,PI-0005,PI-0007,38.0,1,6211.0,0.006118,80.366093
25.0,residence,PR-0014,PR-0017,38.0,3,8566.0,0.004436,135.231016
25.0,residence,RJ-0330,RJ-0003,38.0,3,1477.0,0.025728,75.38532
25.0,residence,RS-0002,RS-0005,38.0,5,29064.0,0.001307,64.044863
25.0,residence,RS-0006,RS-0016,38.0,5,11374.0,0.003341,127.855667
25.0,residence,SC-0023,SC-0026,38.0,5,3791.0,0.010024,192.286679
25.0,residence,SE-0004,SE-0001,38.0,3,5064.0,0.007504,150.013159
25.0,residence,SP-0101,CE-0001,38.0,2,49979.0,0.00076,2380.082918
25.0,residence,SP-0103,SP-0217,38.0,4,1653.0,0.022989,73.966175
25.0,residence,SP-0204,SP-0005,38.0,3,3444.0,0.011034,437.780319
25.0,residence,AL-0006,AL-0008,37.0,2,1645.0,0.022492,47.597158
25.0,residence,BA-0013,BA-0031,37.0,1,13959.0,0.002651,147.379638
25.0,residence,CE-0017,CE-0018,37.0,5,2840.0,0.013028,44.022797
25.0,residence,GO-0004,DF-0006,37.0,4,5763.0,0.00642,169.510568
25.0,residence,MA-0016,MA-2105,37.0,1,11074.0,0.003341,157.246633
25.0,residence,MA-0018,MA-0015,37.0,2,7672.0,0.004823,99.072863
25.0,residence,MT-0011,MT-0015,37.0,2,5409.0,0.00684,156.608708
25.0,residence,PE-0006,PE-0002,37.0,3,12246.0,0.003021,130.091232
25.0,residence,PR-0010,PR-0014,37.0,1,11147.0,0.003319,234.756222
25.0,residence,RJ-0003,RJ-0001,37.0,2,469.0,0.078891,31.279991
25.0,residence,RN-0003,RN-0001,37.0,5,9497.0,0.003896,95.560851
25.0,residence,RS-0018,RS-0003,37.0,5,10553.0,0.003506,153.905992
25.0,residence,RS-0018,SC-0006,37.0,3,10553.0,0.003506,62.273183
25.0,residence,SC-0018,RS-0001,37.0,4,12007.0,0.003082,364.847202
25.0,residence,SC-0024,SC-0011,37.0,2,62.0,0.596774,78.449747
25.0,residence,SC-0025,SC-0017,37.0,2,3037.0,0.012183,39.673673
25.0,residence,SP-0101,SP-3517,37.0,1,49979.0,0.00074,130.887194
25.0,residence,SP-0201,SP-0104,37.0,4,29701.0,0.001246,34.103146
25.0,residence,SP-0201,SP-0221,37.0,3,29701.0,0.001246,36.364541
25.0,residence,SP-0220,SP-0210,37.0,4,1565.0,0.023642,126.697444
25.0,residence,AC-0001,PE-0001,36.0,2,21143.0,0.001703,3734.014503
25.0,residence,BA-0007,BA-0005,36.0,5,5536.0,0.006503,101.748818
25.0,residence,BA-0009,ES-0003,36.0,3,8080.0,0.004455,220.726574
25.0,residence,BA-0016,BA-0012,36.0,4,7777.0,0.004629,92.897204
25.0,residence,BA-0025,BA-0026,36.0,4,21941.0,0.001641,123.17159
25.0,residence,BA-0030,BA-0018,36.0,4,3633.0,0.009909,379.602182
25.0,residence,GO-0001,GO-0002,36.0,2,20996.0,0.001715,240.316696
25.0,residence,MA-0004,MA-0016,36.0,1,10482.0,0.003434,68.128934
25.0,residence,MA-0007,MA-0008,36.0,3,5217.0,0.006901,50.106442
25.0,residence,MG-0011,MG-0003,36.0,3,11955.0,0.003011,159.914483
25.0,residence,PE-0008,PI-0017,36.0,1,21485.0,0.001676,70.095484
25.0,residence,RS-0013,RS-0028,36.0,1,3197.0,0.011261,48.513366
25.0,residence,SC-0008,SC-0007,36.0,4,1548.0,0.023256,264.699923
25.0,residence,SC-0009,SC-0004,36.0,2,1782.0,0.020202,95.623745
25.0,residence,SP-0101,BA-0002,36.0,1,49979.0,0.00072,1503.717592
25.0,residence,SP-0101,BA-0003,36.0,2,49979.0,0.00072,1543.585327
25.0,residence,SP-0201,BA-0020,36.0,4,29701.0,0.001212,1113.097617
25.0,residence,SP-0201,SP-0214,36.0,2,29701.0,0.001212,214.261079
25.0,residence,SP-0215,SP-0202,36.0,3,33707.0,0.001068,123.371683
25.0,residence,BA-0015,BA-0002,35.0,3,20536.0,0.001704,302.451939
25.0,residence,BA-0026,DF-0006,35.0,5,9387.0,0.003729,447.142725
25.0,residence,CE-0001,SP-0101,35.0,1,15882.0,0.002204,2366.042189
25.0,residence,GO-0001,GO-0004,35.0,4,20996.0,0.001667,142.459638
25.0,residence,MA-0001,MA-0017,35.0,3,9158.0,0.003822,173.372134
25.0,residence,MA-2111,MA-0001,35.0,4,4195.0,0.008343,398.05248
25.0,residence,MG-0005,MG-0003,35.0,5,7442.0,0.004703,52.046493
25.0,residence,MG-0008,MG-0005,35.0,5,6250.0,0.0056,128.043657
25.0,residence,MG-0015,MG-0004,35.0,1,21650.0,0.001617,336.767903
25.0,residence,MT-0015,MT-0004,35.0,4,2229.0,0.015702,101.208908
25.0,residence,PR-0010,PR-0017,35.0,2,11147.0,0.00314,294.965986
25.0,residence,PR-0015,PR-0011,35.0,4,9469.0,0.003696,105.146703
25.0,residence,RS-0007,RS-0008,35.0,1,1865.0,0.018767,70.004108
25.0,residence,RS-0014,RS-0004,35.0,2,3168.0,0.011048,230.603219
25.0,residence,SC-0028,SC-0018,35.0,3,643.0,0.054432,100.342224
25.0,residence,SP-0201,CE-0001,35.0,3,29701.0,0.001178,2359.478361
25.0,residence,SP-0211,SP-0215,35.0,4,15360.0,0.002279,275.794277
25.0,residence,SP-0220,SP-0005,35.0,2,1565.0,0.022364,203.901265
25.0,residence,SP-0221,SP-0207,35.0,3,2107.0,0.016611,137.564767
25.0,residence,BA-0001,PE-0001,34.0,3,17824.0,0.001908,654.827091
25.0,residence,BA-0012,BA-0028,34.0,5,13420.0,0.002534,79.203058
25.0,residence,BA-0018,PE-0004,34.0,1,5858.0,0.005804,716.820767
25.0,residence,CE-0015,CE-2301,34.0,3,3804.0,0.008938,252.414801
25.0,residence,MG-0007,MG-0014,34.0,2,8488.0,0.004006,54.904225
25.0,residence,MG-0012,SP-0101,34.0,3,7996.0,0.004252,540.461895
25.0,residence,MS-0001,MS-0011,34.0,1,66709.0,0.00051,414.135757
25.0,residence,MT-0003,SP-0005,34.0,3,7229.0,0.004703,931.169578
25.0,residence,PB-0007,PE-0011,34.0,1,2742.0,0.0124,59.418464
25.0,residence,PR-0015,PR-0014,34.0,6,9469.0,0.003591,89.151206
25.0,residence,RJ-0000,RJ-0003,34.0,2,4540.0,0.007489,61.964351
25.0,residence,RS-0017,RS-0012,34.0,5,3152.0,0.010787,63.12276
25.0,residence,SC-0011,SC-0015,34.0,3,2373.0,0.014328,112.973773
25.0,residence,SC-0015,SC-0007,34.0,5,7708.0,0.004411,57.249867
25.0,residence,SC-0022,SC-0014,34.0,2,1312.0,0.025915,123.806031
25.0,residence,SC-0036,SC-0006,34.0,4,259.0,0.131274,104.823332
25.0,residence,SP-0013,SP-0005,34.0,1,327.0,0.103976,83.238788
25.0,residence,SP-0212,SP-0216,34.0,3,11657.0,0.002917,81.889086
25.0,residence,AL-0001,RN-0007,33.0,2,11392.0,0.002897,418.534917
25.0,residence,AL-0004,AL-0003,33.0,2,1226.0,0.026917,36.781577
25.0,residence,BA-0001,BA-0031,33.0,4,17824.0,0.001851,61.677891
25.0,residence,BA-0022,BA-0018,33.0,3,4693.0,0.007032,257.731324
25.0,residence,MG-0002,MG-0006,33.0,4,30469.0,0.001083,347.43403
25.0,residence,MG-0017,ES-0004,33.0,2,11010.0,0.002997,156.946446
25.0,residence,MS-0001,MS-0007,33.0,2,66709.0,0.000495,234.835964
25.0,residence,MS-0007,MS-0008,33.0,4,8221.0,0.004014,156.358792
25.0,residence,MS-0007,SP-0005,33.0,2,8221.0,0.004014,388.111597
25.0,residence,PA-0007,PA-0006,33.0,5,7838.0,0.00421,77.150423
25.0,residence,PB-0007,PB-0011,33.0,2,2742.0,0.012035,58.395631
25.0,residence,PI-0004,CE-0001,33.0,2,10613.0,0.003109,489.562146
25.0,residence,PI-0008,PI-0011,33.0,2,2451.0,0.013464,48.491627
25.0,residence,PR-0022,PR-0015,33.0,4,4048.0,0.008152,94.190756
25.0,residence,RJ-0019,RJ-3305,33.0,3,52343.0,0.00063,25.62217
25.0,residence,RJ-0033,RJ-0010,33.0,1,3854.0,0.008563,98.033663
25.0,residence,RS-0003,RS-0004,33.0,3,19290.0,0.001711,293.072751
25.0,residence,RS-0017,RS-0014,33.0,4,3152.0,0.01047,92.368323
25.0,residence,SC-0012,SC-0015,33.0,2,2348.0,0.014055,156.887359
25.0,residence,SE-0008,SP-0215,33.0,1,13048.0,0.002529,1709.004393
25.0,residence,SP-0101,SP-0212,33.0,2,49979.0,0.00066,160.776752
25.0,residence,SP-0212,SP-0217,33.0,5,11657.0,0.002831,287.685161
25.0,residence,AC-0001,DF-0006,32.0,2,21143.0,0.001514,2306.176214
25.0,residence,AM-0007,AM-0002,32.0,1,13884.0,0.002305,74.494888
25.0,residence,BA-0006,BA-0008,32.0,3,3669.0,0.008722,98.39678
25.0,residence,BA-0019,BA-0002,32.0,4,11655.0,0.002746,319.096017
25.0,residence,BA-0025,BA-0002,32.0,3,21941.0,0.001458,727.403912
25.0,residence,GO-0001,PA-0011,32.0,3,20996.0,0.001524,1263.22014
25.0,residence,MA-0012,SP-0005,32.0,2,15634.0,0.002047,1443.411717
25.0,residence,MG-0004,MG-0017,32.0,4,17699.0,0.001808,115.926658
25.0,residence,MG-0022,SP-0101,32.0,5,7954.0,0.004023,318.780747
25.0,residence,MG-0022,SP-0208,32.0,3,7954.0,0.004023,27.856344
25.0,residence,MS-0001,MS-0005,32.0,3,66709.0,0.00048,92.007914
25.0,residence,PA-0001,CE-0001,32.0,3,5274.0,0.006068,1131.710623
25.0,residence,PR-0003,SP-0101,32.0,3,11071.0,0.00289,372.123344
25.0,residence,PR-0011,PR-0017,32.0,3,9755.0,0.00328,169.637224
25.0,residence,PR-0021,PR-0015,32.0,3,6770.0,0.004727,180.396164
25.0,residence,RJ-0019,RJ-0053,32.0,2,52343.0,0.000611,48.052075
25.0,residence,SC-0004,SC-0005,32.0,2,4797.0,0.006671,68.303664
25.0,residence,SC-0013,SC-0015,32.0,2,1433.0,0.022331,82.670258
25.0,residence,SC-0014,SC-0007,32.0,2,5048.0,0.006339,125.834913
25.0,residence,SC-0019,SC-0022,32.0,1,66.0,0.484848,106.764239
25.0,residence,SC-4207,SC-0015,32.0,2,132.0,0.242424,26.970639
25.0,residence,SE-0008,PE-0001,32.0,2,13048.0,0.002452,405.316964
25.0,residence,SP-0217,SP-0201,32.0,4,11663.0,0.002744,51.916679
25.0,residence,SP-0221,SP-0201,32.0,2,2107.0,0.015187,31.782281
25.0,residence,AM-0001,AM-0008,31.0,2,126150.0,0.000246,164.388438
25.0,residence,AM-0010,AM-0008,31.0,1,2538.0,0.012214,257.707941
25.0,residence,BA-0001,MG-0015,31.0,1,17824.0,0.001739,1073.913741
25.0,residence,BA-0009,MG-0017,31.0,3,8080.0,0.003837,71.836205
25.0,residence,BA-0014,PE-0001,31.0,2,4253.0,0.007289,957.186159
25.0,residence,GO-0009,GO-0004,31.0,3,6239.0,0.004969,64.664008
25.0,residence,MA-0006,MA-2109,31.0,1,6207.0,0.004994,88.419756
25.0,residence,MG-0010,MG-0011,31.0,6,3229.0,0.0096,124.0656
25.0,residence,MG-0011,SP-0213,31.0,3,11955.0,0.002593,279.494167
25.0,residence,MS-0012,SP-0005,31.0,2,1468.0,0.021117,631.29711
25.0,residence,PB-0016,PB-0005,31.0,1,238.0,0.130252,37.310727
25.0,residence,PE-0003,PE-0010,31.0,1,19886.0,0.001559,296.787851
25.0,residence,PE-0005,PE-0011,31.0,3,14225.0,0.002179,215.436584
25.0,residence,PI-0017,PI-0012,31.0,4,2301.0,0.013472,161.386099
25.0,residence,PR-0010,PR-0008,31.0,2,11147.0,0.002781,111.588044
25.0,residence,PR-0015,PR-0013,31.0,3,9469.0,0.003274,66.888106
25.0,residence,RS-0015,RS-0011,31.0,3,5019.0,0.006177,57.196716
25.0,residence,SC-0007,SC-0003,31.0,3,3035.0,0.010214,58.699503
25.0,residence,SC-0026,SC-0015,31.0,3,1280.0,0.024219,173.951197
25.0,residence,SE-0001,BA-0001,31.0,5,6698.0,0.004628,215.901073
25.0,residence,SP-0201,SP-0215,31.0,3,29701.0,0.001044,402.88453
25.0,residence,SP-0220,SP-0208,31.0,2,1565.0,0.019808,173.30322
25.0,residence,AL-0002,PE-0001,30.0,3,7456.0,0.004024,222.210551
25.0,residence,AM-0001,PB-0001,30.0,1,126150.0,0.000238,2859.408414
25.0,residence,BA-0001,PR-0002,30.0,2,17824.0,0.001683,1795.174717
25.0,residence,BA-0009,BA-0002,30.0,3,8080.0,0.003713,564.419719
25.0,residence,CE-0001,SP-0005,30.0,1,15882.0,0.001889,2158.36546
25.0,residence,CE-0004,PE-0001,30.0,3,4032.0,0.00744,575.149249
25.0,residence,MA-0001,SP-0206,30.0,2,9158.0,0.003276,2241.617979
25.0,residence,MA-2105,MA-0015,30.0,2,489.0,0.06135,39.01734
25.0,residence,MG-0002,MG-0020,30.0,1,30469.0,0.000985,28.329728
25.0,residence,MG-0005,SP-0005,30.0,3,7442.0,0.004031,495.571888
25.0,residence,MG-0021,SP-0213,30.0,4,8612.0,0.003484,139.354797
25.0,residence,MG-0029,MG-0007,30.0,4,4727.0,0.006347,220.916334
25.0,residence,PB-0015,PE-0001,30.0,2,310.0,0.096774,101.427109
25.0,residence,PE-0006,PB-0005,30.0,1,12246.0,0.00245,42.562931
25.0,residence,PI-0009,PI-0002,30.0,1,4282.0,0.007006,403.627835
25.0,residence,PR-0002,SP-0101,30.0,2,51637.0,0.000581,341.702295
25.0,residence,RN-0005,RN-0001,30.0,1,6662.0,0.004503,28.031524
25.0,residence,RN-0008,RN-0006,30.0,2,2261.0,0.013268,140.328568
25.0,residence,SC-0020,PR-0002,30.0,2,837.0,0.035842,334.887296
25.0,residence,SE-0004,AL-0003,30.0,1,5064.0,0.005924,77.193904
25.0,residence,SP-0101,ES-0001,30.0,3,49979.0,0.0006,757.884049
25.0,residence,SP-0211,SP-0209,30.0,4,15360.0,0.001953,99.185788
25.0,residence,AM-0001,RN-0007,29.0,2,126150.0,0.00023,2802.275258
25.0,residence,BA-0001,BA-0018,29.0,3,17824.0,0.001627,200.254749
25.0,residence,BA-0012,BA-0027,29.0,5,13420.0,0.002161,322.145363
25.0,residence,CE-0002,CE-0006,29.0,5,16468.0,0.001761,51.379192
25.0,residence,CE-0014,CE-0021,29.0,2,1429.0,0.020294,149.628047
25.0,residence,ES-0002,SP-0215,29.0,2,14793.0,0.00196,849.003512
25.0,residence,GO-0012,GO-0007,29.0,1,1110.0,0.026126,67.647636
25.0,residence,GO-0015,DF-0006,29.0,4,3874.0,0.007486,357.246916
25.0,residence,MA-0004,MA-2108,29.0,1,10482.0,0.002767,116.125515
25.0,residence,MA-0012,MA-0018,29.0,3,15634.0,0.001855,398.465062
25.0,residence,MA-0017,MA-0014,29.0,2,6514.0,0.004452,128.792144
25.0,residence,MG-0002,SP-0101,29.0,4,30469.0,0.000952,488.269922
25.0,residence,MG-0026,SP-0215,29.0,2,3828.0,0.007576,214.49928
25.0,residence,MT-0010,SP-0005,29.0,3,3333.0,0.008701,1373.596033
25.0,residence,PA-0001,SP-0101,29.0,4,5274.0,0.005499,2486.131148
25.0,residence,PA-0003,PA-0006,29.0,3,10576.0,0.002742,153.298301
25.0,residence,PA-0012,TO-0001,29.0,3,24170.0,0.0012,261.658598
25.0,residence,PA-0012,TO-0002,29.0,3,24170.0,0.0012,178.87794
25.0,residence,PE-0007,PE-0004,29.0,3,4091.0,0.007089,318.659011
25.0,residence,PI-0014,BA-0025,29.0,2,2944.0,0.009851,183.969728
25.0,residence,PR-0007,PR-0015,29.0,3,6149.0,0.004716,303.45745
25.0,residence,PR-0009,PR-0020,29.0,4,3251.0,0.00892,68.477539
25.0,residence,PR-0021,PR-0005,29.0,4,6770.0,0.004284,144.788031
25.0,residence,RJ-0000,RJ-0033,29.0,2,4540.0,0.006388,91.596551
25.0,residence,SC-0020,SC-0006,29.0,2,837.0,0.034648,108.101571
25.0,residence,SC-0026,SC-0025,29.0,2,1280.0,0.022656,70.486246
25.0,residence,SP-0010,SP-0207,29.0,2,293.0,0.098976,37.607342
25.0,residence,SP-0101,MG-0015,29.0,3,49979.0,0.00058,404.643652
25.0,residence,SP-0101,SP-0210,29.0,3,49979.0,0.00058,144.039489
25.0,residence,SP-0219,SP-0102,29.0,4,4105.0,0.007065,35.135149
25.0,residence,AM-0001,MA-0001,28.0,2,126150.0,0.000222,1774.058562
25.0,residence,BA-0008,BA-0002,28.0,3,10820.0,0.002588,477.132401
25.0,residence,BA-0009,BA-0014,28.0,1,8080.0,0.003465,177.322703
25.0,residence,BA-0011,BA-0010,28.0,3,6250.0,0.00448,172.94289
25.0,residence,BA-0020,BA-0013,28.0,4,8094.0,0.003459,176.65495
25.0,residence,BA-0027,BA-0023,28.0,1,4791.0,0.005844,68.002368
25.0,residence,GO-0013,GO-0004,28.0,3,1779.0,0.015739,291.150065
25.0,residence,GO-0018,SP-0005,28.0,2,28748.0,0.000974,464.768908
25.0,residence,MG-0002,MG-0007,28.0,3,30469.0,0.000919,298.090988
25.0,residence,MG-0009,MG-0003,28.0,4,7846.0,0.003569,136.997388
25.0,residence,MS-0001,DF-0006,28.0,1,66709.0,0.00042,879.358335
25.0,residence,MS-0001,MS-0009,28.0,2,66709.0,0.00042,204.311962
25.0,residence,MS-0010,MS-0003,28.0,3,3449.0,0.008118,135.764281
25.0,residence,MS-0010,MS-0005,28.0,2,3449.0,0.008118,79.152303
25.0,residence,MT-0001,DF-0006,28.0,3,29034.0,0.000964,859.409136
25.0,residence,MT-0014,CE-0001,28.0,1,10021.0,0.002794,2220.792795
25.0,residence,PA-0001,AP-0001,28.0,2,5274.0,0.005309,357.986658
25.0,residence,PA-0004,MA-2109,28.0,1,13654.0,0.002051,59.751828
25.0,residence,PR-0010,PR-0009,28.0,2,11147.0,0.002512,83.736243
25.0,residence,PR-0010,PR-4109,28.0,2,11147.0,0.002512,131.713579
25.0,residence,RJ-0330,RJ-0033,28.0,2,1477.0,0.018957,42.388363
25.0,residence,RJ-3305,RJ-0003,28.0,2,1462.0,0.019152,53.157343
25.0,residence,RS-0007,RS-0003,28.0,3,1865.0,0.015013,220.5283
25.0,residence,RS-0019,RS-0014,28.0,3,4429.0,0.006322,89.982439
25.0,residence,SC-0008,SC-0022,28.0,3,1548.0,0.018088,275.727808
25.0,residence,SP-0217,SP-0204,28.0,3,11663.0,0.002401,89.380831
25.0,residence,TO-0002,GO-0001,28.0,5,15695.0,0.001784,972.32248
25.0,residence,AL-0002,SE-0008,27.0,3,7456.0,0.003621,87.582416
25.0,residence,AL-0007,SP-0101,27.0,1,2036.0,0.013261,1870.636596
25.0,residence,BA-0014,BA-0019,27.0,4,4253.0,0.006348,247.465912
25.0,residence,BA-0020,BA-0002,27.0,4,8094.0,0.003336,351.08626
25.0,residence,BA-0023,BA-0027,27.0,3,2234.0,0.012086,101.169379
25.0,residence,BA-0029,BA-0005,27.0,4,4567.0,0.005912,52.794583
25.0,residence,BA-0031,BA-0012,27.0,1,5874.0,0.004597,75.591695
25.0,residence,CE-0019,PE-0007,27.0,1,3807.0,0.007092,31.619286
25.0,residence,CE-0020,CE-0018,27.0,3,2653.0,0.010177,49.233635
25.0,residence,DF-0006,TO-0001,27.0,2,75042.0,0.00036,451.315895
25.0,residence,GO-0011,GO-0022,27.0,1,820.0,0.032927,53.025719
25.0,residence,MA-0004,MA-0011,27.0,3,10482.0,0.002576,298.438938
25.0,residence,MG-0007,SP-0215,27.0,2,8488.0,0.003181,363.566352
25.0,residence,MG-0018,ES-0002,27.0,1,7057.0,0.003826,138.320396
25.0,residence,MT-0002,SP-0005,27.0,3,9475.0,0.00285,1140.665059
25.0,residence,MT-0007,MT-5114,27.0,1,15375.0,0.001756,227.023881
25.0,residence,MT-0011,MT-5114,27.0,4,5409.0,0.004992,293.753277
25.0,residence,PA-0011,PA-0006,27.0,2,39231.0,0.000688,162.249002
25.0,residence,PB-0003,PB-0006,27.0,4,10705.0,0.002522,56.47489
25.0,residence,PB-0009,PE-0001,27.0,3,2806.0,0.009622,411.364846
25.0,residence,PI-0004,SP-0206,27.0,2,10613.0,0.002544,2035.884005
25.0,residence,RJ-0006,RJ-0019,27.0,4,90.0,0.3,122.273778
25.0,residence,RJ-0019,PI-0003,27.0,1,52343.0,0.000516,2082.030111
25.0,residence,SC-0023,SC-0016,27.0,3,3791.0,0.007122,164.923466
25.0,residence,SP-0101,BA-0001,27.0,4,49979.0,0.00054,1467.529954
25.0,residence,SP-0101,RJ-0019,27.0,4,49979.0,0.00054,345.137682
25.0,residence,SP-0201,SP-0219,27.0,3,29701.0,0.000909,68.061338
25.0,residence,SP-0211,SP-0005,27.0,3,15360.0,0.001758,401.794342
25.0,residence,SP-0214,SP-0203,27.0,5,7065.0,0.003822,121.334954
25.0,residence,SP-0216,SP-0209,27.0,3,30394.0,0.000888,182.105634
25.0,residence,TO-0002,SP-0207,27.0,3,15695.0,0.00172,1711.300165
25.0,residence,AM-0001,AL-0001,26.0,3,126150.0,0.000206,2817.494533
25.0,residence,BA-0022,BA-0021,26.0,2,4693.0,0.00554,166.885659
25.0,residence,BA-0030,BA-0019,26.0,3,3633.0,0.007157,99.083455
25.0,residence,GO-0006,DF-0006,26.0,2,6109.0,0.004256,310.718573
25.0,residence,GO-0016,TO-0001,26.0,1,998.0,0.026052,46.932493
25.0,residence,MA-0011,MA-0010,26.0,2,10382.0,0.002504,51.311461
25.0,residence,MG-0004,MG-0014,26.0,3,17699.0,0.001469,105.099547
25.0,residence,MG-0012,MG-0015,26.0,4,7996.0,0.003252,304.693287
25.0,residence,MT-0001,MT-5114,26.0,2,29034.0,0.000896,364.744206
25.0,residence,MT-0012,SP-0005,26.0,2,6729.0,0.003864,1380.085768
25.0,residence,PA-0001,SP-0206,26.0,3,5274.0,0.00493,2358.350776
25.0,residence,PA-0010,MT-0011,26.0,1,16089.0,0.001616,434.240262
25.0,residence,PB-0003,RS-0006,26.0,1,10705.0,0.002429,2894.713093
25.0,residence,PB-0007,PB-0009,26.0,2,2742.0,0.009482,63.811446
25.0,residence,PI-0016,PI-0008,26.0,2,2224.0,0.011691,160.109082
25.0,residence,RJ-0019,PB-0001,26.0,2,52343.0,0.000497,1981.452547
25.0,residence,RS-0005,PE-0001,26.0,2,8085.0,0.003216,2932.091226
25.0,residence,SC-0006,SC-0008,26.0,2,3546.0,0.007332,51.918054
25.0,residence,SE-0002,SP-0101,26.0,3,4957.0,0.005245,1734.384732
25.0,residence,SP-0201,DF-0006,26.0,1,29701.0,0.000875,858.634954
25.0,residence,SP-0208,MG-0013,26.0,2,5295.0,0.00491,44.233043
25.0,residence,SP-0215,MG-0013,26.0,2,33707.0,0.000771,210.606128
25.0,residence,SP-0217,SP-0005,26.0,3,11663.0,0.002229,413.461263
25.0,residence,TO-0003,DF-0006,26.0,3,632.0,0.041139,471.670922
25.0,residence,AC-0001,SP-0005,25.0,2,21143.0,0.001182,2395.321923
25.0,residence,AM-0006,AM-0001,25.0,4,668.0,0.037425,685.384403
25.0,residence,BA-0016,BA-0027,25.0,4,7777.0,0.003215,188.031533
25.0,residence,DF-0006,SP-0005,25.0,1,75042.0,0.000333,537.009234
25.0,residence,ES-0003,ES-0002,25.0,3,13165.0,0.001899,215.262988
25.0,residence,GO-0001,MT-0003,25.0,2,20996.0,0.001191,316.93596
25.0,residence,MA-0001,MA-0007,25.0,2,9158.0,0.00273,91.257068
25.0,residence,MA-0007,MA-0017,25.0,2,5217.0,0.004792,34.283483
25.0,residence,MG-0011,SP-0005,25.0,2,11955.0,0.002091,364.322746
25.0,residence,MG-0020,SP-0101,25.0,3,4539.0,0.005508,360.860467
25.0,residence,MG-0021,SP-0101,25.0,4,8612.0,0.002903,240.779918
25.0,residence,MT-0014,PR-0002,25.0,2,10021.0,0.002495,1558.24333
25.0,residence,PA-0004,PE-0001,25.0,2,13654.0,0.001831,1561.377798
25.0,residence,PA-0010,SP-0005,25.0,3,16089.0,0.001554,1825.73142
25.0,residence,PE-0006,SP-0005,25.0,1,12246.0,0.002041,2006.869451
25.0,residence,PR-0002,SC-0018,25.0,3,51637.0,0.000484,255.457447
25.0,residence,PR-4109,PR-0015,25.0,1,740.0,0.033784,341.788771
25.0,residence,RS-0008,RS-0013,25.0,3,2820.0,0.008865,68.986357
25.0,residence,SC-0003,SC-0007,25.0,3,809.0,0.030902,345.674625
25.0,residence,SC-0007,SC-0009,25.0,3,3035.0,0.008237,44.426693
25.0,residence,SC-0015,SC-0014,25.0,2,7708.0,0.003243,72.206026
25.0,residence,SP-0101,MG-0013,25.0,2,49979.0,0.0005,449.776103
25.0,residence,SP-0102,SP-0207,25.0,4,3943.0,0.00634,93.388961
25.0,residence,SP-0105,SP-0206,25.0,3,5262.0,0.004751,230.552641
25.0,residence,SP-0201,MG-0002,25.0,4,29701.0,0.000842,495.79262
25.0,residence,AL-0001,PE-0003,24.0,1,11392.0,0.002107,26.278829
25.0,residence,AM-0001,MG-0002,24.0,1,126150.0,0.00019,2616.229964
25.0,residence,AM-0001,PE-0001,24.0,3,126150.0,0.00019,2874.024683
25.0,residence,AM-0001,PI-0004,24.0,1,126150.0,0.00019,1955.456102
25.0,residence,BA-0001,BA-0013,24.0,3,17824.0,0.001346,161.256631
25.0,residence,BA-0002,PE-0001,24.0,1,11656.0,0.002059,644.726221
25.0,residence,BA-0009,BA-0007,24.0,3,8080.0,0.00297,238.770322
25.0,residence,BA-0019,SP-0005,24.0,2,11655.0,0.002059,1023.461498
25.0,residence,BA-0027,BA-0020,24.0,3,4791.0,0.005009,210.625188
25.0,residence,ES-0003,MG-0016,24.0,3,13165.0,0.001823,36.187171
25.0,residence,MA-0004,PI-0002,24.0,1,10482.0,0.00229,27.956724
25.0,residence,MG-0011,PE-0001,24.0,4,11955.0,0.002008,1901.194091
25.0,residence,MG-0019,BA-0008,24.0,2,8515.0,0.002819,56.994502
25.0,residence,MG-0023,MG-0024,24.0,2,9469.0,0.002535,101.773684
25.0,residence,MG-0030,SP-0101,24.0,2,11929.0,0.002012,878.797121
25.0,residence,MS-0005,MS-0003,24.0,2,4116.0,0.005831,253.143539
25.0,residence,MT-0001,SP-0005,24.0,1,29034.0,0.000827,943.712758
25.0,residence,MT-0013,MT-0005,24.0,3,4623.0,0.005191,70.203531
25.0,residence,PA-0011,MA-0011,24.0,3,39231.0,0.000612,218.568962
25.0,residence,PR-0003,PR-0017,24.0,4,11071.0,0.002168,217.496279
25.0,residence,PR-0022,PR-0010,24.0,1,4048.0,0.005929,154.184317
25.0,residence,RJ-0214,RJ-0330,24.0,2,124.0,0.193548,107.139156
25.0,residence,RR-0001,PR-0002,24.0,1,27131.0,0.000885,3403.122663
25.0,residence,RS-0008,PE-0008,24.0,1,2820.0,0.008511,2579.14555
25.0,residence,SC-0001,PR-0007,24.0,2,3663.0,0.006552,33.999788
25.0,residence,SC-0011,SC-0017,24.0,3,2373.0,0.010114,92.674438
25.0,residence,SC-0016,SC-0002,24.0,1,3620.0,0.00663,34.648152
25.0,residence,SC-0025,PR-0002,24.0,3,3037.0,0.007903,96.526812
25.0,residence,SP-0008,SP-0213,24.0,2,152.0,0.157895,96.421678
25.0,residence,SP-0212,PR-0002,24.0,3,11657.0,0.002059,178.784327
25.0,residence,TO-0002,MA-0012,24.0,3,15695.0,0.001529,65.397003
25.0,residence,AM-0001,AC-0001,23.0,1,126150.0,0.000182,1167.181823
25.0,residence,BA-0006,BA-0005,23.0,2,3669.0,0.006269,243.164238
25.0,residence,BA-0014,BA-0013,23.0,3,4253.0,0.005408,136.969154
25.0,residence,BA-0016,PE-0008,23.0,4,7777.0,0.002957,177.80567
25.0,residence,BA-0019,BA-0014,23.0,4,11655.0,0.001973,190.78631
25.0,residence,CE-0018,CE-2301,23.0,2,4817.0,0.004775,250.571172
25.0,residence,DF-0006,MA-0016,23.0,1,75042.0,0.000306,1219.486172
25.0,residence,GO-0006,MG-0012,23.0,3,6109.0,0.003765,104.898254
25.0,residence,MA-0004,BA-0007,23.0,1,10482.0,0.002194,1376.989371
25.0,residence,MA-0011,MA-0012,23.0,3,10382.0,0.002215,106.616921
25.0,residence,MA-0017,MA-0008,23.0,3,6514.0,0.003531,73.109697
25.0,residence,MA-2105,MA-0014,23.0,2,489.0,0.047035,89.057139
25.0,residence,MG-0007,PE-0008,23.0,1,8488.0,0.00271,1134.202437
25.0,residence,MG-0008,MG-0009,23.0,4,6250.0,0.00368,40.664747
25.0,residence,MG-0013,MG-0024,23.0,1,16685.0,0.001378,548.166205
25.0,residence,MG-0015,MG-0014,23.0,2,21650.0,0.001062,50.656595
25.0,residence,MG-0022,SP-0215,23.0,2,7954.0,0.002892,267.866063
25.0,residence,MG-0030,MG-0029,23.0,3,11929.0,0.001928,168.848857
25.0,residence,MS-0007,SP-0213,23.0,1,8221.0,0.002798,460.223055
25.0,residence,MS-0007,SP-0215,23.0,2,8221.0,0.002798,269.352844
25.0,residence,MT-0010,MT-5114,23.0,2,3333.0,0.006901,242.940167
25.0,residence,MT-0014,MT-0007,23.0,4,10021.0,0.002295,412.762726
25.0,residence,PA-0001,PA-0002,23.0,3,5274.0,0.004361,34.840254
25.0,residence,PA-0004,PA-0002,23.0,1,13654.0,0.001684,191.545292
25.0,residence,PB-0001,CE-0001,23.0,1,11039.0,0.002084,499.952908
25.0,residence,PB-0004,PE-0001,23.0,3,2845.0,0.008084,202.268807
25.0,residence,PE-0009,PE-0006,23.0,3,9271.0,0.002481,509.219573
25.0,residence,PR-0013,PA-0001,23.0,1,4288.0,0.005364,2494.319449
25.0,residence,PR-0017,PR-0014,23.0,3,13830.0,0.001663,206.642379
25.0,residence,PR-0020,PR-0017,23.0,3,11993.0,0.001918,306.724278
25.0,residence,PR-4109,PR-0009,23.0,1,740.0,0.031081,47.918746
25.0,residence,PR-4109,SP-0101,23.0,1,740.0,0.031081,818.178342
25.0,residence,RN-0001,BA-0002,23.0,1,13489.0,0.001705,764.925624
25.0,residence,SC-0002,SC-0005,23.0,2,2567.0,0.00896,68.416912
25.0,residence,SC-0012,RS-0001,23.0,1,2348.0,0.009796,230.296109
25.0,residence,SC-0017,SC-0016,23.0,1,1452.0,0.01584,120.947805
25.0,residence,SP-0105,SP-0216,23.0,3,5262.0,0.004371,42.11229
25.0,residence,SP-0206,SP-0002,23.0,2,29477.0,0.00078,51.567155
25.0,residence,SP-0220,SP-0212,23.0,1,1565.0,0.014696,75.135826
25.0,residence,BA-0002,PR-0002,22.0,1,11656.0,0.001887,1822.263519
25.0,residence,BA-0008,BA-0020,22.0,3,10820.0,0.002033,257.913567
25.0,residence,BA-0020,SP-0101,22.0,2,8094.0,0.002718,1126.41028
25.0,residence,BA-0021,BA-0025,22.0,3,8804.0,0.002499,313.115202
25.0,residence,BA-0022,BA-0020,22.0,2,4693.0,0.004688,340.962368
25.0,residence,BA-0028,BA-0018,22.0,2,8369.0,0.002629,180.94524
25.0,residence,DF-0006,MG-0007,22.0,1,75042.0,0.000293,341.149619
25.0,residence,ES-0003,MG-0002,22.0,3,13165.0,0.001671,361.453506
25.0,residence,ES-0004,ES-0002,22.0,2,11734.0,0.001875,254.39108
25.0,residence,GO-0016,GO-0002,22.0,2,998.0,0.022044,271.631485
25.0,residence,MA-0004,MA-0005,22.0,4,10482.0,0.002099,127.093364
25.0,residence,MA-0013,MA-2105,22.0,4,8893.0,0.002474,213.365334
25.0,residence,MA-0014,PE-0001,22.0,1,5126.0,0.004292,1100.80577
25.0,residence,MT-0001,MS-0001,22.0,4,29034.0,0.000758,554.573797
25.0,residence,MT-0016,MT-0006,22.0,2,1352.0,0.016272,108.192279
25.0,residence,PA-0012,GO-0001,22.0,2,24170.0,0.00091,911.794624
25.0,residence,PB-0005,PE-0010,22.0,1,2577.0,0.008537,26.820019
25.0,residence,PE-0009,PE-0004,22.0,2,9271.0,0.002373,476.708816
25.0,residence,PE-0012,PB-0012,22.0,1,5218.0,0.004216,28.162836
25.0,residence,PI-0010,PI-0015,22.0,2,7464.0,0.002947,85.815428
25.0,residence,PI-0014,PI-0012,22.0,2,2944.0,0.007473,221.926995
25.0,residence,PR-0002,DF-0006,22.0,1,51637.0,0.000426,1085.9421
25.0,residence,PR-0002,PR-0017,22.0,2,51637.0,0.000426,306.597662
25.0,residence,PR-0009,PR-0018,22.0,2,3251.0,0.006767,447.588438
25.0,residence,PR-0015,PR-0010,22.0,3,9469.0,0.002323,214.169557
25.0,residence,RJ-0019,CE-0001,22.0,1,52343.0,0.00042,2198.381956
25.0,residence,RS-0002,RS-0006,22.0,3,29064.0,0.000757,107.559251
25.0,residence,RS-0003,RS-0002,22.0,1,19290.0,0.00114,27.14804
25.0,residence,RS-0005,RS-0019,22.0,1,8085.0,0.002721,376.44358
25.0,residence,RS-0012,RS-0005,22.0,2,4814.0,0.00457,406.163908
25.0,residence,SC-0012,SC-0007,22.0,2,2348.0,0.00937,134.778585
25.0,residence,SP-0210,SP-0216,22.0,2,7670.0,0.002868,88.86144
25.0,residence,SP-0212,SP-0210,22.0,3,11657.0,0.001887,44.879811
25.0,residence,SP-0216,SP-0213,22.0,3,30394.0,0.000724,335.550388
25.0,residence,TO-0003,SP-0005,22.0,1,632.0,0.03481,990.499039
25.0,residence,AL-0004,AL-0008,21.0,1,1226.0,0.017129,43.870226
25.0,residence,AM-0001,TO-0001,21.0,2,126150.0,0.000166,1574.932157
25.0,residence,BA-0013,SP-0005,21.0,2,13959.0,0.001504,1175.517315
25.0,residence,BA-0017,BA-0021,21.0,2,2907.0,0.007224,140.048547
25.0,residence,BA-0020,BA-0006,21.0,2,8094.0,0.002595,167.441087
25.0,residence,BA-0024,SP-0215,21.0,2,3210.0,0.006542,1054.648766
25.0,residence,GO-0001,MT-0008,21.0,2,20996.0,0.001,330.229334
25.0,residence,GO-0010,MT-0008,21.0,2,3417.0,0.006146,43.395765
25.0,residence,MA-0001,MA-0016,21.0,2,9158.0,0.002293,310.093645
25.0,residence,MA-0008,MA-0010,21.0,2,8042.0,0.002611,46.053844
25.0,residence,MA-0010,PA-0011,21.0,3,10972.0,0.001914,98.817231
25.0,residence,MA-2105,MA-0018,21.0,1,489.0,0.042945,116.127179
25.0,residence,MG-0006,MG-0018,21.0,1,22490.0,0.000934,671.016516
25.0,residence,MG-0012,SP-0206,21.0,1,7996.0,0.002626,375.310984
25.0,residence,MG-0012,SP-0213,21.0,1,7996.0,0.002626,242.684257
25.0,residence,MG-0014,MG-0004,21.0,2,13691.0,0.001534,121.150199
25.0,residence,MS-0003,SP-0005,21.0,1,13509.0,0.001555,748.717074
25.0,residence,PA-0006,PA-0005,21.0,2,9622.0,0.002182,152.256115
25.0,residence,PR-0002,PR-0005,21.0,3,51637.0,0.000407,224.585453
25.0,residence,PR-0015,PR-0012,21.0,3,9469.0,0.002218,152.873014
25.0,residence,RJ-0004,RJ-0019,21.0,3,54.0,0.388889,150.835848
25.0,residence,RJ-0004,RJ-0033,21.0,2,54.0,0.388889,117.77777
25.0,residence,RJ-0019,RN-0007,21.0,1,52343.0,0.000401,2101.499722
25.0,residence,RO-0004,SP-0215,21.0,1,337.0,0.062315,1888.742203
25.0,residence,RS-0005,RS-0002,21.0,3,8085.0,0.002597,115.198454
25.0,residence,SC-0001,SC-0022,21.0,2,3663.0,0.005733,400.224834
25.0,residence,SC-4207,SC-0018,21.0,3,132.0,0.159091,99.254563
25.0,residence,SE-0002,BA-0001,21.0,1,4957.0,0.004236,278.339178
25.0,residence,SP-0101,SP-0213,21.0,2,49979.0,0.00042,302.024241
25.0,residence,SP-0105,SP-0217,21.0,3,5262.0,0.003991,160.944845
25.0,residence,SP-0207,MG-0002,21.0,4,14290.0,0.00147,458.028979
25.0,residence,SP-0210,SP-0215,21.0,4,7670.0,0.002738,217.757788
25.0,residence,SP-0214,MG-0016,21.0,1,7065.0,0.002972,584.054439
25.0,residence,SP-0216,SP-0016,21.0,1,30394.0,0.000691,78.977149
25.0,residence,SP-3517,SP-0206,21.0,2,1332.0,0.015766,346.056643
25.0,residence,AM-0001,RS-0001,20.0,2,126150.0,0.000159,3186.81215
25.0,residence,AM-0005,AM-0002,20.0,1,8175.0,0.002446,366.470917
25.0,residence,AM-0007,AC-0001,20.0,2,13884.0,0.001441,629.717978
25.0,residence,BA-0001,DF-0006,20.0,3,17824.0,0.001122,1077.486468
25.0,residence,BA-0023,BA-0002,20.0,1,2234.0,0.008953,408.268086
25.0,residence,BA-0026,BA-0018,20.0,3,9387.0,0.002131,371.824614
25.0,residence,CE-0010,CE-0017,20.0,2,6119.0,0.003269,50.456309
25.0,residence,CE-0012,SP-0005,20.0,1,7123.0,0.002808,2128.866205
25.0,residence,DF-0006,PR-0002,20.0,2,75042.0,0.000267,1084.715564
25.0,residence,MA-0001,MA-0004,20.0,2,9158.0,0.002184,161.380575
25.0,residence,MA-0018,PE-0001,20.0,2,7672.0,0.002607,960.515819
25.0,residence,MG-0010,SP-0206,20.0,2,3229.0,0.006194,232.473005
25.0,residence,MG-0017,BA-0009,20.0,2,11010.0,0.001817,136.757131
25.0,residence,MS-0009,MT-0007,20.0,2,4931.0,0.004056,133.959316
25.0,residence,MT-0003,MT-0008,20.0,3,7229.0,0.002767,292.568795
25.0,residence,MT-0011,SP-0215,20.0,2,5409.0,0.003698,1341.195215
25.0,residence,PA-0001,DF-0006,20.0,2,5274.0,0.003792,1619.065042
25.0,residence,PA-0001,SP-0005,20.0,1,5274.0,0.003792,2147.59953
25.0,residence,PB-0002,RN-0007,20.0,3,5632.0,0.003551,103.440736
25.0,residence,PB-0010,MG-0006,20.0,1,1768.0,0.011312,1287.617842
25.0,residence,PE-0004,PE-0010,20.0,3,37344.0,0.000536,133.738804
25.0,residence,PE-0006,PE-0012,20.0,1,12246.0,0.001633,78.310985
25.0,residence,PR-0003,PE-0001,20.0,1,11071.0,0.001807,2509.027961
25.0,residence,PR-0020,PR-0012,20.0,3,11993.0,0.001668,97.447343
25.0,residence,RS-0004,RS-0016,20.0,2,8292.0,0.002412,183.285354
25.0,residence,RS-0005,RS-0018,20.0,2,8085.0,0.002474,138.061598
25.0,residence,RS-0010,RS-0016,20.0,3,11991.0,0.001668,397.189287
25.0,residence,SP-0102,BA-0020,20.0,3,3943.0,0.005072,1149.11073
25.0,residence,SP-0213,SP-0217,20.0,1,15305.0,0.001307,286.352299
25.0,residence,SP-0219,SP-0201,20.0,2,4105.0,0.004872,45.861489
25.0,residence,AL-0006,PE-0001,19.0,2,1645.0,0.01155,300.474922
25.0,residence,BA-0001,BA-0008,19.0,3,17824.0,0.001066,415.938701
25.0,residence,BA-0007,BA-0014,19.0,2,5536.0,0.003432,54.464172
25.0,residence,BA-0008,SP-0005,19.0,2,10820.0,0.001756,1061.136162
25.0,residence,BA-0010,BA-0003,19.0,2,5187.0,0.003663,289.195336
25.0,residence,BA-0015,SP-0005,19.0,1,20536.0,0.000925,1511.962162
25.0,residence,BA-0029,BA-0031,19.0,3,4567.0,0.00416,69.619339
25.0,residence,BA-0030,MG-0006,19.0,1,3633.0,0.00523,302.096683
25.0,residence,CE-0017,CE-0008,19.0,2,2840.0,0.00669,134.21149
25.0,residence,GO-0018,SP-0101,19.0,3,28748.0,0.000661,827.546465
25.0,residence,MA-0008,PE-0001,19.0,2,8042.0,0.002363,1353.87678
25.0,residence,MG-0003,ES-0004,19.0,1,7804.0,0.002435,419.949985
25.0,residence,MG-0003,MG-0008,19.0,2,7804.0,0.002435,45.22386
25.0,residence,MG-0004,MG-0016,19.0,2,17699.0,0.001074,68.462414
25.0,residence,MG-0005,PE-0001,19.0,1,7442.0,0.002553,1757.956958
25.0,residence,MG-0014,MG-0007,19.0,3,13691.0,0.001388,177.193463
25.0,residence,MG-0026,MG-0013,19.0,3,3828.0,0.004963,230.692068
25.0,residence,MT-0007,DF-0006,19.0,1,15375.0,0.001236,730.485554
25.0,residence,MT-0010,MT-0009,19.0,1,3333.0,0.005701,131.748627
25.0,residence,MT-0015,MT-5114,19.0,3,2229.0,0.008524,184.557718
25.0,residence,PA-0001,MA-0001,19.0,2,5274.0,0.003603,483.382012
25.0,residence,PA-0001,PE-0001,19.0,1,5274.0,0.003603,1670.539654
25.0,residence,PA-0009,MT-0011,19.0,1,48286.0,0.000393,251.170945
25.0,residence,PB-0002,PE-0001,19.0,3,5632.0,0.003374,154.530967
25.0,residence,PR-0002,PR-4109,19.0,2,51637.0,0.000368,545.184903
25.0,residence,PR-0013,PR-0022,19.0,1,4288.0,0.004431,112.792503
25.0,residence,PR-0014,PR-0010,19.0,3,8566.0,0.002218,228.362065
25.0,residence,PR-0015,PR-0022,19.0,1,9469.0,0.002007,88.887591
25.0,residence,PR-0021,PR-0022,19.0,1,6770.0,0.002806,73.609913
25.0,residence,RJ-0330,SP-0101,19.0,2,1477.0,0.012864,341.826047
25.0,residence,RR-0001,PR-0016,19.0,1,27131.0,0.0007,3113.912259
25.0,residence,RS-0008,RS-0007,19.0,1,2820.0,0.006738,101.666083
25.0,residence,RS-0010,RS-0003,19.0,3,11991.0,0.001585,386.21372
25.0,residence,RS-0019,BA-0020,19.0,1,4429.0,0.00429,1878.201759
25.0,residence,RS-0028,RS-0008,19.0,1,376.0,0.050532,50.674551
25.0,residence,SC-0018,SC-0004,19.0,3,12007.0,0.001582,82.240462
25.0,residence,SC-0018,SP-0206,19.0,3,12007.0,0.001582,594.730589
25.0,residence,SC-0033,SC-0007,19.0,1,87.0,0.218391,365.747
25.0,residence,SP-0104,SP-0215,19.0,2,2457.0,0.007733,391.005245
25.0,residence,SP-0201,SP-0103,19.0,2,29701.0,0.00064,33.603314
25.0,residence,SP-0217,SP-0215,19.0,1,11663.0,0.001629,437.318777
25.0,residence,TO-0002,PA-0011,19.0,2,15695.0,0.001211,174.319553
25.0,residence,AC-0001,AM-0001,18.0,3,21143.0,0.000851,1205.708938
25.0,residence,AL-0001,MG-0013,18.0,3,11392.0,0.00158,1671.965536
25.0,residence,BA-0005,BA-0018,18.0,3,5163.0,0.003486,200.310513
25.0,residence,BA-0013,BA-0018,18.0,3,13959.0,0.001289,125.644916
25.0,residence,BA-0029,BA-0014,18.0,2,4567.0,0.003941,215.051962
25.0,residence,CE-0020,CE-0017,18.0,2,2653.0,0.006785,67.086487
25.0,residence,DF-0006,MA-0015,18.0,1,75042.0,0.00024,1280.632316
25.0,residence,ES-0001,BA-0008,18.0,3,57029.0,0.000316,444.464189
25.0,residence,ES-0001,SP-0215,18.0,2,57029.0,0.000316,997.384027
25.0,residence,GO-0004,GO-0018,18.0,2,5763.0,0.003123,189.864783
25.0,residence,GO-0007,GO-0004,18.0,2,9427.0,0.001909,142.240648
25.0,residence,MA-2109,MA-0009,18.0,2,162.0,0.111111,114.71495
25.0,residence,MG-0006,SP-0101,18.0,2,22490.0,0.0008,901.003686
25.0,residence,MG-0024,SP-0101,18.0,1,13305.0,0.001353,589.04611
25.0,residence,PA-0001,PA-0011,18.0,2,5274.0,0.003413,457.724922
25.0,residence,PA-0001,RN-0007,18.0,1,5274.0,0.003413,1555.926859
25.0,residence,PA-0005,MA-0010,18.0,2,24496.0,0.000735,63.20859
25.0,residence,PA-0008,PA-0007,18.0,1,16520.0,0.00109,53.074275
25.0,residence,PA-0011,CE-0001,18.0,1,39231.0,0.000459,1353.811638
25.0,residence,PA-0013,PA-0007,18.0,1,6188.0,0.002909,54.680955
25.0,residence,PE-0007,PE-0009,18.0,2,4091.0,0.0044,99.152202
25.0,residence,PR-0016,PR-0010,18.0,1,5135.0,0.003505,255.791077
25.0,residence,RR-0001,PE-0001,18.0,2,27131.0,0.000663,3122.421464
25.0,residence,RS-0007,RS-0004,18.0,1,1865.0,0.009651,170.64576
25.0,residence,SC-0010,SC-0002,18.0,1,7647.0,0.002354,26.716011
25.0,residence,SC-0013,SC-0025,18.0,1,1433.0,0.012561,67.902598
25.0,residence,SC-0015,SP-0005,18.0,2,7708.0,0.002335,785.6437
25.0,residence,SC-0022,RS-0001,18.0,1,1312.0,0.01372,476.208044
25.0,residence,SC-0022,SC-0021,18.0,1,1312.0,0.01372,52.296031
25.0,residence,SE-0004,SP-0101,18.0,1,5064.0,0.003555,1800.984703
25.0,residence,SP-0002,MS-0007,18.0,1,576.0,0.03125,40.826525
25.0,residence,SP-0002,SP-0101,18.0,3,576.0,0.03125,570.684204
25.0,residence,SP-0102,MG-0002,18.0,3,3943.0,0.004565,498.746392
25.0,residence,SP-0210,SP-0203,18.0,1,7670.0,0.002347,32.254291
25.0,residence,SP-0210,SP-0217,18.0,2,7670.0,0.002347,209.051875
25.0,residence,TO-0002,MA-0016,18.0,2,15695.0,0.001147,171.077723
25.0,residence,TO-0002,PE-0001,18.0,1,15695.0,0.001147,1510.621794
25.0,residence,AL-0003,AL-0005,17.0,2,5255.0,0.003235,36.646396
25.0,residence,AL-0008,AL-0002,17.0,2,2977.0,0.00571,68.99803
25.0,residence,AM-0003,AM-0006,17.0,1,7180.0,0.002368,79.856184
25.0,residence,AM-0005,PR-0002,17.0,1,8175.0,0.00208,2650.601397
25.0,residence,AM-0008,AM-0007,17.0,2,11815.0,0.001439,218.516935
25.0,residence,AP-0001,DF-0006,17.0,2,31630.0,0.000537,1835.49123
25.0,residence,BA-0001,SE-0008,17.0,2,17824.0,0.000954,269.930662
25.0,residence,BA-0007,BA-0002,17.0,3,5536.0,0.003071,269.052628
25.0,residence,BA-0007,BA-0020,17.0,3,5536.0,0.003071,170.946424
25.0,residence,BA-0013,BA-0004,17.0,2,13959.0,0.001218,99.334517
25.0,residence,BA-0015,BA-0011,17.0,2,20536.0,0.000828,109.20459
25.0,residence,BA-0016,BA-0028,17.0,2,7777.0,0.002186,73.627011
25.0,residence,BA-0018,BA-0031,17.0,2,5858.0,0.002902,151.840115
25.0,residence,BA-0022,BA-0002,17.0,2,4693.0,0.003622,449.328043
25.0,residence,BA-0023,SP-0005,17.0,1,2234.0,0.00761,1031.581173
25.0,residence,BA-0025,PE-0001,17.0,1,21941.0,0.000775,1248.620161
25.0,residence,CE-0009,ES-0004,17.0,2,6786.0,0.002505,1514.626408
25.0,residence,CE-0012,GO-0001,17.0,2,7123.0,0.002387,1797.59475
25.0,residence,CE-0021,PE-0007,17.0,2,2277.0,0.007466,80.648881
25.0,residence,ES-0001,PR-0002,17.0,3,57029.0,0.000298,1038.961053
25.0,residence,GO-0001,GO-0009,17.0,2,20996.0,0.00081,145.629336
25.0,residence,MA-0001,MA-0008,17.0,1,9158.0,0.001856,167.601754
25.0,residence,MA-0012,TO-0002,17.0,2,15634.0,0.001087,155.933977
25.0,residence,MA-2111,MA-0008,17.0,1,4195.0,0.004052,221.162181
25.0,residence,MG-0002,ES-0001,17.0,2,30469.0,0.000558,385.980609
25.0,residence,MG-0007,MG-0028,17.0,3,8488.0,0.002003,79.266703
25.0,residence,MG-0010,PR-0020,17.0,2,3229.0,0.005265,759.749138
25.0,residence,MG-0012,MG-0003,17.0,2,7996.0,0.002126,517.189501
25.0,residence,MG-0023,MG-0004,17.0,1,9469.0,0.001795,178.735343
25.0,residence,MG-0030,DF-0006,17.0,3,11929.0,0.001425,273.10879
25.0,residence,MS-0001,MS-0010,17.0,3,66709.0,0.000255,153.520155
25.0,residence,PA-0010,PE-0008,17.0,1,16089.0,0.001057,1510.108626
25.0,residence,PA-0012,CE-0001,17.0,2,24170.0,0.000703,1375.693456
25.0,residence,PE-0004,PB-0003,17.0,3,37344.0,0.000455,87.366482
25.0,residence,PE-0007,PE-0006,17.0,2,4091.0,0.004155,370.106863
25.0,residence,PI-0004,PI-0007,17.0,3,10613.0,0.001602,149.862048
25.0,residence,PI-0005,PI-0002,17.0,2,6211.0,0.002737,232.337127
25.0,residence,PR-0002,PR-0010,17.0,3,51637.0,0.000329,428.592344
25.0,residence,PR-0010,SP-0101,17.0,1,11147.0,0.001525,700.511485
25.0,residence,RJ-0010,RJ-0000,17.0,1,343.0,0.049563,118.878319
25.0,residence,RS-0013,RS-0004,17.0,3,3197.0,0.005317,115.190071
25.0,residence,SC-0013,SC-0014,17.0,1,1433.0,0.011863,43.594085
25.0,residence,SC-0015,SC-0016,17.0,1,7708.0,0.002206,31.76956
25.0,residence,SP-0202,GO-0001,17.0,2,6869.0,0.002475,530.062715
25.0,residence,SP-0205,PR-0010,17.0,1,5616.0,0.003027,734.833411
25.0,residence,SP-0209,SP-0217,17.0,2,21362.0,0.000796,449.740885
25.0,residence,SP-0212,SP-0201,17.0,2,11657.0,0.001458,91.733569
25.0,residence,SP-0216,PR-0002,17.0,2,30394.0,0.000559,252.185082
25.0,residence,SP-0216,SP-0202,17.0,2,30394.0,0.000559,140.375237
25.0,residence,SP-0217,MG-0002,17.0,3,11663.0,0.001458,414.257004
25.0,residence,SP-0219,SP-0207,17.0,2,4105.0,0.004141,133.104036
25.0,residence,SP-0224,SP-0206,17.0,2,2256.0,0.007535,383.457334
25.0,residence,SP-3517,SP-0207,17.0,1,1332.0,0.012763,161.099784
25.0,residence,TO-0001,GO-0001,17.0,3,17379.0,0.000978,661.391039
25.0,residence,TO-0001,SP-0206,17.0,1,17379.0,0.000978,1342.924276
25.0,residence,AC-0001,SP-0215,16.0,1,21143.0,0.000757,2355.769657
25.0,residence,AL-0001,GO-0007,16.0,1,11392.0,0.001404,1562.399721
25.0,residence,BA-0001,BA-0025,16.0,2,17824.0,0.000898,713.159453
25.0,residence,BA-0005,BA-0029,16.0,2,5163.0,0.003099,33.984063
25.0,residence,BA-0012,SP-0206,16.0,2,13420.0,0.001192,1619.039528
25.0,residence,BA-0021,PR-0002,16.0,2,8804.0,0.001817,1745.250764
25.0,residence,BA-0023,BA-0025,16.0,2,2234.0,0.007162,262.872967
25.0,residence,CE-0013,CE-2301,16.0,1,8036.0,0.001991,268.344037
25.0,residence,ES-0002,MG-0002,16.0,3,14793.0,0.001082,289.086407
25.0,residence,GO-0014,DF-0006,16.0,2,3512.0,0.004556,471.334834
25.0,residence,GO-0017,DF-0006,16.0,2,136.0,0.117647,267.998853
25.0,residence,MA-0014,MA-0011,16.0,1,5126.0,0.003121,332.930183
25.0,residence,MG-0005,ES-0002,16.0,1,7442.0,0.00215,221.188781
25.0,residence,MG-0010,SP-0215,16.0,1,3229.0,0.004955,313.158076
25.0,residence,MG-0013,SP-0101,16.0,2,16685.0,0.000959,520.592166
25.0,residence,MG-0021,SP-0005,16.0,3,8612.0,0.001858,253.764577
25.0,residence,MG-0030,MG-0007,16.0,2,11929.0,0.001341,319.235935
25.0,residence,MS-0001,MG-0002,16.0,3,66709.0,0.00024,1096.150724
25.0,residence,MT-0007,MT-0008,16.0,1,15375.0,0.001041,228.793738
25.0,residence,MT-0014,SP-0215,16.0,1,10021.0,0.001597,1126.061737
25.0,residence,PA-0013,PA-0011,16.0,2,6188.0,0.002586,75.868128
25.0,residence,PR-0009,PR-0014,16.0,2,3251.0,0.004922,285.546738
25.0,residence,RJ-0033,MG-0005,16.0,2,3854.0,0.004152,45.595863
25.0,residence,SC-0022,SC-0007,16.0,2,1312.0,0.012195,81.477218
25.0,residence,SC-0025,SC-0016,16.0,2,3037.0,0.005268,80.707917
25.0,residence,SC-0028,SC-0001,16.0,2,643.0,0.024883,75.897136
25.0,residence,SC-4210,SC-0001,16.0,2,219.0,0.073059,60.647759
25.0,residence,SE-0004,BA-0010,16.0,1,5064.0,0.00316,47.848446
25.0,residence,SP-0101,MG-0004,16.0,2,49979.0,0.00032,726.482407
25.0,residence,SP-0101,SP-0203,16.0,2,49979.0,0.00032,223.344375
25.0,residence,SP-0203,SP-0207,16.0,3,9480.0,0.001688,157.033499
25.0,residence,SP-0206,SP-0216,16.0,3,29477.0,0.000543,57.790536
25.0,residence,SP-0210,RJ-0010,16.0,1,7670.0,0.002086,350.413719
25.0,residence,SP-0211,SP-0202,16.0,2,15360.0,0.001042,64.530071
25.0,residence,SP-0216,SP-0105,16.0,3,30394.0,0.000526,56.348608
25.0,residence,TO-0001,MA-0016,16.0,1,17379.0,0.000921,673.311122
25.0,residence,TO-0002,TO-0003,16.0,2,15695.0,0.001019,320.247385
25.0,residence,AC-0001,PR-0002,15.0,2,21143.0,0.000709,2687.983026
25.0,residence,AL-0003,AL-0002,15.0,2,5255.0,0.002854,160.335632
25.0,residence,AL-0007,PE-0003,15.0,1,2036.0,0.007367,31.235018
25.0,residence,AM-0001,RS-0004,15.0,1,126150.0,0.000119,3086.192625
25.0,residence,BA-0009,BA-0020,15.0,2,8080.0,0.001856,282.863937
25.0,residence,CE-0002,CE-0011,15.0,2,16468.0,0.000911,134.596468
25.0,residence,CE-0021,PE-0009,15.0,1,2277.0,0.006588,60.542709
25.0,residence,CE-2301,CE-0001,15.0,1,59.0,0.254237,50.73332
25.0,residence,ES-0003,MG-0018,15.0,1,13165.0,0.001139,301.3903
25.0,residence,GO-0022,GO-0009,15.0,2,1664.0,0.009014,69.079511
25.0,residence,MA-0002,PB-0001,15.0,1,5075.0,0.002956,1138.741355
25.0,residence,MA-0011,TO-0002,15.0,2,10382.0,0.001445,135.542809
25.0,residence,MA-0017,PI-0004,15.0,2,6514.0,0.002303,239.047903
25.0,residence,MA-0018,MA-0014,15.0,2,7672.0,0.001955,167.746595
25.0,residence,MA-2108,MA-0009,15.0,1,742.0,0.020216,107.375047
25.0,residence,MG-0002,ES-0002,15.0,2,30469.0,0.000492,320.963455
25.0,residence,MG-0002,SP-0213,15.0,1,30469.0,0.000492,428.806263
25.0,residence,MG-0004,SP-0005,15.0,1,17699.0,0.000848,706.301023
25.0,residence,MG-0005,SP-0101,15.0,2,7442.0,0.002016,395.231312
25.0,residence,MT-0003,MG-0016,15.0,1,7229.0,0.002075,1248.849731
25.0,residence,MT-0007,MT-0014,15.0,2,15375.0,0.000976,482.685485
25.0,residence,PA-0012,SP-0215,15.0,1,24170.0,0.000621,1356.335835
25.0,residence,PB-0007,PE-0001,15.0,3,2742.0,0.00547,372.791091
25.0,residence,PB-0011,PE-0001,15.0,2,1321.0,0.011355,353.0547
25.0,residence,PE-0007,PE-0010,15.0,1,4091.0,0.003667,163.700642
25.0,residence,PI-0006,MA-0018,15.0,2,6044.0,0.002482,46.955015
25.0,residence,PI-0007,MT-0001,15.0,2,3501.0,0.004284,1814.555049
25.0,residence,PR-0002,SC-0011,15.0,1,51637.0,0.00029,87.041595
25.0,residence,PR-0005,PR-0014,15.0,2,11962.0,0.001254,297.658341
25.0,residence,PR-0005,PR-0020,15.0,2,11962.0,0.001254,221.785835
25.0,residence,PR-0008,PR-0017,15.0,2,12009.0,0.001249,363.714
25.0,residence,PR-0020,PR-0009,15.0,1,11993.0,0.001251,64.113459
25.0,residence,RJ-0001,ES-0001,15.0,2,1022.0,0.014677,193.562617
25.0,residence,RN-0003,RN-0004,15.0,2,9497.0,0.001579,98.551214
25.0,residence,RS-0006,RS-0002,15.0,1,11374.0,0.001319,28.012774
25.0,residence,RS-0007,RS-0002,15.0,1,1865.0,0.008043,40.511099
25.0,residence,SC-0015,PR-0002,15.0,2,7708.0,0.001946,163.66499
25.0,residence,SC-0019,SC-0006,15.0,1,66.0,0.227273,105.294052
25.0,residence,SC-0026,SC-0017,15.0,2,1280.0,0.011719,161.82318
25.0,residence,SE-0001,SP-0005,15.0,1,6698.0,0.002239,1573.057023
25.0,residence,SE-0006,SP-0101,15.0,2,2588.0,0.005796,1691.959105
25.0,residence,SP-0005,SP-0206,15.0,2,698.0,0.02149,198.817369
25.0,residence,SP-0105,SP-0207,15.0,2,5262.0,0.002851,86.513351
25.0,residence,SP-0205,SP-0101,15.0,2,5616.0,0.002671,369.11257
25.0,residence,TO-0001,MT-0006,15.0,2,17379.0,0.000863,108.222263
25.0,residence,TO-0001,SP-0101,15.0,2,17379.0,0.000863,1501.847816
25.0,residence,AL-0007,SP-0005,14.0,1,2036.0,0.006876,1754.098371
25.0,residence,AM-0001,AM-0009,14.0,2,126150.0,0.000111,55.887981
25.0,residence,AM-0001,PB-0003,14.0,2,126150.0,0.000111,2746.102679
25.0,residence,AM-0003,AM-0007,14.0,1,7180.0,0.00195,571.671642
25.0,residence,BA-0014,BA-0008,14.0,2,4253.0,0.003292,83.569442
25.0,residence,BA-0014,MG-0002,14.0,2,4253.0,0.003292,693.476655
25.0,residence,BA-0017,BA-0003,14.0,2,2907.0,0.004816,227.651155
25.0,residence,BA-0030,BA-0002,14.0,2,3633.0,0.003854,504.989452
25.0,residence,BA-0030,SP-0005,14.0,2,3633.0,0.003854,928.606126
25.0,residence,CE-0001,SP-0215,14.0,1,15882.0,0.000882,2230.151868
25.0,residence,CE-0010,MG-0006,14.0,1,6119.0,0.002288,1415.829235
25.0,residence,GO-0004,GO-0013,14.0,2,5763.0,0.002429,162.820139
25.0,residence,GO-0009,SP-0005,14.0,2,6239.0,0.002244,569.794556
25.0,residence,GO-0010,GO-0014,14.0,2,3417.0,0.004097,53.196626
25.0,residence,GO-0014,GO-0007,14.0,2,3512.0,0.003986,465.314891
25.0,residence,MA-0012,MA-0013,14.0,1,15634.0,0.000895,90.14555
25.0,residence,MA-0017,MA-0009,14.0,1,6514.0,0.002149,177.680082
25.0,residence,MA-2111,MA-0009,14.0,1,4195.0,0.003337,227.896743
25.0,residence,MG-0002,MG-0022,14.0,1,30469.0,0.000459,250.055183
25.0,residence,MG-0002,MG-0023,14.0,2,30469.0,0.000459,151.293235
25.0,residence,MG-0005,MG-0020,14.0,1,7442.0,0.001881,67.132757
25.0,residence,MG-0017,MG-0019,14.0,1,11010.0,0.001272,31.371147
25.0,residence,MG-0026,GO-0015,14.0,1,3828.0,0.003657,28.113292
25.0,residence,MS-0001,MT-0001,14.0,2,66709.0,0.00021,622.785633
25.0,residence,MS-0010,GO-0001,14.0,2,3449.0,0.004059,953.744283
25.0,residence,MT-0001,SP-0213,14.0,1,29034.0,0.000482,1043.783811
25.0,residence,PA-0007,PA-0008,14.0,1,7838.0,0.001786,197.747874
25.0,residence,PA-0011,MA-0015,14.0,2,39231.0,0.000357,582.143937
25.0,residence,PA-0012,SP-0213,14.0,1,24170.0,0.000579,1344.849337
25.0,residence,PB-0001,MG-0023,14.0,1,11039.0,0.001268,1610.476558
25.0,residence,PB-0005,MG-0012,14.0,1,2577.0,0.005433,1708.928596
25.0,residence,PE-0006,SP-0101,14.0,1,12246.0,0.001143,1897.278715
25.0,residence,PI-0004,MA-0015,14.0,1,10613.0,0.001319,271.063052
25.0,residence,PI-0087,PI-0009,14.0,2,188.0,0.074468,54.055723
25.0,residence,PR-0014,SP-0005,14.0,2,8566.0,0.001634,496.427291
25.0,residence,PR-0019,SP-0206,14.0,2,9881.0,0.001417,177.175227
25.0,residence,PR-0022,PR-0003,14.0,2,4048.0,0.003458,121.843811
25.0,residence,RS-0006,RS-0019,14.0,1,11374.0,0.001231,226.950076
25.0,residence,SC-0001,SC-0015,14.0,2,3663.0,0.003822,386.657282
25.0,residence,SC-0002,SC-0003,14.0,2,2567.0,0.005454,103.308482
25.0,residence,SC-0008,SC-0003,14.0,1,1548.0,0.009044,50.177374
25.0,residence,SC-0013,SC-0007,14.0,1,1433.0,0.00977,116.180471
25.0,residence,SC-0014,PR-0002,14.0,2,5048.0,0.002773,333.359104
25.0,residence,SC-0016,SC-0017,14.0,2,3620.0,0.003867,144.776596
25.0,residence,SC-0036,SC-0022,14.0,1,259.0,0.054054,129.327225
25.0,residence,SE-0003,MG-0015,14.0,2,3442.0,0.004067,1371.246607
25.0,residence,SE-0006,BA-0001,14.0,2,2588.0,0.00541,238.317748
25.0,residence,SP-0102,SP-0219,14.0,2,3943.0,0.003551,53.121996
25.0,residence,SP-0201,MG-0006,14.0,2,29701.0,0.000471,799.356332
25.0,residence,SP-0201,PR-0020,14.0,1,29701.0,0.000471,764.902081
25.0,residence,SP-0202,SP-0224,14.0,1,6869.0,0.002038,617.666931
25.0,residence,SP-0204,SP-0206,14.0,2,3444.0,0.004065,326.692619
25.0,residence,SP-0207,BA-0020,14.0,2,14290.0,0.00098,1100.202544
25.0,residence,SP-0208,MG-0022,14.0,2,5295.0,0.002644,67.212578
25.0,residence,SP-0211,SP-0207,14.0,2,15360.0,0.000911,426.199792
25.0,residence,SP-0224,SP-0017,14.0,2,2256.0,0.006206,39.882814
25.0,residence,AL-0001,DF-0006,13.0,1,11392.0,0.001141,1493.603939
25.0,residence,AL-0008,PE-0001,13.0,2,2977.0,0.004367,253.959249
25.0,residence,AM-0001,SC-0018,13.0,2,126150.0,0.000103,3042.367927
25.0,residence,AM-0001,SP-0207,13.0,1,126150.0,0.000103,2666.039171
25.0,residence,AM-0007,BA-0007,13.0,1,13884.0,0.000936,3270.806132
25.0,residence,AM-0007,SP-0005,13.0,2,13884.0,0.000936,2423.012211
25.0,residence,BA-0001,BA-0006,13.0,1,17824.0,0.000729,220.666839
25.0,residence,BA-0003,SP-0215,13.0,1,12738.0,0.001021,1482.776491
25.0,residence,BA-0008,ES-0003,13.0,2,10820.0,0.001201,353.883128
25.0,residence,BA-0016,SP-0215,13.0,1,7777.0,0.001672,1417.693401
25.0,residence,BA-0025,MG-0002,13.0,2,21941.0,0.000592,896.574982
25.0,residence,CE-0006,CE-0011,13.0,2,4121.0,0.003155,66.796177
25.0,residence,CE-0008,CE-2301,13.0,1,8976.0,0.001448,217.729938
25.0,residence,CE-0012,DF-0006,13.0,1,7123.0,0.001825,1656.713355
25.0,residence,DF-0006,BA-0025,13.0,2,75042.0,0.000173,505.998241
25.0,residence,ES-0001,SP-0207,13.0,2,57029.0,0.000228,855.611379
25.0,residence,ES-0004,ES-3203,13.0,1,11734.0,0.001108,26.633376
25.0,residence,ES-0004,MG-0002,13.0,2,11734.0,0.001108,432.355614
25.0,residence,GO-0001,GO-0018,13.0,1,20996.0,0.000619,150.061765
25.0,residence,GO-0001,MA-0011,13.0,2,20996.0,0.000619,1259.324931
25.0,residence,GO-0002,MG-0002,13.0,1,15106.0,0.000861,565.423446
25.0,residence,GO-0012,DF-0006,13.0,2,1110.0,0.011712,220.648576
25.0,residence,GO-0017,GO-0002,13.0,1,136.0,0.095588,63.361797
25.0,residence,MA-0001,SP-0207,13.0,1,9158.0,0.00142,2265.56388
25.0,residence,MA-0002,MG-0014,13.0,1,5075.0,0.002562,1742.618921
25.0,residence,MA-0010,MA-0008,13.0,1,10972.0,0.001185,141.642886
25.0,residence,MA-0013,MA-0016,13.0,1,8893.0,0.001462,34.160109
25.0,residence,MG-0002,MG-0013,13.0,2,30469.0,0.000427,347.458349
25.0,residence,MG-0010,SP-0220,13.0,1,3229.0,0.004026,28.161794
25.0,residence,MG-0012,MG-0020,13.0,1,7996.0,0.001626,427.061238
25.0,residence,MS-0002,MG-0002,13.0,1,2715.0,0.004788,1158.912376
25.0,residence,MS-0006,PR-0002,13.0,2,4917.0,0.002644,573.509262
25.0,residence,MT-0003,DF-0006,13.0,2,7229.0,0.001798,594.61882
25.0,residence,MT-0007,SP-0215,13.0,2,15375.0,0.000846,653.663512
25.0,residence,MT-0008,DF-0006,13.0,1,6192.0,0.002099,489.944246
25.0,residence,PA-0004,TO-0001,13.0,1,13654.0,0.000952,973.027037
25.0,residence,PA-0008,PA-0006,13.0,2,16520.0,0.000787,238.247273
25.0,residence,PA-0009,MT-0015,13.0,2,48286.0,0.000269,322.702107
25.0,residence,PB-0003,MG-0020,13.0,1,10705.0,0.001214,1776.065938
25.0,residence,PB-0009,SP-0213,13.0,1,2806.0,0.004633,1921.184914
25.0,residence,PE-0009,PE-0011,13.0,2,9271.0,0.001402,229.768937
25.0,residence,PI-0004,PI-0010,13.0,1,10613.0,0.001225,188.345425
25.0,residence,PI-0004,SP-0101,13.0,2,10613.0,0.001225,2096.93455
25.0,residence,PI-0011,MA-0001,13.0,1,5049.0,0.002575,639.05153
25.0,residence,PR-0003,SP-0005,13.0,1,11071.0,0.001174,545.868635
25.0,residence,PR-0006,SC-0016,13.0,1,4532.0,0.002868,27.276615
25.0,residence,PR-0015,MG-0006,13.0,1,9469.0,0.001373,1132.66322
25.0,residence,PR-0019,PR-0003,13.0,2,9881.0,0.001316,184.31123
25.0,residence,PR-0020,DF-0006,13.0,1,11993.0,0.001084,1164.743901
25.0,residence,PR-0020,RS-0016,13.0,1,11993.0,0.001084,559.211464
25.0,residence,PR-4109,PR-0007,13.0,1,740.0,0.017568,199.752199
25.0,residence,RS-0008,RS-0003,13.0,2,2820.0,0.00461,187.679107
25.0,residence,RS-0010,RS-0005,13.0,2,11991.0,0.001084,543.539196
25.0,residence,RS-0011,SC-0010,13.0,1,5157.0,0.002521,38.730252
25.0,residence,SC-0001,RS-0001,13.0,1,3663.0,0.003549,431.748078
25.0,residence,SC-0007,SC-0011,13.0,2,3035.0,0.004283,172.613387
25.0,residence,SC-0015,SC-0003,13.0,1,7708.0,0.001687,203.137713
25.0,residence,SC-0023,SC-0009,13.0,1,3791.0,0.003429,49.818832
25.0,residence,SP-0005,SP-0101,13.0,1,698.0,0.018625,400.395469
25.0,residence,SP-0101,PE-0004,13.0,1,49979.0,0.00026,2055.815746
25.0,residence,SP-0101,PE-0006,13.0,1,49979.0,0.00026,2126.160756
25.0,residence,SP-0102,SP-0105,13.0,2,3943.0,0.003297,36.432911
25.0,residence,SP-0212,RN-0007,13.0,1,11657.0,0.001115,2408.351964
25.0,residence,SP-0212,SP-0102,13.0,2,11657.0,0.001115,131.464715
25.0,residence,SP-0213,MG-0002,13.0,2,15305.0,0.000849,426.674256
25.0,residence,SP-0224,SP-0201,13.0,2,2256.0,0.005762,128.831227
25.0,residence,TO-0002,PA-0012,13.0,2,15695.0,0.000828,57.185769
25.0,residence,AC-0001,SP-0101,12.0,1,21143.0,0.000568,2750.718529
25.0,residence,AL-0001,SP-0101,12.0,1,11392.0,0.001053,1947.143906
25.0,residence,AM-0001,AC-0002,12.0,1,126150.0,9.5e-05,1481.748758
25.0,residence,AM-0001,RJ-0000,12.0,1,126150.0,9.5e-05,2914.149473
25.0,residence,AM-0002,SP-0206,12.0,1,9328.0,0.001286,2696.018273
25.0,residence,BA-0006,DF-0006,12.0,1,3669.0,0.003271,940.148917
25.0,residence,BA-0006,SP-0215,12.0,1,3669.0,0.003271,1273.687569
25.0,residence,BA-0017,BA-0027,12.0,2,2907.0,0.004128,143.146009
25.0,residence,BA-0017,BA-0031,12.0,1,2907.0,0.004128,131.871323
25.0,residence,BA-0018,BA-0012,12.0,2,5858.0,0.002048,157.512456
25.0,residence,BA-0025,BA-0018,12.0,2,21941.0,0.000547,477.725172
25.0,residence,BA-0026,GO-0001,12.0,2,9387.0,0.001278,611.903882
25.0,residence,CE-0001,PE-0001,12.0,2,15882.0,0.000756,622.359489
25.0,residence,CE-0020,PE-0009,12.0,1,2653.0,0.004523,39.947136
25.0,residence,DF-0006,PI-0003,12.0,1,75042.0,0.00016,1439.357919
25.0,residence,GO-0001,GO-0010,12.0,1,20996.0,0.000572,118.273521
25.0,residence,GO-0001,SP-0213,12.0,1,20996.0,0.000572,506.504576
25.0,residence,GO-0001,TO-0003,12.0,2,20996.0,0.000572,554.970461
25.0,residence,GO-0004,GO-0012,12.0,1,5763.0,0.002082,104.504176
25.0,residence,GO-0010,ES-0003,12.0,2,3417.0,0.003512,1127.988417
25.0,residence,GO-0012,GO-0022,12.0,1,1110.0,0.010811,34.800029
25.0,residence,GO-0014,MT-0007,12.0,1,3512.0,0.003417,188.999309
25.0,residence,MA-0004,MA-0015,12.0,2,10482.0,0.001145,95.127813
25.0,residence,MA-0008,MA-0015,12.0,2,8042.0,0.001492,56.588656
25.0,residence,MA-0011,PA-0011,12.0,1,10382.0,0.001156,167.354389
25.0,residence,MA-0012,TO-0001,12.0,2,15634.0,0.000768,289.747629
25.0,residence,MA-0013,MA-0012,12.0,2,8893.0,0.001349,319.220861
25.0,residence,MA-2111,MA-0016,12.0,1,4195.0,0.002861,77.295819
25.0,residence,MG-0004,MG-0003,12.0,1,17699.0,0.000678,413.626239
25.0,residence,MG-0005,MA-0001,12.0,1,7442.0,0.001612,2138.335428
25.0,residence,MG-0006,MG-0004,12.0,1,22490.0,0.000534,101.108727
25.0,residence,MG-0011,ES-0004,12.0,1,11955.0,0.001004,657.594746
25.0,residence,MS-0001,MS-0008,12.0,2,66709.0,0.00018,167.209407
25.0,residence,MT-0005,SP-0005,12.0,1,7356.0,0.001631,1234.779428
25.0,residence,MT-0009,SP-0005,12.0,2,7562.0,0.001587,1519.001469
25.0,residence,MT-0016,MT-0008,12.0,2,1352.0,0.008876,474.695032
25.0,residence,MT-5114,MT-0011,12.0,1,4043.0,0.002968,288.176463
25.0,residence,PA-0001,MA-0009,12.0,1,5274.0,0.002275,304.498224
25.0,residence,PA-0004,MA-0001,12.0,2,13654.0,0.000879,324.880392
25.0,residence,PA-0004,RN-0007,12.0,1,13654.0,0.000879,1463.375973
25.0,residence,PA-0009,RS-0001,12.0,1,48286.0,0.000249,3070.579432
25.0,residence,PA-0012,CE-2301,12.0,1,24170.0,0.000496,1361.96966
25.0,residence,PB-0001,BA-0001,12.0,1,11039.0,0.001087,762.677626
25.0,residence,PB-0001,PB-0002,12.0,2,11039.0,0.001087,45.363346
25.0,residence,PB-0001,PB-0012,12.0,2,11039.0,0.001087,45.09405
25.0,residence,PB-0001,PE-0002,12.0,1,11039.0,0.001087,116.773142
25.0,residence,PB-0001,SP-0005,12.0,1,11039.0,0.001087,2093.873236
25.0,residence,PB-0002,PE-0004,12.0,2,5632.0,0.002131,154.340985
25.0,residence,PB-0016,MT-0001,12.0,1,238.0,0.05042,2280.613708
25.0,residence,PE-0005,AL-0001,12.0,2,14225.0,0.000844,127.259262
25.0,residence,PE-0008,PE-0006,12.0,2,21485.0,0.000559,485.904464
25.0,residence,PI-0002,MA-0001,12.0,1,6854.0,0.001751,248.71959
25.0,residence,PI-0009,PI-0012,12.0,1,4282.0,0.002802,214.75442
25.0,residence,PI-0013,BA-0002,12.0,1,5302.0,0.002263,662.341971
25.0,residence,PI-0015,PI-0013,12.0,2,3040.0,0.003947,122.868089
25.0,residence,PR-0006,PR-0004,12.0,1,4532.0,0.002648,63.00084
25.0,residence,PR-0006,PR-0015,12.0,2,4532.0,0.002648,322.708483
25.0,residence,PR-0008,PR-0014,12.0,2,12009.0,0.000999,330.503896
25.0,residence,PR-0015,SP-0005,12.0,2,9469.0,0.001267,462.2559
25.0,residence,PR-0018,SP-0206,12.0,2,7866.0,0.001526,233.249072
25.0,residence,RJ-0000,SP-0101,12.0,2,4540.0,0.002643,373.367139
25.0,residence,RJ-0001,ES-0002,12.0,1,1022.0,0.011742,104.823127
25.0,residence,RJ-0001,RJ-0330,12.0,1,1022.0,0.011742,236.909626
25.0,residence,RJ-0004,RJ-0207,12.0,2,54.0,0.222222,42.048221
25.0,residence,RJ-0019,MG-0003,12.0,1,52343.0,0.000229,193.071428
25.0,residence,RJ-3302,RJ-0000,12.0,1,523.0,0.022945,101.757647
25.0,residence,RN-0005,BA-0001,12.0,1,6662.0,0.001801,840.646023
25.0,residence,RN-0007,PB-0001,12.0,2,4377.0,0.002742,156.340025
25.0,residence,RO-0004,SP-0005,12.0,1,337.0,0.035608,1939.664296
25.0,residence,RS-0001,PE-0004,12.0,1,14353.0,0.000836,2879.457987
25.0,residence,RS-0001,RS-0016,12.0,2,14353.0,0.000836,98.577042
25.0,residence,RS-0002,RS-0014,12.0,1,29064.0,0.000413,337.847339
25.0,residence,SC-0003,SC-0018,12.0,2,809.0,0.014833,358.89427
25.0,residence,SC-0007,SC-0006,12.0,1,3035.0,0.003954,28.915931
25.0,residence,SC-0007,SC-0014,12.0,2,3035.0,0.003954,118.153305
25.0,residence,SC-0007,SP-0206,12.0,2,3035.0,0.003954,512.808018
25.0,residence,SC-0008,SC-0011,12.0,1,1548.0,0.007752,212.790686
25.0,residence,SE-0001,BA-0003,12.0,2,6698.0,0.001792,44.729312
25.0,residence,SE-0002,SE-0004,12.0,1,4957.0,0.002421,37.670106
25.0,residence,SE-0004,SP-0215,12.0,1,5064.0,0.00237,1743.541774
25.0,residence,SP-0008,SP-0005,12.0,1,152.0,0.078947,98.39692
25.0,residence,SP-0009,SP-0213,12.0,1,308.0,0.038961,82.705647
25.0,residence,SP-0101,MS-0001,12.0,2,49979.0,0.00024,893.421502
25.0,residence,SP-0101,RJ-0033,12.0,2,49979.0,0.00024,360.029836
25.0,residence,SP-0102,PI-0003,12.0,2,3943.0,0.003043,2221.223409
25.0,residence,SP-0104,SP-0214,12.0,1,2457.0,0.004884,203.497573
25.0,residence,SP-0105,SP-0202,12.0,1,5262.0,0.002281,445.01037
25.0,residence,SP-0204,SP-0207,12.0,1,3444.0,0.003484,135.179273
25.0,residence,SP-0204,SP-0214,12.0,1,3444.0,0.003484,272.170734
25.0,residence,SP-0208,MG-0002,12.0,2,5295.0,0.002266,365.962704
25.0,residence,SP-0208,SP-0215,12.0,1,5295.0,0.002266,178.057133
25.0,residence,SP-0212,SP-0105,12.0,1,11657.0,0.001029,78.183951
25.0,residence,SP-0213,SP-0215,12.0,2,15305.0,0.000784,79.241436
25.0,residence,SP-0214,SP-0217,12.0,2,7065.0,0.001699,167.663923
25.0,residence,SP-0215,SP-0214,12.0,1,33707.0,0.000356,292.775923
25.0,residence,SP-0216,MG-0002,12.0,2,30394.0,0.000395,538.594014
25.0,residence,SP-0218,SP-0214,12.0,1,3566.0,0.003365,114.956234
25.0,residence,TO-0003,SP-0101,12.0,1,632.0,0.018987,1349.367194
25.0,residence,AP-0001,RS-0001,11.0,1,31630.0,0.000348,3402.236323
25.0,residence,BA-0001,GO-0001,11.0,1,17824.0,0.000617,1231.844304
25.0,residence,BA-0002,SP-0206,11.0,1,11656.0,0.000944,1469.562088
25.0,residence,BA-0015,BA-0025,11.0,2,20536.0,0.000536,554.909565
25.0,residence,BA-0015,SP-0206,11.0,2,20536.0,0.000536,1584.403838
25.0,residence,BA-0023,BA-0022,11.0,2,2234.0,0.004924,208.502231
25.0,residence,BA-0027,BA-0019,11.0,2,4791.0,0.002296,53.199904
25.0,residence,BA-0030,BA-0006,11.0,1,3633.0,0.003028,411.142883
25.0,residence,BA-0031,PR-0002,11.0,1,5874.0,0.001873,1771.230674
25.0,residence,CE-0017,PB-0009,11.0,2,2840.0,0.003873,43.190153
25.0,residence,GO-0001,MA-0016,11.0,1,20996.0,0.000524,1362.309131
25.0,residence,GO-0002,GO-0003,11.0,2,15106.0,0.000728,276.619446
25.0,residence,GO-0006,CE-0011,11.0,1,6109.0,0.001801,1834.351103
25.0,residence,GO-0007,MG-0007,11.0,1,9427.0,0.001167,142.111418
25.0,residence,GO-0009,MT-0003,11.0,2,6239.0,0.001763,57.625353
25.0,residence,GO-0013,TO-0003,11.0,1,1779.0,0.006183,212.14473
25.0,residence,GO-0014,MS-0008,11.0,1,3512.0,0.003132,56.155703
25.0,residence,MA-0011,MA-0005,11.0,2,10382.0,0.00106,409.832575
25.0,residence,MA-0011,MA-0007,11.0,1,10382.0,0.00106,46.313181
25.0,residence,MA-0014,SP-0005,11.0,1,5126.0,0.002146,1785.112994
25.0,residence,MA-0018,MA-0003,11.0,1,7672.0,0.001434,247.977952
25.0,residence,MA-0018,SP-0206,11.0,1,7672.0,0.001434,2018.228809
25.0,residence,MG-0002,BA-0009,11.0,2,30469.0,0.000361,537.157243
25.0,residence,MG-0005,MG-0022,11.0,1,7442.0,0.001478,345.859055
25.0,residence,MG-0011,PR-0002,11.0,1,11955.0,0.00092,582.365919
25.0,residence,MG-0011,RJ-0000,11.0,1,11955.0,0.00092,253.820283
25.0,residence,MG-0016,SP-0207,11.0,1,8341.0,0.001319,689.842129
25.0,residence,MS-0006,SP-0215,11.0,2,4917.0,0.002237,405.202749
25.0,residence,MS-0006,SP-0216,11.0,2,4917.0,0.002237,180.048804
25.0,residence,MS-0009,GO-0001,11.0,1,4931.0,0.002231,575.330559
25.0,residence,MT-0001,MT-0002,11.0,2,29034.0,0.000379,187.046738
25.0,residence,MT-0001,SP-0206,11.0,1,29034.0,0.000379,1032.545368
25.0,residence,MT-0006,MT-0011,11.0,1,5353.0,0.002055,264.4406
25.0,residence,MT-0007,SP-0101,11.0,2,15375.0,0.000715,1197.675689
25.0,residence,PA-0011,GO-0001,11.0,1,39231.0,0.00028,1438.709737
25.0,residence,PE-0009,GO-0001,11.0,1,9271.0,0.001186,1395.068686
25.0,residence,PI-0004,RN-0007,11.0,1,10613.0,0.001036,838.280086
25.0,residence,PI-0007,MA-0018,11.0,1,3501.0,0.003142,140.732816
25.0,residence,PR-0002,PR-0016,11.0,2,51637.0,0.000213,312.342389
25.0,residence,PR-0010,CE-0001,11.0,2,11147.0,0.000987,2826.413721
25.0,residence,PR-0011,ES-0003,11.0,1,9755.0,0.001128,1355.244387
25.0,residence,PR-0017,PR-0001,11.0,1,13830.0,0.000795,344.895022
25.0,residence,PR-4109,PR-0008,11.0,1,740.0,0.014865,158.425598
25.0,residence,RJ-0003,RJ-0000,11.0,1,469.0,0.023454,110.049308
25.0,residence,RJ-0019,MG-0005,11.0,2,52343.0,0.00021,127.210266
25.0,residence,RR-0001,GO-0001,11.0,1,27131.0,0.000405,2537.065159
25.0,residence,RS-0001,PE-0001,11.0,1,14353.0,0.000766,2948.666488
25.0,residence,RS-0001,SC-0006,11.0,2,14353.0,0.000766,195.116189
25.0,residence,SC-0004,SC-0009,11.0,2,4797.0,0.002293,71.27263
25.0,residence,SC-0006,RS-0001,11.0,2,3546.0,0.003102,188.859586
25.0,residence,SC-0009,SC-0022,11.0,2,1782.0,0.006173,227.36526
25.0,residence,SC-0010,SC-0022,11.0,1,7647.0,0.001438,388.527573
25.0,residence,SC-0015,SC-0017,11.0,1,7708.0,0.001427,44.184704
25.0,residence,SC-0017,PR-0002,11.0,1,1452.0,0.007576,115.946204
25.0,residence,SC-0022,SP-0101,11.0,2,1312.0,0.008384,377.141881
25.0,residence,SE-0005,SE-0002,11.0,1,3656.0,0.003009,62.487814
25.0,residence,SP-0010,SP-0101,11.0,1,293.0,0.037543,89.47042
25.0,residence,SP-0101,SP-0209,11.0,2,49979.0,0.00022,342.776546
25.0,residence,SP-0102,MA-0014,11.0,1,3943.0,0.00279,2107.403004
25.0,residence,SP-0105,BA-0020,11.0,1,5262.0,0.00209,1154.211958
25.0,residence,SP-0202,SP-0217,11.0,2,6869.0,0.001601,347.649841
25.0,residence,SP-0208,SP-0201,11.0,1,5295.0,0.002077,351.825949
25.0,residence,SP-0218,SP-0005,11.0,1,3566.0,0.003085,109.394766
25.0,residence,SP-0219,SP-0206,11.0,2,4105.0,0.00268,308.581761
25.0,residence,AC-0002,PE-0001,10.0,1,10808.0,0.000925,4166.792017
25.0,residence,AL-0001,BA-0001,10.0,1,11392.0,0.000878,486.621383
25.0,residence,AL-0002,SE-0005,10.0,1,7456.0,0.001341,25.926325
25.0,residence,AL-0003,BA-0001,10.0,1,5255.0,0.001903,400.453655
25.0,residence,AL-0009,AL-0006,10.0,1,1281.0,0.007806,39.008251
25.0,residence,AL-0009,RN-0007,10.0,1,1281.0,0.007806,454.724461
25.0,residence,AM-0006,AM-0003,10.0,1,668.0,0.01497,80.455612
25.0,residence,BA-0004,SP-0005,10.0,1,6482.0,0.001543,1252.96974
25.0,residence,BA-0007,RS-0006,10.0,1,5536.0,0.001806,2081.924082
25.0,residence,BA-0010,BA-0012,10.0,1,5187.0,0.001928,135.067085
25.0,residence,BA-0010,BA-0016,10.0,1,5187.0,0.001928,328.243728
25.0,residence,BA-0012,SP-0005,10.0,1,13420.0,0.000745,1452.532669
25.0,residence,BA-0019,BA-0006,10.0,2,11655.0,0.000858,267.206941
25.0,residence,BA-0020,SP-0005,10.0,1,8094.0,0.001235,1017.415949
25.0,residence,BA-0027,SP-0206,10.0,1,4791.0,0.002087,1269.869519
25.0,residence,BA-0030,BA-0026,10.0,1,3633.0,0.002753,96.786416
25.0,residence,CE-0017,SP-0215,10.0,1,2840.0,0.003521,1935.248049
25.0,residence,DF-0006,PI-0001,10.0,1,75042.0,0.000133,1575.765756
25.0,residence,ES-0002,RJ-0001,10.0,1,14793.0,0.000676,110.959564
25.0,residence,GO-0001,CE-0011,10.0,2,20996.0,0.000476,1769.900671
25.0,residence,GO-0001,GO-0007,10.0,2,20996.0,0.000476,181.679578
25.0,residence,GO-0006,MG-0026,10.0,1,6109.0,0.001637,34.540332
25.0,residence,MA-0001,SP-0005,10.0,1,9158.0,0.001092,2046.259504
25.0,residence,MA-0008,MA-2111,10.0,1,8042.0,0.001243,189.614224
25.0,residence,MA-0010,MA-0004,10.0,2,10972.0,0.000911,114.935065
25.0,residence,MA-0010,PE-0001,10.0,1,10972.0,0.000911,1413.018778
25.0,residence,MA-0011,MA-0015,10.0,2,10382.0,0.000963,284.586862
25.0,residence,MA-0012,MA-0008,10.0,1,15634.0,0.00064,520.219504
25.0,residence,MA-0013,PE-0001,10.0,1,8893.0,0.001124,1049.177704
25.0,residence,MA-0014,PI-0004,10.0,2,5126.0,0.001951,189.804865
25.0,residence,MA-0018,MA-0016,10.0,1,7672.0,0.001303,155.594753
25.0,residence,MG-0002,MG-0012,10.0,2,30469.0,0.000328,495.981034
25.0,residence,MG-0002,RN-0007,10.0,1,30469.0,0.000328,1827.564493
25.0,residence,MG-0006,MG-0013,10.0,2,22490.0,0.000445,628.430405
25.0,residence,MG-0007,MG-0015,10.0,2,8488.0,0.001178,119.712035
25.0,residence,MG-0010,PR-0010,10.0,1,3229.0,0.003097,761.866027
25.0,residence,MG-0011,MG-0020,10.0,1,11955.0,0.000836,141.820879
25.0,residence,MG-0013,DF-0006,10.0,1,16685.0,0.000599,420.583009
25.0,residence,MG-0015,BA-0002,10.0,1,21650.0,0.000462,1157.986027
25.0,residence,MG-0016,MG-0024,10.0,1,8341.0,0.001199,32.017823
25.0,residence,MG-0018,RJ-0019,10.0,1,7057.0,0.001417,254.822609
25.0,residence,MS-0001,MT-0007,10.0,1,66709.0,0.00015,497.17199
25.0,residence,MS-0001,SP-0213,10.0,1,66709.0,0.00015,664.489873
25.0,residence,MS-0003,MS-0006,10.0,1,13509.0,0.00074,192.961274
25.0,residence,MS-0003,PR-0002,10.0,2,13509.0,0.00074,711.62214
25.0,residence,MS-0004,PR-0002,10.0,1,3367.0,0.00297,541.351401
25.0,residence,MS-0005,MS-0011,10.0,1,4116.0,0.00243,166.234678
25.0,residence,MS-0006,SP-0206,10.0,1,4917.0,0.002034,540.039466
25.0,residence,MS-0008,MA-0016,10.0,1,5532.0,0.001808,1759.116992
25.0,residence,MS-0010,MS-0011,10.0,2,3449.0,0.002899,286.681596
25.0,residence,MS-0011,MS-0003,10.0,1,7011.0,0.001426,435.78754
25.0,residence,MS-0011,SP-0101,10.0,1,7011.0,0.001426,1176.854733
25.0,residence,MT-0004,PR-0002,10.0,1,6255.0,0.001599,2062.793303
25.0,residence,MT-0014,MS-0001,10.0,1,10021.0,0.000998,840.860461
25.0,residence,MT-0014,MT-0005,10.0,1,10021.0,0.000998,277.530938
25.0,residence,PA-0011,PA-0012,10.0,1,39231.0,0.000255,178.803266
25.0,residence,PB-0012,SE-0008,10.0,1,5027.0,0.001989,400.599849
25.0,residence,PE-0001,MG-0002,10.0,1,30866.0,0.000324,1651.521584
25.0,residence,PE-0002,PE-0003,10.0,2,28252.0,0.000354,108.391978
25.0,residence,PE-0003,PE-0002,10.0,1,19886.0,0.000503,85.073786
25.0,residence,PE-0004,SP-0101,10.0,1,37344.0,0.000268,2079.810347
25.0,residence,PE-0006,PE-0003,10.0,1,12246.0,0.000817,86.610204
25.0,residence,PE-0008,PE-0004,10.0,1,21485.0,0.000465,512.286385
25.0,residence,PE-0012,PE-0004,10.0,1,5218.0,0.001916,98.484179
25.0,residence,PI-0008,PI-0007,10.0,1,2451.0,0.00408,65.292755
25.0,residence,PI-0011,SP-0005,10.0,1,5049.0,0.001981,1516.913076
25.0,residence,PR-0003,PR-0010,10.0,1,11071.0,0.000903,365.331349
25.0,residence,PR-0005,PR-0011,10.0,1,11962.0,0.000836,93.156711
25.0,residence,PR-0012,GO-0001,10.0,1,9454.0,0.001058,940.699243
25.0,residence,PR-0012,SP-0206,10.0,1,9454.0,0.001058,465.36157
25.0,residence,PR-0016,PR-0014,10.0,1,5135.0,0.001947,183.648163
25.0,residence,RJ-0003,SP-0101,10.0,1,469.0,0.021322,289.061972
25.0,residence,RJ-0019,DF-0006,10.0,1,52343.0,0.000191,918.692066
25.0,residence,RJ-0019,PE-0001,10.0,2,52343.0,0.000191,1888.393423
25.0,residence,RJ-0019,SP-0005,10.0,1,52343.0,0.000191,590.783176
25.0,residence,RN-0003,MT-0007,10.0,1,9497.0,0.001053,2360.098095
25.0,residence,RN-0004,PE-0001,10.0,1,7056.0,0.001417,314.282801
25.0,residence,RN-0007,CE-0001,10.0,2,4377.0,0.002285,430.613309
25.0,residence,RS-0006,RS-0011,10.0,2,11374.0,0.000879,92.370561
25.0,residence,RS-0010,ES-0003,10.0,1,11991.0,0.000834,1827.569531
25.0,residence,RS-0011,ES-0004,10.0,1,5157.0,0.001939,1609.010915
25.0,residence,SC-0001,PR-0008,10.0,2,3663.0,0.00273,58.618089
25.0,residence,SC-0003,SC-0008,10.0,1,809.0,0.012361,86.733509
25.0,residence,SC-0010,SC-0014,10.0,2,7647.0,0.001308,323.386229
25.0,residence,SC-0015,SP-0206,10.0,1,7708.0,0.001297,513.869541
25.0,residence,SC-0018,SP-0005,10.0,1,12007.0,0.000833,781.020333
25.0,residence,SC-0019,SC-0014,10.0,1,66.0,0.151515,29.951448
25.0,residence,SC-0025,SP-0101,10.0,1,3037.0,0.003293,421.52669
25.0,residence,SC-0033,SC-0003,10.0,1,87.0,0.114943,28.460433
25.0,residence,SE-0003,SE-0001,10.0,2,3442.0,0.002905,99.168366
25.0,residence,SP-0002,SP-0213,10.0,1,576.0,0.017361,362.856195
25.0,residence,SP-0009,SP-0215,10.0,2,308.0,0.032468,60.441638
25.0,residence,SP-0101,BA-0008,10.0,1,49979.0,0.0002,1095.496314
25.0,residence,SP-0101,BA-0013,10.0,1,49979.0,0.0002,1370.668997
25.0,residence,SP-0101,SP-0208,10.0,2,49979.0,0.0002,352.074838
25.0,residence,SP-0104,GO-0001,10.0,1,2457.0,0.00407,796.271187
25.0,residence,SP-0205,ES-0001,10.0,1,5616.0,0.001781,897.362668
25.0,residence,SP-0205,SP-0208,10.0,1,5616.0,0.001781,39.211417
25.0,residence,SP-0206,SP-0210,10.0,2,29477.0,0.000339,91.304204
25.0,residence,SP-0213,MG-0022,10.0,2,15305.0,0.000653,119.681997
25.0,residence,SP-0216,SP-0224,10.0,1,30394.0,0.000329,227.787866
25.0,residence,SP-0220,MG-0010,10.0,1,1565.0,0.00639,42.711823
25.0,residence,SP-0221,SP-0206,10.0,1,2107.0,0.004746,332.351746
25.0,residence,TO-0001,BA-0025,10.0,1,17379.0,0.000575,90.1427
25.0,residence,TO-0001,ES-0002,10.0,1,17379.0,0.000575,1587.245443
25.0,residence,AL-0004,PE-0001,9.0,1,1226.0,0.007341,306.684696
25.0,residence,AL-0006,AL-0003,9.0,1,1645.0,0.005471,44.739465
25.0,residence,AP-0001,GO-0001,9.0,1,31630.0,0.000285,1924.760799
25.0,residence,BA-0005,RJ-0010,9.0,1,5163.0,0.001743,1149.788267
25.0,residence,BA-0007,SP-0215,9.0,1,5536.0,0.001626,1245.562278
25.0,residence,BA-0010,SP-0215,9.0,1,5187.0,0.001735,1677.588669
25.0,residence,BA-0012,BA-0031,9.0,1,13420.0,0.000671,93.978437
25.0,residence,BA-0021,PE-0001,9.0,1,8804.0,0.001022,860.002621
25.0,residence,BA-0026,MG-0006,9.0,1,9387.0,0.000959,290.985766
25.0,residence,BA-0028,PE-0007,9.0,1,8369.0,0.001075,323.585418
25.0,residence,CE-0001,SP-0206,9.0,1,15882.0,0.000567,2323.920483
25.0,residence,CE-0013,PI-0003,9.0,1,8036.0,0.00112,99.446028
25.0,residence,CE-0018,BA-0009,9.0,1,4817.0,0.001868,1268.713307
25.0,residence,DF-0006,MG-0028,9.0,1,75042.0,0.00012,115.860506
25.0,residence,DF-0006,SP-0207,9.0,1,75042.0,0.00012,787.277838
25.0,residence,ES-0002,MG-0018,9.0,1,14793.0,0.000608,136.073321
25.0,residence,GO-0003,SP-0101,9.0,1,5353.0,0.001681,842.914536
25.0,residence,GO-0011,GO-0009,9.0,1,820.0,0.010976,99.657487
25.0,residence,GO-0015,SP-0206,9.0,1,3874.0,0.002323,483.317514
25.0,residence,MA-0001,MA-0009,9.0,1,9158.0,0.000983,207.865637
25.0,residence,MA-0008,PE-0006,9.0,1,8042.0,0.001119,1349.100843
25.0,residence,MA-0009,MA-0003,9.0,1,13358.0,0.000674,154.404169
25.0,residence,MA-0011,SP-0101,9.0,1,10382.0,0.000867,2027.928164
25.0,residence,MG-0002,BA-0008,9.0,1,30469.0,0.000295,607.315712
25.0,residence,MG-0002,MG-0004,9.0,1,30469.0,0.000295,257.165584
25.0,residence,MG-0002,MG-0024,9.0,1,30469.0,0.000295,205.270173
25.0,residence,MG-0005,RJ-0010,9.0,1,7442.0,0.001209,121.689546
25.0,residence,MG-0018,MG-0022,9.0,1,7057.0,0.001275,381.344474
25.0,residence,MS-0006,MS-0003,9.0,1,4917.0,0.00183,199.695601
25.0,residence,MS-0012,MS-0006,9.0,1,1468.0,0.006131,82.134858
25.0,residence,PA-0001,SP-0215,9.0,1,5274.0,0.001706,2180.403388
25.0,residence,PB-0008,PB-0009,9.0,1,1888.0,0.004767,132.118119
25.0,residence,PB-0010,PB-0008,9.0,1,1768.0,0.00509,29.883375
25.0,residence,PB-0011,RN-0006,9.0,1,1321.0,0.006813,134.471213
25.0,residence,PE-0001,MG-0006,9.0,1,30866.0,0.000292,1356.752974
25.0,residence,PE-0001,SP-0005,9.0,1,30866.0,0.000292,2030.038208
25.0,residence,PE-0001,SP-0101,9.0,1,30866.0,0.000292,2131.286804
25.0,residence,PE-0009,SP-0005,9.0,1,9271.0,0.000971,1736.847713
25.0,residence,PE-0010,RN-0006,9.0,1,5161.0,0.001744,145.904818
25.0,residence,PI-0004,MA-0005,9.0,1,10613.0,0.000848,188.880674
25.0,residence,PI-0008,PI-0012,9.0,1,2451.0,0.003672,163.101532
25.0,residence,PI-0009,PI-0010,9.0,1,4282.0,0.002102,169.267335
25.0,residence,PI-0010,SP-0206,9.0,1,7464.0,0.001206,1797.965994
25.0,residence,PR-0002,TO-0001,9.0,1,51637.0,0.000174,1686.148578
25.0,residence,PR-0007,TO-0001,9.0,1,6149.0,0.001464,1847.335051
25.0,residence,PR-0010,PR-0011,9.0,1,11147.0,0.000807,148.922477
25.0,residence,PR-0015,DF-0006,9.0,1,9469.0,0.00095,946.814913
25.0,residence,PR-0018,PR-0011,9.0,1,7866.0,0.001144,183.712648
25.0,residence,PR-0018,PR-0015,9.0,1,7866.0,0.001144,117.654504
25.0,residence,PR-0021,PR-0014,9.0,1,6770.0,0.001329,304.192014
25.0,residence,PR-4109,PR-0017,9.0,1,740.0,0.012162,412.966979
25.0,residence,RJ-0019,MG-0027,9.0,1,52343.0,0.000172,185.479595
25.0,residence,RJ-0019,RJ-0207,9.0,1,52343.0,0.000172,118.731052
25.0,residence,RJ-0019,SP-0201,9.0,1,52343.0,0.000172,320.645556
25.0,residence,RJ-0033,SP-0213,9.0,1,3854.0,0.002335,483.360192
25.0,residence,RJ-0330,PE-0001,9.0,1,1477.0,0.006093,1870.191375
25.0,residence,RN-0001,ES-0004,9.0,1,13489.0,0.000667,1445.381078
25.0,residence,RN-0002,PE-0001,9.0,1,11078.0,0.000812,379.848208
25.0,residence,RN-0007,PE-0008,9.0,1,4377.0,0.002056,697.818737
25.0,residence,RN-0007,SP-0101,9.0,1,4377.0,0.002056,2323.190974
25.0,residence,RR-0001,AM-0007,9.0,1,27131.0,0.000332,712.823558
25.0,residence,RR-0001,SP-0215,9.0,1,27131.0,0.000332,2934.69807
25.0,residence,RS-0004,RS-0003,9.0,1,8292.0,0.001085,299.392117
25.0,residence,RS-0004,RS-0013,9.0,1,8292.0,0.001085,100.592102
25.0,residence,RS-0009,PR-0015,9.0,1,3428.0,0.002625,634.760525
25.0,residence,RS-0009,RS-0008,9.0,1,3428.0,0.002625,33.562766
25.0,residence,RS-0009,RS-0012,9.0,1,3428.0,0.002625,81.459617
25.0,residence,RS-0009,RS-0016,9.0,1,3428.0,0.002625,177.307343
25.0,residence,RS-0019,SC-0010,9.0,1,4429.0,0.002032,47.591167
25.0,residence,SC-0001,SC-0003,9.0,1,3663.0,0.002457,37.668369
25.0,residence,SC-0003,SC-0001,9.0,1,809.0,0.011125,86.439639
25.0,residence,SC-0004,SC-0016,9.0,1,4797.0,0.001876,70.504265
25.0,residence,SC-0004,SC-0017,9.0,1,4797.0,0.001876,98.19422
25.0,residence,SC-0011,PR-0002,9.0,1,2373.0,0.003793,104.148475
25.0,residence,SC-0016,PR-0002,9.0,1,3620.0,0.002486,192.312171
25.0,residence,SC-0019,SC-0018,9.0,1,66.0,0.136364,91.639253
25.0,residence,SP-0005,MG-0022,9.0,1,698.0,0.012894,213.396703
25.0,residence,SP-0011,SP-0211,9.0,1,134.0,0.067164,184.921987
25.0,residence,SP-0101,SP-0220,9.0,1,49979.0,0.00018,136.710838
25.0,residence,SP-0105,SP-0104,9.0,1,5262.0,0.00171,33.717525
25.0,residence,SP-0201,PI-0003,9.0,1,29701.0,0.000303,2186.07256
25.0,residence,SP-0201,RJ-0019,9.0,1,29701.0,0.000303,331.593494
25.0,residence,SP-0207,SP-0104,9.0,1,14290.0,0.00063,28.191788
25.0,residence,SP-0213,SP-0208,9.0,1,15305.0,0.000588,86.533434
25.0,residence,SP-0216,DF-0006,9.0,1,30394.0,0.000296,778.494579
25.0,residence,AC-0002,DF-0006,8.0,1,10808.0,0.00074,2834.524501
25.0,residence,AL-0001,SP-0005,8.0,1,11392.0,0.000702,1845.064117
25.0,residence,AL-0003,BA-0010,8.0,1,5255.0,0.001522,55.796524
25.0,residence,AL-0008,RN-0007,8.0,1,2977.0,0.002687,432.065336
25.0,residence,AM-0004,PA-0001,8.0,1,3843.0,0.002082,2620.443027
25.0,residence,AP-0001,CE-0001,8.0,1,31630.0,0.000253,1431.827377
25.0,residence,BA-0001,BA-0029,8.0,1,17824.0,0.000449,102.8695
25.0,residence,BA-0003,SE-0002,8.0,1,12738.0,0.000628,100.675961
25.0,residence,BA-0004,PE-0001,8.0,1,6482.0,0.001234,702.76376
25.0,residence,BA-0006,SP-0206,8.0,1,3669.0,0.00218,1263.178029
25.0,residence,BA-0013,BA-0019,8.0,1,13959.0,0.000573,47.984608
25.0,residence,BA-0013,BA-0029,8.0,1,13959.0,0.000573,104.684789
25.0,residence,BA-0015,PE-0009,8.0,1,20536.0,0.00039,187.311022
25.0,residence,BA-0018,DF-0006,8.0,1,5858.0,0.001366,834.013356
25.0,residence,BA-0021,SE-0008,8.0,1,8804.0,0.000909,540.552926
25.0,residence,BA-0024,SP-0207,8.0,1,3210.0,0.002492,1107.133475
25.0,residence,BA-0026,PE-0008,8.0,1,9387.0,0.000852,599.716598
25.0,residence,CE-0001,CE-0004,8.0,1,15882.0,0.000504,71.645399
25.0,residence,CE-0001,DF-0006,8.0,1,15882.0,0.000504,1683.081502
25.0,residence,CE-0001,PI-0001,8.0,1,15882.0,0.000504,374.122875
25.0,residence,CE-0004,SP-0206,8.0,1,4032.0,0.001984,2248.466579
25.0,residence,DF-0006,GO-0004,8.0,1,75042.0,0.000107,200.622218
25.0,residence,DF-0006,MA-0005,8.0,1,75042.0,0.000107,1357.186343
25.0,residence,DF-0006,SP-0213,8.0,1,75042.0,0.000107,598.491194
25.0,residence,ES-0002,SP-0101,8.0,1,14793.0,0.000541,643.831902
25.0,residence,GO-0004,GO-0006,8.0,1,5763.0,0.001388,302.794861
25.0,residence,GO-0009,GO-0010,8.0,1,6239.0,0.001282,39.889526
25.0,residence,GO-0018,GO-0003,8.0,1,28748.0,0.000278,92.575517
25.0,residence,GO-0018,GO-0009,8.0,1,28748.0,0.000278,199.496995
25.0,residence,GO-0018,SP-0206,8.0,1,28748.0,0.000278,687.48864
25.0,residence,MA-0001,CE-0001,8.0,1,9158.0,0.000874,648.123315
25.0,residence,MA-0001,MS-0001,8.0,1,9158.0,0.000874,2276.430519
25.0,residence,MA-0009,PA-0004,8.0,1,13358.0,0.000599,128.210943
25.0,residence,MA-0010,SP-0005,8.0,1,10972.0,0.000729,1758.47644
25.0,residence,MA-0013,PI-0006,8.0,1,8893.0,0.0009,28.77422
25.0,residence,MA-2105,MA-0017,8.0,1,489.0,0.01636,59.699295
25.0,residence,MG-0002,BA-0007,8.0,1,30469.0,0.000263,732.10764
25.0,residence,MG-0003,MG-0024,8.0,1,7804.0,0.001025,214.815535
25.0,residence,MG-0005,SP-0206,8.0,1,7442.0,0.001075,580.309433
25.0,residence,MG-0006,MG-0014,8.0,1,22490.0,0.000356,243.313912
25.0,residence,MG-0006,SP-0005,8.0,1,22490.0,0.000356,622.271577
25.0,residence,MG-0007,GO-0001,8.0,1,8488.0,0.000943,373.535586
25.0,residence,MG-0010,PR-0017,8.0,1,3229.0,0.002478,595.584244
25.0,residence,MG-0010,SP-0213,8.0,1,3229.0,0.002478,151.388211
25.0,residence,MG-0012,GO-0006,8.0,1,7996.0,0.001001,115.23857
25.0,residence,MG-0015,PR-0010,8.0,1,21650.0,0.00037,1049.353802
25.0,residence,MG-0018,SP-0101,8.0,1,7057.0,0.001134,485.305662
25.0,residence,MG-0020,MG-0018,8.0,1,4539.0,0.001763,192.165069
25.0,residence,MG-0022,MG-0010,8.0,1,7954.0,0.001006,224.786619
25.0,residence,MS-0003,SC-0015,8.0,1,13509.0,0.000592,749.779886
25.0,residence,MS-0009,MS-0008,8.0,1,4931.0,0.001622,73.50282
25.0,residence,MS-0009,SP-0005,8.0,1,4931.0,0.001622,602.380355
25.0,residence,MS-0010,MS-0004,8.0,1,3449.0,0.00232,326.657204
25.0,residence,MT-0005,MT-0002,8.0,1,7356.0,0.001088,195.10651
25.0,residence,MT-0006,MT-0016,8.0,1,5353.0,0.001494,79.992339
25.0,residence,MT-0012,DF-0006,8.0,1,6729.0,0.001189,1309.036078
25.0,residence,MT-0015,MT-0007,8.0,1,2229.0,0.003589,654.535863
25.0,residence,MT-0016,MT-0014,8.0,1,1352.0,0.005917,389.155014
25.0,residence,MT-5114,MT-0005,8.0,1,4043.0,0.001979,228.804586
25.0,residence,PA-0001,SP-0213,8.0,1,5274.0,0.001517,2216.271553
25.0,residence,PA-0002,RN-0007,8.0,1,11577.0,0.000691,1532.475078
25.0,residence,PA-0009,SP-0005,8.0,1,48286.0,0.000166,1581.799468
25.0,residence,PA-0011,MA-0005,8.0,1,39231.0,0.000204,739.570804
25.0,residence,PA-0011,PI-0004,8.0,1,39231.0,0.000204,801.652411
25.0,residence,PB-0001,DF-0006,8.0,1,11039.0,0.000725,1711.853848
25.0,residence,PB-0001,PE-0006,8.0,1,11039.0,0.000725,104.657716
25.0,residence,PB-0003,BA-0002,8.0,1,10705.0,0.000747,636.221893
25.0,residence,PB-0003,MG-0015,8.0,1,10705.0,0.000747,1765.210897
25.0,residence,PB-0010,SP-0017,8.0,1,1768.0,0.004525,1927.120447
25.0,residence,PB-0016,PB-0006,8.0,1,238.0,0.033613,52.20553
25.0,residence,PI-0004,SP-0215,8.0,1,10613.0,0.000754,1890.535411
25.0,residence,PR-0003,SP-0216,8.0,1,11071.0,0.000723,65.516288
25.0,residence,PR-0010,SP-0206,8.0,1,11147.0,0.000718,578.379229
25.0,residence,PR-0015,RS-0006,8.0,1,9469.0,0.000845,535.95491
25.0,residence,PR-0017,SP-0206,8.0,1,13830.0,0.000578,247.681149
25.0,residence,PR-0017,SP-0215,8.0,1,13830.0,0.000578,341.721882
25.0,residence,RJ-0019,PR-0002,8.0,1,52343.0,0.000153,651.666424
25.0,residence,RJ-0019,SP-0206,8.0,1,52343.0,0.000153,579.29703
25.0,residence,RN-0008,RN-0005,8.0,1,2261.0,0.003538,105.526329
25.0,residence,RO-0004,DF-0006,8.0,1,337.0,0.023739,1756.876855
25.0,residence,RO-0004,MT-0012,8.0,1,337.0,0.023739,706.242336
25.0,residence,RR-0001,CE-0001,8.0,1,27131.0,0.000295,2578.983363
25.0,residence,RR-0001,MA-0001,8.0,1,27131.0,0.000295,1932.751486
25.0,residence,RR-0001,RJ-0019,8.0,1,27131.0,0.000295,3465.388113
25.0,residence,RS-0001,SC-0014,8.0,1,14353.0,0.000557,317.167081
25.0,residence,RS-0004,RS-0007,8.0,1,8292.0,0.000965,173.669132
25.0,residence,RS-0006,RS-0005,8.0,1,11374.0,0.000703,124.034067
25.0,residence,RS-0010,SC-0007,8.0,1,11991.0,0.000667,767.840191
25.0,residence,RS-0012,RS-0009,8.0,1,4814.0,0.001662,127.673152
25.0,residence,RS-0014,PR-0002,8.0,1,3168.0,0.002525,586.225465
25.0,residence,RS-0015,RS-0004,8.0,1,5019.0,0.001594,196.069318
25.0,residence,SC-0002,SC-0007,8.0,1,2567.0,0.003116,204.519796
25.0,residence,SC-0002,SC-0011,8.0,1,2567.0,0.003116,176.486099
25.0,residence,SC-0002,SC-0026,8.0,1,2567.0,0.003116,43.922088
25.0,residence,SC-0003,SC-0002,8.0,1,809.0,0.009889,216.570719
25.0,residence,SC-0006,SP-0206,8.0,1,3546.0,0.002256,651.515526
25.0,residence,SC-0009,SC-0017,8.0,1,1782.0,0.004489,57.995136
25.0,residence,SC-0016,SC-0025,8.0,1,3620.0,0.00221,29.424436
25.0,residence,SC-0016,SP-0206,8.0,1,3620.0,0.00221,538.703626
25.0,residence,SC-0020,SC-0007,8.0,1,837.0,0.009558,213.681031
25.0,residence,SP-0007,SP-0101,8.0,1,847.0,0.009445,118.713533
25.0,residence,SP-0017,SP-0206,8.0,1,3111.0,0.002572,353.718786
25.0,residence,SP-0101,MG-0016,8.0,1,49979.0,0.00016,720.422809
25.0,residence,SP-0102,CE-0001,8.0,1,3943.0,0.002029,2383.27594
25.0,residence,SP-0102,SP-0216,8.0,1,3943.0,0.002029,96.643359
25.0,residence,SP-0103,SP-0102,8.0,1,1653.0,0.00484,55.415948
25.0,residence,SP-0105,CE-0001,8.0,1,5262.0,0.00152,2382.33011
25.0,residence,SP-0105,PA-0001,8.0,1,5262.0,0.00152,2484.218452
25.0,residence,SP-0205,SP-0216,8.0,1,5616.0,0.001425,290.299479
25.0,residence,SP-0206,BA-0001,8.0,1,29477.0,0.000271,1525.803021
25.0,residence,SP-0207,SP-0224,8.0,1,14290.0,0.00056,140.376841
25.0,residence,SP-0208,SP-0218,8.0,1,5295.0,0.001511,42.630709
25.0,residence,SP-0215,SP-0217,8.0,1,33707.0,0.000237,445.240798
25.0,residence,SP-3517,SP-0221,8.0,1,1332.0,0.006006,58.614918
25.0,residence,AL-0003,AL-0006,7.0,1,5255.0,0.001332,124.392713
25.0,residence,AL-0010,AL-0006,7.0,1,2718.0,0.002575,95.575114
25.0,residence,AM-0001,AP-0001,7.0,1,126150.0,5.5e-05,1080.083732
25.0,residence,AM-0001,MG-0013,7.0,1,126150.0,5.5e-05,2327.6044
25.0,residence,AM-0005,RN-0007,7.0,1,8175.0,0.000856,2428.740163
25.0,residence,AP-0001,SP-0215,7.0,1,31630.0,0.000221,2382.724484
25.0,residence,BA-0001,MG-0002,7.0,1,17824.0,0.000393,965.310967
25.0,residence,BA-0002,BA-0016,7.0,1,11656.0,0.000601,124.225228
25.0,residence,BA-0002,SE-0008,7.0,1,11656.0,0.000601,258.983451
25.0,residence,BA-0010,BA-0028,7.0,1,5187.0,0.00135,231.750467
25.0,residence,BA-0013,BA-0010,7.0,1,13959.0,0.000501,29.773379
25.0,residence,BA-0016,BA-0015,7.0,1,7777.0,0.0009,181.299706
25.0,residence,BA-0018,PE-0001,7.0,1,5858.0,0.001195,827.029753
25.0,residence,BA-0022,BA-0019,7.0,1,4693.0,0.001492,213.237133
25.0,residence,BA-0022,BA-0024,7.0,1,4693.0,0.001492,153.594729
25.0,residence,BA-0023,BA-0016,7.0,1,2234.0,0.003133,273.056296
25.0,residence,BA-0028,PE-0001,7.0,1,8369.0,0.000836,609.31312
25.0,residence,BA-0028,RN-0007,7.0,1,8369.0,0.000836,771.884795
25.0,residence,CE-0001,AM-0001,7.0,1,15882.0,0.000441,2384.958906
25.0,residence,CE-0001,CE-0017,7.0,1,15882.0,0.000441,276.677493
25.0,residence,CE-0002,SP-0215,7.0,1,16468.0,0.000425,2214.458285
25.0,residence,CE-0008,CE-0005,7.0,1,8976.0,0.00078,77.405334
25.0,residence,CE-0011,GO-0001,7.0,1,11893.0,0.000589,1671.94753
25.0,residence,CE-0012,SP-0206,7.0,1,7123.0,0.000983,2302.072163
25.0,residence,CE-0013,SP-0101,7.0,1,8036.0,0.000871,2244.012882
25.0,residence,DF-0006,CE-0001,7.0,1,75042.0,9.3e-05,1679.614739
25.0,residence,DF-0006,MG-0006,7.0,1,75042.0,9.3e-05,432.002127
25.0,residence,DF-0006,PI-0010,7.0,1,75042.0,9.3e-05,1128.404911
25.0,residence,DF-0006,RS-0001,7.0,1,75042.0,9.3e-05,1622.495709
25.0,residence,GO-0006,GO-0003,7.0,1,6109.0,0.001146,230.5995
25.0,residence,GO-0007,MG-0013,7.0,1,9427.0,0.000743,207.649571
25.0,residence,GO-0015,SP-0215,7.0,1,3874.0,0.001807,277.87477
25.0,residence,GO-0017,GO-0018,7.0,1,136.0,0.051471,339.632494
25.0,residence,GO-0018,GO-0007,7.0,1,28748.0,0.000243,169.79841
25.0,residence,MA-0001,MA-0018,7.0,1,9158.0,0.000764,270.572491
25.0,residence,MA-0002,MA-0009,7.0,1,5075.0,0.001379,123.699462
25.0,residence,MA-0002,SP-0206,7.0,1,5075.0,0.001379,2175.543344
25.0,residence,MA-0004,MA-0006,7.0,1,10482.0,0.000668,216.179431
25.0,residence,MA-0007,PE-0001,7.0,1,5217.0,0.001342,1248.907394
25.0,residence,MA-0008,MA-0018,7.0,1,8042.0,0.00087,179.240223
25.0,residence,MA-0009,CE-0001,7.0,1,13358.0,0.000524,842.45586
25.0,residence,MA-0010,MA-0005,7.0,1,10972.0,0.000638,248.736946
25.0,residence,MA-0011,MA-0018,7.0,1,10382.0,0.000674,471.875632
25.0,residence,MA-0016,CE-0011,7.0,1,11074.0,0.000632,571.479493
25.0,residence,MA-2108,MA-0004,7.0,1,742.0,0.009434,65.087898
25.0,residence,MG-0002,DF-0006,7.0,1,30469.0,0.00023,617.278522
25.0,residence,MG-0005,RJ-0019,7.0,1,7442.0,0.000941,121.17612
25.0,residence,MG-0007,SP-0101,7.0,1,8488.0,0.000825,666.288927
25.0,residence,MG-0009,ES-0001,7.0,1,7846.0,0.000892,300.16388
25.0,residence,MG-0012,GO-0001,7.0,1,7996.0,0.000875,275.733584
25.0,residence,MG-0013,SP-0206,7.0,1,16685.0,0.00042,326.065675
25.0,residence,MG-0015,ES-0003,7.0,1,21650.0,0.000323,478.848634
25.0,residence,MG-0016,SP-0206,7.0,1,8341.0,0.000839,837.439861
25.0,residence,MG-0017,SP-0101,7.0,1,11010.0,0.000636,850.833261
25.0,residence,MG-0019,MA-0011,7.0,1,8515.0,0.000822,1374.976844
25.0,residence,MG-0020,SP-0005,7.0,1,4539.0,0.001542,442.654978
25.0,residence,MG-0022,MG-0021,7.0,1,7954.0,0.00088,75.471593
25.0,residence,MG-0022,SP-0005,7.0,1,7954.0,0.00088,171.039366
25.0,residence,MG-0023,SP-0005,7.0,1,9469.0,0.000739,645.581825
25.0,residence,MG-0026,DF-0006,7.0,1,3828.0,0.001829,396.031137
25.0,residence,MG-0028,GO-0002,7.0,1,5511.0,0.00127,77.433444
25.0,residence,MG-0028,SP-0213,7.0,1,5511.0,0.00127,455.185482
25.0,residence,MG-0030,MG-0028,7.0,1,11929.0,0.000587,146.786036
25.0,residence,MS-0001,MG-0013,7.0,1,66709.0,0.000105,776.414587
25.0,residence,MS-0001,RJ-0019,7.0,1,66709.0,0.000105,1159.166586
25.0,residence,MS-0002,SP-0207,7.0,1,2715.0,0.002578,802.936759
25.0,residence,MS-0007,SP-0002,7.0,1,8221.0,0.000851,100.36885
25.0,residence,MS-0009,PR-0010,7.0,1,4931.0,0.00142,702.80244
25.0,residence,MS-0011,SP-0206,7.0,1,7011.0,0.000998,893.390862
25.0,residence,MT-0001,GO-0001,7.0,1,29034.0,0.000241,711.793494
25.0,residence,MT-0003,BA-0018,7.0,1,7229.0,0.000968,1295.175756
25.0,residence,MT-0005,MA-0015,7.0,1,7356.0,0.000952,1765.124785
25.0,residence,MT-0006,MT-0015,7.0,1,5353.0,0.001308,291.329421
25.0,residence,MT-0006,PE-0004,7.0,1,5353.0,0.001308,1642.353922
25.0,residence,MT-0008,GO-0001,7.0,1,6192.0,0.00113,371.280486
25.0,residence,MT-0008,GO-0014,7.0,1,6192.0,0.00113,189.46738
25.0,residence,MT-0010,PR-0002,7.0,1,3333.0,0.0021,1714.518665
25.0,residence,MT-0010,SP-0215,7.0,1,3333.0,0.0021,1222.373161
25.0,residence,MT-0014,DF-0006,7.0,1,10021.0,0.000699,939.132506
25.0,residence,MT-0014,PA-0009,7.0,1,10021.0,0.000699,520.03552
25.0,residence,MT-5114,MT-0007,7.0,1,4043.0,0.001731,428.527483
25.0,residence,MT-5114,PA-0009,7.0,1,4043.0,0.001731,634.740192
25.0,residence,PA-0001,PA-0007,7.0,1,5274.0,0.001327,101.116676
25.0,residence,PA-0003,SP-0215,7.0,1,10576.0,0.000662,2159.062671
25.0,residence,PA-0005,SP-0005,7.0,1,24496.0,0.000286,1821.458175
25.0,residence,PA-0008,PA-0013,7.0,1,16520.0,0.000424,49.121557
25.0,residence,PA-0009,DF-0006,7.0,1,48286.0,0.000145,1666.005787
25.0,residence,PB-0006,MG-0008,7.0,1,3541.0,0.001977,1586.481944
25.0,residence,PB-0006,RN-0007,7.0,1,3541.0,0.001977,316.034232
25.0,residence,PB-0009,PB-0010,7.0,1,2806.0,0.002495,33.107349
25.0,residence,PB-0016,PE-0001,7.0,1,238.0,0.029412,238.879642
25.0,residence,PE-0008,CE-0019,7.0,1,21485.0,0.000326,214.190997
25.0,residence,PE-0009,PE-0002,7.0,1,9271.0,0.000755,502.80088
25.0,residence,PI-0004,MA-0016,7.0,1,10613.0,0.00066,211.894994
25.0,residence,PI-0006,PI-0002,7.0,1,6044.0,0.001158,214.001733
25.0,residence,PI-0011,PI-0013,7.0,1,5049.0,0.001386,138.445088
25.0,residence,PI-0015,PE-0001,7.0,1,3040.0,0.002303,1013.253881
25.0,residence,PR-0002,PR-0014,7.0,1,51637.0,0.000136,489.664655
25.0,residence,PR-0002,SC-0007,7.0,1,51637.0,0.000136,181.941022
25.0,residence,PR-0002,SP-0212,7.0,1,51637.0,0.000136,165.218835
25.0,residence,PR-0002,SP-0216,7.0,1,51637.0,0.000136,30.010081
25.0,residence,PR-0014,PR-0013,7.0,1,8566.0,0.000817,43.558015
25.0,residence,PR-0014,PR-0020,7.0,1,8566.0,0.000817,151.697189
25.0,residence,PR-0015,SP-0101,7.0,1,9469.0,0.000739,532.432151
25.0,residence,PR-0015,SP-0206,7.0,1,9469.0,0.000739,371.393684
25.0,residence,PR-0015,SP-0216,7.0,1,9469.0,0.000739,152.397676
25.0,residence,PR-0017,SP-0005,7.0,1,13830.0,0.000506,420.455105
25.0,residence,PR-0019,SP-0005,7.0,1,9881.0,0.000708,380.603784
25.0,residence,PR-0020,PR-0016,7.0,1,11993.0,0.000584,296.709494
25.0,residence,PR-0021,PR-0004,7.0,1,6770.0,0.001034,117.925363
25.0,residence,RJ-0019,BA-0002,7.0,1,52343.0,0.000134,1276.415123
25.0,residence,RJ-0019,BA-0020,7.0,1,52343.0,0.000134,935.771404
25.0,residence,RJ-3305,RJ-0000,7.0,1,1462.0,0.004788,86.934071
25.0,residence,RN-0005,DF-0006,7.0,1,6662.0,0.001051,1732.254065
25.0,residence,RN-0006,MG-0008,7.0,1,6037.0,0.00116,1725.804648
25.0,residence,RN-0006,PR-0010,7.0,1,6037.0,0.00116,2625.079993
25.0,residence,RR-0001,MA-0015,7.0,1,27131.0,0.000258,1931.477023
25.0,residence,RR-0001,SP-0213,7.0,1,27131.0,0.000258,3041.974994
25.0,residence,RS-0006,BA-0001,7.0,1,11374.0,0.000615,2234.470432
25.0,residence,RS-0010,BA-0001,7.0,1,11991.0,0.000584,2523.370209
25.0,residence,RS-0012,RS-0010,7.0,1,4814.0,0.001454,169.18454
25.0,residence,RS-0013,MG-0006,7.0,1,3197.0,0.00219,1716.190549
25.0,residence,RS-0016,PE-0008,7.0,1,3499.0,0.002001,2530.994583
25.0,residence,RS-0017,RS-0016,7.0,1,3152.0,0.002221,196.618512
25.0,residence,RS-0018,RS-0009,7.0,1,10553.0,0.000663,383.080738
25.0,residence,SC-0002,PR-0007,7.0,1,2567.0,0.002727,169.043327
25.0,residence,SC-0005,BA-0008,7.0,1,3119.0,0.002244,1893.898726
25.0,residence,SC-0006,SC-0015,7.0,1,3546.0,0.001974,227.990609
25.0,residence,SC-0009,SC-0005,7.0,1,1782.0,0.003928,45.802752
25.0,residence,SC-0009,SC-4207,7.0,1,1782.0,0.003928,25.038695
25.0,residence,SC-0010,ES-0001,7.0,1,7647.0,0.000915,1479.620281
25.0,residence,SC-0018,SC-0016,7.0,1,12007.0,0.000583,36.089867
25.0,residence,SC-0018,SC-0028,7.0,1,12007.0,0.000583,30.217632
25.0,residence,SC-0022,SC-0009,7.0,1,1312.0,0.005335,78.10029
25.0,residence,SC-0024,SC-0015,7.0,1,62.0,0.112903,61.76538
25.0,residence,SC-0024,SC-0022,7.0,1,62.0,0.112903,26.44234
25.0,residence,SE-0001,SP-0215,7.0,1,6698.0,0.001045,1633.682964
25.0,residence,SE-0002,PR-0002,7.0,1,4957.0,0.001412,2051.972524
25.0,residence,SE-0003,BA-0001,7.0,1,3442.0,0.002034,292.063927
25.0,residence,SE-0003,SP-0101,7.0,1,3442.0,0.002034,1751.6857
25.0,residence,SE-0006,SE-0005,7.0,1,2588.0,0.002705,138.64943
25.0,residence,SP-0013,MG-0013,7.0,1,327.0,0.021407,59.535517
25.0,residence,SP-0013,SP-0101,7.0,1,327.0,0.021407,382.572748
25.0,residence,SP-0101,BA-0009,7.0,1,49979.0,0.00014,987.948442
25.0,residence,SP-0101,BA-0018,7.0,1,49979.0,0.00014,1405.944543
25.0,residence,SP-0101,MG-0011,7.0,1,49979.0,0.00014,259.993667
25.0,residence,SP-0101,MG-0012,7.0,1,49979.0,0.00014,555.874574
25.0,residence,SP-0101,MG-0022,7.0,1,49979.0,0.00014,360.731686
25.0,residence,SP-0101,PR-4109,7.0,1,49979.0,0.00014,828.057544
25.0,residence,SP-0101,SC-0018,7.0,1,49979.0,0.00014,477.218372
25.0,residence,SP-0102,CE-0008,7.0,1,3943.0,0.001775,2204.087533
25.0,residence,SP-0201,MS-0001,7.0,1,29701.0,0.000236,872.711995
25.0,residence,SP-0201,PR-0002,7.0,1,29701.0,0.000236,360.437139
25.0,residence,SP-0203,SP-0210,7.0,1,9480.0,0.000738,94.610374
25.0,residence,SP-0203,SP-0217,7.0,1,9480.0,0.000738,251.542828
25.0,residence,SP-0204,MG-0002,7.0,1,3444.0,0.002033,537.004711
25.0,residence,SP-0204,SP-0213,7.0,1,3444.0,0.002033,351.648557
25.0,residence,SP-0205,PR-0017,7.0,1,5616.0,0.001246,395.177556
25.0,residence,SP-0205,PR-0020,7.0,1,5616.0,0.001246,738.885576
25.0,residence,SP-0206,RJ-0003,7.0,1,29477.0,0.000237,477.962967
25.0,residence,SP-0207,SP-0220,7.0,1,14290.0,0.00049,36.893091
25.0,residence,SP-0208,SP-0205,7.0,1,5295.0,0.001322,100.949764
25.0,residence,SP-0213,MA-0005,7.0,1,15305.0,0.000457,1962.324453
25.0,residence,SP-0213,MG-0006,7.0,1,15305.0,0.000457,646.43194
25.0,residence,SP-0216,RJ-0000,7.0,1,30394.0,0.00023,465.84905
25.0,residence,SP-0217,SP-0102,7.0,1,11663.0,0.0006,111.789166
25.0,residence,SP-0221,SP-0005,7.0,1,2107.0,0.003322,482.279916
25.0,residence,SP-0224,SP-0005,7.0,1,2256.0,0.003103,440.411898
25.0,residence,SP-3517,SP-0216,7.0,1,1332.0,0.005255,209.592324
25.0,residence,AL-0002,AL-0003,6.0,1,7456.0,0.000805,44.646477
25.0,residence,AL-0004,AL-0006,6.0,1,1226.0,0.004894,95.353124
25.0,residence,AL-0004,AL-0010,6.0,1,1226.0,0.004894,29.367136
25.0,residence,AL-0007,AL-0012,6.0,1,2036.0,0.002947,29.879481
25.0,residence,AL-0007,BA-0001,6.0,1,2036.0,0.002947,409.561646
25.0,residence,AL-0010,PE-0001,6.0,1,2718.0,0.002208,335.21106
25.0,residence,AM-0001,PA-0001,6.0,1,126150.0,4.8e-05,1318.395572
25.0,residence,AM-0008,SP-0206,6.0,1,11815.0,0.000508,2394.916516
25.0,residence,AP-0001,MA-0001,6.0,1,31630.0,0.00019,792.232748
25.0,residence,BA-0001,BA-0012,6.0,1,17824.0,0.000337,168.255015
25.0,residence,BA-0002,BA-0007,6.0,1,11656.0,0.000515,206.254162
25.0,residence,BA-0003,BA-0004,6.0,1,12738.0,0.000471,132.585935
25.0,residence,BA-0009,PR-0002,6.0,1,8080.0,0.000743,1292.969437
25.0,residence,BA-0011,SE-0002,6.0,1,6250.0,0.00096,52.280391
25.0,residence,BA-0012,BA-0004,6.0,1,13420.0,0.000447,196.165507
25.0,residence,BA-0015,DF-0006,6.0,1,20536.0,0.000292,826.742295
25.0,residence,BA-0015,PI-0010,6.0,1,20536.0,0.000292,310.503463
25.0,residence,BA-0020,BA-0008,6.0,1,8094.0,0.000741,248.648017
25.0,residence,BA-0020,BA-0030,6.0,1,8094.0,0.000741,218.585253
25.0,residence,BA-0021,ES-0003,6.0,1,8804.0,0.000682,947.200842
25.0,residence,BA-0021,MG-0007,6.0,1,8804.0,0.000682,983.941001
25.0,residence,BA-0021,PE-0008,6.0,1,8804.0,0.000682,268.681476
25.0,residence,BA-0024,BA-0006,6.0,1,3210.0,0.001869,449.973832
25.0,residence,BA-0024,SP-0101,6.0,1,3210.0,0.001869,1159.399817
25.0,residence,BA-0024,SP-0206,6.0,1,3210.0,0.001869,1045.087425
25.0,residence,BA-0025,BA-0027,6.0,1,21941.0,0.000273,400.030971
25.0,residence,BA-0025,PI-0004,6.0,1,21941.0,0.000273,791.414421
25.0,residence,BA-0027,BA-0022,6.0,1,4791.0,0.001252,110.832959
25.0,residence,BA-0029,BA-0003,6.0,1,4567.0,0.001314,165.014155
25.0,residence,BA-0030,MG-0030,6.0,1,3633.0,0.001652,67.898706
25.0,residence,BA-0031,BA-0005,6.0,1,5874.0,0.001021,62.721531
25.0,residence,CE-0001,CE-0005,6.0,1,15882.0,0.000378,108.171354
25.0,residence,CE-0001,GO-0001,6.0,1,15882.0,0.000378,1854.866276
25.0,residence,CE-0001,PI-0003,6.0,1,15882.0,0.000378,364.119271
25.0,residence,CE-0002,SP-0005,6.0,1,16468.0,0.000364,2143.391425
25.0,residence,CE-0002,SP-0206,6.0,1,16468.0,0.000364,2310.196907
25.0,residence,CE-0005,SP-0005,6.0,1,5097.0,0.001177,1963.184175
25.0,residence,CE-0006,MA-0007,6.0,1,4121.0,0.001456,600.561115
25.0,residence,CE-0010,RN-0007,6.0,1,6119.0,0.000981,388.244061
25.0,residence,CE-0010,SP-0215,6.0,1,6119.0,0.000981,2058.776581
25.0,residence,CE-0013,CE-0016,6.0,1,8036.0,0.000747,85.341927
25.0,residence,CE-0014,PI-0009,6.0,1,1429.0,0.004199,126.181947
25.0,residence,CE-0015,PE-0006,6.0,1,3804.0,0.001577,663.115787
25.0,residence,DF-0006,BA-0022,6.0,1,75042.0,8e-05,635.156198
25.0,residence,DF-0006,GO-0007,6.0,1,75042.0,8e-05,235.906889
25.0,residence,DF-0006,MA-0011,6.0,1,75042.0,8e-05,1140.302086
25.0,residence,ES-0001,DF-0006,6.0,1,57029.0,0.000105,936.164988
25.0,residence,ES-0001,SP-0005,6.0,1,57029.0,0.000105,809.717291
25.0,residence,GO-0001,AC-0001,6.0,1,20996.0,0.000286,2137.722499
25.0,residence,GO-0003,SP-0005,6.0,1,5353.0,0.001121,475.978427
25.0,residence,GO-0006,SP-0215,6.0,1,6109.0,0.000982,269.332076
25.0,residence,GO-0007,MG-0012,6.0,1,9427.0,0.000636,122.979132
25.0,residence,GO-0009,GO-0006,6.0,1,6239.0,0.000962,253.970785
25.0,residence,GO-0009,GO-0018,6.0,1,6239.0,0.000962,97.920837
25.0,residence,GO-0010,SP-0005,6.0,1,3417.0,0.001756,634.239737
25.0,residence,GO-0011,GO-0006,6.0,1,820.0,0.007317,194.918443
25.0,residence,GO-0014,GO-0010,6.0,1,3512.0,0.001708,42.045038
25.0,residence,GO-0015,GO-0007,6.0,1,3874.0,0.001549,281.41864
25.0,residence,GO-0018,GO-0015,6.0,1,28748.0,0.000209,335.713773
25.0,residence,MA-0001,MA-0011,6.0,1,9158.0,0.000655,151.145017
25.0,residence,MA-0001,MA-0012,6.0,1,9158.0,0.000655,506.031492
25.0,residence,MA-0001,MA-0014,6.0,1,9158.0,0.000655,248.776406
25.0,residence,MA-0001,RJ-0019,6.0,1,9158.0,0.000655,2260.743587
25.0,residence,MA-0001,SP-0101,6.0,1,9158.0,0.000655,2344.992053
25.0,residence,MA-0002,MA-0011,6.0,1,5075.0,0.001182,479.114517
25.0,residence,MA-0003,MA-0018,6.0,1,7589.0,0.000791,231.661519
25.0,residence,MA-0003,MA-2105,6.0,1,7589.0,0.000791,96.644305
25.0,residence,MA-0005,MA-0008,6.0,1,5359.0,0.00112,196.252396
25.0,residence,MA-0008,RJ-0033,6.0,1,8042.0,0.000746,2056.766446
25.0,residence,MA-0010,MA-0017,6.0,1,10972.0,0.000547,289.130559
25.0,residence,MA-0011,SP-0216,6.0,1,10382.0,0.000578,1982.028469
25.0,residence,MA-0012,GO-0001,6.0,1,15634.0,0.000384,1047.470744
25.0,residence,MA-0015,GO-0001,6.0,1,3570.0,0.001681,1398.102293
25.0,residence,MA-0016,MA-0017,6.0,1,11074.0,0.000542,101.620833
25.0,residence,MA-0016,PI-0004,6.0,1,11074.0,0.000542,267.97335
25.0,residence,MG-0002,PA-0004,6.0,1,30469.0,0.000197,2103.094759
25.0,residence,MG-0002,PE-0001,6.0,1,30469.0,0.000197,1635.219585
25.0,residence,MG-0005,MG-0024,6.0,1,7442.0,0.000806,225.393824
25.0,residence,MG-0005,SP-0201,6.0,1,7442.0,0.000806,343.00482
25.0,residence,MG-0006,GO-0001,6.0,1,22490.0,0.000267,567.505411
25.0,residence,MG-0007,SP-0213,6.0,1,8488.0,0.000707,318.086734
25.0,residence,MG-0009,MG-0016,6.0,1,7846.0,0.000765,44.351502
25.0,residence,MG-0013,MS-0008,6.0,1,16685.0,0.00036,39.254075
25.0,residence,MG-0013,SP-0207,6.0,1,16685.0,0.00036,373.10422
25.0,residence,MG-0014,PR-0002,6.0,1,13691.0,0.000438,888.517818
25.0,residence,MG-0015,MG-0021,6.0,1,21650.0,0.000277,91.748803
25.0,residence,MG-0016,DF-0006,6.0,1,8341.0,0.000719,769.195934
25.0,residence,MG-0016,MG-0006,6.0,1,8341.0,0.000719,222.668345
25.0,residence,MG-0016,PE-0001,6.0,1,8341.0,0.000719,1376.280772
25.0,residence,MG-0017,MG-0018,6.0,1,11010.0,0.000545,394.251754
25.0,residence,MG-0019,MG-0023,6.0,1,8515.0,0.000705,351.530933
25.0,residence,MG-0019,SP-0101,6.0,1,8515.0,0.000705,1019.506408
25.0,residence,MG-0021,MG-0018,6.0,1,8612.0,0.000697,345.858828
25.0,residence,MG-0021,SP-0215,6.0,1,8612.0,0.000697,301.177166
25.0,residence,MG-0022,MG-0013,6.0,1,7954.0,0.000754,79.758374
25.0,residence,MG-0023,MG-0005,6.0,1,9469.0,0.000634,262.036377
25.0,residence,MG-0024,MG-0003,6.0,1,13305.0,0.000451,186.776413
25.0,residence,MG-0027,GO-0001,6.0,1,3532.0,0.001699,914.64131
25.0,residence,MS-0001,PR-0010,6.0,1,66709.0,9e-05,458.107812
25.0,residence,MS-0001,PR-0017,6.0,1,66709.0,9e-05,415.242887
25.0,residence,MS-0002,MS-0006,6.0,1,2715.0,0.00221,152.597907
25.0,residence,MS-0002,PR-0002,6.0,1,2715.0,0.00221,684.866025
25.0,residence,MS-0003,MG-0002,6.0,1,13509.0,0.000444,1226.750505
25.0,residence,MS-0004,SP-0005,6.0,1,3367.0,0.001782,626.373745
25.0,residence,MS-0006,MS-0007,6.0,1,4917.0,0.00122,59.15655
25.0,residence,MS-0006,PR-0020,6.0,1,4917.0,0.00122,102.920775
25.0,residence,MS-0007,MS-0003,6.0,1,8221.0,0.00073,407.763738
25.0,residence,MS-0010,MS-0002,6.0,1,3449.0,0.00174,181.437934
25.0,residence,MS-0011,SP-0005,6.0,1,7011.0,0.000856,877.840718
25.0,residence,MT-0001,MT-0008,6.0,1,29034.0,0.000207,383.562654
25.0,residence,MT-0005,SP-0101,6.0,1,7356.0,0.000816,1586.6154
25.0,residence,MT-0008,GO-0010,6.0,1,6192.0,0.000969,98.769934
25.0,residence,MT-0008,SP-0215,6.0,1,6192.0,0.000969,762.591748
25.0,residence,MT-0012,SP-0101,6.0,1,6729.0,0.000892,1609.173197
25.0,residence,MT-0013,MT-0007,6.0,1,4623.0,0.001298,263.587684
25.0,residence,MT-0014,MA-0016,6.0,1,10021.0,0.000599,1531.229225
25.0,residence,MT-0014,MT-0004,6.0,1,10021.0,0.000599,213.058829
25.0,residence,MT-0014,SP-0101,6.0,1,10021.0,0.000599,1616.61471
25.0,residence,MT-0015,SP-0005,6.0,1,2229.0,0.002692,1327.191036
25.0,residence,MT-5114,DF-0006,6.0,1,4043.0,0.001484,905.816733
25.0,residence,MT-5114,MA-0015,6.0,1,4043.0,0.001484,1472.741232
25.0,residence,PA-0002,MG-0002,6.0,1,11577.0,0.000518,1967.233483
25.0,residence,PA-0003,SC-0022,6.0,1,10576.0,0.000567,2835.01081
25.0,residence,PA-0005,PA-0002,6.0,1,24496.0,0.000245,56.69605
25.0,residence,PA-0006,CE-0001,6.0,1,9622.0,0.000624,1142.674957
25.0,residence,PA-0006,PA-0011,6.0,1,9622.0,0.000624,111.36051
25.0,residence,PA-0009,MT-5114,6.0,1,48286.0,0.000124,473.611551
25.0,residence,PA-0010,MT-0014,6.0,1,16089.0,0.000373,623.599636
25.0,residence,PA-0011,DF-0006,6.0,1,39231.0,0.000153,1109.560091
25.0,residence,PA-0011,MA-0009,6.0,1,39231.0,0.000153,647.432903
25.0,residence,PA-0011,MA-0017,6.0,1,39231.0,0.000153,545.331065
25.0,residence,PA-0011,SP-0101,6.0,1,39231.0,0.000153,1989.277893
25.0,residence,PA-0012,MA-0015,6.0,1,24170.0,0.000248,770.471235
25.0,residence,PB-0001,PB-0009,6.0,1,11039.0,0.000544,407.861036
25.0,residence,PB-0003,BA-0005,6.0,1,10705.0,0.00056,726.573207
25.0,residence,PB-0006,PB-0007,6.0,1,3541.0,0.001694,70.639065
25.0,residence,PB-0007,CE-0001,6.0,1,2742.0,0.002188,419.132539
25.0,residence,PB-0007,MA-0011,6.0,1,2742.0,0.002188,1009.805989
25.0,residence,PB-0007,SP-0206,6.0,1,2742.0,0.002188,2055.724712
25.0,residence,PB-0008,PB-0007,6.0,1,1888.0,0.003178,100.470194
25.0,residence,PB-0009,GO-0001,6.0,1,2806.0,0.002138,1606.520012
25.0,residence,PB-0010,PE-0004,6.0,1,1768.0,0.003394,301.833409
25.0,residence,PB-0010,RS-0001,6.0,1,1768.0,0.003394,2939.552076
25.0,residence,PE-0001,BA-0002,6.0,1,30866.0,0.000194,645.582245
25.0,residence,PE-0001,CE-0001,6.0,1,30866.0,0.000194,622.476281
25.0,residence,PE-0001,PE-0005,6.0,1,30866.0,0.000194,194.578642
25.0,residence,PE-0001,PR-0002,6.0,1,30866.0,0.000194,2460.5238
25.0,residence,PE-0001,RJ-0019,6.0,1,30866.0,0.000194,1873.666496
25.0,residence,PE-0004,ES-0001,6.0,1,37344.0,0.000161,1445.00884
25.0,residence,PE-0006,AL-0003,6.0,1,12246.0,0.00049,84.708322
25.0,residence,PE-0008,BA-0002,6.0,1,21485.0,0.000279,398.326731
25.0,residence,PE-0009,BA-0001,6.0,1,9271.0,0.000647,633.471991
25.0,residence,PE-0011,PE-0008,6.0,1,6438.0,0.000932,224.010642
25.0,residence,PE-0011,RS-0001,6.0,1,6438.0,0.000932,2805.173216
25.0,residence,PI-0009,PE-0001,6.0,1,4282.0,0.001401,740.045025
25.0,residence,PI-0012,MS-0001,6.0,1,4749.0,0.001263,1748.948497
25.0,residence,PI-0012,PE-0004,6.0,1,4749.0,0.001263,795.18673
25.0,residence,PI-0015,PI-0008,6.0,1,3040.0,0.001974,282.960589
25.0,residence,PI-0015,PI-0012,6.0,1,3040.0,0.001974,246.916157
25.0,residence,PI-0017,PE-0009,6.0,1,2301.0,0.002608,51.35465
25.0,residence,PR-0002,PB-0001,6.0,1,51637.0,0.000116,2555.299508
25.0,residence,PR-0002,PR-0004,6.0,1,51637.0,0.000116,136.807537
25.0,residence,PR-0002,SP-0105,6.0,1,51637.0,0.000116,316.12993
25.0,residence,PR-0003,PR-0022,6.0,1,11071.0,0.000542,142.453974
25.0,residence,PR-0005,PR-0017,6.0,1,11962.0,0.000502,231.488879
25.0,residence,PR-0005,SC-0022,6.0,1,11962.0,0.000502,300.800016
25.0,residence,PR-0008,SC-0015,6.0,1,12009.0,0.0005,439.508606
25.0,residence,PR-0009,PR-0008,6.0,1,3251.0,0.001846,117.714311
25.0,residence,PR-0014,PE-0004,6.0,1,8566.0,0.0007,2366.727775
25.0,residence,PR-0015,PR-0018,6.0,1,9469.0,0.000634,121.349058
25.0,residence,PR-0017,DF-0006,6.0,1,13830.0,0.000434,921.585582
25.0,residence,PR-0020,ES-0003,6.0,1,11993.0,0.0005,1499.192345
25.0,residence,RJ-0001,MG-0002,6.0,1,1022.0,0.005871,340.619032
25.0,residence,RJ-0006,RJ-0330,6.0,1,90.0,0.066667,103.02382
25.0,residence,RJ-0019,ES-0004,6.0,1,52343.0,0.000115,598.97867
25.0,residence,RJ-0019,MG-0024,6.0,1,52343.0,0.000115,278.307056
25.0,residence,RJ-0019,SP-0216,6.0,1,52343.0,0.000115,414.865582
25.0,residence,RJ-0033,SP-0207,6.0,1,3854.0,0.001557,416.769933
25.0,residence,RJ-0207,RJ-0000,6.0,1,812.0,0.007389,88.106254
25.0,residence,RJ-0207,SP-0101,6.0,1,812.0,0.007389,447.618386
25.0,residence,RJ-3304,RJ-0019,6.0,1,70.0,0.085714,106.858817
25.0,residence,RJ-3305,RJ-0033,6.0,1,1462.0,0.004104,59.447064
25.0,residence,RO-0004,GO-0001,6.0,1,337.0,0.017804,1660.390834
25.0,residence,RR-0001,AM-0002,6.0,1,27131.0,0.000221,638.713123
25.0,residence,RS-0001,AP-0001,6.0,1,14353.0,0.000418,3409.037396
25.0,residence,RS-0001,SP-0005,6.0,1,14353.0,0.000418,1050.741667
25.0,residence,RS-0004,DF-0006,6.0,1,8292.0,0.000724,1669.005366
25.0,residence,RS-0004,RS-0002,6.0,1,8292.0,0.000724,173.29717
25.0,residence,RS-0004,SC-0018,6.0,1,8292.0,0.000724,571.901974
25.0,residence,RS-0007,DF-0006,6.0,1,1865.0,0.003217,1825.587411
25.0,residence,RS-0007,RS-0010,6.0,1,1865.0,0.003217,104.383527
25.0,residence,RS-0008,MG-0009,6.0,1,2820.0,0.002128,1596.554612
25.0,residence,RS-0015,RS-0012,6.0,1,5019.0,0.001195,95.515676
25.0,residence,RS-0017,RS-0004,6.0,1,3152.0,0.001904,156.345636
25.0,residence,SC-0001,PR-0002,6.0,1,3663.0,0.001638,448.522785
25.0,residence,SC-0004,SC-0001,6.0,1,4797.0,0.001251,58.054085
25.0,residence,SC-0005,PR-0002,6.0,1,3119.0,0.001924,435.796061
25.0,residence,SC-0005,SC-0015,6.0,1,3119.0,0.001924,446.498372
25.0,residence,SC-0006,RS-0006,6.0,1,3546.0,0.001692,120.291691
25.0,residence,SC-0007,PR-0017,6.0,1,3035.0,0.001977,492.673706
25.0,residence,SC-0008,SC-0014,6.0,1,1548.0,0.003876,175.310327
25.0,residence,SC-0013,SC-0011,6.0,1,1433.0,0.004187,92.724621
25.0,residence,SC-0015,SC-0021,6.0,1,7708.0,0.000778,35.452847
25.0,residence,SC-0016,SC-0014,6.0,1,3620.0,0.001657,60.413586
25.0,residence,SC-0017,SC-0025,6.0,1,1452.0,0.004132,97.425132
25.0,residence,SC-0024,SC-0007,6.0,1,62.0,0.096774,61.595161
25.0,residence,SC-4210,SC-0002,6.0,1,219.0,0.027397,28.086776
25.0,residence,SE-0005,SE-0004,6.0,1,3656.0,0.001641,37.809254
25.0,residence,SE-0006,PE-0001,6.0,1,2588.0,0.002318,458.940596
25.0,residence,SE-0008,BA-0003,6.0,1,13048.0,0.00046,198.15444
25.0,residence,SP-0010,SP-0212,6.0,1,293.0,0.020478,35.703475
25.0,residence,SP-0101,BA-0007,6.0,1,49979.0,0.00012,1251.035911
25.0,residence,SP-0101,BA-0030,6.0,1,49979.0,0.00012,1125.72354
25.0,residence,SP-0101,CE-0021,6.0,1,49979.0,0.00012,1978.475216
25.0,residence,SP-0101,MG-0020,6.0,1,49979.0,0.00012,372.287717
25.0,residence,SP-0102,RS-0003,6.0,1,3943.0,0.001522,1063.531112
25.0,residence,SP-0102,SP-0104,6.0,1,3943.0,0.001522,52.27559
25.0,residence,SP-0104,MT-0001,6.0,1,2457.0,0.002442,1302.544995
25.0,residence,SP-0105,PI-0004,6.0,1,5262.0,0.00114,2093.874677
25.0,residence,SP-0105,SP-0005,6.0,1,5262.0,0.00114,387.397882
25.0,residence,SP-0201,MG-0014,6.0,1,29701.0,0.000202,559.317614
25.0,residence,SP-0202,SP-0207,6.0,1,6869.0,0.000873,415.738208
25.0,residence,SP-0203,SP-0013,6.0,1,9480.0,0.000633,166.864722
25.0,residence,SP-0204,SP-0201,6.0,1,3444.0,0.001742,49.211561
25.0,residence,SP-0206,MS-0007,6.0,1,29477.0,0.000204,62.122859
25.0,residence,SP-0206,PR-0002,6.0,1,29477.0,0.000204,310.30487
25.0,residence,SP-0207,MG-0013,6.0,1,14290.0,0.00042,352.213656
25.0,residence,SP-0207,SC-0026,6.0,1,14290.0,0.00042,496.643915
25.0,residence,SP-0207,SP-0215,6.0,1,14290.0,0.00042,302.988818
25.0,residence,SP-0208,SP-0217,6.0,1,5295.0,0.001133,349.771057
25.0,residence,SP-0211,DF-0006,6.0,1,15360.0,0.000391,799.368601
25.0,residence,SP-0211,SP-0217,6.0,1,15360.0,0.000391,500.440589
25.0,residence,SP-0213,GO-0001,6.0,1,15305.0,0.000392,560.574329
25.0,residence,SP-0213,MA-0015,6.0,1,15305.0,0.000392,1852.930303
25.0,residence,SP-0213,MG-0013,6.0,1,15305.0,0.000392,157.538709
25.0,residence,SP-0213,SP-0013,6.0,1,15305.0,0.000392,97.284506
25.0,residence,SP-0214,CE-0001,6.0,1,7065.0,0.000849,2223.777565
25.0,residence,SP-0214,MG-0002,6.0,1,7065.0,0.000849,389.34049
25.0,residence,SP-0214,MG-0010,6.0,1,7065.0,0.000849,36.803013
25.0,residence,SP-0214,PR-0002,6.0,1,7065.0,0.000849,446.607314
25.0,residence,SP-0215,MG-0004,6.0,1,33707.0,0.000178,748.62948
25.0,residence,SP-0215,TO-0001,6.0,1,33707.0,0.000178,1207.982222
25.0,residence,SP-0216,SP-0212,6.0,1,30394.0,0.000197,145.755522
25.0,residence,SP-0217,ES-0002,6.0,1,11663.0,0.000514,546.365736
25.0,residence,SP-0217,MG-0015,6.0,1,11663.0,0.000514,408.442455
25.0,residence,SP-0218,SP-0101,6.0,1,3566.0,0.001683,266.911906
25.0,residence,SP-0221,MG-0002,6.0,1,2107.0,0.002848,400.301061
25.0,residence,SP-0221,MG-0011,6.0,1,2107.0,0.002848,162.960888
25.0,residence,SP-0224,SP-0207,6.0,1,2256.0,0.00266,188.044173
25.0,residence,TO-0003,TO-0002,6.0,1,632.0,0.009494,500.779728
25.0,residence,AC-0001,AP-0001,5.0,1,21143.0,0.000236,2220.44742
25.0,residence,AC-0001,RS-0001,5.0,1,21143.0,0.000236,2843.944203
25.0,residence,AC-0002,AM-0007,5.0,1,10808.0,0.000463,51.147827
25.0,residence,AC-0002,SC-0025,5.0,1,10808.0,0.000463,2692.099252
25.0,residence,AC-0003,RJ-0019,5.0,1,3395.0,0.001473,3423.022354
25.0,residence,AL-0010,AL-0002,5.0,1,2718.0,0.00184,47.888865
25.0,residence,AL-0012,AL-0002,5.0,1,857.0,0.005834,84.907037
25.0,residence,AM-0001,PA-0009,5.0,1,126150.0,4e-05,616.198811
25.0,residence,AM-0001,RS-0002,5.0,1,126150.0,4e-05,3174.806915
25.0,residence,AM-0003,AC-0003,5.0,1,7180.0,0.000696,769.256612
25.0,residence,AM-0009,PA-0009,5.0,1,6482.0,0.000771,181.891149
25.0,residence,AP-0001,PE-0001,5.0,1,31630.0,0.000158,1997.143829
25.0,residence,BA-0001,BA-0007,5.0,1,17824.0,0.000281,263.761241
25.0,residence,BA-0001,BA-0009,5.0,1,17824.0,0.000281,534.702708
25.0,residence,BA-0001,PE-0008,5.0,1,17824.0,0.000281,443.687881
25.0,residence,BA-0002,BA-0027,5.0,1,11656.0,0.000429,230.111013
25.0,residence,BA-0002,PE-0008,5.0,1,11656.0,0.000429,392.831473
25.0,residence,BA-0003,SP-0101,5.0,1,12738.0,0.000393,1560.044391
25.0,residence,BA-0003,SP-0206,5.0,1,12738.0,0.000393,1643.896924
25.0,residence,BA-0004,BA-0003,5.0,1,6482.0,0.000771,114.41635
25.0,residence,BA-0005,BA-0031,5.0,1,5163.0,0.000968,120.699594
25.0,residence,BA-0006,BA-0020,5.0,1,3669.0,0.001363,178.82873
25.0,residence,BA-0006,MG-0002,5.0,1,3669.0,0.001363,773.884966
25.0,residence,BA-0007,BA-0018,5.0,1,5536.0,0.000903,366.480235
25.0,residence,BA-0007,MG-0002,5.0,1,5536.0,0.000903,798.882889
25.0,residence,BA-0009,BA-0005,5.0,1,8080.0,0.000619,462.279151
25.0,residence,BA-0009,SP-0207,5.0,1,8080.0,0.000619,945.032649
25.0,residence,BA-0010,BA-0002,5.0,1,5187.0,0.000964,257.941349
25.0,residence,BA-0010,BA-0005,5.0,1,5187.0,0.000964,131.00028
25.0,residence,BA-0013,BA-0030,5.0,1,13959.0,0.000358,339.538842
25.0,residence,BA-0013,SP-0201,5.0,1,13959.0,0.000358,1267.415845
25.0,residence,BA-0014,SP-0101,5.0,1,4253.0,0.001176,1152.037472
25.0,residence,BA-0015,BA-0021,5.0,1,20536.0,0.000243,110.433294
25.0,residence,BA-0016,BA-0004,5.0,1,7777.0,0.000643,201.692514
25.0,residence,BA-0017,PR-0018,5.0,1,2907.0,0.00172,1709.519085
25.0,residence,BA-0018,BA-0003,5.0,1,5858.0,0.000854,240.805673
25.0,residence,BA-0018,BA-0013,5.0,1,5858.0,0.000854,77.315092
25.0,residence,BA-0018,BA-0020,5.0,1,5858.0,0.000854,198.753846
25.0,residence,BA-0018,BA-0029,5.0,1,5858.0,0.000854,28.253534
25.0,residence,BA-0019,BA-0025,5.0,1,11655.0,0.000429,424.416453
25.0,residence,BA-0019,BA-0027,5.0,1,11655.0,0.000429,41.761337
25.0,residence,BA-0020,PE-0008,5.0,1,8094.0,0.000618,628.46466
25.0,residence,BA-0021,BA-0004,5.0,1,8804.0,0.000568,334.374007
25.0,residence,BA-0021,SP-0101,5.0,1,8804.0,0.000568,1434.301044
25.0,residence,BA-0021,SP-0206,5.0,1,8804.0,0.000568,1398.922251
25.0,residence,BA-0022,MA-0011,5.0,1,4693.0,0.001065,702.003666
25.0,residence,BA-0023,BA-0014,5.0,1,2234.0,0.002238,349.181894
25.0,residence,BA-0024,BA-0002,5.0,1,3210.0,0.001558,433.943007
25.0,residence,BA-0024,BA-0025,5.0,1,3210.0,0.001558,269.851346
25.0,residence,BA-0024,SP-0005,5.0,1,3210.0,0.001558,978.726778
25.0,residence,BA-0025,BA-0021,5.0,1,21941.0,0.000228,408.115551
25.0,residence,BA-0025,PR-0002,5.0,1,21941.0,0.000228,1509.501319
25.0,residence,BA-0025,SP-0101,5.0,1,21941.0,0.000228,1269.31743
25.0,residence,BA-0026,BA-0002,5.0,1,9387.0,0.000533,479.896534
25.0,residence,BA-0027,BA-0015,5.0,1,4791.0,0.001044,450.164658
25.0,residence,BA-0027,GO-0001,5.0,1,4791.0,0.001044,953.125345
25.0,residence,BA-0030,BA-0014,5.0,1,3633.0,0.001376,299.03717
25.0,residence,BA-0030,MG-0002,5.0,1,3633.0,0.001376,647.012534
25.0,residence,BA-0030,SP-0101,5.0,1,3633.0,0.001376,1093.746902
25.0,residence,BA-0031,BA-0025,5.0,1,5874.0,0.000851,654.607914
25.0,residence,CE-0001,CE-0007,5.0,1,15882.0,0.000315,122.785707
25.0,residence,CE-0001,CE-0009,5.0,1,15882.0,0.000315,66.191492
25.0,residence,CE-0001,CE-0019,5.0,1,15882.0,0.000315,355.023826
25.0,residence,CE-0001,CE-0020,5.0,1,15882.0,0.000315,344.68036
25.0,residence,CE-0001,MG-0002,5.0,1,15882.0,0.000315,1888.021953
25.0,residence,CE-0001,SP-0213,5.0,1,15882.0,0.000315,2179.293894
25.0,residence,CE-0003,SP-0101,5.0,1,7442.0,0.000672,2346.012588
25.0,residence,CE-0007,CE-0011,5.0,1,3740.0,0.001337,316.048714
25.0,residence,CE-0010,RN-0002,5.0,1,6119.0,0.000817,139.040698
25.0,residence,CE-0013,CE-0008,5.0,1,8036.0,0.000622,236.934301
25.0,residence,CE-0016,SP-0206,5.0,1,3804.0,0.001314,2270.437523
25.0,residence,CE-0017,SP-0201,5.0,1,2840.0,0.001761,2071.571866
25.0,residence,CE-0019,SP-0206,5.0,1,3807.0,0.001313,1918.846059
25.0,residence,CE-0021,SP-0101,5.0,1,2277.0,0.002196,1977.168976
25.0,residence,DF-0006,BA-0006,5.0,1,75042.0,6.7e-05,944.694711
25.0,residence,DF-0006,GO-0009,5.0,1,75042.0,6.7e-05,103.802302
25.0,residence,DF-0006,GO-0015,5.0,1,75042.0,6.7e-05,372.233743
25.0,residence,DF-0006,MG-0030,5.0,1,75042.0,6.7e-05,429.505923
25.0,residence,DF-0006,PI-0013,5.0,1,75042.0,6.7e-05,834.361445
25.0,residence,ES-0001,RJ-0019,5.0,1,57029.0,8.8e-05,406.782257
25.0,residence,ES-0002,PR-0002,5.0,1,14793.0,0.000338,949.249174
25.0,residence,GO-0001,MA-0015,5.0,1,20996.0,0.000238,1416.982304
25.0,residence,GO-0001,MG-0002,5.0,1,20996.0,0.000238,661.052361
25.0,residence,GO-0001,MG-0012,5.0,1,20996.0,0.000238,271.04268
25.0,residence,GO-0001,PE-0006,5.0,1,20996.0,0.000238,1819.326564
25.0,residence,GO-0002,MG-0007,5.0,1,15106.0,0.000331,373.653722
25.0,residence,GO-0003,GO-0018,5.0,1,5353.0,0.000934,84.23304
25.0,residence,GO-0003,TO-0003,5.0,1,5353.0,0.000934,507.699671
25.0,residence,GO-0004,GO-0009,5.0,1,5763.0,0.000868,56.681964
25.0,residence,GO-0006,RS-0001,5.0,1,6109.0,0.000818,1323.654312
25.0,residence,GO-0007,PA-0005,5.0,1,9427.0,0.00053,1661.42024
25.0,residence,GO-0009,MA-0016,5.0,1,6239.0,0.000801,1293.144625
25.0,residence,GO-0010,DF-0006,5.0,1,3417.0,0.001463,354.780741
25.0,residence,GO-0013,GO-0012,5.0,1,1779.0,0.002811,108.905174
25.0,residence,GO-0013,TO-0001,5.0,1,1779.0,0.002811,360.864844
25.0,residence,GO-0014,MG-0006,5.0,1,3512.0,0.001424,983.482644
25.0,residence,GO-0014,MT-0008,5.0,1,3512.0,0.001424,113.125309
25.0,residence,GO-0015,GO-0006,5.0,1,3874.0,0.001291,153.910889
25.0,residence,GO-0018,MG-0002,5.0,1,28748.0,0.000174,589.895432
25.0,residence,GO-0018,PE-0001,5.0,1,28748.0,0.000174,1678.483868
25.0,residence,MA-0001,MA-0010,5.0,1,9158.0,0.000546,305.998675
25.0,residence,MA-0001,PE-0001,5.0,1,9158.0,0.000546,1193.592679
25.0,residence,MA-0001,SP-0201,5.0,1,9158.0,0.000546,2352.669035
25.0,residence,MA-0003,PI-0001,5.0,1,7589.0,0.000659,282.269308
25.0,residence,MA-0004,MA-0017,5.0,1,10482.0,0.000477,127.273866
25.0,residence,MA-0005,MA-0013,5.0,1,5359.0,0.000933,173.259915
25.0,residence,MA-0005,MG-0013,5.0,1,5359.0,0.000933,1789.15581
25.0,residence,MA-0006,MA-0008,5.0,1,6207.0,0.000806,74.679976
25.0,residence,MA-0006,MA-0011,5.0,1,6207.0,0.000806,33.254426
25.0,residence,MA-0007,ES-0003,5.0,1,5217.0,0.000958,1880.699366
25.0,residence,MA-0009,PI-0004,5.0,1,13358.0,0.000374,400.448058
25.0,residence,MA-0010,MA-0015,5.0,1,10972.0,0.000456,231.530813
25.0,residence,MA-0010,MA-0016,5.0,1,10972.0,0.000456,56.20611
25.0,residence,MA-0010,MA-0018,5.0,1,10972.0,0.000456,335.49236
25.0,residence,MA-0010,PI-0004,5.0,1,10972.0,0.000456,503.021217
25.0,residence,MA-0011,CE-0001,5.0,1,10382.0,0.000482,1018.196417
25.0,residence,MA-0011,MG-0006,5.0,1,10382.0,0.000482,1187.713756
25.0,residence,MA-0011,PA-0005,5.0,1,10382.0,0.000482,262.114396
25.0,residence,MA-0011,PR-0002,5.0,1,10382.0,0.000482,2246.808106
25.0,residence,MA-0013,PE-0004,5.0,1,8893.0,0.000562,955.826301
25.0,residence,MA-0013,TO-0002,5.0,1,8893.0,0.000562,462.635342
25.0,residence,MA-0014,SP-0101,5.0,1,5126.0,0.000975,2041.363306
25.0,residence,MA-0015,MA-0016,5.0,1,3570.0,0.001401,49.191572
25.0,residence,MA-0016,SP-0201,5.0,1,11074.0,0.000452,1983.522314
25.0,residence,MA-0017,DF-0006,5.0,1,6514.0,0.000768,1310.232319
25.0,residence,MA-0017,MA-2108,5.0,1,6514.0,0.000768,69.483421
25.0,residence,MA-0017,MG-0007,5.0,1,6514.0,0.000768,1594.118051
25.0,residence,MA-0018,GO-0001,5.0,1,7672.0,0.000652,1466.141202
25.0,residence,MA-0018,MG-0013,5.0,1,7672.0,0.000652,1729.79278
25.0,residence,MA-2108,MA-0007,5.0,1,742.0,0.006739,35.279473
25.0,residence,MG-0002,CE-0001,5.0,1,30469.0,0.000164,1891.728984
25.0,residence,MG-0002,SP-0207,5.0,1,30469.0,0.000164,463.401993
25.0,residence,MG-0003,MG-0015,5.0,1,7804.0,0.000641,201.770028
25.0,residence,MG-0004,MG-0019,5.0,1,17699.0,0.000283,66.353686
25.0,residence,MG-0004,MG-0023,5.0,1,17699.0,0.000283,291.054626
25.0,residence,MG-0006,BA-0002,5.0,1,22490.0,0.000222,604.597394
25.0,residence,MG-0006,BA-0024,5.0,1,22490.0,0.000222,57.200864
25.0,residence,MG-0006,MG-0012,5.0,1,22490.0,0.000222,628.168592
25.0,residence,MG-0006,SP-0206,5.0,1,22490.0,0.000222,832.15563
25.0,residence,MG-0007,MG-0006,5.0,1,8488.0,0.000589,241.285664
25.0,residence,MG-0008,MG-0024,5.0,1,6250.0,0.0008,46.187561
25.0,residence,MG-0009,BA-0002,5.0,1,7846.0,0.000637,988.323413
25.0,residence,MG-0010,PR-0002,5.0,1,3229.0,0.001548,507.909698
25.0,residence,MG-0011,ES-0001,5.0,1,11955.0,0.000418,538.036229
25.0,residence,MG-0011,MG-0005,5.0,1,11955.0,0.000418,176.825588
25.0,residence,MG-0011,PE-0006,5.0,1,11955.0,0.000418,1894.403506
25.0,residence,MG-0011,SP-0206,5.0,1,11955.0,0.000418,321.766624
25.0,residence,MG-0012,MG-0021,5.0,1,7996.0,0.000625,357.53944
25.0,residence,MG-0012,SP-0207,5.0,1,7996.0,0.000625,450.869663
25.0,residence,MG-0013,MG-0018,5.0,1,16685.0,0.0003,525.905871
25.0,residence,MG-0013,SP-0013,5.0,1,16685.0,0.0003,86.3038
25.0,residence,MG-0014,MG-0006,5.0,1,13691.0,0.000365,130.828307
25.0,residence,MG-0015,MG-0007,5.0,1,21650.0,0.000231,213.856579
25.0,residence,MG-0015,MG-0020,5.0,1,21650.0,0.000231,89.690159
25.0,residence,MG-0015,SP-0101,5.0,1,21650.0,0.000231,351.284271
25.0,residence,MG-0016,PR-0002,5.0,1,8341.0,0.000599,1018.339488
25.0,residence,MG-0017,MG-0006,5.0,1,11010.0,0.000454,329.126831
25.0,residence,MG-0021,MG-0005,5.0,1,8612.0,0.000581,297.458729
25.0,residence,MG-0021,SP-0216,5.0,1,8612.0,0.000581,256.005355
25.0,residence,MG-0022,BA-0020,5.0,1,7954.0,0.000629,902.816492
25.0,residence,MG-0022,MG-0023,5.0,1,7954.0,0.000629,480.510867
25.0,residence,MG-0022,SP-0207,5.0,1,7954.0,0.000629,239.0879
25.0,residence,MG-0022,SP-0218,5.0,1,7954.0,0.000629,59.11622
25.0,residence,MG-0026,SP-0101,5.0,1,3828.0,0.001306,594.669431
25.0,residence,MS-0001,MS-0006,5.0,1,66709.0,7.5e-05,175.172789
25.0,residence,MS-0001,SP-0209,5.0,1,66709.0,7.5e-05,503.354967
25.0,residence,MS-0002,MS-0010,5.0,1,2715.0,0.001842,153.139828
25.0,residence,MS-0002,SP-0101,5.0,1,2715.0,0.001842,854.645764
25.0,residence,MS-0002,SP-0203,5.0,1,2715.0,0.001842,714.982161
25.0,residence,MS-0002,SP-0215,5.0,1,2715.0,0.001842,581.67786
25.0,residence,MS-0003,MS-0010,5.0,1,13509.0,0.00037,222.004773
25.0,residence,MS-0004,MS-0010,5.0,1,3367.0,0.001485,276.903412
25.0,residence,MS-0006,SP-0101,5.0,1,4917.0,0.001017,681.84401
25.0,residence,MS-0008,GO-0001,5.0,1,5532.0,0.000904,232.654717
25.0,residence,MS-0008,MS-0009,5.0,1,5532.0,0.000904,110.511693
25.0,residence,MS-0012,MT-0001,5.0,1,1468.0,0.003406,778.860316
25.0,residence,MT-0003,GO-0001,5.0,1,7229.0,0.000692,494.915963
25.0,residence,MT-0003,MT-0007,5.0,1,7229.0,0.000692,423.667234
25.0,residence,MT-0004,DF-0006,5.0,1,6255.0,0.000799,1118.477543
25.0,residence,MT-0005,MT-0007,5.0,1,7356.0,0.00068,566.639172
25.0,residence,MT-0005,MT-0014,5.0,1,7356.0,0.00068,284.199681
25.0,residence,MT-0005,SP-0215,5.0,1,7356.0,0.00068,1180.258645
25.0,residence,MT-0006,MT-0008,5.0,1,5353.0,0.000934,612.18843
25.0,residence,MT-0007,MA-0016,5.0,1,15375.0,0.000325,1513.670239
25.0,residence,MT-0008,MG-0012,5.0,1,6192.0,0.000807,581.315078
25.0,residence,MT-0008,SP-0206,5.0,1,6192.0,0.000807,852.829588
25.0,residence,MT-0009,MT-0005,5.0,1,7562.0,0.000661,249.433778
25.0,residence,MT-0009,MT-5114,5.0,1,7562.0,0.000661,386.207844
25.0,residence,MT-0011,MT-0007,5.0,1,5409.0,0.000924,711.088252
25.0,residence,MT-0011,SP-0005,5.0,1,5409.0,0.000924,1275.755539
25.0,residence,MT-0012,MT-0014,5.0,1,6729.0,0.000743,589.026648
25.0,residence,MT-0014,GO-0001,5.0,1,10021.0,0.000499,837.72059
25.0,residence,MT-5114,MT-0015,5.0,1,4043.0,0.001237,254.74839
25.0,residence,MT-5114,SP-0101,5.0,1,4043.0,0.001237,1540.494547
25.0,residence,PA-0001,PA-0008,5.0,1,5274.0,0.000948,230.293609
25.0,residence,PA-0001,SP-0201,5.0,1,5274.0,0.000948,2471.43847
25.0,residence,PA-0002,PA-0004,5.0,1,11577.0,0.000432,242.577553
25.0,residence,PA-0002,PA-0013,5.0,1,11577.0,0.000432,143.468638
25.0,residence,PA-0003,MA-0001,5.0,1,10576.0,0.000473,424.414316
25.0,residence,PA-0003,RN-0007,5.0,1,10576.0,0.000473,1493.853637
25.0,residence,PA-0003,SP-0207,5.0,1,10576.0,0.000473,2407.578811
25.0,residence,PA-0004,MT-0007,5.0,1,13654.0,0.000366,1910.898198
25.0,residence,PA-0005,MA-0001,5.0,1,24496.0,0.000204,441.983049
25.0,residence,PA-0006,MA-0001,5.0,1,9622.0,0.00052,497.247952
25.0,residence,PA-0008,SP-0005,5.0,1,16520.0,0.000303,2181.896067
25.0,residence,PA-0009,CE-0001,5.0,1,48286.0,0.000104,1762.902343
25.0,residence,PA-0009,MT-0001,5.0,1,48286.0,0.000104,840.966528
25.0,residence,PA-0011,MA-0007,5.0,1,39231.0,0.000127,700.790486
25.0,residence,PA-0011,MA-0008,5.0,1,39231.0,0.000127,629.801425
25.0,residence,PA-0011,PA-0003,5.0,1,39231.0,0.000127,493.333961
25.0,residence,PA-0011,PA-0009,5.0,1,39231.0,0.000127,565.365613
25.0,residence,PA-0011,PA-0013,5.0,1,39231.0,0.000127,182.301021
25.0,residence,PB-0001,MG-0013,5.0,1,11039.0,0.000453,1985.839393
25.0,residence,PB-0001,RN-0006,5.0,1,11039.0,0.000453,361.628095
25.0,residence,PB-0001,SP-0101,5.0,1,11039.0,0.000453,2217.895458
25.0,residence,PB-0003,BA-0001,5.0,1,10705.0,0.000467,639.646082
25.0,residence,PB-0003,PB-0002,5.0,1,10705.0,0.000467,26.517174
25.0,residence,PB-0003,PE-0006,5.0,1,10705.0,0.000467,88.773802
25.0,residence,PB-0003,PR-0016,5.0,1,10705.0,0.000467,2454.140629
25.0,residence,PB-0005,PE-0006,5.0,1,2577.0,0.00194,47.321421
25.0,residence,PB-0006,PE-0010,5.0,1,3541.0,0.001412,40.079847
25.0,residence,PB-0007,SE-0008,5.0,1,2742.0,0.001823,392.171308
25.0,residence,PB-0008,SP-0005,5.0,1,1888.0,0.002648,1946.526373
25.0,residence,PB-0009,RN-0007,5.0,1,2806.0,0.001782,390.048602
25.0,residence,PB-0011,DF-0006,5.0,1,1321.0,0.003785,1433.76906
25.0,residence,PE-0001,SP-0102,5.0,1,30866.0,0.000162,2127.469799
25.0,residence,PE-0002,PB-0003,5.0,1,28252.0,0.000177,61.058471
25.0,residence,PE-0005,AL-0007,5.0,1,14225.0,0.000351,68.30557
25.0,residence,PE-0005,SC-0018,5.0,1,14225.0,0.000351,2408.370599
25.0,residence,PE-0007,CE-0021,5.0,1,4091.0,0.001222,49.307423
25.0,residence,PE-0008,PE-0011,5.0,1,21485.0,0.000233,275.340269
25.0,residence,PE-0008,RJ-0000,5.0,1,21485.0,0.000233,1566.478792
25.0,residence,PE-0008,SP-0101,5.0,1,21485.0,0.000233,1744.823551
25.0,residence,PE-0009,MG-0007,5.0,1,9271.0,0.000539,1384.61944
25.0,residence,PE-0009,PI-0016,5.0,1,9271.0,0.000539,36.746468
25.0,residence,PE-0011,PE-0003,5.0,1,6438.0,0.000777,314.82211
25.0,residence,PI-0001,PI-0003,5.0,1,4953.0,0.001009,94.293506
25.0,residence,PI-0004,MA-0018,5.0,1,10613.0,0.000471,73.634615
25.0,residence,PI-0005,CE-0001,5.0,1,6211.0,0.000805,438.623925
25.0,residence,PI-0006,MA-0011,5.0,1,6044.0,0.000827,527.321715
25.0,residence,PI-0006,PI-0008,5.0,1,6044.0,0.000827,83.982067
25.0,residence,PI-0007,PI-0010,5.0,1,3501.0,0.001428,91.937232
25.0,residence,PI-0014,MA-0014,5.0,1,2944.0,0.001698,431.557016
25.0,residence,PI-0016,PR-0002,5.0,1,2224.0,0.002248,2173.626913
25.0,residence,PI-0017,BA-0001,5.0,1,2301.0,0.002173,638.885977
25.0,residence,PR-0002,PR-0020,5.0,1,51637.0,9.7e-05,441.917897
25.0,residence,PR-0002,RS-0010,5.0,1,51637.0,9.7e-05,888.492913
25.0,residence,PR-0002,SC-0025,5.0,1,51637.0,9.7e-05,72.178015
25.0,residence,PR-0003,MG-0015,5.0,1,11071.0,0.000452,812.445518
25.0,residence,PR-0004,PR-0015,5.0,1,5068.0,0.000987,281.134861
25.0,residence,PR-0005,PR-0006,5.0,1,11962.0,0.000418,103.724986
25.0,residence,PR-0005,PR-0008,5.0,1,11962.0,0.000418,74.352412
25.0,residence,PR-0005,PR-4109,5.0,1,11962.0,0.000418,246.977153
25.0,residence,PR-0007,PR-0014,5.0,1,6149.0,0.000813,363.514555
25.0,residence,PR-0007,PR-0017,5.0,1,6149.0,0.000813,307.026276
25.0,residence,PR-0009,TO-0003,5.0,1,3251.0,0.001538,1615.337443
25.0,residence,PR-0010,DF-0006,5.0,1,11147.0,0.000449,1174.355867
25.0,residence,PR-0010,GO-0001,5.0,1,11147.0,0.000449,1019.708265
25.0,residence,PR-0010,PR-0005,5.0,1,11147.0,0.000449,197.578083
25.0,residence,PR-0011,MS-0001,5.0,1,9755.0,0.000513,466.534443
25.0,residence,PR-0011,PR-0022,5.0,1,9755.0,0.000513,139.66986
25.0,residence,PR-0012,SC-0025,5.0,1,9454.0,0.000529,486.536625
25.0,residence,PR-0013,MS-0001,5.0,1,4288.0,0.001166,417.905735
25.0,residence,PR-0014,PR-0011,5.0,1,8566.0,0.000584,123.368839
25.0,residence,PR-0015,PE-0001,5.0,1,9469.0,0.000528,2518.050381
25.0,residence,PR-0015,SP-0215,5.0,1,9469.0,0.000528,325.308498
25.0,residence,PR-0016,PR-0018,5.0,1,5135.0,0.000974,123.164418
25.0,residence,PR-0017,MG-0013,5.0,1,13830.0,0.000362,537.10478
25.0,residence,PR-0017,SP-0216,5.0,1,13830.0,0.000362,314.581248
25.0,residence,PR-0018,PR-0010,5.0,1,7866.0,0.000636,331.951551
25.0,residence,PR-0018,PR-0014,5.0,1,7866.0,0.000636,271.085143
25.0,residence,PR-0019,PR-0014,5.0,1,9881.0,0.000506,327.228568
25.0,residence,PR-0020,PR-0008,5.0,1,11993.0,0.000417,169.373651
25.0,residence,PR-0022,PR-0011,5.0,1,4048.0,0.001235,64.070552
25.0,residence,PR-4109,DF-0006,5.0,1,740.0,0.006757,1274.671814
25.0,residence,PR-4109,PR-0020,5.0,1,740.0,0.006757,110.931908
25.0,residence,RJ-0000,MG-0002,5.0,1,4540.0,0.001101,344.516368
25.0,residence,RJ-0000,RJ-0010,5.0,1,4540.0,0.001101,49.432928
25.0,residence,RJ-0001,SP-0206,5.0,1,1022.0,0.004892,791.628449
25.0,residence,RJ-0003,MG-0002,5.0,1,469.0,0.010661,285.793525
25.0,residence,RJ-0003,SE-0008,5.0,1,469.0,0.010661,1486.730033
25.0,residence,RJ-0019,AC-0001,5.0,1,52343.0,9.6e-05,2963.582152
25.0,residence,RJ-0019,CE-0008,5.0,1,52343.0,9.6e-05,2023.248218
25.0,residence,RJ-0019,MG-0018,5.0,1,52343.0,9.6e-05,228.687941
25.0,residence,RJ-0019,RJ-0001,5.0,1,52343.0,9.6e-05,254.347411
25.0,residence,RJ-0019,SP-0213,5.0,1,52343.0,9.6e-05,493.952001
25.0,residence,RJ-0207,MG-0005,5.0,1,812.0,0.006158,106.299796
25.0,residence,RN-0006,RN-0004,5.0,1,6037.0,0.000828,137.58667
25.0,residence,RO-0004,AC-0001,5.0,1,337.0,0.014837,532.042331
25.0,residence,RR-0001,MS-0002,5.0,1,27131.0,0.000184,2890.119178
25.0,residence,RR-0001,PA-0001,5.0,1,27131.0,0.000184,1451.591467
25.0,residence,RS-0001,DF-0006,5.0,1,14353.0,0.000348,1604.768459
25.0,residence,RS-0001,RS-0008,5.0,1,14353.0,0.000348,180.950885
25.0,residence,RS-0005,SC-0018,5.0,1,8085.0,0.000618,296.877696
25.0,residence,RS-0005,SP-0005,5.0,1,8085.0,0.000618,1002.767613
25.0,residence,RS-0006,RS-0012,5.0,1,11374.0,0.00044,270.604258
25.0,residence,RS-0008,RS-0018,5.0,1,2820.0,0.001773,274.874237
25.0,residence,RS-0013,RS-0002,5.0,1,3197.0,0.001564,101.132759
25.0,residence,RS-0013,RS-0006,5.0,1,3197.0,0.001564,148.248563
25.0,residence,RS-0013,RS-0014,5.0,1,3197.0,0.001564,58.095529
25.0,residence,RS-0016,RS-0002,5.0,1,3499.0,0.001429,36.438143
25.0,residence,RS-0016,RS-0013,5.0,1,3499.0,0.001429,55.211426
25.0,residence,RS-0019,PB-0001,5.0,1,4429.0,0.001129,2978.187988
25.0,residence,RS-0019,RS-0009,5.0,1,4429.0,0.001129,136.139368
25.0,residence,RS-0043,RS-0009,5.0,1,621.0,0.008052,348.621055
25.0,residence,SC-0002,RS-0005,5.0,1,2567.0,0.001948,275.188446
25.0,residence,SC-0004,SP-0206,5.0,1,4797.0,0.001042,554.643391
25.0,residence,SC-0005,PR-0007,5.0,1,3119.0,0.001603,36.4855
25.0,residence,SC-0005,SC-0014,5.0,1,3119.0,0.001603,367.295333
25.0,residence,SC-0005,SC-0022,5.0,1,3119.0,0.001603,369.720002
25.0,residence,SC-0006,SC-0007,5.0,1,3546.0,0.00141,318.881948
25.0,residence,SC-0007,RS-0001,5.0,1,3035.0,0.001647,421.561404
25.0,residence,SC-0008,BA-0020,5.0,1,1548.0,0.00323,1759.853142
25.0,residence,SC-0008,SC-0004,5.0,1,1548.0,0.00323,192.941257
25.0,residence,SC-0009,SC-0016,5.0,1,1782.0,0.002806,50.673612
25.0,residence,SC-0009,SP-0005,5.0,1,1782.0,0.002806,757.935028
25.0,residence,SC-0010,PR-0002,5.0,1,7647.0,0.000654,398.824046
25.0,residence,SC-0010,PR-0010,5.0,1,7647.0,0.000654,200.702562
25.0,residence,SC-0010,RS-0001,5.0,1,7647.0,0.000654,379.038296
25.0,residence,SC-0010,RS-0006,5.0,1,7647.0,0.000654,128.232314
25.0,residence,SC-0012,GO-0001,5.0,1,2348.0,0.002129,1338.697923
25.0,residence,SC-0013,SC-0017,5.0,1,1433.0,0.003489,48.14447
25.0,residence,SC-0014,SP-0005,5.0,1,5048.0,0.00099,856.676505
25.0,residence,SC-0015,PR-0017,5.0,1,7708.0,0.000649,529.979064
25.0,residence,SC-0016,PR-0006,5.0,1,3620.0,0.001381,35.107893
25.0,residence,SC-0016,SC-0009,5.0,1,3620.0,0.001381,63.460791
25.0,residence,SC-0018,DF-0006,5.0,1,12007.0,0.000416,1311.245119
25.0,residence,SC-0020,SC-0011,5.0,1,837.0,0.005974,273.498001
25.0,residence,SC-0022,MA-0005,5.0,1,1312.0,0.003811,2513.102729
25.0,residence,SC-0023,DF-0006,5.0,1,3791.0,0.001319,1149.299117
25.0,residence,SC-0024,SC-0018,5.0,1,62.0,0.080645,144.380071
25.0,residence,SC-0025,SC-0009,5.0,1,3037.0,0.001646,68.107894
25.0,residence,SC-0026,PR-0002,5.0,1,1280.0,0.003906,225.923117
25.0,residence,SC-0036,SC-0012,5.0,1,259.0,0.019305,41.342362
25.0,residence,SE-0002,SE-0005,5.0,1,4957.0,0.001009,99.50822
25.0,residence,SE-0004,PE-0001,5.0,1,5064.0,0.000987,364.272776
25.0,residence,SE-0006,BA-0003,5.0,1,2588.0,0.001932,38.013227
25.0,residence,SE-0008,BA-0002,5.0,1,13048.0,0.000383,246.403705
25.0,residence,SE-0008,MG-0002,5.0,1,13048.0,0.000383,1233.764738
25.0,residence,SE-0008,PE-0008,5.0,1,13048.0,0.000383,412.839402
25.0,residence,SE-0008,SE-0004,5.0,1,13048.0,0.000383,93.872267
25.0,residence,SE-0008,SP-0005,5.0,1,13048.0,0.000383,1622.818301
25.0,residence,SE-0028,SE-0005,5.0,1,312.0,0.016026,77.008915
25.0,residence,SP-0016,SP-0215,5.0,1,732.0,0.006831,270.354063
25.0,residence,SP-0017,RJ-0003,5.0,1,3111.0,0.001607,38.922995
25.0,residence,SP-0101,BA-0004,5.0,1,49979.0,0.0001,1417.718771
25.0,residence,SP-0101,CE-0008,5.0,1,49979.0,0.0001,2200.634217
25.0,residence,SP-0101,ES-0003,5.0,1,49979.0,0.0001,771.729719
25.0,residence,SP-0101,MA-0016,5.0,1,49979.0,0.0001,2056.209665
25.0,residence,SP-0101,MG-0003,5.0,1,49979.0,0.0001,444.50341
25.0,residence,SP-0101,MG-0014,5.0,1,49979.0,0.0001,526.79385
25.0,residence,SP-0101,MT-0014,5.0,1,49979.0,0.0001,1611.103604
25.0,residence,SP-0101,PI-0010,5.0,1,49979.0,0.0001,1916.160783
25.0,residence,SP-0101,PR-0017,5.0,1,49979.0,0.0001,461.587686
25.0,residence,SP-0101,RJ-0330,5.0,1,49979.0,0.0001,347.715654
25.0,residence,SP-0101,SC-0022,5.0,1,49979.0,0.0001,369.56494
25.0,residence,SP-0101,SE-0008,5.0,1,49979.0,0.0001,1779.337965
25.0,residence,SP-0101,TO-0003,5.0,1,49979.0,0.0001,1350.398516
25.0,residence,SP-0102,MG-0007,5.0,1,3943.0,0.001268,570.919198
25.0,residence,SP-0102,RS-0001,5.0,1,3943.0,0.001268,845.888564
25.0,residence,SP-0105,SP-0204,5.0,1,5262.0,0.00095,58.857635
25.0,residence,SP-0105,SP-0219,5.0,1,5262.0,0.00095,62.892146
25.0,residence,SP-0201,BA-0002,5.0,1,29701.0,0.000168,1469.898515
25.0,residence,SP-0201,BA-0008,5.0,1,29701.0,0.000168,1056.925994
25.0,residence,SP-0201,MG-0020,5.0,1,29701.0,0.000168,401.32973
25.0,residence,SP-0201,PA-0001,5.0,1,29701.0,0.000168,2474.75354
25.0,residence,SP-0201,PE-0001,5.0,1,29701.0,0.000168,2113.361717
25.0,residence,SP-0201,SC-0025,5.0,1,29701.0,0.000168,348.634924
25.0,residence,SP-0201,SP-0005,5.0,1,29701.0,0.000168,411.826156
25.0,residence,SP-0201,SP-0213,5.0,1,29701.0,0.000168,284.829121
25.0,residence,SP-0202,DF-0006,5.0,1,6869.0,0.000728,649.730256
25.0,residence,SP-0202,SP-0201,5.0,1,6869.0,0.000728,31.586309
25.0,residence,SP-0202,SP-0216,5.0,1,6869.0,0.000728,142.214885
25.0,residence,SP-0205,PR-0015,5.0,1,5616.0,0.00089,410.74485
25.0,residence,SP-0205,SP-0206,5.0,1,5616.0,0.00089,181.367151
25.0,residence,SP-0206,PR-0010,5.0,1,29477.0,0.00017,536.798159
25.0,residence,SP-0206,SP-0201,5.0,1,29477.0,0.00017,232.722366
25.0,residence,SP-0206,SP-0203,5.0,1,29477.0,0.00017,76.715834
25.0,residence,SP-0207,PR-0003,5.0,1,14290.0,0.00035,389.261962
25.0,residence,SP-0207,SP-0204,5.0,1,14290.0,0.00035,134.982183
25.0,residence,SP-0208,SP-0216,5.0,1,5295.0,0.000944,306.777986
25.0,residence,SP-0208,SP-0224,5.0,1,5295.0,0.000944,338.626432
25.0,residence,SP-0209,GO-0003,5.0,1,21362.0,0.000234,633.244005
25.0,residence,SP-0209,SP-0211,5.0,1,21362.0,0.000234,59.357213
25.0,residence,SP-0210,MG-0011,5.0,1,7670.0,0.000652,267.460205
25.0,residence,SP-0211,SP-0213,5.0,1,15360.0,0.000326,341.285816
25.0,residence,SP-0213,GO-0015,5.0,1,15305.0,0.000327,469.354925
25.0,residence,SP-0214,SP-0102,5.0,1,7065.0,0.000708,174.700954
25.0,residence,SP-0215,SP-0203,5.0,1,33707.0,0.000148,164.56051
25.0,residence,SP-0216,BA-0020,5.0,1,30394.0,0.000165,1178.991256
25.0,residence,SP-0216,ES-0002,5.0,1,30394.0,0.000165,895.668063
25.0,residence,SP-0216,MA-0011,5.0,1,30394.0,0.000165,1994.137391
25.0,residence,SP-0216,SP-0210,5.0,1,30394.0,0.000165,37.848074
25.0,residence,SP-0219,MG-0002,5.0,1,4105.0,0.001218,520.66952
25.0,residence,SP-0219,MG-0005,5.0,1,4105.0,0.001218,409.288781
25.0,residence,SP-0220,SP-0201,5.0,1,1565.0,0.003195,133.71972
25.0,residence,SP-0221,RS-0003,5.0,1,2107.0,0.002373,1141.582803
25.0,residence,SP-0221,SP-0210,5.0,1,2107.0,0.002373,165.068224
25.0,residence,SP-0221,SP-0224,5.0,1,2107.0,0.002373,66.841103
25.0,residence,SP-3517,SP-0224,5.0,1,1332.0,0.003754,43.421688
25.0,residence,TO-0001,MA-0015,5.0,1,17379.0,0.000288,711.5672
25.0,residence,TO-0001,MG-0007,5.0,1,17379.0,0.000288,947.650738
25.0,residence,TO-0002,BA-0016,5.0,1,15695.0,0.000319,902.491002
25.0,residence,TO-0002,SP-0215,5.0,1,15695.0,0.000319,1332.974524
25.0,transfer,GO-0002,GO-0001,69.0,15,86.0,0.802326,324.427514
25.0,transfer,MG-0019,MG-0017,56.0,9,60.0,0.933333,198.008441
25.0,transfer,GO-0006,GO-0001,46.0,6,59.0,0.779661,189.392391
25.0,transfer,MG-0030,MG-0006,37.0,11,66.0,0.560606,122.674871
25.0,transfer,PA-0011,PA-0001,37.0,6,41.0,0.902439,521.570801
25.0,transfer,MS-0008,MS-0001,31.0,3,31.0,1.0,295.944924
25.0,transfer,PA-0008,PA-0001,28.0,6,33.0,0.848485,223.041989
25.0,transfer,GO-0018,GO-0001,25.0,6,37.0,0.675676,150.324364
25.0,transfer,ES-0002,ES-0001,22.0,8,28.0,0.785714,113.009796
25.0,transfer,AM-0007,AM-0001,21.0,4,21.0,1.0,93.825721
25.0,transfer,PA-0010,PA-0001,21.0,1,47.0,0.446809,357.39652
25.0,transfer,SP-0217,SP-3517,20.0,5,38.0,0.526316,41.596082
25.0,transfer,BA-0012,BA-0001,19.0,7,29.0,0.655172,228.652414
25.0,transfer,BA-0016,BA-0001,18.0,7,22.0,0.818182,297.149533
25.0,transfer,CE-0013,CE-0011,18.0,4,25.0,0.72,66.685675
25.0,transfer,PA-0004,PA-0001,18.0,3,28.0,0.642857,249.518584
25.0,transfer,PE-0006,PE-0001,18.0,5,32.0,0.5625,216.439114
25.0,transfer,PA-0006,PA-0001,16.0,6,16.0,1.0,70.477918
25.0,transfer,PE-0004,PE-0001,16.0,6,44.0,0.363636,127.113336
25.0,transfer,PE-0007,PE-0008,16.0,1,33.0,0.484848,212.855542
25.0,transfer,PI-0013,PI-0010,16.0,1,21.0,0.761905,294.516822
25.0,transfer,PR-0019,PR-0017,16.0,2,21.0,0.761905,122.674264
25.0,transfer,BA-0003,BA-0001,14.0,5,16.0,0.875,74.339397
25.0,transfer,ES-0004,ES-0003,14.0,1,14.0,1.0,122.990438
25.0,transfer,MG-0009,MG-0002,14.0,4,24.0,0.583333,118.317423
25.0,transfer,PA-0005,PA-0001,14.0,7,23.0,0.608696,231.840034
25.0,transfer,SP-0006,SP-0206,14.0,2,14.0,1.0,38.503974
25.0,transfer,GO-0015,GO-0001,13.0,5,15.0,0.866667,166.617563
25.0,transfer,PI-0006,PI-0004,13.0,4,13.0,1.0,129.919587
25.0,transfer,PI-0010,PI-0004,13.0,5,13.0,1.0,189.025848
25.0,transfer,BA-0013,BA-0006,12.0,4,17.0,0.705882,175.759116
25.0,transfer,GO-0002,GO-0018,12.0,3,86.0,0.139535,236.351275
25.0,transfer,GO-0007,GO-0001,12.0,4,14.0,0.857143,170.031191
25.0,transfer,PE-0006,PE-0004,12.0,2,32.0,0.375,120.423384
25.0,transfer,SE-0002,SE-0008,12.0,2,19.0,0.631579,44.930745
25.0,transfer,SP-0201,SP-0101,12.0,5,29.0,0.413793,31.897578
25.0,transfer,SP-0205,SP-0005,12.0,4,12.0,1.0,39.971413
25.0,transfer,SP-0218,SP-0213,12.0,3,12.0,1.0,48.420131
25.0,transfer,SP-0221,SP-0217,12.0,2,15.0,0.8,72.241003
25.0,transfer,TO-0003,TO-0001,12.0,3,12.0,1.0,190.695169
25.0,transfer,BA-0001,BA-0003,11.0,3,15.0,0.733333,39.898746
25.0,transfer,PI-0009,PI-0004,11.0,3,11.0,1.0,266.204268
25.0,transfer,SP-0211,SP-0216,11.0,3,20.0,0.55,99.963975
25.0,transfer,MG-0016,MG-0023,10.0,1,18.0,0.555556,99.618454
25.0,transfer,MG-0024,MG-0023,10.0,3,36.0,0.277778,67.985232
25.0,transfer,MG-0028,MG-0007,10.0,3,28.0,0.357143,222.354817
25.0,transfer,PA-0007,PA-0001,10.0,3,10.0,1.0,82.944599
25.0,transfer,PE-0008,PE-0001,10.0,1,10.0,1.0,633.516176
25.0,transfer,RN-0006,RN-0002,10.0,2,20.0,0.5,127.09558
25.0,transfer,RN-0006,RN-0007,10.0,1,20.0,0.5,333.61572
25.0,transfer,TO-0002,TO-0001,10.0,2,20.0,0.5,221.809086
25.0,transfer,AM-0005,AM-0001,9.0,4,12.0,0.75,443.227537
25.0,transfer,AM-0008,AM-0001,9.0,3,15.0,0.6,176.69067
25.0,transfer,BA-0010,PE-0008,9.0,1,22.0,0.409091,250.5514
25.0,transfer,BA-0024,BA-0030,9.0,4,11.0,0.818182,69.343614
25.0,transfer,ES-0001,ES-0003,9.0,4,48.0,0.1875,89.421505
25.0,transfer,GO-0014,GO-0001,9.0,3,9.0,1.0,331.996774
25.0,transfer,MA-0013,MA-0018,9.0,1,11.0,0.818182,126.306024
25.0,transfer,MA-2111,MA-0011,9.0,2,9.0,1.0,81.789174
25.0,transfer,MG-0004,MG-0002,9.0,3,62.0,0.145161,290.119804
25.0,transfer,PR-0006,PR-0002,9.0,3,9.0,1.0,167.54836
25.0,transfer,RS-0018,RS-0001,9.0,4,9.0,1.0,138.784972
25.0,transfer,SP-0017,SP-3517,9.0,2,18.0,0.5,57.734247
25.0,transfer,SP-0211,SP-0206,9.0,3,20.0,0.45,103.919883
25.0,transfer,ES-0003,ES-0001,8.0,4,11.0,0.727273,111.642183
25.0,transfer,MS-0011,MS-0001,8.0,2,8.0,1.0,356.732938
25.0,transfer,PE-0005,PE-0004,8.0,3,25.0,0.32,80.858294
25.0,transfer,PR-0017,PR-0016,8.0,2,10.0,0.8,32.491976
25.0,transfer,AL-0001,AL-0008,7.0,1,20.0,0.35,102.716483
25.0,transfer,BA-0014,BA-0018,7.0,1,10.0,0.7,329.944636
25.0,transfer,BA-0019,BA-0018,7.0,2,16.0,0.4375,223.197673
25.0,transfer,BA-0019,BA-0020,7.0,2,16.0,0.4375,173.401409
25.0,transfer,CE-0008,CE-0001,7.0,3,12.0,0.583333,167.23921
25.0,transfer,CE-0012,CE-0011,7.0,2,7.0,1.0,79.329786
25.0,transfer,MG-0017,MG-0002,7.0,2,40.0,0.175,368.483804
25.0,transfer,MG-0028,MG-0022,7.0,2,28.0,0.25,439.361534
25.0,transfer,PA-0002,PA-0001,7.0,2,9.0,0.777778,101.414253
25.0,transfer,PE-0007,BA-0015,7.0,1,33.0,0.212121,214.50016
25.0,transfer,PI-0012,PI-0004,7.0,3,13.0,0.538462,436.318808
25.0,transfer,RS-0002,RS-0001,7.0,3,9.0,0.777778,64.506951
25.0,transfer,SE-0002,SE-0001,7.0,2,19.0,0.368421,61.463597
25.0,transfer,SP-0017,SP-0217,7.0,2,18.0,0.388889,46.374981
25.0,transfer,AL-0003,AL-0001,6.0,3,12.0,0.5,115.888824
25.0,transfer,AM-0002,AM-0001,6.0,2,8.0,0.75,521.868671
25.0,transfer,BA-0010,BA-0015,6.0,2,22.0,0.272727,250.773365
25.0,transfer,GO-0003,GO-0001,6.0,3,8.0,0.75,55.547581
25.0,transfer,GO-0004,GO-0001,6.0,2,8.0,0.75,128.513929
25.0,transfer,MA-0004,MA-0008,6.0,1,13.0,0.461538,46.474802
25.0,transfer,MA-0012,MA-0011,6.0,1,6.0,1.0,225.432219
25.0,transfer,MG-0015,MG-0002,6.0,2,28.0,0.214286,109.519724
25.0,transfer,MG-0028,MG-0006,6.0,2,28.0,0.214286,326.217031
25.0,transfer,PA-0012,PA-0001,6.0,2,98.0,0.061224,659.156159
25.0,transfer,PE-0007,PE-0009,6.0,2,33.0,0.181818,130.44145
25.0,transfer,PE-0009,PE-0008,6.0,1,13.0,0.461538,174.220071
25.0,transfer,PI-0012,PI-0010,6.0,1,13.0,0.461538,252.166737
25.0,transfer,SP-0224,SP-0217,6.0,2,8.0,0.75,100.065149
25.0,transfer,AL-0001,AL-0007,5.0,1,20.0,0.25,99.044882
25.0,transfer,BA-0020,BA-0001,5.0,2,29.0,0.172414,332.87194
25.0,transfer,BA-0026,BA-0025,5.0,1,12.0,0.416667,165.590207
25.0,transfer,BA-0028,BA-0015,5.0,2,10.0,0.5,137.061595
25.0,transfer,CE-0011,CE-0001,5.0,2,7.0,0.714286,202.720987
25.0,transfer,GO-0013,GO-0001,5.0,2,8.0,0.625,387.55278
25.0,transfer,MA-0005,MA-2105,5.0,1,15.0,0.333333,40.760269
25.0,transfer,MG-0021,MG-0010,5.0,2,5.0,1.0,72.15464
25.0,transfer,MT-0012,MT-0002,5.0,2,9.0,0.555556,200.973124
25.0,transfer,MT-0013,MT-0001,5.0,2,5.0,1.0,121.597182
25.0,transfer,PA-0005,PA-0011,5.0,1,23.0,0.217391,205.332494
25.0,transfer,PE-0011,PE-0001,5.0,2,17.0,0.294118,374.721236
25.0,transfer,PE-0011,PE-0004,5.0,1,17.0,0.294118,257.200364
25.0,transfer,PI-0001,PI-0004,5.0,2,5.0,1.0,266.693139
25.0,transfer,PI-0013,PI-0004,5.0,2,21.0,0.238095,473.596365
25.0,transfer,PI-0015,PI-0010,5.0,1,5.0,1.0,172.028333
25.0,transfer,PR-0005,PR-0002,5.0,2,42.0,0.119048,221.197368
25.0,transfer,PR-0019,PR-0016,5.0,2,21.0,0.238095,161.108381
25.0,transfer,RN-0002,RN-0007,5.0,1,8.0,0.625,248.408506
25.0,transfer,SC-0005,SC-0001,5.0,2,5.0,1.0,34.448215
25.0,transfer,SC-0010,SC-0001,5.0,1,13.0,0.384615,76.629345
25.0,transfer,SC-0010,SC-0015,5.0,2,13.0,0.384615,236.883267
25.0,transfer,SP-0002,SP-0202,5.0,1,5.0,1.0,104.262983
25.0,transfer,AL-0003,AL-0008,4.0,2,12.0,0.333333,73.099012
25.0,transfer,AL-0009,AL-0003,4.0,1,4.0,1.0,45.440682
25.0,transfer,AM-0009,AM-0001,4.0,2,6.0,0.666667,553.572164
25.0,transfer,AM-0010,AM-0001,4.0,2,4.0,1.0,151.372505
25.0,transfer,BA-0004,BA-0001,4.0,2,4.0,1.0,89.438496
25.0,transfer,BA-0007,BA-0006,4.0,2,8.0,0.5,43.338578
25.0,transfer,BA-0012,BA-0018,4.0,2,29.0,0.137931,212.466306
25.0,transfer,BA-0020,BA-0018,4.0,2,29.0,0.137931,297.910823
25.0,transfer,BA-0026,BA-0001,4.0,2,12.0,0.333333,576.717326
25.0,transfer,CE-0010,CE-0001,4.0,1,8.0,0.5,237.692149
25.0,transfer,CE-0010,CE-0008,4.0,2,8.0,0.5,134.355197
25.0,transfer,ES-0001,ES-0002,4.0,2,48.0,0.083333,102.245968
25.0,transfer,MA-0003,MA-0001,4.0,2,4.0,1.0,139.491571
25.0,transfer,MA-0004,MA-0001,4.0,2,13.0,0.307692,194.356308
25.0,transfer,MA-0005,MA-0001,4.0,2,15.0,0.266667,217.145137
25.0,transfer,MA-0009,MA-0001,4.0,2,6.0,0.666667,161.792539
25.0,transfer,MA-0017,MA-0001,4.0,2,6.0,0.666667,235.983638
25.0,transfer,MG-0018,MG-0005,4.0,2,8.0,0.5,90.968668
25.0,transfer,MG-0024,MG-0002,4.0,2,36.0,0.111111,201.527099
25.0,transfer,MG-0029,MG-0006,4.0,2,9.0,0.444444,133.996243
25.0,transfer,MS-0010,MS-0001,4.0,2,4.0,1.0,232.415002
25.0,transfer,MT-0008,MT-0001,4.0,1,10.0,0.4,414.026333
25.0,transfer,MT-0008,MT-0003,4.0,2,10.0,0.4,80.734807
25.0,transfer,MT-5114,MT-0001,4.0,1,4.0,1.0,368.628136
25.0,transfer,PA-0005,PA-0003,4.0,2,23.0,0.173913,103.838814
25.0,transfer,PE-0001,PE-0004,4.0,1,31.0,0.129032,120.3963
25.0,transfer,PE-0005,PE-0001,4.0,2,25.0,0.16,168.618439
25.0,transfer,PE-0005,PE-0006,4.0,2,25.0,0.16,134.32026
25.0,transfer,PI-0003,PI-0004,4.0,2,7.0,0.571429,166.265876
25.0,transfer,PR-0014,PR-0016,4.0,1,9.0,0.444444,109.226812
25.0,transfer,PR-0018,PR-0017,4.0,2,6.0,0.666667,69.080834
25.0,transfer,RJ-0053,RJ-0003,4.0,2,4.0,1.0,100.025053
25.0,transfer,RN-0004,RN-0007,4.0,2,6.0,0.666667,188.138385
25.0,transfer,SC-0016,SC-0022,4.0,1,4.0,1.0,147.75059
25.0,transfer,SP-0005,SP-0205,4.0,2,4.0,1.0,41.228462
25.0,transfer,AL-0001,AL-0002,3.0,1,20.0,0.15,41.214386
25.0,transfer,AM-0005,PR-0002,3.0,1,12.0,0.25,2653.64725
25.0,transfer,BA-0010,BA-0001,3.0,1,22.0,0.136364,397.406572
25.0,transfer,BA-0014,BA-0001,3.0,1,10.0,0.3,315.808242
25.0,transfer,BA-0015,PE-0008,3.0,1,7.0,0.428571,275.395539
25.0,transfer,BA-0021,BA-0001,3.0,1,3.0,1.0,409.481412
25.0,transfer,BA-0023,BA-0019,3.0,1,7.0,0.428571,162.426159
25.0,transfer,BA-0026,BA-0024,3.0,1,12.0,0.25,195.373051
25.0,transfer,BA-0028,PE-0008,3.0,1,10.0,0.3,123.489699
25.0,transfer,BA-0030,BA-0020,3.0,1,5.0,0.6,218.993005
25.0,transfer,CE-0004,CE-0001,3.0,1,5.0,0.6,76.804804
25.0,transfer,CE-0017,CE-0021,3.0,1,3.0,1.0,74.749071
25.0,transfer,GO-0006,GO-0007,3.0,1,59.0,0.050847,137.111305
25.0,transfer,GO-0013,GO-0003,3.0,1,8.0,0.375,361.80816
25.0,transfer,GO-0018,GO-0002,3.0,1,37.0,0.081081,92.811936
25.0,transfer,MA-0004,MA-0009,3.0,1,13.0,0.230769,149.712526
25.0,transfer,MA-0011,MA-0001,3.0,1,5.0,0.6,490.466849
25.0,transfer,MA-0015,MA-0001,3.0,1,5.0,0.6,230.113701
25.0,transfer,MG-0028,MG-0002,3.0,1,28.0,0.107143,502.552449
25.0,transfer,MS-0007,MS-0001,3.0,1,3.0,1.0,303.876111
25.0,transfer,MT-0016,MT-0001,3.0,1,6.0,0.5,734.487901
25.0,transfer,MT-0016,MT-0003,3.0,1,6.0,0.5,313.529953
25.0,transfer,PB-0002,PB-0001,3.0,1,3.0,1.0,89.920681
25.0,transfer,PE-0004,PE-0010,3.0,1,44.0,0.068182,128.231073
25.0,transfer,PE-0011,PE-0010,3.0,1,17.0,0.176471,77.178147
25.0,transfer,PR-0010,PR-0002,3.0,1,20.0,0.15,425.828268
25.0,transfer,PR-0021,PR-0003,3.0,1,5.0,0.6,95.547223
25.0,transfer,SC-0010,SC-0018,3.0,1,13.0,0.230769,395.78826
25.0,transfer,SE-0001,SE-0008,3.0,1,3.0,1.0,33.634684
25.0,transfer,SE-0008,SE-0001,3.0,1,3.0,1.0,51.732505
25.0,transfer,SP-0206,SP-0202,3.0,1,81.0,0.037037,44.370421
25.0,transfer,SP-0207,SP-0101,3.0,1,13.0,0.230769,87.012889
25.0,transfer,SP-0215,SP-0210,3.0,1,39.0,0.076923,26.450482
25.0,transfer,SP-0221,SP-0201,3.0,1,15.0,0.2,33.037462
25.0,transfer,AL-0003,AL-0007,2.0,1,12.0,0.166667,85.459681
25.0,transfer,AM-0001,ES-0001,2.0,1,9.0,0.222222,2867.165235
25.0,transfer,AM-0003,AC-0001,2.0,1,2.0,1.0,144.386155
25.0,transfer,AM-0004,AM-0008,2.0,1,2.0,1.0,41.779846
25.0,transfer,AM-0009,AM-0008,2.0,1,6.0,0.333333,89.574474
25.0,transfer,BA-0002,BA-0001,2.0,1,4.0,0.5,107.003789
25.0,transfer,BA-0002,BA-0018,2.0,1,4.0,0.5,84.44207
25.0,transfer,BA-0005,BA-0006,2.0,1,4.0,0.5,157.673292
25.0,transfer,BA-0005,BA-0013,2.0,1,4.0,0.5,101.897589
25.0,transfer,BA-0006,BA-0001,2.0,1,5.0,0.4,224.170031
25.0,transfer,BA-0007,BA-0001,2.0,1,8.0,0.25,217.285071
25.0,transfer,BA-0007,BA-0018,2.0,1,8.0,0.25,364.875521
25.0,transfer,BA-0009,BA-0006,2.0,1,15.0,0.133333,255.888321
25.0,transfer,BA-0009,BA-0008,2.0,1,15.0,0.133333,181.604884
25.0,transfer,BA-0010,BA-0003,2.0,1,22.0,0.090909,330.093092
25.0,transfer,BA-0010,BA-0016,2.0,1,22.0,0.090909,345.188671
25.0,transfer,BA-0011,BA-0001,2.0,1,2.0,1.0,253.477969
25.0,transfer,BA-0012,BA-0002,2.0,1,29.0,0.068966,68.480216
25.0,transfer,BA-0012,PE-0008,2.0,1,29.0,0.068966,179.09677
25.0,transfer,BA-0017,BA-0001,2.0,1,2.0,1.0,226.367711
25.0,transfer,BA-0018,BA-0001,2.0,1,4.0,0.5,228.775731
25.0,transfer,BA-0018,BA-0027,2.0,1,4.0,0.5,151.049078
25.0,transfer,BA-0019,BA-0001,2.0,1,16.0,0.125,427.082285
25.0,transfer,BA-0020,BA-0024,2.0,1,29.0,0.068966,119.036683
25.0,transfer,BA-0022,BA-0019,2.0,1,2.0,1.0,248.00461
25.0,transfer,BA-0023,BA-0018,2.0,1,7.0,0.285714,251.953599
25.0,transfer,BA-0023,BA-0020,2.0,1,7.0,0.285714,249.347561
25.0,transfer,BA-0024,BA-0020,2.0,1,11.0,0.181818,264.49798
25.0,transfer,BA-0027,BA-0001,2.0,1,10.0,0.2,375.256597
25.0,transfer,BA-0028,BA-0001,2.0,1,10.0,0.2,285.505726
25.0,transfer,BA-0030,BA-0001,2.0,1,5.0,0.4,523.886135
25.0,transfer,BA-0031,BA-0004,2.0,1,2.0,1.0,39.808694
25.0,transfer,CE-0002,CE-0008,2.0,1,2.0,1.0,154.511842
25.0,transfer,CE-0003,CE-0008,2.0,1,2.0,1.0,158.757834
25.0,transfer,CE-0004,CE-0008,2.0,1,5.0,0.4,103.799454
25.0,transfer,CE-0005,CE-0008,2.0,1,2.0,1.0,91.451086
25.0,transfer,CE-0015,CE-0011,2.0,1,2.0,1.0,115.81207
25.0,transfer,CE-0016,CE-0011,2.0,1,2.0,1.0,103.1659
25.0,transfer,CE-0019,CE-0021,2.0,1,2.0,1.0,47.404894
25.0,transfer,CE-0020,CE-0021,2.0,1,2.0,1.0,119.118759
25.0,transfer,GO-0001,GO-0006,2.0,1,13.0,0.153846,125.230466
25.0,transfer,GO-0002,DF-0006,2.0,1,86.0,0.023256,250.997055
25.0,transfer,GO-0004,GO-0003,2.0,1,8.0,0.25,110.722793
25.0,transfer,GO-0007,GO-0006,2.0,1,14.0,0.142857,160.69957
25.0,transfer,GO-0009,GO-0022,2.0,1,2.0,1.0,84.576287
25.0,transfer,GO-0015,GO-0014,2.0,1,15.0,0.133333,160.808413
25.0,transfer,GO-0017,GO-0001,2.0,1,2.0,1.0,483.755248
25.0,transfer,GO-0022,GO-0001,2.0,1,2.0,1.0,110.01763
25.0,transfer,MA-0001,MA-0017,2.0,1,2.0,1.0,194.741975
25.0,transfer,MA-0009,MA-0008,2.0,1,6.0,0.333333,53.018611
25.0,transfer,MA-0013,PI-0004,2.0,1,11.0,0.181818,125.751539
25.0,transfer,MA-0014,MA-0001,2.0,1,8.0,0.25,307.352399
25.0,transfer,MA-0014,MA-0016,2.0,1,8.0,0.25,87.736104
25.0,transfer,MA-0017,MA-0015,2.0,1,6.0,0.333333,53.537125
25.0,transfer,MA-2109,MA-0006,2.0,1,2.0,1.0,180.112777
25.0,transfer,MG-0005,MG-0020,2.0,1,4.0,0.5,65.150873
25.0,transfer,MG-0006,MG-0002,2.0,1,62.0,0.032258,355.7833
25.0,transfer,MG-0007,MG-0002,2.0,1,6.0,0.333333,311.385923
25.0,transfer,MG-0007,MG-0022,2.0,1,6.0,0.333333,263.798915
25.0,transfer,MG-0011,MG-0022,2.0,1,7.0,0.285714,177.587615
25.0,transfer,MG-0014,MG-0002,2.0,1,2.0,1.0,58.812422
25.0,transfer,MG-0016,MG-0002,2.0,1,18.0,0.111111,248.358417
25.0,transfer,MG-0024,MG-0005,2.0,1,36.0,0.055556,173.738007
25.0,transfer,MG-0024,MG-0008,2.0,1,36.0,0.055556,104.744062
25.0,transfer,MS-0002,MS-0001,2.0,1,4.0,0.5,197.849889
25.0,transfer,MS-0002,MS-0003,2.0,1,4.0,0.5,101.538159
25.0,transfer,MS-0003,MS-0002,2.0,1,5.0,0.4,133.000368
25.0,transfer,MS-0005,MS-0001,2.0,1,2.0,1.0,96.79683
25.0,transfer,MS-0006,MS-0002,2.0,1,2.0,1.0,153.408523
25.0,transfer,MT-0009,MT-0001,2.0,1,16.0,0.125,545.287892
25.0,transfer,MT-0010,MT-0001,2.0,1,4.0,0.5,478.174829
25.0,transfer,MT-0010,MT-0009,2.0,1,4.0,0.5,137.11317
25.0,transfer,MT-0012,MT-0001,2.0,1,9.0,0.222222,350.240113
25.0,transfer,PA-0002,PA-0006,2.0,1,9.0,0.222222,103.780105
25.0,transfer,PA-0003,PA-0005,2.0,1,2.0,1.0,257.736825
25.0,transfer,PA-0004,PA-0005,2.0,1,28.0,0.071429,242.044543
25.0,transfer,PB-0005,PB-0003,2.0,1,2.0,1.0,117.069107
25.0,transfer,PB-0008,PB-0010,2.0,1,2.0,1.0,51.049351
25.0,transfer,PE-0001,PE-0006,2.0,1,31.0,0.064516,31.690414
25.0,transfer,PE-0002,PE-0001,2.0,1,2.0,1.0,67.037223
25.0,transfer,PE-0003,PE-0001,2.0,1,6.0,0.333333,56.24305
25.0,transfer,PE-0004,PE-0002,2.0,1,44.0,0.045455,53.250279
25.0,transfer,PE-0004,PE-0006,2.0,1,44.0,0.045455,41.241275
25.0,transfer,PE-0007,PE-0001,2.0,1,33.0,0.060606,465.25682
25.0,transfer,PE-0007,PE-0004,2.0,1,33.0,0.060606,346.126641
25.0,transfer,PI-0002,PI-0003,2.0,1,4.0,0.5,57.730755
25.0,transfer,PI-0002,PI-0004,2.0,1,4.0,0.5,109.417437
25.0,transfer,PI-0005,PI-0004,2.0,1,2.0,1.0,74.330136
25.0,transfer,PI-0008,PI-0004,2.0,1,2.0,1.0,223.39689
25.0,transfer,PI-0011,PI-0008,2.0,1,2.0,1.0,150.239154
25.0,transfer,PI-0014,PI-0013,2.0,1,2.0,1.0,107.795877
25.0,transfer,PI-0017,PI-0009,2.0,1,2.0,1.0,123.609555
25.0,transfer,PR-0008,PR-0007,2.0,1,19.0,0.105263,66.617096
25.0,transfer,PR-0011,PR-0002,2.0,1,4.0,0.5,350.94423
25.0,transfer,PR-0018,PR-0016,2.0,1,6.0,0.333333,156.391131
25.0,transfer,PR-0020,PR-0010,2.0,1,8.0,0.25,84.537564
25.0,transfer,PR-0021,PR-0002,2.0,1,5.0,0.4,167.140622
25.0,transfer,RJ-0001,RJ-0033,2.0,1,2.0,1.0,206.464285
25.0,transfer,RJ-0207,RJ-0019,2.0,1,2.0,1.0,98.212425
25.0,transfer,RN-0008,RN-0002,2.0,1,2.0,1.0,66.480093
25.0,transfer,RS-0001,RS-0006,2.0,1,12.0,0.166667,41.669457
25.0,transfer,RS-0001,RS-0008,2.0,1,12.0,0.166667,229.991502
25.0,transfer,RS-0004,RS-0001,2.0,1,21.0,0.095238,244.814429
25.0,transfer,RS-0004,RS-0006,2.0,1,21.0,0.095238,261.409169
25.0,transfer,RS-0004,RS-0017,2.0,1,21.0,0.095238,148.962542
25.0,transfer,RS-0007,RS-0043,2.0,1,2.0,1.0,174.794226
25.0,transfer,RS-0008,RS-0013,2.0,1,2.0,1.0,43.915578
25.0,transfer,RS-0011,RS-0006,2.0,1,2.0,1.0,70.46028
25.0,transfer,RS-0016,RS-0010,2.0,1,2.0,1.0,436.855637
25.0,transfer,RS-0019,RS-0006,2.0,1,2.0,1.0,174.518033
25.0,transfer,SC-0014,SC-0006,2.0,1,2.0,1.0,78.67852
25.0,transfer,SC-0022,SC-0018,2.0,1,2.0,1.0,146.610949
25.0,transfer,SC-0025,SC-0011,2.0,1,2.0,1.0,32.193889
25.0,transfer,SE-0004,SE-0001,2.0,1,4.0,0.5,118.119767
25.0,transfer,SE-0004,SE-0008,2.0,1,4.0,0.5,85.815193
25.0,transfer,SP-0013,SP-0208,2.0,1,2.0,1.0,46.207626
25.0,transfer,SP-0017,SP-0224,2.0,1,18.0,0.111111,35.58329
25.0,transfer,SP-0103,SP-0101,2.0,1,2.0,1.0,35.976558
25.0,transfer,SP-0209,SP-0216,2.0,1,47.0,0.042553,60.32366
25.0,transfer,SP-0213,SP-0218,2.0,1,34.0,0.058824,41.332908
25.0,transfer,SP-0215,SP-0005,2.0,1,39.0,0.051282,90.708998
25.0,transfer,SP-0215,SP-0216,2.0,1,39.0,0.051282,253.522926
25.0,transfer,SP-0216,SP-0201,2.0,1,70.0,0.028571,236.692979
25.0,transfer,SP-0217,SP-0224,2.0,1,38.0,0.052632,27.103737
25.0,transfer,SP-0219,SP-0204,2.0,1,2.0,1.0,32.969129
25.0,transfer,SP-0220,SP-0213,2.0,1,2.0,1.0,93.713405
25.0,transfer,SP-0224,SP-3517,2.0,1,8.0,0.25,45.160135
50.0,residence,PE-0004,PE-0001,19154.0,569,25284.0,0.757554,130.957414
50.0,residence,PE-0002,PE-0001,15987.0,429,17091.0,0.935405,69.161266
50.0,residence,PE-0003,PE-0001,13227.0,388,14794.0,0.894079,85.177598
50.0,residence,GO-0018,DF-0006,8803.0,52,12810.0,0.687198,62.498042
50.0,residence,BA-0003,BA-0001,8064.0,346,10512.0,0.767123,111.358878
50.0,residence,BA-0012,BA-0001,7268.0,329,11494.0,0.63233,218.413369
50.0,residence,RN-0003,RN-0007,7215.0,224,7895.0,0.91387,92.237709
50.0,residence,PE-0005,PE-0001,6760.0,266,11319.0,0.597226,206.402987
50.0,residence,PA-0002,PA-0001,6633.0,121,6965.0,0.952333,83.071351
50.0,residence,RN-0001,RN-0007,6470.0,217,7000.0,0.924286,67.325518
50.0,residence,MG-0015,MG-0002,6256.0,340,14099.0,0.443719,118.632503
50.0,residence,SP-0211,SP-0216,6076.0,69,8153.0,0.745247,78.63885
50.0,residence,CE-0002,CE-0001,6041.0,161,7569.0,0.798124,83.400014
50.0,residence,PA-0003,PA-0001,6023.0,140,8279.0,0.727503,85.557454
50.0,residence,PA-0005,PA-0001,6012.0,176,13545.0,0.443854,156.267915
50.0,residence,BA-0002,BA-0001,5930.0,255,7903.0,0.750348,110.684646
50.0,residence,RS-0018,RS-0001,5752.0,179,7231.0,0.795464,103.193669
50.0,residence,RS-0002,RS-0001,5351.0,204,6413.0,0.834399,82.001261
50.0,residence,PA-0004,PA-0001,5283.0,182,11055.0,0.477883,176.52319
50.0,residence,PR-0001,PR-0002,5166.0,96,5231.0,0.987574,78.559601
50.0,residence,MG-0030,MG-0006,5066.0,109,10008.0,0.506195,144.372793
50.0,residence,MG-0014,MG-0002,5000.0,245,9795.0,0.510465,120.700474
50.0,residence,PE-0006,PE-0001,4846.0,178,9350.0,0.518289,283.326835
50.0,residence,PR-0003,PR-0002,4763.0,105,8238.0,0.578174,94.965929
50.0,residence,PB-0002,PB-0001,4661.0,226,5283.0,0.882264,85.047574
50.0,residence,CE-0010,CE-0001,4563.0,174,6020.0,0.757973,197.504877
50.0,residence,CE-0008,CE-0001,4425.0,145,6236.0,0.709589,186.664933
50.0,residence,CE-0013,CE-0011,4353.0,40,6068.0,0.71737,82.093953
50.0,residence,CE-0012,CE-0011,4294.0,31,5296.0,0.810801,77.768296
50.0,residence,CE-0009,CE-0001,4292.0,99,5952.0,0.721102,143.392406
50.0,residence,GO-0009,GO-0001,4220.0,194,5887.0,0.716834,151.794037
50.0,residence,PI-0006,PI-0004,4209.0,165,4461.0,0.94351,103.192693
50.0,residence,PE-0012,PE-0001,4206.0,117,4364.0,0.963795,76.102801
50.0,residence,PI-0005,PI-0004,4191.0,149,4831.0,0.867522,110.832661
50.0,residence,PA-0006,PA-0001,4176.0,76,7651.0,0.545811,102.785922
50.0,residence,PR-0020,PR-0010,3945.0,84,7403.0,0.532892,82.973293
50.0,residence,ES-0002,ES-0001,3890.0,197,7253.0,0.53633,118.782087
50.0,residence,MA-0003,MA-0001,3839.0,138,5067.0,0.757648,117.959516
50.0,residence,CE-0006,CE-0001,3785.0,101,3977.0,0.951722,120.352576
50.0,residence,RN-0005,RN-0007,3772.0,175,4429.0,0.85166,88.66089
50.0,residence,MG-0009,MG-0002,3639.0,179,4651.0,0.782412,99.88671
50.0,residence,GO-0018,GO-0001,3587.0,110,12810.0,0.280016,152.421578
50.0,residence,PR-0021,PR-0002,3535.0,79,4817.0,0.733859,173.581009
50.0,residence,GO-0007,GO-0001,3473.0,129,4631.0,0.749946,158.44565
50.0,residence,SE-0001,SE-0008,3468.0,64,4564.0,0.75986,76.777975
50.0,residence,GO-0002,DF-0006,3279.0,75,6657.0,0.492564,93.67514
50.0,residence,PI-0002,PI-0004,3279.0,121,5001.0,0.655669,134.572706
50.0,residence,PA-0011,PA-0001,3278.0,138,31488.0,0.104103,442.520861
50.0,residence,BA-0016,BA-0001,3234.0,186,6269.0,0.515872,295.762389
50.0,residence,RN-0004,RN-0007,3191.0,162,4339.0,0.735423,182.760022
50.0,residence,CE-0007,CE-0001,3181.0,80,3485.0,0.912769,119.04123
50.0,residence,AM-0007,AM-0001,3175.0,122,6819.0,0.465611,119.637821
50.0,residence,PR-0019,PR-0017,3129.0,97,7529.0,0.415593,125.015445
50.0,residence,GO-0006,GO-0001,3063.0,133,4289.0,0.714152,161.927196
50.0,residence,CE-0004,CE-0001,3062.0,121,3299.0,0.92816,84.11366
50.0,residence,MG-0004,MG-0002,3044.0,207,9397.0,0.323933,245.671982
50.0,residence,PE-0005,PE-0004,2951.0,69,11319.0,0.260712,97.59681
50.0,residence,ES-0004,ES-0001,2895.0,97,9148.0,0.316463,156.200072
50.0,residence,SE-0004,SE-0008,2895.0,63,4478.0,0.646494,111.47074
50.0,residence,GO-0002,GO-0001,2854.0,124,6657.0,0.428722,300.91398
50.0,residence,ES-0003,ES-0001,2848.0,154,9623.0,0.295958,139.281652
50.0,residence,BA-0012,BA-0002,2832.0,83,11494.0,0.246389,112.437771
50.0,residence,BA-0021,BA-0001,2815.0,184,5686.0,0.495076,413.001204
50.0,residence,CE-0015,CE-0011,2696.0,41,3790.0,0.711346,156.23981
50.0,residence,AL-0003,AL-0001,2680.0,101,4223.0,0.63462,112.566045
50.0,residence,CE-0005,CE-0001,2679.0,77,4175.0,0.641677,146.894015
50.0,residence,BA-0031,BA-0001,2668.0,154,3447.0,0.774006,77.480262
50.0,residence,BA-0015,PE-0008,2662.0,26,6937.0,0.383739,140.767674
50.0,residence,BA-0004,BA-0001,2648.0,159,3822.0,0.692831,82.336924
50.0,residence,BA-0014,BA-0020,2639.0,70,3643.0,0.724403,89.561846
50.0,residence,MA-0007,MA-0001,2624.0,121,4070.0,0.644717,110.165273
50.0,residence,PR-0014,PR-0015,2622.0,101,6145.0,0.426688,94.21725
50.0,residence,PA-0007,PA-0001,2606.0,100,3748.0,0.695304,96.161818
50.0,residence,MA-0010,MA-0011,2601.0,32,4123.0,0.630851,112.333619
50.0,residence,ES-0001,ES-0003,2595.0,53,36552.0,0.070995,77.404903
50.0,residence,ES-0004,ES-0003,2587.0,19,9148.0,0.282794,116.58995
50.0,residence,MG-0003,MG-0002,2553.0,130,4611.0,0.553676,93.647681
50.0,residence,SP-0216,SP-0206,2516.0,70,18122.0,0.138837,157.99054
50.0,residence,MS-0010,MS-0001,2485.0,40,2655.0,0.93597,208.33495
50.0,residence,BA-0011,BA-0001,2434.0,167,4716.0,0.516115,235.300059
50.0,residence,BA-0018,BA-0001,2427.0,156,5086.0,0.477192,239.199325
50.0,residence,PE-0011,PE-0001,2401.0,100,4495.0,0.534149,376.974223
50.0,residence,GO-0010,GO-0001,2397.0,167,2795.0,0.857603,232.750906
50.0,residence,SP-0216,SP-0101,2381.0,170,18122.0,0.131387,117.794731
50.0,residence,CE-0016,CE-0011,2323.0,20,2661.0,0.87298,92.227375
50.0,residence,PI-0003,PI-0004,2310.0,68,2927.0,0.789204,162.398738
50.0,residence,PB-0004,PB-0003,2308.0,87,2397.0,0.96287,76.246828
50.0,residence,RS-0003,RS-0043,2297.0,49,7055.0,0.325585,83.800516
50.0,residence,MG-0024,MG-0018,2295.0,51,6419.0,0.357532,95.990247
50.0,residence,PR-0018,PR-0017,2281.0,69,4384.0,0.520301,73.448912
50.0,residence,GO-0015,GO-0001,2245.0,154,3334.0,0.673365,175.293874
50.0,residence,MA-0006,MA-0001,2231.0,132,3501.0,0.637247,102.889444
50.0,residence,MA-0004,MA-0001,2205.0,102,4554.0,0.48419,208.750963
50.0,residence,PE-0010,PE-0001,2192.0,113,4100.0,0.534634,287.153386
50.0,residence,MA-0002,MA-0001,2172.0,86,2650.0,0.819623,77.899031
50.0,residence,MT-0014,MT-5114,2170.0,13,5004.0,0.433653,117.307164
50.0,residence,RN-0006,RN-0002,2132.0,119,3269.0,0.652187,133.034103
50.0,residence,SE-0005,SE-0008,2127.0,71,2192.0,0.970347,73.746274
50.0,residence,PR-0004,PR-0002,2095.0,74,3513.0,0.596356,143.247489
50.0,residence,MS-0005,MS-0001,2080.0,35,2981.0,0.697752,148.887176
50.0,residence,PA-0013,PA-0001,2049.0,66,2481.0,0.825877,166.378154
50.0,residence,PI-0009,PI-0004,2013.0,98,2501.0,0.804878,267.636018
50.0,residence,BA-0013,BA-0001,2010.0,119,12470.0,0.161187,192.756777
50.0,residence,BA-0019,BA-0020,1998.0,69,7401.0,0.269964,131.378859
50.0,residence,BA-0005,BA-0001,1993.0,114,3967.0,0.502395,108.270207
50.0,residence,PR-0006,PR-0002,1946.0,75,2504.0,0.777157,179.289222
50.0,residence,GO-0014,GO-0001,1940.0,99,3322.0,0.583986,324.339868
50.0,residence,SE-0006,SE-0008,1933.0,28,2198.0,0.879436,98.245217
50.0,residence,MG-0019,MG-0017,1910.0,68,4998.0,0.382153,189.534573
50.0,residence,BA-0029,BA-0001,1901.0,138,3219.0,0.590556,121.971954
50.0,residence,MA-0009,MA-0001,1863.0,110,5242.0,0.355399,182.889205
50.0,residence,GO-0003,GO-0001,1816.0,73,3617.0,0.502074,67.448357
50.0,residence,AC-0002,AC-0001,1802.0,28,5153.0,0.349699,283.798791
50.0,residence,PR-0005,PR-0002,1795.0,93,7311.0,0.24552,230.68979
50.0,residence,TO-0002,TO-0001,1794.0,64,6464.0,0.277537,192.566731
50.0,residence,RN-0008,RN-0002,1792.0,11,2261.0,0.79257,56.666272
50.0,residence,PB-0012,PB-0001,1783.0,83,1889.0,0.943886,63.822868
50.0,residence,SP-0203,SP-0213,1780.0,23,5044.0,0.352895,86.107221
50.0,residence,GO-0004,GO-0001,1769.0,142,3869.0,0.457224,157.405871
50.0,residence,RN-0002,RN-0007,1753.0,86,7096.0,0.247041,231.842222
50.0,residence,PB-0005,PB-0003,1740.0,90,1954.0,0.890481,119.120526
50.0,residence,AM-0008,AM-0001,1739.0,69,6984.0,0.248998,196.376419
50.0,residence,BA-0026,BA-0025,1728.0,16,6777.0,0.25498,173.996541
50.0,residence,PE-0006,PE-0004,1723.0,47,9350.0,0.184278,171.486416
50.0,residence,PA-0005,PA-0003,1713.0,29,13545.0,0.126467,130.438737
50.0,residence,PI-0007,PI-0004,1708.0,90,2628.0,0.649924,171.370819
50.0,residence,SP-0207,SP-0101,1697.0,129,5129.0,0.330864,83.055066
50.0,residence,TO-0001,TO-0003,1674.0,25,12047.0,0.138956,115.557881
50.0,residence,MG-0026,MG-0012,1673.0,21,2430.0,0.688477,152.706796
50.0,residence,MT-0005,MT-0001,1653.0,63,5661.0,0.291998,242.445226
50.0,residence,MS-0009,MS-0001,1640.0,34,3642.0,0.450302,222.84459
50.0,residence,PR-0008,PR-0010,1635.0,42,6615.0,0.247166,103.595727
50.0,residence,PA-0008,PA-0001,1633.0,78,12135.0,0.134569,243.100371
50.0,residence,RS-0015,RS-0006,1624.0,53,2647.0,0.613525,86.390544
50.0,residence,BA-0028,PE-0008,1597.0,21,7105.0,0.224771,129.15357
50.0,residence,MA-0008,MA-0001,1583.0,74,4845.0,0.326729,212.065987
50.0,residence,PR-0011,PR-0010,1581.0,30,5410.0,0.292237,100.054626
50.0,residence,MS-0003,MS-0002,1575.0,33,3683.0,0.427641,105.492803
50.0,residence,SP-0211,SP-0206,1570.0,28,8153.0,0.192567,117.36653
50.0,residence,SP-0209,SP-0206,1566.0,59,8140.0,0.192383,175.265401
50.0,residence,CE-0003,CE-0001,1553.0,62,1771.0,0.876906,61.154711
50.0,residence,GO-0022,GO-0001,1488.0,91,1519.0,0.979592,123.28908
50.0,residence,CE-0018,CE-0021,1474.0,19,3621.0,0.40707,117.236856
50.0,residence,BA-0027,BA-0001,1455.0,109,2824.0,0.515227,362.848708
50.0,residence,MS-0008,MS-0001,1453.0,26,2291.0,0.634221,286.431924
50.0,residence,MA-0005,MA-0001,1443.0,71,2667.0,0.541057,184.45926
50.0,residence,PE-0009,PE-0001,1425.0,60,5630.0,0.253108,585.99517
50.0,residence,AL-0005,AL-0001,1412.0,43,1544.0,0.914508,70.145663
50.0,residence,CE-0020,CE-0021,1409.0,19,1909.0,0.738083,80.20773
50.0,residence,SE-0002,SE-0008,1398.0,45,1537.0,0.909564,70.079631
50.0,residence,PR-0009,PR-0010,1389.0,24,2355.0,0.589809,80.537562
50.0,residence,PR-0005,PR-0010,1386.0,31,7311.0,0.189577,136.30585
50.0,residence,SP-0219,SP-0204,1358.0,7,2328.0,0.583333,54.298464
50.0,residence,AM-0005,AM-0001,1334.0,62,8175.0,0.16318,331.875359
50.0,residence,RS-0019,RS-0006,1320.0,45,2822.0,0.467753,132.412043
50.0,residence,MG-0028,DF-0006,1298.0,59,4345.0,0.298734,154.057973
50.0,residence,PI-0016,PI-0009,1271.0,27,2127.0,0.597555,79.359042
50.0,residence,ES-0001,ES-0002,1270.0,73,36552.0,0.034745,94.107419
50.0,residence,MG-0029,MG-0006,1270.0,35,2437.0,0.521133,137.910872
50.0,residence,MT-0013,MT-0001,1253.0,49,4340.0,0.28871,144.857827
50.0,residence,SP-0208,SP-0213,1238.0,24,3345.0,0.370105,78.795229
50.0,residence,MA-0016,MA-0011,1237.0,24,5274.0,0.234547,173.855833
50.0,residence,AL-0002,AL-0001,1233.0,62,1762.0,0.699773,81.11415
50.0,residence,MG-0016,MG-0002,1233.0,104,4672.0,0.263913,242.697514
50.0,residence,MG-0027,MG-0018,1233.0,29,1817.0,0.678591,68.534831
50.0,residence,PB-0007,PB-0006,1199.0,43,2072.0,0.578668,101.150799
50.0,residence,CE-0019,CE-0021,1196.0,13,1671.0,0.715739,61.260276
50.0,residence,PA-0004,PA-0003,1196.0,39,11055.0,0.108186,94.787618
50.0,residence,PI-0001,PI-0004,1194.0,39,2622.0,0.455378,256.296538
50.0,residence,BA-0028,BA-0001,1186.0,73,7105.0,0.166925,334.668994
50.0,residence,RS-0016,RS-0001,1184.0,83,1472.0,0.804348,91.283217
50.0,residence,CE-0010,CE-0008,1181.0,11,6020.0,0.196179,126.519507
50.0,residence,PE-0008,PE-0001,1180.0,38,4509.0,0.261699,616.608179
50.0,residence,MG-0023,MG-0002,1177.0,93,3343.0,0.352079,166.187453
50.0,residence,SP-0224,SP-0217,1176.0,13,1654.0,0.711004,75.692902
50.0,residence,BA-0015,BA-0001,1173.0,73,6937.0,0.169093,450.227308
50.0,residence,CE-0017,CE-0021,1172.0,14,2225.0,0.526742,87.31128
50.0,residence,MT-0012,MT-0002,1163.0,16,3861.0,0.301217,240.531156
50.0,residence,PR-0013,PR-0015,1162.0,39,2039.0,0.569887,79.277248
50.0,residence,MG-0018,MG-0005,1148.0,78,2336.0,0.491438,79.760464
50.0,residence,SP-0204,SP-0101,1135.0,42,2263.0,0.501547,60.371024
50.0,residence,CE-0014,CE-0001,1132.0,38,1420.0,0.797183,329.956433
50.0,residence,SC-0007,SC-0018,1127.0,47,1849.0,0.609519,89.340308
50.0,residence,ES-3203,ES-0004,1122.0,2,1607.0,0.698195,63.630853
50.0,residence,CE-0018,CE-0001,1119.0,70,3621.0,0.309031,291.523491
50.0,residence,BA-0017,BA-0001,1114.0,76,2466.0,0.451744,229.365754
50.0,residence,BA-0022,BA-0025,1093.0,10,3517.0,0.310776,222.228429
50.0,residence,SE-0004,SE-0002,1091.0,15,4478.0,0.243636,85.49572
50.0,residence,MA-0013,MA-0014,1090.0,13,6135.0,0.177669,128.249066
50.0,residence,MS-0006,MS-0002,1086.0,36,2210.0,0.491403,141.795906
50.0,residence,PI-0011,PI-0010,1083.0,14,4445.0,0.243645,177.99219
50.0,residence,PR-0022,PR-0016,1083.0,25,2515.0,0.430616,107.027404
50.0,residence,MG-0017,MG-0002,1060.0,89,7244.0,0.146328,372.940054
50.0,residence,SP-0217,SP-0101,1060.0,62,6417.0,0.165186,115.386233
50.0,residence,CE-0011,CE-0001,1057.0,74,7520.0,0.140559,199.297055
50.0,residence,BA-0025,BA-0001,1037.0,63,16943.0,0.061205,755.02563
50.0,residence,AL-0008,AL-0001,1028.0,45,1474.0,0.697422,113.920906
50.0,residence,BA-0007,BA-0006,1019.0,27,3234.0,0.31509,73.004256
50.0,residence,MS-0002,MS-0001,1010.0,20,1713.0,0.589609,155.276502
50.0,residence,CE-0015,CE-0001,1007.0,74,3790.0,0.265699,280.866321
50.0,residence,AL-0007,AL-0001,1004.0,40,1233.0,0.814274,94.584899
50.0,residence,MG-0006,MG-0002,1003.0,74,15707.0,0.063857,418.788041
50.0,residence,PA-0007,AP-0001,1002.0,10,3748.0,0.267343,65.428873
50.0,residence,GO-0004,GO-0003,995.0,40,3869.0,0.257172,122.440044
50.0,residence,SP-0217,SP-3517,994.0,19,6417.0,0.154901,75.485662
50.0,residence,MG-0024,MG-0002,992.0,90,6419.0,0.154541,209.741057
50.0,residence,MA-0017,MA-0001,974.0,51,5266.0,0.18496,202.230447
50.0,residence,AL-0010,AL-0001,967.0,42,2194.0,0.440747,131.930621
50.0,residence,SP-0214,SP-0207,961.0,27,3856.0,0.249222,96.077556
50.0,residence,PI-0014,PI-0013,953.0,12,2471.0,0.385674,125.595112
50.0,residence,PR-0021,PR-0003,952.0,23,4817.0,0.197633,99.612893
50.0,residence,MS-0007,MS-0001,951.0,25,7649.0,0.12433,241.704291
50.0,residence,SP-0017,SP-0217,949.0,19,1957.0,0.484926,90.707065
50.0,residence,CE-0009,CE-0008,947.0,10,5952.0,0.159106,90.532664
50.0,residence,PI-0008,PI-0004,944.0,49,1596.0,0.591479,233.78211
50.0,residence,MG-0021,MG-0022,930.0,18,3716.0,0.250269,64.672219
50.0,residence,AL-0010,AL-0003,929.0,3,2194.0,0.423428,65.973651
50.0,residence,GO-0013,GO-0001,928.0,72,1539.0,0.602989,376.600745
50.0,residence,GO-0014,GO-0015,926.0,10,3322.0,0.278748,179.23348
50.0,residence,SC-0025,SC-0011,916.0,4,1631.0,0.561619,56.812565
50.0,residence,BA-0024,BA-0030,907.0,10,2454.0,0.369601,70.881371
50.0,residence,SC-0014,SC-0018,900.0,53,2040.0,0.441176,91.231315
50.0,residence,MA-0004,PI-0001,897.0,21,4554.0,0.19697,86.198159
50.0,residence,PE-0003,PE-0006,888.0,43,14794.0,0.060024,73.204172
50.0,residence,PI-0015,PI-0010,887.0,5,2797.0,0.317125,214.898462
50.0,residence,MG-0019,MG-0002,885.0,83,4998.0,0.177071,505.502559
50.0,residence,RS-0005,RS-0001,885.0,67,4245.0,0.208481,105.231418
50.0,residence,SP-0101,SP-0217,880.0,8,3533.0,0.24908,140.216872
50.0,residence,PE-0008,BA-0015,872.0,16,4509.0,0.193391,113.239516
50.0,residence,PI-0011,PI-0004,861.0,58,4445.0,0.193701,350.7824
50.0,residence,PE-0007,PE-0001,859.0,42,2062.0,0.416586,461.215936
50.0,residence,PI-0010,PI-0004,858.0,58,3442.0,0.249274,246.35049
50.0,residence,SP-0221,SP-0217,854.0,7,1726.0,0.494786,89.034253
50.0,residence,MG-0007,MG-0002,848.0,55,4755.0,0.178339,301.409653
50.0,residence,CE-0013,CE-0001,845.0,61,6068.0,0.139255,278.622442
50.0,residence,BA-0029,BA-0004,844.0,14,3219.0,0.262193,57.265117
50.0,residence,AC-0003,AC-0002,842.0,4,3094.0,0.27214,153.502774
50.0,residence,CE-0012,CE-0001,831.0,57,5296.0,0.156911,196.995784
50.0,residence,RS-0008,RS-0001,830.0,52,2221.0,0.373706,179.324965
50.0,residence,PR-0018,PR-0016,829.0,24,4384.0,0.189097,98.356814
50.0,residence,PR-0019,PR-0016,826.0,30,7529.0,0.109709,154.72852
50.0,residence,SP-0212,SP-0101,823.0,70,3883.0,0.21195,131.332589
50.0,residence,BA-0018,BA-0002,815.0,33,5086.0,0.160244,180.520827
50.0,residence,ES-0003,ES-0004,815.0,11,9623.0,0.084693,81.780498
50.0,residence,MS-0004,MS-0002,811.0,23,1923.0,0.421737,127.809434
50.0,residence,MA-0011,MA-0001,809.0,43,4860.0,0.166461,315.929983
50.0,residence,RN-0006,RN-0007,806.0,74,3269.0,0.246559,329.226194
50.0,residence,PA-0010,PA-0001,805.0,36,14150.0,0.05689,573.198008
50.0,residence,PE-0004,PE-0006,801.0,46,25284.0,0.03168,102.458471
50.0,residence,PI-0016,PI-0004,800.0,55,2127.0,0.376117,326.0895
50.0,residence,MS-0004,PR-0010,790.0,9,1923.0,0.410816,203.422021
50.0,residence,MA-0015,MA-0001,788.0,62,2594.0,0.303778,250.958469
50.0,residence,MG-0021,MG-0010,787.0,22,3716.0,0.211787,71.211446
50.0,residence,SP-0218,SP-0213,780.0,8,816.0,0.955882,56.449517
50.0,residence,BA-0007,BA-0001,779.0,67,3234.0,0.240878,210.246002
50.0,residence,MG-0020,MG-0003,779.0,27,2031.0,0.383555,65.536354
50.0,residence,GO-0011,GO-0001,778.0,28,820.0,0.94878,74.844843
50.0,residence,PR-0004,PR-0003,777.0,25,3513.0,0.221178,77.096292
50.0,residence,PE-0009,PE-0008,772.0,26,5630.0,0.137123,184.703264
50.0,residence,SC-0001,SC-0010,771.0,25,1504.0,0.512633,85.878601
50.0,residence,BA-0028,BA-0015,769.0,24,7105.0,0.108234,124.341233
50.0,residence,BA-0024,BA-0020,768.0,55,2454.0,0.312958,189.642646
50.0,residence,SC-0015,SC-0018,768.0,35,3333.0,0.230423,148.528817
50.0,residence,MA-0012,MA-0011,767.0,31,9853.0,0.077844,273.227861
50.0,residence,PI-0002,PI-0001,757.0,21,5001.0,0.15137,102.520068
50.0,residence,AM-0002,AM-0001,756.0,45,6839.0,0.110542,551.711275
50.0,residence,CE-0017,CE-0001,756.0,42,2225.0,0.339775,303.134073
50.0,residence,SP-0017,SP-3517,751.0,11,1957.0,0.383751,68.86934
50.0,residence,BA-0010,BA-0001,747.0,44,3855.0,0.193774,376.557249
50.0,residence,RS-0009,RS-0001,739.0,35,1800.0,0.410556,109.28772
50.0,residence,GO-0003,DF-0006,733.0,27,3617.0,0.202654,77.137072
50.0,residence,PR-0009,PR-4109,733.0,11,2355.0,0.311253,59.801717
50.0,residence,SP-0201,SP-0101,733.0,44,2990.0,0.245151,55.998025
50.0,residence,MG-0020,MG-0002,730.0,63,2031.0,0.359429,130.138673
50.0,residence,AL-0003,AL-0007,728.0,10,4223.0,0.172389,125.396898
50.0,residence,BA-0010,PE-0008,724.0,17,3855.0,0.187808,203.777426
50.0,residence,AM-0003,AC-0001,720.0,9,7180.0,0.100279,141.075754
50.0,residence,PE-0006,PE-0011,719.0,25,9350.0,0.076898,116.391093
50.0,residence,PI-0014,PI-0010,713.0,13,2471.0,0.288547,419.014562
50.0,residence,RJ-0000,RJ-0019,713.0,24,3810.0,0.187139,63.397911
50.0,residence,SE-0003,SE-0008,713.0,8,835.0,0.853892,51.861134
50.0,residence,BA-0026,BA-0001,712.0,58,6777.0,0.105061,589.806266
50.0,residence,SC-0005,SC-0010,712.0,28,1350.0,0.527407,84.911885
50.0,residence,SP-0203,SP-0206,711.0,16,5044.0,0.14096,79.720887
50.0,residence,BA-0017,BA-0002,708.0,28,2466.0,0.287105,121.530991
50.0,residence,RS-0011,RS-0006,699.0,36,1329.0,0.525959,74.173281
50.0,residence,PR-0011,PR-0015,690.0,57,5410.0,0.127542,103.248837
50.0,residence,SP-0202,SP-0215,690.0,46,3526.0,0.195689,121.917138
50.0,residence,MS-0011,MS-0001,689.0,11,7011.0,0.098274,300.142828
50.0,residence,RS-0003,RS-0001,687.0,35,7055.0,0.097378,237.312677
50.0,residence,PI-0012,PI-0004,685.0,43,2540.0,0.269685,439.27846
50.0,residence,AL-0006,AL-0001,684.0,30,1265.0,0.540711,105.361734
50.0,residence,PE-0010,PE-0004,672.0,31,4100.0,0.163902,181.35321
50.0,residence,PR-0014,PR-0016,672.0,25,6145.0,0.109357,144.616327
50.0,residence,SP-0215,SP-0005,669.0,36,14290.0,0.046816,139.254505
50.0,residence,RN-0002,RN-0006,668.0,36,7096.0,0.094138,116.348295
50.0,residence,MT-0007,MT-0001,666.0,44,11432.0,0.058258,178.6061
50.0,residence,AL-0012,AL-0001,665.0,15,670.0,0.992537,66.610538
50.0,residence,BA-0008,BA-0001,664.0,42,2234.0,0.297225,398.893638
50.0,residence,MT-0002,MT-0001,663.0,40,9373.0,0.070735,225.125411
50.0,residence,MA-0014,MA-0001,659.0,58,3189.0,0.206648,303.912245
50.0,residence,BA-0020,BA-0001,654.0,56,5707.0,0.114596,340.168355
50.0,residence,MG-0008,MG-0002,652.0,69,2585.0,0.252224,132.394739
50.0,residence,MA-2111,MA-0011,647.0,5,725.0,0.892414,102.990816
50.0,residence,MG-0028,MG-0007,647.0,18,4345.0,0.148907,179.207997
50.0,residence,MT-0009,MT-0001,644.0,41,5099.0,0.126299,599.503912
50.0,residence,MT-0014,MT-0001,641.0,36,5004.0,0.128098,351.342877
50.0,residence,RS-0012,RS-0017,636.0,21,2424.0,0.262376,129.556099
50.0,residence,BA-0005,BA-0007,628.0,13,3967.0,0.158306,120.617241
50.0,residence,CE-0005,CE-0008,625.0,7,4175.0,0.149701,76.254385
50.0,residence,PR-0020,PR-0002,623.0,51,7403.0,0.084155,480.198664
50.0,residence,MA-0018,MA-0001,618.0,45,4172.0,0.14813,269.214441
50.0,residence,BA-0030,BA-0020,613.0,29,2423.0,0.252992,254.417647
50.0,residence,SP-0219,SP-0101,612.0,36,2328.0,0.262887,59.605198
50.0,residence,BA-0016,BA-0002,604.0,34,6269.0,0.096347,186.512163
50.0,residence,PB-0003,PB-0001,603.0,48,3863.0,0.156096,114.798491
50.0,residence,MA-0009,MA-0008,599.0,8,5242.0,0.114269,87.389584
50.0,residence,PI-0002,PI-0003,599.0,13,5001.0,0.119776,83.565485
50.0,residence,PI-0011,PI-0012,598.0,23,4445.0,0.134533,101.829119
50.0,residence,MA-0013,MA-0018,590.0,18,6135.0,0.09617,158.057464
50.0,residence,MG-0008,MG-0018,590.0,23,2585.0,0.22824,72.778492
50.0,residence,PR-0019,PR-0018,589.0,35,7529.0,0.078231,84.260208
50.0,residence,RS-0013,RS-0001,587.0,42,1330.0,0.441353,126.173364
50.0,residence,SC-0016,SC-0011,580.0,6,1330.0,0.43609,81.84022
50.0,residence,RS-0006,RS-0001,575.0,30,6204.0,0.092682,128.610377
50.0,residence,GO-0012,GO-0001,572.0,51,955.0,0.598953,253.765988
50.0,residence,MA-0014,MA-0013,572.0,14,3189.0,0.179367,77.749233
50.0,residence,PB-0002,PB-0003,571.0,34,5283.0,0.108083,61.884593
50.0,residence,SP-0210,SP-0207,568.0,27,2614.0,0.217292,75.865311
50.0,residence,TO-0003,TO-0001,566.0,8,632.0,0.89557,173.581233
50.0,residence,PE-0010,PE-0011,562.0,24,4100.0,0.137073,92.106538
50.0,residence,MA-0014,MA-0005,560.0,23,3189.0,0.175604,89.036353
50.0,residence,PA-0012,PA-0001,559.0,53,11709.0,0.047741,727.868879
50.0,residence,PI-0017,PI-0009,558.0,17,1345.0,0.41487,113.241143
50.0,residence,CE-0021,CE-0001,556.0,25,593.0,0.937605,393.624798
50.0,residence,PA-0010,PA-0009,556.0,13,14150.0,0.039293,311.694823
50.0,residence,RS-0010,RS-0006,556.0,10,3093.0,0.179761,378.692876
50.0,residence,BA-0019,BA-0001,553.0,53,7401.0,0.07472,348.303582
50.0,residence,MS-0003,PR-0010,547.0,12,3683.0,0.14852,259.248814
50.0,residence,PB-0008,PB-0006,547.0,21,1356.0,0.403392,78.822973
50.0,residence,RS-0019,RS-0011,546.0,15,2822.0,0.19348,97.445958
50.0,residence,PR-0008,PR-0002,543.0,53,6615.0,0.082086,410.72767
50.0,residence,RS-0010,RS-0004,540.0,10,3093.0,0.174588,196.023228
50.0,residence,SC-0012,SC-0018,533.0,27,849.0,0.627797,144.269603
50.0,residence,MG-0011,MG-0002,532.0,45,7072.0,0.075226,220.197502
50.0,residence,MA-0018,PI-0004,530.0,21,4172.0,0.127037,77.263293
50.0,residence,MG-0027,MG-0005,527.0,39,1817.0,0.290039,75.871027
50.0,residence,SC-0026,SC-0011,527.0,4,1118.0,0.471377,82.926589
50.0,residence,MS-0012,MS-0002,526.0,14,888.0,0.592342,70.686667
50.0,residence,PI-0017,PI-0004,526.0,39,1345.0,0.391078,378.859851
50.0,residence,PB-0009,PB-0001,525.0,43,1075.0,0.488372,404.02497
50.0,residence,BA-0022,BA-0001,523.0,47,3517.0,0.148706,533.569734
50.0,residence,PR-0019,PR-0002,522.0,52,7529.0,0.069332,218.078678
50.0,residence,SP-0217,SP-0221,522.0,3,6417.0,0.081346,63.690266
50.0,residence,MA-0016,MA-0001,515.0,36,5274.0,0.097649,365.105838
50.0,residence,BA-0006,BA-0001,512.0,37,1481.0,0.345712,229.716975
50.0,residence,BA-0003,BA-0002,509.0,27,10512.0,0.048421,86.903231
50.0,residence,MA-0009,MA-2109,509.0,5,5242.0,0.0971,60.125029
50.0,residence,PE-0002,PE-0004,507.0,20,17091.0,0.029665,57.800201
50.0,residence,RJ-0207,RJ-0019,505.0,23,812.0,0.621921,105.20812
50.0,residence,AL-0006,AL-0007,502.0,6,1265.0,0.396838,56.668563
50.0,residence,AL-0004,AL-0001,499.0,30,632.0,0.789557,97.805706
50.0,residence,PR-0008,PR-0007,499.0,32,6615.0,0.075435,82.62069
50.0,residence,PE-0011,PE-0004,497.0,22,4495.0,0.110567,261.753193
50.0,residence,BA-0023,BA-0020,494.0,31,1799.0,0.274597,259.573876
50.0,residence,AM-0009,AM-0001,493.0,40,5144.0,0.09584,551.873758
50.0,residence,RS-0010,RS-0001,493.0,28,3093.0,0.159392,441.133341
50.0,residence,MT-0008,MT-0003,491.0,4,4998.0,0.098239,111.956428
50.0,residence,RJ-0001,RJ-0019,490.0,19,642.0,0.76324,196.198001
50.0,residence,SC-0014,SC-0022,486.0,18,2040.0,0.238235,115.71842
50.0,residence,PB-0006,PB-0003,484.0,38,1445.0,0.334948,132.89353
50.0,residence,PB-0011,PB-0006,481.0,15,817.0,0.588739,89.383119
50.0,residence,PI-0013,PI-0010,481.0,7,2307.0,0.208496,296.481464
50.0,residence,MA-0014,MA-0018,478.0,20,3189.0,0.14989,107.974932
50.0,residence,SP-0214,SP-0213,476.0,14,3856.0,0.123444,122.997545
50.0,residence,MS-0001,MS-0002,472.0,10,60432.0,0.00781,75.815133
50.0,residence,PB-0001,PE-0001,470.0,26,3750.0,0.125333,99.894853
50.0,residence,GO-0001,GO-0006,467.0,22,10442.0,0.044723,142.587521
50.0,residence,RS-0014,RS-0017,467.0,22,966.0,0.483437,88.715896
50.0,residence,PI-0014,PI-0004,466.0,41,2471.0,0.188588,598.607419
50.0,residence,SP-0208,SP-0005,466.0,12,3345.0,0.139312,84.23468
50.0,residence,MG-0016,ES-0003,464.0,12,4672.0,0.099315,68.772287
50.0,residence,PE-0002,PE-0006,463.0,32,17091.0,0.02709,68.561047
50.0,residence,PB-0006,PB-0001,459.0,35,1445.0,0.317647,264.009661
50.0,residence,SC-0006,SC-0018,456.0,36,1283.0,0.355417,208.764749
50.0,residence,PB-0010,PB-0001,454.0,32,1137.0,0.399296,357.473737
50.0,residence,MA-0015,MA-0005,453.0,19,2594.0,0.174634,93.498342
50.0,residence,SC-0009,SC-0018,450.0,29,997.0,0.451354,159.721326
50.0,residence,PE-0003,PE-0004,449.0,30,14794.0,0.03035,61.537129
50.0,residence,BA-0030,BA-0001,447.0,34,2423.0,0.184482,508.133193
50.0,residence,MA-0005,MA-0018,442.0,8,2667.0,0.165729,77.957668
50.0,residence,PI-0013,PI-0004,442.0,29,2307.0,0.191591,475.971796
50.0,residence,BA-0001,BA-0002,440.0,21,4017.0,0.109534,79.666959
50.0,residence,MA-0013,MA-0001,440.0,37,6135.0,0.07172,417.452855
50.0,residence,PI-0012,PI-0010,434.0,12,2540.0,0.170866,258.43644
50.0,residence,MG-0013,SP-0005,433.0,18,7417.0,0.058379,126.64458
50.0,residence,RN-0008,RN-0007,431.0,16,2261.0,0.190624,200.149862
50.0,residence,MA-0002,MA-0003,430.0,6,2650.0,0.162264,77.860872
50.0,residence,CE-0020,CE-0001,426.0,28,1909.0,0.223153,388.039857
50.0,residence,GO-0009,DF-0006,426.0,28,5887.0,0.072363,171.063099
50.0,residence,MA-0015,MA-2105,426.0,9,2594.0,0.164225,85.061332
50.0,residence,MA-0016,MA-0014,423.0,4,5274.0,0.080205,90.621931
50.0,residence,PI-0007,PI-0009,422.0,13,2628.0,0.160578,83.18537
50.0,residence,SP-0101,SP-0207,420.0,18,3533.0,0.118879,79.989143
50.0,residence,MA-0017,MA-0015,414.0,10,5266.0,0.078618,61.417061
50.0,residence,PE-0005,PE-0006,414.0,26,11319.0,0.036576,119.483661
50.0,residence,BA-0031,BA-0002,413.0,12,3447.0,0.119814,59.251026
50.0,residence,MA-0004,MA-0003,412.0,4,4554.0,0.09047,63.975891
50.0,residence,BA-0019,BA-0024,411.0,9,7401.0,0.055533,95.907937
50.0,residence,MG-0007,MG-0013,406.0,19,4755.0,0.085384,236.769737
50.0,residence,MG-0004,MG-0009,405.0,6,9397.0,0.043099,82.256264
50.0,residence,PR-0015,PR-0002,404.0,37,2599.0,0.155444,353.866186
50.0,residence,PR-0007,PR-0010,403.0,15,2831.0,0.142353,172.606992
50.0,residence,PA-0008,AP-0001,402.0,12,12135.0,0.033127,147.376363
50.0,residence,SC-0007,SC-0022,401.0,17,1849.0,0.216874,75.700735
50.0,residence,BA-0021,BA-0016,400.0,28,5686.0,0.070348,147.824171
50.0,residence,GO-0013,GO-0003,399.0,20,1539.0,0.259259,336.598117
50.0,residence,BA-0010,BA-0011,396.0,7,3855.0,0.102724,62.851294
50.0,residence,SP-0207,SP-0212,394.0,16,5129.0,0.076818,79.26889
50.0,residence,SP-0216,SP-0211,394.0,6,18122.0,0.021742,85.203969
50.0,residence,SP-0217,SP-0212,394.0,3,6417.0,0.061399,82.722114
50.0,residence,AM-0001,AM-0007,392.0,4,116947.0,0.003352,90.479452
50.0,residence,MG-0007,SP-0005,392.0,15,4755.0,0.08244,319.413776
50.0,residence,SP-0203,SP-0005,390.0,14,5044.0,0.07732,151.398473
50.0,residence,BA-0005,BA-0006,388.0,11,3967.0,0.097807,122.985028
50.0,residence,MS-0003,MS-0001,386.0,19,3683.0,0.104806,260.535373
50.0,residence,SC-0014,SC-0006,386.0,19,2040.0,0.189216,102.983015
50.0,residence,BA-0008,BA-0009,385.0,10,2234.0,0.172337,104.179019
50.0,residence,SC-0004,SC-0018,385.0,33,1498.0,0.257009,131.571201
50.0,residence,SC-0005,PR-0010,385.0,7,1350.0,0.285185,167.781496
50.0,residence,RS-0015,RS-0017,379.0,13,2647.0,0.143181,85.965845
50.0,residence,PR-0014,PR-0002,378.0,37,6145.0,0.061513,442.942724
50.0,residence,RS-0002,RS-0013,377.0,9,6413.0,0.058787,75.818458
50.0,residence,PR-0022,PR-0017,376.0,29,2515.0,0.149503,125.397554
50.0,residence,SP-0202,SP-0005,376.0,16,3526.0,0.106636,233.236772
50.0,residence,RS-0019,RS-0017,373.0,13,2822.0,0.132176,111.293216
50.0,residence,RS-0043,RS-0001,372.0,9,518.0,0.718147,202.768532
50.0,residence,SC-0017,SC-0011,370.0,5,796.0,0.464824,80.31285
50.0,residence,PI-0015,PI-0004,369.0,26,2797.0,0.131927,381.537419
50.0,residence,SC-0028,SC-0015,369.0,3,600.0,0.615,75.656765
50.0,residence,SC-0025,SC-0022,368.0,9,1631.0,0.225628,84.604713
50.0,residence,PE-0006,PE-0010,364.0,11,9350.0,0.03893,85.088539
50.0,residence,PR-0011,PR-0002,364.0,39,5410.0,0.067283,356.952179
50.0,residence,RJ-3302,RJ-0019,364.0,24,523.0,0.695985,120.038626
50.0,residence,BA-0002,BA-0018,361.0,12,7903.0,0.045679,112.674659
50.0,residence,SP-0214,SP-0101,361.0,34,3856.0,0.09362,171.211512
50.0,residence,BA-0009,BA-0001,357.0,29,3471.0,0.102852,505.22312
50.0,residence,SP-0210,SP-0206,356.0,13,2614.0,0.13619,117.020583
50.0,residence,GO-0016,GO-0001,355.0,31,595.0,0.596639,473.043878
50.0,residence,MG-0016,MG-0023,355.0,22,4672.0,0.075985,98.346106
50.0,residence,SP-0210,SP-0101,354.0,28,2614.0,0.135425,156.199812
50.0,residence,CE-0001,CE-0008,353.0,11,9089.0,0.038838,147.873634
50.0,residence,AL-0001,PE-0001,348.0,13,6016.0,0.057846,187.454117
50.0,residence,ES-0001,ES-0004,347.0,10,36552.0,0.009493,87.620713
50.0,residence,PI-0011,PI-0008,347.0,7,4445.0,0.078065,96.882258
50.0,residence,AL-0002,AL-0007,343.0,8,1762.0,0.194665,60.517881
50.0,residence,PA-0005,PA-0004,342.0,26,13545.0,0.025249,134.60447
50.0,residence,PR-4109,PR-0010,342.0,8,717.0,0.476987,115.069981
50.0,residence,BA-0017,BA-0016,341.0,11,2466.0,0.138281,69.633861
50.0,residence,GO-0001,DF-0006,339.0,21,10442.0,0.032465,187.362763
50.0,residence,BA-0023,BA-0001,338.0,29,1799.0,0.187882,441.820771
50.0,residence,BA-0010,BA-0015,337.0,17,3855.0,0.087419,199.209809
50.0,residence,MG-0011,MG-0021,336.0,22,7072.0,0.047511,68.725162
50.0,residence,BA-0016,BA-0021,335.0,12,6269.0,0.053438,112.015906
50.0,residence,BA-0016,BA-0018,334.0,18,6269.0,0.053278,121.680783
50.0,residence,PR-0010,PR-0002,334.0,21,6797.0,0.049139,417.0012
50.0,residence,MA-0007,MA-0006,333.0,9,4070.0,0.081818,70.888859
50.0,residence,MA-0003,MA-0005,332.0,9,5067.0,0.065522,62.802055
50.0,residence,PB-0008,PB-0001,332.0,23,1356.0,0.244838,311.1689
50.0,residence,PE-0007,PE-0008,332.0,17,2062.0,0.161009,210.5857
50.0,residence,BA-0001,BA-0004,331.0,10,4017.0,0.0824,73.309668
50.0,residence,SC-0018,SC-0014,331.0,9,2627.0,0.125999,62.945225
50.0,residence,PE-0006,PE-0005,328.0,13,9350.0,0.03508,110.704862
50.0,residence,SP-0214,SP-0212,326.0,10,3856.0,0.084544,90.064288
50.0,residence,PB-0007,PB-0001,325.0,39,2072.0,0.156853,361.178444
50.0,residence,MG-0012,SP-0005,324.0,9,6062.0,0.053448,200.85371
50.0,residence,SP-0002,SP-0202,324.0,2,445.0,0.72809,101.459989
50.0,residence,BA-0019,BA-0018,323.0,12,7401.0,0.043643,181.585805
50.0,residence,PB-0010,PB-0006,322.0,13,1137.0,0.283201,83.133452
50.0,residence,PE-0008,PE-0007,321.0,8,4509.0,0.071191,110.459043
50.0,residence,SC-0010,SC-0001,321.0,18,3067.0,0.104663,73.694365
50.0,residence,BA-0013,BA-0006,320.0,16,12470.0,0.025662,165.624776
50.0,residence,MA-0010,MA-0001,320.0,26,4123.0,0.077613,370.899743
50.0,residence,SP-0220,SP-0207,319.0,11,1129.0,0.282551,96.090692
50.0,residence,RS-0004,RS-0001,317.0,27,5290.0,0.059924,264.042366
50.0,residence,RS-0007,RS-0001,317.0,17,1199.0,0.264387,271.75631
50.0,residence,AL-0009,AL-0001,316.0,20,661.0,0.478064,172.366333
50.0,residence,MT-0012,MT-0001,315.0,24,3861.0,0.081585,394.195259
50.0,residence,AM-0007,AC-0002,313.0,1,6819.0,0.045901,52.924682
50.0,residence,MA-0009,MA-0006,313.0,17,5242.0,0.05971,117.92283
50.0,residence,SP-0221,SP-0101,312.0,14,1726.0,0.180765,95.388168
50.0,residence,BA-0010,SE-0002,309.0,4,3855.0,0.080156,81.849255
50.0,residence,PR-0012,PR-0015,307.0,30,5362.0,0.057255,161.3566
50.0,residence,PA-0009,PA-0001,306.0,19,44077.0,0.006942,794.351953
50.0,residence,SP-0209,SP-0101,306.0,27,8140.0,0.037592,415.196913
50.0,residence,SP-0206,SP-0101,304.0,25,10469.0,0.029038,319.626808
50.0,residence,PB-0003,PE-0001,302.0,16,3863.0,0.078178,155.862184
50.0,residence,SC-0011,SC-0025,301.0,4,1215.0,0.247737,59.321358
50.0,residence,SP-0221,SP-3517,300.0,3,1726.0,0.173812,64.113196
50.0,residence,MG-0026,SP-0005,299.0,8,2430.0,0.123045,209.564849
50.0,residence,SP-0214,SP-0206,299.0,11,3856.0,0.077541,169.405054
50.0,residence,MT-0006,MT-0001,298.0,26,1463.0,0.203691,753.172039
50.0,residence,RS-0001,RS-0018,298.0,19,2533.0,0.117647,104.525005
50.0,residence,BA-0011,BA-0003,297.0,19,4716.0,0.062977,149.414443
50.0,residence,GO-0001,SP-0005,297.0,7,10442.0,0.028443,409.937153
50.0,residence,MT-5114,MT-0014,295.0,3,512.0,0.576172,103.132445
50.0,residence,BA-0005,BA-0004,294.0,14,3967.0,0.074111,77.841489
50.0,residence,BA-0029,BA-0002,294.0,15,3219.0,0.091333,108.32792
50.0,residence,AM-0010,AM-0001,293.0,17,2538.0,0.115445,472.860798
50.0,residence,AM-0001,PR-0002,292.0,5,116947.0,0.002497,2788.146583
50.0,residence,AM-0004,AM-0001,292.0,29,2156.0,0.135436,755.340136
50.0,residence,MA-0015,MA-0017,292.0,5,2594.0,0.112567,81.433489
50.0,residence,SP-0205,SP-0213,291.0,11,903.0,0.322259,85.37356
50.0,residence,PA-0013,PA-0006,290.0,12,2481.0,0.116888,152.720022
50.0,residence,SC-0010,SC-0018,290.0,19,3067.0,0.094555,415.601693
50.0,residence,SC-0016,SC-0018,290.0,15,1330.0,0.218045,76.140947
50.0,residence,MT-0014,MT-0015,289.0,2,5004.0,0.057754,140.594702
50.0,residence,AL-0008,AL-0007,287.0,10,1474.0,0.194708,82.7519
50.0,residence,AL-0009,AL-0007,287.0,12,661.0,0.434191,91.787787
50.0,residence,SP-0220,SP-0214,287.0,13,1129.0,0.254207,85.756858
50.0,residence,BA-0021,BA-0018,286.0,20,5686.0,0.050299,173.245653
50.0,residence,PE-0011,PE-0010,286.0,6,4495.0,0.063626,99.321724
50.0,residence,ES-3203,ES-0001,285.0,10,1607.0,0.177349,189.781375
50.0,residence,MA-0003,MA-0004,284.0,8,5067.0,0.056049,74.188258
50.0,residence,MA-0015,MA-0014,284.0,9,2594.0,0.109483,76.854535
50.0,residence,MT-0004,MT-0001,284.0,22,2366.0,0.120034,646.368343
50.0,residence,PR-4109,PR-0002,284.0,8,717.0,0.396095,521.713448
50.0,residence,GO-0006,SP-0005,283.0,9,4289.0,0.065983,280.347113
50.0,residence,SC-0002,SC-0018,283.0,17,954.0,0.296646,245.154722
50.0,residence,RN-0003,RN-0006,282.0,19,7895.0,0.035719,248.724019
50.0,residence,AC-0003,AC-0001,281.0,6,3094.0,0.090821,451.803167
50.0,residence,RS-0015,RS-0019,281.0,11,2647.0,0.106158,86.007159
50.0,residence,MT-0008,MT-0007,279.0,8,4998.0,0.055822,124.545034
50.0,residence,BA-0014,BA-0001,278.0,30,3643.0,0.076311,305.25672
50.0,residence,BA-0024,BA-0001,277.0,31,2454.0,0.112877,458.612644
50.0,residence,MG-0006,MG-0029,277.0,4,15707.0,0.017635,55.772775
50.0,residence,PR-0012,PR-0002,277.0,25,5362.0,0.05166,461.999977
50.0,residence,SP-3517,SP-0101,277.0,12,354.0,0.782486,128.375214
50.0,residence,BA-0006,BA-0007,275.0,7,1481.0,0.185685,76.205977
50.0,residence,BA-0027,BA-0018,274.0,13,2824.0,0.097025,127.773087
50.0,residence,SC-0011,SC-0022,273.0,7,1215.0,0.224691,111.361365
50.0,residence,SP-0212,SP-0207,273.0,15,3883.0,0.070306,67.565218
50.0,residence,MA-0004,MA-0008,272.0,2,4554.0,0.059728,91.543839
50.0,residence,MA-0013,PI-0004,272.0,18,6135.0,0.044336,147.201434
50.0,residence,RN-0001,RN-0005,269.0,15,7000.0,0.038429,63.201157
50.0,residence,SP-0213,SP-0005,269.0,7,5216.0,0.051572,87.369233
50.0,residence,BA-0003,SE-0008,268.0,14,10512.0,0.025495,128.125177
50.0,residence,BA-0028,BA-0016,266.0,9,7105.0,0.037438,116.384729
50.0,residence,RN-0003,RN-0002,266.0,6,7895.0,0.033692,89.21193
50.0,residence,MG-0029,MG-0002,265.0,28,2437.0,0.10874,298.783264
50.0,residence,MG-0030,MG-0002,265.0,28,10008.0,0.026479,465.249272
50.0,residence,MA-0012,MA-0001,264.0,21,9853.0,0.026794,632.926971
50.0,residence,MA-0013,MA-0015,261.0,17,6135.0,0.042543,235.5635
50.0,residence,SP-0202,SP-0101,261.0,15,3526.0,0.074022,500.202167
50.0,residence,BA-0012,BA-0011,260.0,9,11494.0,0.02262,91.06013
50.0,residence,PR-0015,PR-0017,260.0,18,2599.0,0.100038,82.326639
50.0,residence,BA-0009,BA-0008,259.0,16,3471.0,0.074618,110.679938
50.0,residence,BA-0021,BA-0027,259.0,17,5686.0,0.04555,81.696141
50.0,residence,SP-0224,SP-0101,259.0,17,1654.0,0.15659,154.886093
50.0,residence,CE-0019,CE-0001,258.0,26,1671.0,0.154399,407.764058
50.0,residence,GO-0009,GO-0003,258.0,5,5887.0,0.043825,83.626797
50.0,residence,RJ-0003,RJ-0019,258.0,14,432.0,0.597222,99.575375
50.0,residence,PI-0003,PI-0001,257.0,12,2927.0,0.087803,138.61184
50.0,residence,AM-0009,AM-0005,256.0,3,5144.0,0.049767,99.355714
50.0,residence,PI-0004,PI-0002,256.0,8,6456.0,0.039653,88.583001
50.0,residence,RS-0010,RS-0012,256.0,4,3093.0,0.082768,56.89855
50.0,residence,AL-0001,AL-0007,255.0,10,6016.0,0.042387,88.488096
50.0,residence,SP-0016,SP-0216,255.0,9,265.0,0.962264,99.22528
50.0,residence,MA-0013,PI-0010,254.0,6,6135.0,0.041402,95.751084
50.0,residence,SC-0022,SC-0018,254.0,12,910.0,0.279121,165.083865
50.0,residence,SP-0206,SP-0202,254.0,7,10469.0,0.024262,85.1183
50.0,residence,BA-0002,BA-0003,253.0,10,7903.0,0.032013,83.858526
50.0,residence,CE-0014,CE-0008,253.0,4,1420.0,0.178169,159.86482
50.0,residence,MT-0011,MT-0001,253.0,21,3661.0,0.069107,653.275072
50.0,residence,MA-2108,MA-0001,252.0,19,274.0,0.919708,156.985191
50.0,residence,RJ-0207,RJ-0033,251.0,2,812.0,0.309113,82.44012
50.0,residence,MG-0028,MG-0002,250.0,25,4345.0,0.057537,466.763002
50.0,residence,SP-0206,SP-0005,249.0,10,10469.0,0.023785,205.363077
50.0,residence,PR-0017,PR-0016,248.0,14,4656.0,0.053265,63.370177
50.0,residence,AP-0002,AP-0001,247.0,12,254.0,0.972441,237.700809
50.0,residence,SP-0203,SP-0101,244.0,23,5044.0,0.048374,249.790331
50.0,residence,PR-0012,PR-0010,243.0,14,5362.0,0.045319,123.294509
50.0,residence,SC-0017,SC-0018,242.0,15,796.0,0.30402,91.702578
50.0,residence,BA-0004,BA-0002,241.0,15,3822.0,0.063056,81.575033
50.0,residence,PR-0013,PR-0012,241.0,13,2039.0,0.118195,63.18072
50.0,residence,PR-0007,PR-0002,240.0,27,2831.0,0.084776,329.092446
50.0,residence,MG-0017,MG-0004,239.0,3,7244.0,0.032993,64.243416
50.0,residence,SP-0202,SP-0206,239.0,14,3526.0,0.067782,125.208805
50.0,residence,AM-0008,AM-0002,238.0,3,6984.0,0.034078,193.48621
50.0,residence,GO-0006,GO-0015,237.0,11,4289.0,0.055258,103.677623
50.0,residence,GO-0012,GO-0003,237.0,12,955.0,0.248168,225.411601
50.0,residence,GO-0015,SP-0005,235.0,13,3334.0,0.070486,332.069806
50.0,residence,PE-0001,PE-0004,234.0,12,3900.0,0.06,70.074278
50.0,residence,SP-0005,SP-0213,234.0,4,682.0,0.343109,102.743251
50.0,residence,MG-0010,SP-0207,233.0,18,1386.0,0.16811,100.813376
50.0,residence,MG-0024,MG-0008,233.0,19,6419.0,0.036298,94.258629
50.0,residence,BA-0012,BA-0003,231.0,13,11494.0,0.020097,181.804176
50.0,residence,PB-0007,PB-0003,231.0,25,2072.0,0.111486,240.316306
50.0,residence,SC-0004,SC-0015,231.0,21,1498.0,0.154206,80.492966
50.0,residence,PI-0006,PI-0010,230.0,4,4461.0,0.051558,71.858424
50.0,residence,BA-0027,BA-0002,228.0,12,2824.0,0.080737,306.214515
50.0,residence,MG-0017,MG-0023,228.0,14,7244.0,0.031474,241.860284
50.0,residence,MG-0018,MG-0002,227.0,26,2336.0,0.097175,182.996585
50.0,residence,MS-0006,MS-0001,227.0,14,2210.0,0.102715,229.489114
50.0,residence,MA-0014,MA-0015,226.0,15,3189.0,0.070869,72.518552
50.0,residence,MT-0008,MT-0001,226.0,20,4998.0,0.045218,383.736513
50.0,residence,TO-0001,MT-0016,226.0,1,12047.0,0.01876,86.8165
50.0,residence,BA-0007,BA-0013,225.0,17,3234.0,0.069573,119.053664
50.0,residence,AL-0001,AL-0003,224.0,2,6016.0,0.037234,56.713752
50.0,residence,MA-0017,MA-0005,224.0,14,5266.0,0.042537,87.096668
50.0,residence,SP-0101,MG-0002,222.0,14,3533.0,0.062836,499.066493
50.0,residence,TO-0001,SP-0005,222.0,9,12047.0,0.018428,1112.710758
50.0,residence,PA-0003,PA-0005,221.0,11,8279.0,0.026694,201.746182
50.0,residence,MG-0007,MG-0012,220.0,16,4755.0,0.046267,148.895155
50.0,residence,MG-0022,SP-0213,220.0,10,2520.0,0.087302,117.567385
50.0,residence,MG-0028,SP-0005,220.0,4,4345.0,0.050633,499.873373
50.0,residence,BA-0002,BA-0012,219.0,9,7903.0,0.027711,81.48833
50.0,residence,CE-0016,CE-0001,218.0,18,2661.0,0.081924,270.924048
50.0,residence,TO-0001,TO-0002,218.0,15,12047.0,0.018096,180.825472
50.0,residence,DF-0006,GO-0001,215.0,12,1028.0,0.209144,186.869495
50.0,residence,MS-0006,PR-0010,215.0,2,2210.0,0.097285,140.018808
50.0,residence,MS-0008,MS-0007,215.0,5,2291.0,0.093845,133.884045
50.0,residence,PA-0004,PA-0005,215.0,9,11055.0,0.019448,212.955126
50.0,residence,PR-0017,PR-0015,214.0,14,4656.0,0.045962,85.503115
50.0,residence,PR-0002,PR-0001,213.0,7,9641.0,0.022093,74.084874
50.0,residence,RJ-0033,RJ-0019,213.0,10,1594.0,0.133626,94.656179
50.0,residence,AM-0004,AC-0002,211.0,4,2156.0,0.097866,157.089357
50.0,residence,BA-0010,SE-0008,211.0,10,3855.0,0.054734,135.543808
50.0,residence,PB-0008,PB-0003,209.0,14,1356.0,0.15413,203.792974
50.0,residence,SP-0204,SP-0212,209.0,6,2263.0,0.092355,99.437394
50.0,residence,AM-0003,AM-0001,208.0,19,7180.0,0.028969,738.070291
50.0,residence,SP-0219,SP-0212,208.0,3,2328.0,0.089347,119.66831
50.0,residence,MG-0024,MG-0023,207.0,13,6419.0,0.032248,70.646301
50.0,residence,RN-0004,RN-0005,207.0,15,4339.0,0.047707,83.09985
50.0,residence,BA-0011,BA-0002,206.0,15,4716.0,0.043681,160.363225
50.0,residence,MG-0028,MG-0013,206.0,6,4345.0,0.047411,356.745236
50.0,residence,BA-0003,SE-0001,205.0,5,10512.0,0.019502,65.460316
50.0,residence,RJ-0330,RJ-0019,202.0,2,288.0,0.701389,82.640989
50.0,residence,SP-0017,SP-0101,202.0,16,1957.0,0.103219,154.693884
50.0,residence,AL-0010,AL-0007,201.0,10,2194.0,0.091613,153.881438
50.0,residence,MG-0005,MG-0002,201.0,14,2591.0,0.077576,208.43698
50.0,residence,SP-0101,SP-0206,201.0,4,3533.0,0.056892,268.694306
50.0,residence,ES-3203,ES-0003,200.0,2,1607.0,0.124456,163.328348
50.0,residence,PE-0004,PE-0003,200.0,17,25284.0,0.00791,74.887077
50.0,residence,PE-0011,PE-0006,200.0,17,4495.0,0.044494,185.447472
50.0,residence,MG-0011,MG-0022,199.0,14,7072.0,0.028139,145.15136
50.0,residence,BA-0023,BA-0024,198.0,6,1799.0,0.110061,83.517322
50.0,residence,GO-0009,GO-0022,198.0,10,5887.0,0.033633,115.113961
50.0,residence,PR-0017,PR-0002,198.0,12,4656.0,0.042526,292.198035
50.0,residence,SC-0016,SC-0026,197.0,3,1330.0,0.14812,77.228883
50.0,residence,SC-0010,SC-0005,196.0,20,3067.0,0.063906,81.831184
50.0,residence,PE-0009,PE-0007,195.0,10,5630.0,0.034636,96.094955
50.0,residence,GO-0007,SP-0005,194.0,7,4631.0,0.041892,305.94079
50.0,residence,MG-0019,MG-0004,194.0,6,4998.0,0.038816,103.4126
50.0,residence,RS-0009,RS-0006,194.0,13,1800.0,0.107778,87.509324
50.0,residence,AM-0001,AM-0002,193.0,3,116947.0,0.00165,86.753957
50.0,residence,BA-0015,BA-0016,193.0,9,6937.0,0.027822,254.489019
50.0,residence,BA-0027,BA-0021,193.0,7,2824.0,0.068343,113.531239
50.0,residence,MG-0003,MG-0005,193.0,19,4611.0,0.041856,86.589053
50.0,residence,BA-0026,BA-0022,192.0,17,6777.0,0.028331,208.230559
50.0,residence,BA-0018,BA-0027,191.0,11,5086.0,0.037554,132.733188
50.0,residence,PI-0008,PI-0010,191.0,8,1596.0,0.119674,99.748651
50.0,residence,SP-0220,SP-0213,191.0,4,1129.0,0.169176,110.151932
50.0,residence,RS-0004,RS-0009,190.0,12,5290.0,0.035917,129.861072
50.0,residence,PR-0016,PR-0017,189.0,21,1975.0,0.095696,77.084863
50.0,residence,GO-0007,GO-0006,188.0,10,4631.0,0.040596,128.830851
50.0,residence,SC-0026,SC-0022,188.0,6,1118.0,0.168157,174.815285
50.0,residence,SP-0101,SP-0216,188.0,11,3533.0,0.053213,106.392562
50.0,residence,SC-0015,SC-0002,187.0,8,3333.0,0.056106,136.962945
50.0,residence,SC-0028,SC-0010,187.0,1,600.0,0.311667,75.26964
50.0,residence,PR-0016,PR-0002,186.0,17,1975.0,0.094177,295.287887
50.0,residence,SC-0010,PR-0007,186.0,3,3067.0,0.060646,52.094527
50.0,residence,SC-0016,SC-0022,184.0,12,1330.0,0.138346,137.410239
50.0,residence,SP-0205,SP-0005,184.0,4,903.0,0.203765,61.815157
50.0,residence,SP-0207,SP-0206,184.0,15,5129.0,0.035874,174.283658
50.0,residence,BA-0011,SE-0008,183.0,13,4716.0,0.038804,117.888636
50.0,residence,ES-0001,MG-0002,183.0,27,36552.0,0.005007,384.077276
50.0,residence,PB-0015,PB-0003,183.0,7,213.0,0.859155,53.080713
50.0,residence,BA-0017,BA-0018,182.0,7,2466.0,0.073804,60.12334
50.0,residence,PE-0004,PE-0005,182.0,15,25284.0,0.007198,73.820948
50.0,residence,MT-0011,MT-0014,181.0,10,3661.0,0.04944,252.452308
50.0,residence,CE-0010,CE-2301,180.0,8,6020.0,0.0299,176.678185
50.0,residence,MT-0010,MT-0001,180.0,15,918.0,0.196078,510.071239
50.0,residence,PB-0016,PB-0003,180.0,9,207.0,0.869565,114.417361
50.0,residence,SC-0008,SC-0002,180.0,9,586.0,0.307167,92.498392
50.0,residence,PA-0002,PA-0006,179.0,7,6965.0,0.0257,105.0733
50.0,residence,BA-0021,BA-0002,178.0,15,5686.0,0.031305,339.708349
50.0,residence,RJ-0019,RJ-0003,178.0,3,4910.0,0.036253,74.963421
50.0,residence,MG-0007,MG-0022,177.0,11,4755.0,0.037224,289.05143
50.0,residence,MG-0020,MG-0005,177.0,15,2031.0,0.087149,105.000195
50.0,residence,RS-0012,RS-0001,177.0,16,2424.0,0.07302,406.688174
50.0,residence,PR-0013,PR-0016,176.0,8,2039.0,0.086317,128.633928
50.0,residence,SP-0224,SP-3517,176.0,4,1654.0,0.106409,68.272249
50.0,residence,AP-0001,PA-0001,175.0,11,26194.0,0.006681,343.033779
50.0,residence,SP-0103,SP-0101,175.0,15,235.0,0.744681,65.820504
50.0,residence,RN-0007,RN-0006,174.0,9,464.0,0.375,311.696055
50.0,residence,SC-0001,SC-0018,174.0,18,1504.0,0.115691,432.376052
50.0,residence,MT-0015,MT-0001,173.0,14,1044.0,0.165709,549.553019
50.0,residence,PI-0008,PI-0009,173.0,8,1596.0,0.108396,78.030797
50.0,residence,SP-0207,SP-0005,173.0,8,5129.0,0.03373,306.351996
50.0,residence,SP-0206,SP-0215,172.0,14,10469.0,0.016429,124.534885
50.0,residence,GO-0001,GO-0022,170.0,9,10442.0,0.01628,94.617208
50.0,residence,GO-0016,DF-0006,170.0,10,595.0,0.285714,242.137044
50.0,residence,SC-4210,SC-0010,170.0,1,175.0,0.971429,66.454494
50.0,residence,MT-0006,MT-0003,169.0,4,1463.0,0.115516,259.770565
50.0,residence,RJ-0019,MG-0002,169.0,12,4910.0,0.03442,337.545177
50.0,residence,CE-0002,CE-2301,168.0,6,7569.0,0.022196,80.950566
50.0,residence,MA-0018,MA-0017,168.0,1,4172.0,0.040268,98.154685
50.0,residence,RS-0009,RS-0017,168.0,11,1800.0,0.093333,83.010227
50.0,residence,BA-0020,BA-0019,167.0,15,5707.0,0.029262,149.484298
50.0,residence,MG-0015,MG-0022,167.0,9,14099.0,0.011845,105.272598
50.0,residence,SC-0018,SC-0015,166.0,10,2627.0,0.06319,96.858505
50.0,residence,SP-0216,SP-0207,166.0,16,18122.0,0.00916,134.946868
50.0,residence,BA-0031,BA-0004,165.0,3,3447.0,0.047868,57.996339
50.0,residence,CE-0018,CE-0008,164.0,8,3621.0,0.045291,99.616662
50.0,residence,RS-0007,RS-0043,164.0,8,1199.0,0.136781,192.109126
50.0,residence,RN-0005,RN-0004,163.0,7,4429.0,0.036803,63.572448
50.0,residence,PE-0010,PE-0006,162.0,14,4100.0,0.039512,131.49823
50.0,residence,MT-0003,MT-0001,161.0,16,3661.0,0.043977,463.433711
50.0,residence,MT-5114,MT-0001,161.0,9,512.0,0.314453,318.808433
50.0,residence,SC-0018,SC-0022,161.0,8,2627.0,0.061287,147.391484
50.0,residence,BA-0030,BA-0024,158.0,14,2423.0,0.065208,99.413437
50.0,residence,GO-0002,GO-0018,157.0,9,6657.0,0.023584,182.638037
50.0,residence,PR-0022,PR-0002,157.0,21,2515.0,0.062425,256.323275
50.0,residence,MS-0002,PR-0010,156.0,2,1713.0,0.091068,305.027928
50.0,residence,PB-0009,RN-0006,156.0,9,1075.0,0.145116,86.185985
50.0,residence,SP-0201,SP-0206,156.0,13,2990.0,0.052174,287.379569
50.0,residence,BA-0010,PE-0007,155.0,6,3855.0,0.040208,104.581327
50.0,residence,MT-0013,MT-5114,155.0,2,4340.0,0.035714,175.921648
50.0,residence,PR-0011,PR-0016,155.0,14,5410.0,0.028651,147.312437
50.0,residence,BA-0014,BA-0007,154.0,8,3643.0,0.042273,82.282439
50.0,residence,MA-0012,MA-0016,153.0,4,9853.0,0.015528,81.46367
50.0,residence,MG-0006,MG-0030,153.0,3,15707.0,0.009741,92.189955
50.0,residence,MG-0010,MG-0002,153.0,18,1386.0,0.11039,337.834048
50.0,residence,MG-0022,MG-0002,153.0,18,2520.0,0.060714,271.168107
50.0,residence,MS-0006,SP-0005,153.0,5,2210.0,0.069231,532.831845
50.0,residence,PB-0006,PE-0001,153.0,13,1445.0,0.105882,291.041999
50.0,residence,SC-0009,SC-0015,153.0,9,997.0,0.15346,84.389865
50.0,residence,MG-0019,MG-0006,152.0,12,4998.0,0.030412,202.882946
50.0,residence,MG-0024,MG-0005,152.0,15,6419.0,0.02368,184.163373
50.0,residence,PR-0016,PR-0015,152.0,12,1975.0,0.076962,61.337348
50.0,residence,SP-0205,SP-0215,152.0,11,903.0,0.168328,87.809412
50.0,residence,MT-0015,MT-0014,151.0,9,1044.0,0.144636,150.142882
50.0,residence,PA-0005,PA-0011,151.0,3,13545.0,0.011148,186.161808
50.0,residence,GO-0014,SP-0005,149.0,7,3322.0,0.044852,506.369107
50.0,residence,PE-0007,PE-0011,149.0,10,2062.0,0.07226,91.31046
50.0,residence,RS-0001,RS-0002,149.0,16,2533.0,0.058824,64.342267
50.0,residence,SC-0003,SC-0010,149.0,4,224.0,0.665179,59.358174
50.0,residence,SC-0021,SC-0018,149.0,13,258.0,0.577519,142.259489
50.0,residence,BA-0014,BA-0006,148.0,8,3643.0,0.040626,122.285047
50.0,residence,SP-0201,SP-0217,148.0,11,2990.0,0.049498,125.044758
50.0,residence,AL-0001,AL-0002,147.0,3,6016.0,0.024435,51.098133
50.0,residence,MG-0016,MG-0018,147.0,10,4672.0,0.031464,254.82122
50.0,residence,SE-0028,SE-0008,146.0,4,151.0,0.966887,77.445552
50.0,residence,PA-0012,SP-0005,145.0,8,11709.0,0.012384,1451.312351
50.0,residence,PR-0018,PR-0002,145.0,19,4384.0,0.033075,271.676036
50.0,residence,SC-0004,SC-0014,145.0,9,1498.0,0.096796,54.593201
50.0,residence,MG-0010,SP-0005,144.0,12,1386.0,0.103896,318.038192
50.0,residence,MT-0001,MT-0007,144.0,11,4772.0,0.030176,117.548126
50.0,residence,SC-0022,SC-0025,144.0,1,910.0,0.158242,55.83001
50.0,residence,BA-0020,BA-0018,143.0,11,5707.0,0.025057,293.794046
50.0,residence,MS-0004,MS-0001,143.0,9,1923.0,0.074363,314.379169
50.0,residence,PE-0012,PE-0006,143.0,7,4364.0,0.032768,76.93708
50.0,residence,SP-0210,SP-0213,143.0,9,2614.0,0.054705,139.082999
50.0,residence,SP-0216,SP-0201,143.0,16,18122.0,0.007891,110.543656
50.0,residence,SP-0214,SP-0210,141.0,12,3856.0,0.036566,87.924519
50.0,residence,BA-0005,BA-0013,140.0,14,3967.0,0.035291,81.651491
50.0,residence,PB-0008,PB-0010,140.0,9,1356.0,0.103245,62.487812
50.0,residence,PR-0014,PR-0012,140.0,12,6145.0,0.022783,91.659978
50.0,residence,AM-0001,SP-0101,139.0,6,116947.0,0.001189,2752.0031
50.0,residence,CE-0011,CE-2301,139.0,10,7520.0,0.018484,193.029035
50.0,residence,PA-0011,SP-0005,139.0,10,31488.0,0.004414,1708.020701
50.0,residence,MT-0016,MT-0003,138.0,4,1352.0,0.102071,247.649857
50.0,residence,RN-0005,RN-0006,138.0,9,4429.0,0.031158,249.022664
50.0,residence,CE-0003,CE-2301,137.0,1,1771.0,0.077357,51.207678
50.0,residence,RR-0001,AM-0001,137.0,9,540.0,0.253704,694.460137
50.0,residence,SP-0212,SP-0204,137.0,15,3883.0,0.035282,152.49394
50.0,residence,SP-0216,SP-0005,137.0,10,18122.0,0.00756,355.876244
50.0,residence,MA-0016,MA-0018,136.0,5,5274.0,0.025787,202.675209
50.0,residence,BA-0015,PE-0001,135.0,12,6937.0,0.019461,689.163143
50.0,residence,BA-0026,BA-0030,134.0,6,6777.0,0.019773,152.197393
50.0,residence,CE-0011,CE-0016,134.0,4,7520.0,0.017819,65.772821
50.0,residence,SC-0006,SC-0014,134.0,9,1283.0,0.104443,83.95606
50.0,residence,GO-0018,GO-0002,133.0,6,12810.0,0.010383,107.149955
50.0,residence,SP-0009,SP-0005,133.0,4,150.0,0.886667,68.074472
50.0,residence,SP-0204,SP-0217,133.0,5,2263.0,0.058772,146.79632
50.0,residence,AM-0002,AM-0007,132.0,3,6839.0,0.019301,161.169713
50.0,residence,PB-0010,PB-0003,132.0,11,1137.0,0.116095,238.125134
50.0,residence,PE-0001,PE-0002,132.0,8,3900.0,0.033846,84.436054
50.0,residence,CE-0005,CE-2301,131.0,7,4175.0,0.031377,135.17861
50.0,residence,GO-0015,GO-0014,131.0,14,3334.0,0.039292,136.514242
50.0,residence,PR-0006,PR-0003,131.0,9,2504.0,0.052316,136.925117
50.0,residence,CE-0004,CE-0008,130.0,8,3299.0,0.039406,93.190741
50.0,residence,GO-0001,GO-0003,130.0,12,10442.0,0.01245,62.985992
50.0,residence,RJ-0010,RJ-0019,130.0,9,343.0,0.379009,104.752113
50.0,residence,RN-0001,RN-0006,130.0,7,7000.0,0.018571,211.345756
50.0,residence,RS-0001,RS-0013,130.0,4,2533.0,0.051323,96.934651
50.0,residence,SP-0215,SP-0101,130.0,14,14290.0,0.009097,254.936486
50.0,residence,AC-0001,AC-0002,129.0,5,20121.0,0.006411,464.960426
50.0,residence,BA-0010,PE-0001,129.0,8,3855.0,0.033463,410.23617
50.0,residence,MG-0010,SP-0101,129.0,14,1386.0,0.093074,151.812093
50.0,residence,PB-0001,PB-0003,129.0,16,3750.0,0.0344,105.991503
50.0,residence,PI-0002,PI-0005,129.0,5,5001.0,0.025795,58.688821
50.0,residence,RS-0008,RS-0004,129.0,6,2221.0,0.058082,84.382008
50.0,residence,SP-0209,SP-0215,129.0,8,8140.0,0.015848,169.125203
50.0,residence,MG-0005,MG-0018,128.0,13,2591.0,0.049402,91.265018
50.0,residence,RS-0012,RS-0006,128.0,4,2424.0,0.052805,239.49151
50.0,residence,CE-0007,RN-0002,127.0,4,3485.0,0.036442,55.508734
50.0,residence,PA-0003,PA-0004,127.0,12,8279.0,0.01534,98.619691
50.0,residence,RN-0004,RN-0002,127.0,3,4339.0,0.029269,113.41371
50.0,residence,SE-0006,SE-0002,127.0,6,2198.0,0.05778,71.355724
50.0,residence,BA-0012,BA-0018,126.0,13,11494.0,0.010962,198.842312
50.0,residence,BA-0025,BA-0022,126.0,11,16943.0,0.007437,204.559824
50.0,residence,MG-0016,ES-0001,126.0,17,4672.0,0.026969,147.486439
50.0,residence,MT-0002,MT-0012,126.0,8,9373.0,0.013443,114.527509
50.0,residence,SC-0006,SC-0012,126.0,12,1283.0,0.098207,66.480492
50.0,residence,BA-0009,ES-0001,125.0,13,3471.0,0.036013,270.114584
50.0,residence,MA-0005,MA-0004,125.0,2,2667.0,0.046869,54.173019
50.0,residence,MG-0012,MG-0013,125.0,9,6062.0,0.02062,101.867236
50.0,residence,SP-0005,SP-0215,125.0,4,682.0,0.183284,85.211564
50.0,residence,CE-0007,CE-0008,124.0,5,3485.0,0.035581,180.080909
50.0,residence,PB-0011,PB-0003,124.0,16,817.0,0.151775,195.889264
50.0,residence,AM-0001,SP-0206,123.0,3,116947.0,0.001052,2514.683117
50.0,residence,ES-0002,ES-0003,123.0,8,7253.0,0.016958,147.778454
50.0,residence,PI-0087,PI-0008,123.0,1,182.0,0.675824,50.773602
50.0,residence,SC-0004,SC-0007,123.0,14,1498.0,0.082109,124.962708
50.0,residence,SC-0008,SC-0018,123.0,10,586.0,0.209898,286.910568
50.0,residence,PB-0011,PB-0001,122.0,12,817.0,0.149327,343.75194
50.0,residence,RS-0017,RS-0006,122.0,8,1167.0,0.104542,140.369138
50.0,residence,SP-0203,SP-0215,122.0,13,5044.0,0.024187,141.087675
50.0,residence,SP-0220,SP-0101,122.0,13,1129.0,0.10806,171.332376
50.0,residence,CE-0001,CE-2301,121.0,3,9089.0,0.013313,57.317313
50.0,residence,GO-0010,GO-0022,121.0,9,2795.0,0.043292,136.52583
50.0,residence,PE-0011,PE-0007,121.0,3,4495.0,0.026919,67.087995
50.0,residence,SC-0025,SC-0018,121.0,14,1631.0,0.074188,164.529062
50.0,residence,SP-0215,SP-0207,120.0,6,14290.0,0.008397,120.194052
50.0,residence,GO-0007,GO-0003,119.0,3,4631.0,0.025696,209.489444
50.0,residence,MA-0005,MA-0015,119.0,6,2667.0,0.044619,89.807879
50.0,residence,PE-0001,PE-0003,119.0,12,3900.0,0.030513,80.424446
50.0,residence,AL-0004,AL-0007,118.0,3,632.0,0.186709,69.370164
50.0,residence,BA-0001,BA-0003,118.0,4,4017.0,0.029375,61.469351
50.0,residence,BA-0022,BA-0027,118.0,5,3517.0,0.033551,94.007274
50.0,residence,RS-0014,RS-0001,118.0,13,966.0,0.122153,402.791145
50.0,residence,MS-0002,MS-0012,117.0,2,1713.0,0.068301,56.79661
50.0,residence,PB-0010,RN-0006,117.0,6,1137.0,0.102902,66.164929
50.0,residence,SP-0101,BA-0020,117.0,4,3533.0,0.033116,1150.107815
50.0,residence,SP-0201,SP-0207,116.0,12,2990.0,0.038796,68.056106
50.0,residence,CE-0016,PI-0001,115.0,8,2661.0,0.043217,71.477895
50.0,residence,PB-0009,PB-0003,115.0,9,1075.0,0.106977,288.049322
50.0,residence,PB-0009,PB-0006,115.0,11,1075.0,0.106977,137.843459
50.0,residence,PR-0009,PR-0002,115.0,13,2355.0,0.048832,498.082749
50.0,residence,RS-0013,RS-0008,115.0,8,1330.0,0.086466,70.452601
50.0,residence,RS-0017,RS-0001,115.0,10,1167.0,0.098543,314.118498
50.0,residence,MT-0001,PR-0002,114.0,7,4772.0,0.023889,1288.29869
50.0,residence,PR-0013,PR-0002,114.0,9,2039.0,0.05591,393.58232
50.0,residence,SC-0001,SC-0005,114.0,9,1504.0,0.075798,64.379715
50.0,residence,SP-0101,PE-0001,114.0,9,3533.0,0.032267,2137.232849
50.0,residence,BA-0011,BA-0025,113.0,3,4716.0,0.023961,147.546752
50.0,residence,MG-0011,SP-0207,113.0,11,7072.0,0.015979,224.604173
50.0,residence,MG-0012,MG-0002,113.0,10,6062.0,0.018641,398.103246
50.0,residence,SP-0213,SP-0101,113.0,8,5216.0,0.021664,284.004284
50.0,residence,CE-0002,CE-0008,112.0,8,7569.0,0.014797,165.528901
50.0,residence,PE-0009,BA-0015,112.0,10,5630.0,0.019893,192.472176
50.0,residence,PI-0011,PI-0009,112.0,5,4445.0,0.025197,112.267883
50.0,residence,SC-0015,SC-0008,112.0,5,3333.0,0.033603,152.734555
50.0,residence,SE-0008,BA-0001,112.0,6,1993.0,0.056197,270.531116
50.0,residence,BA-0015,PE-0007,111.0,5,6937.0,0.016001,163.199382
50.0,residence,GO-0001,SP-0101,111.0,8,10442.0,0.01063,810.888259
50.0,residence,MS-0002,MS-0003,111.0,4,1713.0,0.064799,96.044254
50.0,residence,PR-0003,PR-0005,111.0,7,8238.0,0.013474,174.53584
50.0,residence,PR-0012,PR-0011,111.0,8,5362.0,0.020701,85.139229
50.0,residence,SE-0004,SE-0005,111.0,7,4478.0,0.024788,86.908207
50.0,residence,AL-0003,PE-0001,110.0,9,4223.0,0.026048,314.758886
50.0,residence,BA-0015,BA-0012,110.0,5,6937.0,0.015857,89.862838
50.0,residence,BA-0015,PI-0012,110.0,3,6937.0,0.015857,79.563318
50.0,residence,ES-0005,ES-0003,110.0,3,278.0,0.395683,102.79977
50.0,residence,MS-0008,SP-0005,110.0,5,2291.0,0.048014,410.051946
50.0,residence,SC-0022,SC-0012,110.0,3,910.0,0.120879,56.529341
50.0,residence,SP-0008,SP-0208,110.0,1,146.0,0.753425,53.336067
50.0,residence,SP-0013,SP-0213,110.0,1,158.0,0.696203,92.813311
50.0,residence,RN-0002,CE-0001,109.0,7,7096.0,0.015361,204.789774
50.0,residence,RS-0012,RS-0014,109.0,7,2424.0,0.044967,112.649574
50.0,residence,SC-0017,SC-0022,109.0,5,796.0,0.136935,78.046571
50.0,residence,BA-0023,BA-0019,108.0,7,1799.0,0.060033,128.003427
50.0,residence,PB-0008,RN-0006,108.0,6,1356.0,0.079646,62.104903
50.0,residence,PR-0013,PR-0011,108.0,9,2039.0,0.052967,69.479899
50.0,residence,RJ-0019,RJ-0000,108.0,1,4910.0,0.021996,99.668189
50.0,residence,BA-0031,BA-0003,107.0,5,3447.0,0.031041,72.095577
50.0,residence,MT-0007,SP-0005,107.0,6,11432.0,0.00936,759.623554
50.0,residence,RR-0001,DF-0006,107.0,3,540.0,0.198148,2530.206573
50.0,residence,BA-0003,BA-0011,106.0,6,10512.0,0.010084,109.778822
50.0,residence,PA-0009,AM-0001,106.0,13,44077.0,0.002405,535.864712
50.0,residence,PE-0001,PE-0006,106.0,6,3900.0,0.027179,56.210735
50.0,residence,MG-0012,MG-0007,105.0,4,6062.0,0.017321,123.950527
50.0,residence,RR-0001,SP-0005,105.0,1,540.0,0.194444,2946.763636
50.0,residence,BA-0010,BA-0013,104.0,3,3855.0,0.026978,62.346352
50.0,residence,MA-0018,MA-0005,104.0,5,4172.0,0.024928,98.03089
50.0,residence,MG-0012,DF-0006,104.0,6,6062.0,0.017156,346.373496
50.0,residence,MG-0028,MG-0022,104.0,4,4345.0,0.023936,447.931041
50.0,residence,PR-0010,PR-0015,104.0,7,6797.0,0.015301,229.222453
50.0,residence,SP-0005,SP-0205,104.0,1,682.0,0.152493,51.588845
50.0,residence,MA-0015,MA-0018,103.0,9,2594.0,0.039707,156.76381
50.0,residence,MS-0001,SP-0005,103.0,3,60432.0,0.001704,597.988629
50.0,residence,SP-0101,SP-0219,103.0,2,3533.0,0.029154,59.640847
50.0,residence,PR-0015,PR-0016,102.0,9,2599.0,0.039246,76.53402
50.0,residence,MT-0004,MT-0014,101.0,8,2366.0,0.042688,287.299526
50.0,residence,SP-0208,SP-0101,101.0,7,3345.0,0.030194,351.230201
50.0,residence,SP-0219,SP-0217,101.0,3,2328.0,0.043385,153.467055
50.0,residence,BA-0011,BA-0012,100.0,5,4716.0,0.021204,104.995267
50.0,residence,BA-0019,BA-0023,100.0,5,7401.0,0.013512,78.694748
50.0,residence,GO-0001,GO-0014,100.0,4,10442.0,0.009577,116.627305
50.0,residence,GO-0017,GO-0001,100.0,7,136.0,0.735294,460.742119
50.0,residence,PR-0019,PR-0015,100.0,11,7529.0,0.013282,206.126499
50.0,residence,SC-0005,SC-0001,100.0,8,1350.0,0.074074,85.836931
50.0,residence,SP-0206,SP-0213,100.0,9,10469.0,0.009552,167.43719
50.0,residence,PR-0010,PR-0020,99.0,8,6797.0,0.014565,73.769329
50.0,residence,RS-0019,RS-0001,99.0,14,2822.0,0.035082,340.071308
50.0,residence,SP-0101,SP-0214,99.0,2,3533.0,0.028022,230.873664
50.0,residence,BA-0022,BA-0026,98.0,3,3517.0,0.027865,94.308705
50.0,residence,ES-0005,ES-0004,98.0,1,278.0,0.352518,84.251869
50.0,residence,PR-0005,PR-0003,98.0,7,7311.0,0.013404,114.15647
50.0,residence,RS-0004,RS-0006,98.0,6,5290.0,0.018526,223.58884
50.0,residence,SP-0209,SP-0216,98.0,11,8140.0,0.012039,81.068357
50.0,residence,SP-0210,SP-0005,98.0,6,2614.0,0.03749,224.910221
50.0,residence,SP-0211,SP-0101,98.0,13,8153.0,0.01202,553.260776
50.0,residence,TO-0002,SP-0005,98.0,7,6464.0,0.015161,1470.055747
50.0,residence,AM-0004,AM-0008,97.0,1,2156.0,0.044991,82.850788
50.0,residence,GO-0012,GO-0004,97.0,6,955.0,0.101571,150.163665
50.0,residence,PR-0004,PR-0005,97.0,6,3513.0,0.027612,86.440391
50.0,residence,SE-0006,SE-0001,96.0,7,2198.0,0.043676,77.075812
50.0,residence,PB-0001,RN-0007,95.0,5,3750.0,0.025333,154.980514
50.0,residence,RS-0011,RS-0001,95.0,6,1329.0,0.071482,290.901007
50.0,residence,SC-0001,PR-0010,95.0,6,1504.0,0.063165,183.93555
50.0,residence,SC-0002,SC-0008,95.0,4,954.0,0.099581,67.896027
50.0,residence,SC-0009,SC-0002,95.0,3,997.0,0.095286,75.065694
50.0,residence,SC-0012,SC-0006,95.0,7,849.0,0.111896,72.973161
50.0,residence,SP-0101,SP-0005,95.0,1,3533.0,0.026889,397.191906
50.0,residence,MG-0013,SP-0215,94.0,7,7417.0,0.012674,99.82555
50.0,residence,AL-0005,AL-0002,93.0,1,1544.0,0.060233,57.14151
50.0,residence,BA-0011,BA-0022,93.0,4,4716.0,0.01972,99.726762
50.0,residence,BA-0021,BA-0020,93.0,3,5686.0,0.016356,391.232491
50.0,residence,MG-0002,MG-0003,93.0,5,4390.0,0.021185,129.431186
50.0,residence,MG-0002,MG-0014,93.0,9,4390.0,0.021185,97.505398
50.0,residence,RS-0015,RS-0001,93.0,14,2647.0,0.035134,315.311705
50.0,residence,SC-0020,SC-0022,93.0,5,249.0,0.373494,104.58541
50.0,residence,BA-0013,BA-0002,92.0,6,12470.0,0.007378,213.198474
50.0,residence,MG-0012,SP-0215,92.0,6,6062.0,0.015177,269.356001
50.0,residence,PE-0008,BA-0001,92.0,9,4509.0,0.020404,498.554847
50.0,residence,RS-0028,RS-0001,92.0,7,111.0,0.828829,132.925249
50.0,residence,MT-0013,MT-0014,91.0,7,4340.0,0.020968,96.676492
50.0,residence,PI-0017,PI-0011,91.0,3,1345.0,0.067658,77.886675
50.0,residence,PR-0020,PR-0015,91.0,7,7403.0,0.012292,237.677014
50.0,residence,RS-0004,RS-0017,91.0,6,5290.0,0.017202,145.910281
50.0,residence,SP-0102,SP-0206,91.0,6,298.0,0.305369,297.541577
50.0,residence,TO-0001,DF-0006,91.0,6,12047.0,0.007554,567.142268
50.0,residence,DF-0006,GO-0003,90.0,4,1028.0,0.087549,108.124254
50.0,residence,MA-0005,MA-2105,90.0,2,2667.0,0.033746,58.927395
50.0,residence,RJ-3302,RJ-0033,90.0,3,523.0,0.172084,103.08663
50.0,residence,CE-0006,CE-2301,89.0,6,3977.0,0.022379,108.670408
50.0,residence,SC-0008,SC-0010,89.0,7,586.0,0.151877,124.95827
50.0,residence,SC-0011,SC-0026,89.0,4,1215.0,0.073251,100.710075
50.0,residence,SC-0023,SC-0018,89.0,11,412.0,0.216019,139.555629
50.0,residence,SC-0026,SC-0018,89.0,8,1118.0,0.079606,257.07601
50.0,residence,SP-0207,SP-0102,89.0,11,5129.0,0.017352,102.488244
50.0,residence,SP-0207,SP-0217,89.0,7,5129.0,0.017352,154.911015
50.0,residence,SP-0209,SP-0005,89.0,11,8140.0,0.010934,276.751259
50.0,residence,SP-0215,SP-0210,89.0,5,14290.0,0.006228,85.340877
50.0,residence,BA-0013,BA-0020,88.0,11,12470.0,0.007057,120.807694
50.0,residence,PR-0011,PR-0012,88.0,6,5410.0,0.016266,87.524432
50.0,residence,RS-0017,RS-0019,88.0,4,1167.0,0.075407,79.122056
50.0,residence,SP-0206,SP-0217,88.0,5,10469.0,0.008406,374.095648
50.0,residence,BA-0025,BA-0020,87.0,10,16943.0,0.005135,582.022303
50.0,residence,MA-0005,MA-0014,87.0,4,2667.0,0.032621,123.295405
50.0,residence,RS-0014,RS-0006,87.0,11,966.0,0.090062,207.091847
50.0,residence,AL-0008,AL-0003,86.0,4,1474.0,0.058345,70.402627
50.0,residence,BA-0004,BA-0031,86.0,4,3822.0,0.022501,62.090472
50.0,residence,BA-0009,MG-0002,86.0,13,3471.0,0.024777,504.881816
50.0,residence,DF-0006,GO-0018,86.0,3,1028.0,0.083658,54.194644
50.0,residence,RJ-0001,RJ-0033,86.0,2,642.0,0.133956,189.645959
50.0,residence,PA-0001,PA-0005,85.0,6,551.0,0.154265,202.531409
50.0,residence,SP-0101,DF-0006,85.0,6,3533.0,0.024059,882.882778
50.0,residence,BA-0020,BA-0024,84.0,9,5707.0,0.014719,182.392809
50.0,residence,BA-0026,BA-0020,84.0,8,6777.0,0.012395,336.283151
50.0,residence,MG-0013,MG-0002,84.0,10,7417.0,0.011325,333.222868
50.0,residence,MS-0001,SP-0206,84.0,2,60432.0,0.00139,588.762114
50.0,residence,PA-0012,PA-0011,84.0,6,11709.0,0.007174,210.381145
50.0,residence,AM-0005,RR-0001,83.0,2,8175.0,0.010153,475.3621
50.0,residence,BA-0008,BA-0006,83.0,7,2234.0,0.037153,179.579355
50.0,residence,BA-0026,GO-0002,83.0,1,6777.0,0.012247,125.364256
50.0,residence,MG-0021,MG-0002,83.0,10,3716.0,0.022336,270.280839
50.0,residence,PI-0007,PI-0008,83.0,2,2628.0,0.031583,54.182254
50.0,residence,SC-0008,SC-0015,83.0,9,586.0,0.141638,128.631537
50.0,residence,MG-0013,MG-0022,82.0,6,7417.0,0.011056,179.724187
50.0,residence,SE-0008,SE-0001,82.0,2,1993.0,0.041144,57.823847
50.0,residence,SP-0101,SP-0215,82.0,1,3533.0,0.02321,422.511365
50.0,residence,AL-0003,AL-0008,81.0,3,4223.0,0.019181,97.373442
50.0,residence,MA-0004,PI-0004,81.0,9,4554.0,0.017787,233.387592
50.0,residence,MA-0014,MA-2105,81.0,6,3189.0,0.0254,82.744455
50.0,residence,RJ-0003,MG-0005,81.0,2,432.0,0.1875,110.418612
50.0,residence,RS-0012,RS-0004,81.0,6,2424.0,0.033416,162.668956
50.0,residence,SP-0214,SP-0005,81.0,7,3856.0,0.021006,219.32745
50.0,residence,PB-0005,PB-0001,80.0,11,1954.0,0.040942,257.705266
50.0,residence,SE-0002,SE-0001,80.0,6,1537.0,0.052049,64.740595
50.0,residence,CE-0009,CE-2301,79.0,4,5952.0,0.013273,137.42849
50.0,residence,MS-0006,MS-0004,79.0,2,2210.0,0.035747,96.154993
50.0,residence,MT-0001,SP-0101,79.0,4,4772.0,0.016555,1312.111432
50.0,residence,PE-0004,PB-0005,79.0,5,25284.0,0.003125,86.69845
50.0,residence,PI-0004,PE-0001,79.0,1,6456.0,0.012237,926.651285
50.0,residence,PR-0021,PR-0018,79.0,4,4817.0,0.0164,113.982035
50.0,residence,CE-0006,CE-0008,78.0,7,3977.0,0.019613,198.649468
50.0,residence,MA-0001,MA-0006,78.0,6,8229.0,0.009479,80.637557
50.0,residence,MG-0013,SP-0213,78.0,6,7417.0,0.010516,178.648231
50.0,residence,MS-0001,SP-0101,78.0,6,60432.0,0.001291,837.123082
50.0,residence,PI-0010,PI-0013,78.0,3,3442.0,0.022661,128.480353
50.0,residence,PR-0011,ES-0004,78.0,1,5410.0,0.014418,1469.884991
50.0,residence,MG-0021,MG-0011,77.0,7,3716.0,0.020721,92.054124
50.0,residence,RS-0043,RS-0003,77.0,2,518.0,0.148649,56.446572
50.0,residence,SC-0022,PR-0002,77.0,7,910.0,0.084615,96.005555
50.0,residence,BA-0029,BA-0013,76.0,2,3219.0,0.02361,91.195938
50.0,residence,CE-0003,CE-0008,76.0,5,1771.0,0.042914,139.419656
50.0,residence,CE-0017,CE-0020,76.0,4,2225.0,0.034157,63.379741
50.0,residence,MG-0011,SP-0101,76.0,9,7072.0,0.010747,253.689658
50.0,residence,RN-0007,RN-0005,76.0,7,464.0,0.163793,75.396531
50.0,residence,SC-0007,SC-0010,76.0,7,1849.0,0.041103,113.255857
50.0,residence,SC-0012,SC-0022,76.0,5,849.0,0.089517,191.202651
50.0,residence,SC-0014,SC-0015,76.0,6,2040.0,0.037255,160.526287
50.0,residence,SP-0215,SP-0206,76.0,9,14290.0,0.005318,175.37122
50.0,residence,BA-0009,ES-0004,75.0,3,3471.0,0.021608,87.62188
50.0,residence,RN-0001,RN-0002,75.0,4,7000.0,0.010714,96.728237
50.0,residence,SC-0002,SC-0015,75.0,8,954.0,0.078616,134.252244
50.0,residence,SC-0004,SC-0011,75.0,2,1498.0,0.050067,64.55884
50.0,residence,SC-0023,SC-0025,75.0,4,412.0,0.182039,100.065957
50.0,residence,DF-0006,MG-0002,74.0,6,1028.0,0.071984,615.595217
50.0,residence,MA-2109,MA-0001,74.0,8,157.0,0.471338,235.810926
50.0,residence,MG-0002,MG-0015,74.0,9,4390.0,0.016856,104.796474
50.0,residence,MG-0009,MG-0004,74.0,6,4651.0,0.015911,96.880901
50.0,residence,PA-0011,PA-0005,74.0,2,31488.0,0.00235,231.304319
50.0,residence,SP-0220,SP-0206,74.0,2,1129.0,0.065545,182.631514
50.0,residence,BA-0023,BA-0030,73.0,4,1799.0,0.040578,115.404562
50.0,residence,PA-0011,MA-0001,73.0,5,31488.0,0.002318,716.997013
50.0,residence,PE-0004,PE-0011,73.0,6,25284.0,0.002887,181.601683
50.0,residence,PI-0010,PI-0011,73.0,2,3442.0,0.021209,82.296402
50.0,residence,PI-0010,PI-0012,73.0,8,3442.0,0.021209,150.147875
50.0,residence,PR-0012,PR-0014,73.0,6,5362.0,0.013614,101.555428
50.0,residence,RJ-0010,RJ-0033,73.0,1,343.0,0.212828,100.96802
50.0,residence,SP-0213,SP-0218,73.0,9,5216.0,0.013995,64.612083
50.0,residence,DF-0006,SP-0206,72.0,2,1028.0,0.070039,738.856138
50.0,residence,MA-0008,MA-0017,72.0,6,4845.0,0.014861,70.334974
50.0,residence,MA-0017,MA-2105,72.0,3,5266.0,0.013673,74.844704
50.0,residence,MG-0014,MG-0015,72.0,8,9795.0,0.007351,73.125865
50.0,residence,MG-0023,MG-0018,72.0,6,3343.0,0.021538,148.240074
50.0,residence,SC-0010,SC-0015,72.0,4,3067.0,0.023476,277.840168
50.0,residence,TO-0001,SP-0207,72.0,5,12047.0,0.005977,1421.985876
50.0,residence,MA-0008,MA-2108,71.0,2,4845.0,0.014654,134.60523
50.0,residence,MG-0009,MG-0023,71.0,7,4651.0,0.015266,72.216515
50.0,residence,MG-0012,MG-0022,71.0,6,6062.0,0.011712,252.191886
50.0,residence,MG-0028,MG-0006,71.0,6,4345.0,0.016341,297.255832
50.0,residence,SC-0020,SC-0018,71.0,8,249.0,0.285141,106.318693
50.0,residence,SP-0215,SP-0213,71.0,6,14290.0,0.004969,185.777684
50.0,residence,AM-0001,SP-0005,70.0,1,116947.0,0.000599,2362.184406
50.0,residence,BA-0006,BA-0013,70.0,4,1481.0,0.047265,185.91326
50.0,residence,BA-0024,BA-0026,70.0,3,2454.0,0.028525,60.518244
50.0,residence,ES-0001,SP-0206,70.0,9,36552.0,0.001915,942.636557
50.0,residence,ES-0005,ES-0001,70.0,7,278.0,0.251799,176.07143
50.0,residence,MA-0008,MA-0005,70.0,4,4845.0,0.014448,91.726592
50.0,residence,MA-0011,SP-0005,70.0,2,4860.0,0.014403,1699.531286
50.0,residence,MA-2109,MA-0006,70.0,1,157.0,0.44586,167.2863
50.0,residence,PB-0007,RN-0006,70.0,6,2072.0,0.033784,117.903491
50.0,residence,PR-0018,PR-0019,70.0,8,4384.0,0.015967,67.555418
50.0,residence,SC-0009,SC-0003,70.0,2,997.0,0.070211,97.761913
50.0,residence,CE-0004,CE-2301,69.0,4,3299.0,0.020915,66.296946
50.0,residence,MA-0001,MA-0005,69.0,2,8229.0,0.008385,156.754295
50.0,residence,PA-0001,PA-0013,69.0,4,551.0,0.125227,160.807043
50.0,residence,PA-0010,PA-0011,69.0,5,14150.0,0.004876,172.689189
50.0,residence,PB-0006,PB-0010,69.0,3,1445.0,0.047751,99.475267
50.0,residence,PR-0007,PR-0008,69.0,7,2831.0,0.024373,90.607303
50.0,residence,PR-0019,PR-0022,69.0,7,7529.0,0.009165,195.657825
50.0,residence,RJ-0010,RJ-0330,69.0,1,343.0,0.201166,87.185818
50.0,residence,RJ-0053,RJ-0003,69.0,2,137.0,0.50365,99.114035
50.0,residence,RS-0009,RS-0004,69.0,5,1800.0,0.038333,80.749243
50.0,residence,SC-0009,SC-0010,69.0,3,997.0,0.069208,164.90579
50.0,residence,BA-0002,BA-0004,68.0,7,7903.0,0.008604,82.267831
50.0,residence,DF-0006,PE-0001,68.0,2,1028.0,0.066148,1643.814606
50.0,residence,MG-0005,MG-0027,68.0,9,2591.0,0.026245,76.455368
50.0,residence,MG-0015,SP-0005,68.0,3,14099.0,0.004823,318.754517
50.0,residence,MG-0021,SP-0206,68.0,3,3716.0,0.018299,238.3056
50.0,residence,PE-0001,PB-0001,68.0,9,3900.0,0.017436,82.037342
50.0,residence,PE-0004,PE-0002,68.0,7,25284.0,0.002689,76.915825
50.0,residence,PR-0005,PR-0022,68.0,3,7311.0,0.009301,50.951099
50.0,residence,PR-0012,PR-0017,68.0,5,5362.0,0.012682,237.70405
50.0,residence,SC-0001,ES-0001,68.0,5,1504.0,0.045213,1495.358522
50.0,residence,SC-0025,SC-0026,68.0,6,1631.0,0.041692,112.268441
50.0,residence,SP-0202,SP-0213,68.0,5,3526.0,0.019285,289.25032
50.0,residence,SP-0209,SP-0213,68.0,4,8140.0,0.008354,223.739201
50.0,residence,BA-0013,BA-0007,67.0,7,12470.0,0.005373,145.583475
50.0,residence,PI-0009,PI-0008,67.0,3,2501.0,0.026789,66.115806
50.0,residence,RJ-3305,RJ-0019,67.0,1,108.0,0.62037,60.096739
50.0,residence,BA-0009,BA-0006,66.0,5,3471.0,0.019015,279.426757
50.0,residence,MG-0013,MG-0007,66.0,7,7417.0,0.008898,243.768572
50.0,residence,MG-0017,MG-0016,66.0,5,7244.0,0.009111,102.318679
50.0,residence,PB-0004,PB-0001,66.0,9,2397.0,0.027534,161.028052
50.0,residence,SC-0014,SC-0012,66.0,6,2040.0,0.032353,64.553409
50.0,residence,SE-0008,SE-0005,66.0,6,1993.0,0.033116,80.488486
50.0,residence,SP-0217,SP-0207,66.0,5,6417.0,0.010285,128.346436
50.0,residence,AC-0002,AC-0003,65.0,1,5153.0,0.012614,84.289967
50.0,residence,BA-0008,MG-0002,65.0,8,2234.0,0.029096,612.459704
50.0,residence,BA-0020,BA-0014,65.0,7,5707.0,0.01139,82.007276
50.0,residence,PR-0001,SC-0022,65.0,4,5231.0,0.012426,54.080103
50.0,residence,RS-0005,RS-0006,65.0,8,4245.0,0.015312,108.926991
50.0,residence,SP-0102,SP-0217,65.0,4,298.0,0.218121,141.828873
50.0,residence,AM-0004,AC-0001,64.0,6,2156.0,0.029685,396.722986
50.0,residence,BA-0026,BA-0024,64.0,5,6777.0,0.009444,210.853778
50.0,residence,MA-0005,MA-0003,64.0,2,2667.0,0.023997,126.840925
50.0,residence,MG-0007,DF-0006,64.0,5,4755.0,0.01346,320.204947
50.0,residence,MT-0005,MT-0012,64.0,1,5661.0,0.011305,143.926399
50.0,residence,PB-0003,RN-0006,64.0,2,3863.0,0.016567,220.823381
50.0,residence,RS-0043,RS-0007,64.0,2,518.0,0.123552,168.899541
50.0,residence,SC-0022,SC-0011,64.0,1,910.0,0.07033,85.26568
50.0,residence,SC-0023,SC-0022,64.0,1,412.0,0.15534,53.966872
50.0,residence,AP-0001,SP-0101,63.0,4,26194.0,0.002405,2716.019329
50.0,residence,CE-0012,CE-0016,63.0,5,5296.0,0.011896,65.715089
50.0,residence,MG-0002,MG-0009,63.0,8,4390.0,0.014351,82.765086
50.0,residence,PA-0001,PA-0003,63.0,7,551.0,0.114338,56.804404
50.0,residence,PB-0006,PB-0011,63.0,5,1445.0,0.043599,94.011894
50.0,residence,PR-0021,PR-0016,63.0,6,4817.0,0.013079,116.580478
50.0,residence,PB-0010,PE-0001,62.0,5,1137.0,0.054529,346.191372
50.0,residence,PR-0005,PR-0015,62.0,4,7311.0,0.00848,211.14822
50.0,residence,RJ-0003,RJ-0033,62.0,1,432.0,0.143519,90.966771
50.0,residence,RJ-0019,SP-0101,62.0,7,4910.0,0.012627,334.980071
50.0,residence,SC-0012,SC-0014,62.0,5,849.0,0.073027,62.816742
50.0,residence,SC-0023,SC-0011,62.0,5,412.0,0.150485,115.512378
50.0,residence,SP-0207,SP-0203,62.0,1,5129.0,0.012088,54.038192
50.0,residence,MA-0016,MA-0015,61.0,3,5274.0,0.011566,107.882259
50.0,residence,MG-0029,MG-0014,61.0,4,2437.0,0.025031,111.462877
50.0,residence,RS-0011,RS-0015,61.0,1,1329.0,0.045899,55.790308
50.0,residence,SC-0007,SC-0002,61.0,5,1849.0,0.032991,112.423876
50.0,residence,SC-0013,SC-0018,61.0,4,140.0,0.435714,103.972734
50.0,residence,AC-0001,AC-0003,60.0,2,20121.0,0.002982,197.841749
50.0,residence,MA-0017,MA-0018,60.0,4,5266.0,0.011394,191.972621
50.0,residence,PB-0006,RN-0006,60.0,4,1445.0,0.041522,119.0026
50.0,residence,PE-0001,PE-0012,60.0,4,3900.0,0.015385,66.151479
50.0,residence,PR-0002,PR-0003,60.0,6,9641.0,0.006223,89.631744
50.0,residence,PR-0012,PR-0016,60.0,8,5362.0,0.01119,200.662035
50.0,residence,RJ-0019,RJ-0033,60.0,1,4910.0,0.01222,87.996668
50.0,residence,RJ-0053,RJ-0019,60.0,2,137.0,0.437956,94.102907
50.0,residence,BA-0001,SP-0005,59.0,1,4017.0,0.014688,1368.980149
50.0,residence,BA-0025,DF-0006,59.0,6,16943.0,0.003482,508.636617
50.0,residence,CE-0001,CE-0011,59.0,2,9089.0,0.006491,203.95491
50.0,residence,RJ-0214,RJ-0033,59.0,2,124.0,0.475806,79.858924
50.0,residence,RS-0014,RS-0012,59.0,3,966.0,0.061077,76.270916
50.0,residence,SP-0101,PR-0002,59.0,4,3533.0,0.0167,325.161621
50.0,residence,BA-0001,BA-0005,58.0,3,4017.0,0.014439,64.805493
50.0,residence,BA-0008,ES-0001,58.0,4,2234.0,0.025962,351.69007
50.0,residence,DF-0006,GO-0002,58.0,3,1028.0,0.05642,132.076438
50.0,residence,MA-0011,MA-0016,58.0,4,4860.0,0.011934,163.627982
50.0,residence,MG-0003,MG-0020,58.0,5,4611.0,0.012579,74.368422
50.0,residence,PA-0009,AP-0001,58.0,5,44077.0,0.001316,402.612834
50.0,residence,PE-0007,BA-0015,58.0,6,2062.0,0.028128,206.815084
50.0,residence,PI-0009,PI-0007,58.0,2,2501.0,0.023191,53.203152
50.0,residence,MA-0008,MA-0009,57.0,6,4845.0,0.011765,142.512712
50.0,residence,MA-0009,MA-2108,57.0,3,5242.0,0.010874,95.419616
50.0,residence,MS-0002,SP-0005,57.0,3,1713.0,0.033275,673.53337
50.0,residence,MT-0014,MT-0011,57.0,4,5004.0,0.011391,195.610028
50.0,residence,PA-0005,MA-0011,57.0,3,13545.0,0.004208,164.664722
50.0,residence,PR-0013,PR-0014,57.0,5,2039.0,0.027955,81.557126
50.0,residence,RJ-3302,RJ-0003,57.0,1,523.0,0.108987,201.644235
50.0,residence,SE-0001,SE-0002,57.0,7,4564.0,0.012489,69.744454
50.0,residence,SP-0201,SP-0216,57.0,8,2990.0,0.019064,73.020534
50.0,residence,BA-0015,BA-0028,56.0,6,6937.0,0.008073,115.191553
50.0,residence,BA-0028,BA-0002,56.0,6,7105.0,0.007882,237.949054
50.0,residence,GO-0001,TO-0001,56.0,5,10442.0,0.005363,625.053402
50.0,residence,MG-0010,MG-0022,56.0,7,1386.0,0.040404,175.362751
50.0,residence,PE-0005,PE-0003,56.0,7,11319.0,0.004947,99.376323
50.0,residence,PR-0008,PR-0015,56.0,3,6615.0,0.008466,336.312399
50.0,residence,RN-0007,RN-0002,56.0,4,464.0,0.12069,271.741552
50.0,residence,SC-0015,SC-0022,56.0,4,3333.0,0.016802,129.102581
50.0,residence,SE-0003,SE-0005,56.0,5,835.0,0.067066,52.97106
50.0,residence,SP-0208,SP-0206,56.0,3,3345.0,0.016741,245.241884
50.0,residence,AL-0007,AL-0003,55.0,2,1233.0,0.044607,58.709849
50.0,residence,BA-0001,SP-0101,55.0,5,4017.0,0.013692,1466.212663
50.0,residence,BA-0019,BA-0030,55.0,4,7401.0,0.007431,97.504243
50.0,residence,MA-0004,MA-0010,55.0,2,4554.0,0.012077,59.428626
50.0,residence,MT-0014,SP-0005,55.0,3,5004.0,0.010991,1193.278696
50.0,residence,RS-0010,RS-0007,55.0,4,3093.0,0.017782,136.473371
50.0,residence,SC-0025,SC-0015,55.0,4,1631.0,0.033722,93.164526
50.0,residence,SP-0212,SP-0005,55.0,4,3883.0,0.014164,296.869053
50.0,residence,SP-0212,SP-0206,55.0,5,3883.0,0.014164,161.018892
50.0,residence,AL-0001,AL-0008,54.0,5,6016.0,0.008976,87.036912
50.0,residence,AM-0005,AM-0003,54.0,2,8175.0,0.006606,131.113653
50.0,residence,CE-0010,RN-0006,54.0,5,6020.0,0.00897,75.408766
50.0,residence,PA-0005,TO-0001,54.0,1,13545.0,0.003987,778.288401
50.0,residence,PR-0002,SC-0022,54.0,3,9641.0,0.005601,96.958204
50.0,residence,PR-0013,PR-0017,54.0,5,2039.0,0.026484,151.552941
50.0,residence,RJ-0010,MG-0005,54.0,2,343.0,0.157434,118.551238
50.0,residence,SC-0022,SC-0026,54.0,2,910.0,0.059341,160.210609
50.0,residence,SE-0005,SE-0001,54.0,5,2192.0,0.024635,131.145371
50.0,residence,SP-0101,SP-0221,54.0,2,3533.0,0.015284,111.42426
50.0,residence,SP-0214,SP-0208,54.0,6,3856.0,0.014004,170.604809
50.0,residence,BA-0001,SP-0206,53.0,3,4017.0,0.013194,1499.36552
50.0,residence,RN-0004,RN-0006,53.0,6,4339.0,0.012215,104.13821
50.0,residence,SC-0022,SC-0016,53.0,1,910.0,0.058242,135.695909
50.0,residence,SP-0214,SP-0220,53.0,6,3856.0,0.013745,66.525737
50.0,residence,BA-0014,BA-0018,52.0,6,3643.0,0.014274,330.429087
50.0,residence,GO-0008,GO-0004,52.0,2,52.0,1.0,134.635421
50.0,residence,MG-0013,MG-0012,52.0,6,7417.0,0.007011,89.238495
50.0,residence,PA-0011,TO-0002,52.0,5,31488.0,0.001651,215.172761
50.0,residence,RJ-0033,RJ-0003,52.0,4,1594.0,0.032622,94.401142
50.0,residence,RS-0001,SC-0018,52.0,4,2533.0,0.020529,371.178512
50.0,residence,SC-0021,SC-0006,52.0,4,258.0,0.20155,76.492043
50.0,residence,SP-0213,SP-0203,52.0,7,5216.0,0.009969,78.065931
50.0,residence,SP-0216,SP-0215,52.0,3,18122.0,0.002869,247.092071
50.0,residence,AM-0001,CE-0001,51.0,3,116947.0,0.000436,2414.736498
50.0,residence,BA-0018,BA-0021,51.0,3,5086.0,0.010028,108.172527
50.0,residence,BA-0019,BA-0013,51.0,1,7401.0,0.006891,213.157677
50.0,residence,CE-0012,CE-2301,51.0,4,5296.0,0.00963,192.623203
50.0,residence,GO-0001,SP-0215,51.0,4,10442.0,0.004884,393.838337
50.0,residence,MA-0005,PI-0004,51.0,3,2667.0,0.019123,138.871639
50.0,residence,MG-0020,MG-0011,51.0,2,2031.0,0.025111,55.01694
50.0,residence,MG-0027,MG-0002,51.0,7,1817.0,0.028068,220.336005
50.0,residence,MS-0003,MS-0004,51.0,4,3683.0,0.013847,101.252593
50.0,residence,PA-0009,PA-0010,51.0,3,44077.0,0.001157,182.420686
50.0,residence,PI-0003,PI-0005,51.0,4,2927.0,0.017424,86.385912
50.0,residence,PI-0087,PI-0004,51.0,5,182.0,0.28022,277.699843
50.0,residence,PR-0002,PR-0015,51.0,7,9641.0,0.00529,363.114227
50.0,residence,PR-0003,PR-0021,51.0,5,8238.0,0.006191,96.707666
50.0,residence,PR-0013,PR-0010,51.0,5,2039.0,0.025012,161.419295
50.0,residence,PR-0017,PR-0018,51.0,5,4656.0,0.010954,79.2646
50.0,residence,SC-0005,SC-0018,51.0,6,1350.0,0.037778,492.459249
50.0,residence,SE-0008,SP-0101,51.0,4,1993.0,0.02559,1728.766032
50.0,residence,SP-0207,SP-0201,51.0,7,5129.0,0.009943,88.826553
50.0,residence,SP-0216,SP-0102,51.0,6,18122.0,0.002814,87.509221
50.0,residence,MS-0001,SP-0215,50.0,1,60432.0,0.000827,504.174336
50.0,residence,MT-0004,SP-0005,50.0,4,2366.0,0.021133,1455.603431
50.0,residence,MT-0008,SP-0005,50.0,3,4998.0,0.010004,718.633282
50.0,residence,PA-0009,AM-0005,50.0,3,44077.0,0.001134,133.925309
50.0,residence,PI-0004,PI-0003,50.0,2,6456.0,0.007745,136.651312
50.0,residence,PI-0011,RS-0001,50.0,2,4445.0,0.011249,2602.704803
50.0,residence,PI-0017,PI-0010,50.0,3,1345.0,0.037175,222.485843
50.0,residence,PR-0011,PR-0014,50.0,5,5410.0,0.009242,137.458929
50.0,residence,SC-0004,SC-0022,50.0,5,1498.0,0.033378,149.326249
50.0,residence,SP-0101,MG-0006,50.0,3,3533.0,0.014152,842.171934
50.0,residence,MA-0013,MA-0005,49.0,7,6135.0,0.007987,239.501248
50.0,residence,PB-0012,PE-0001,49.0,4,1889.0,0.02594,94.709393
50.0,residence,PR-0010,PR-0007,49.0,3,6797.0,0.007209,131.729281
50.0,residence,RS-0014,RS-0015,49.0,4,966.0,0.050725,109.434559
50.0,residence,SC-0011,SC-0018,49.0,6,1215.0,0.040329,195.656604
50.0,residence,AL-0009,AL-0008,48.0,4,661.0,0.072617,84.957521
50.0,residence,BA-0018,BA-0016,48.0,2,5086.0,0.009438,96.915283
50.0,residence,CE-0007,CE-2301,48.0,4,3485.0,0.013773,110.180722
50.0,residence,MA-0001,MA-0003,48.0,4,8229.0,0.005833,118.439624
50.0,residence,MA-0016,MA-0005,48.0,3,5274.0,0.009101,180.663535
50.0,residence,MA-2105,MA-0001,48.0,6,100.0,0.48,212.901299
50.0,residence,PR-0005,PR-0004,48.0,5,7311.0,0.006565,99.678764
50.0,residence,SC-0007,SC-0015,48.0,6,1849.0,0.02596,145.971297
50.0,residence,SC-0014,SC-0021,48.0,3,2040.0,0.023529,67.009949
50.0,residence,SC-0018,PR-0002,48.0,5,2627.0,0.018272,231.304638
50.0,residence,SP-0002,SP-0215,48.0,3,445.0,0.107865,179.126846
50.0,residence,SP-0101,PI-0003,48.0,1,3533.0,0.013586,2217.568002
50.0,residence,BA-0003,BA-0012,47.0,2,10512.0,0.004471,121.638785
50.0,residence,BA-0024,BA-0018,47.0,6,2454.0,0.019152,318.44067
50.0,residence,CE-0015,PI-0003,47.0,1,3790.0,0.012401,59.060475
50.0,residence,ES-0001,SP-0101,47.0,5,36552.0,0.001286,782.79866
50.0,residence,GO-0006,GO-0007,47.0,6,4289.0,0.010958,145.382109
50.0,residence,MA-0016,MA-0012,47.0,1,5274.0,0.008912,69.204425
50.0,residence,MG-0028,MG-0012,47.0,4,4345.0,0.010817,274.063359
50.0,residence,MS-0001,PR-0002,47.0,2,60432.0,0.000778,719.037898
50.0,residence,MS-0004,MS-0003,47.0,6,1923.0,0.024441,125.911922
50.0,residence,MS-0012,MS-0001,47.0,5,888.0,0.052928,208.36129
50.0,residence,PA-0009,AM-0009,47.0,1,44077.0,0.001066,166.911481
50.0,residence,PB-0012,PB-0003,47.0,4,1889.0,0.024881,64.313746
50.0,residence,PI-0004,PI-0001,47.0,3,6456.0,0.00728,253.738441
50.0,residence,RR-0001,SP-0101,47.0,3,540.0,0.087037,3335.413662
50.0,residence,SC-0002,SC-0010,47.0,6,954.0,0.049266,156.868382
50.0,residence,SP-0210,SP-0212,47.0,6,2614.0,0.01798,63.705811
50.0,residence,AL-0007,AL-0002,46.0,1,1233.0,0.037307,60.01018
50.0,residence,AM-0001,DF-0006,46.0,3,116947.0,0.000393,1994.59785
50.0,residence,AM-0001,GO-0001,46.0,4,116947.0,0.000393,1973.572628
50.0,residence,BA-0005,BA-0002,46.0,4,3967.0,0.011596,150.151005
50.0,residence,BA-0029,BA-0018,46.0,3,3219.0,0.01429,109.853317
50.0,residence,ES-0001,BA-0009,46.0,5,36552.0,0.001258,333.077546
50.0,residence,MA-0006,MA-0007,46.0,4,3501.0,0.013139,76.810228
50.0,residence,MA-0006,MA-0009,46.0,3,3501.0,0.013139,53.567095
50.0,residence,MT-0001,MT-0014,46.0,5,4772.0,0.00964,302.520273
50.0,residence,MT-0010,MT-0014,46.0,3,918.0,0.050109,170.26198
50.0,residence,PA-0009,MT-0014,46.0,1,44077.0,0.001044,422.428564
50.0,residence,PE-0006,BA-0010,46.0,2,9350.0,0.00492,53.648629
50.0,residence,PR-0003,PR-0004,46.0,5,8238.0,0.005584,78.146917
50.0,residence,SP-0201,SP-0224,46.0,2,2990.0,0.015385,153.531234
50.0,residence,SP-0207,SP-0213,46.0,2,5129.0,0.008969,118.802909
50.0,residence,TO-0002,DF-0006,46.0,3,6464.0,0.007116,925.105522
50.0,residence,BA-0006,BA-0002,45.0,4,1481.0,0.030385,337.828692
50.0,residence,BA-0007,BA-0008,45.0,3,3234.0,0.013915,136.909527
50.0,residence,BA-0028,BA-0012,45.0,2,7105.0,0.006334,111.702932
50.0,residence,BA-0031,BA-0011,45.0,1,3447.0,0.013055,131.914332
50.0,residence,MA-0008,MA-2105,45.0,2,4845.0,0.009288,80.725293
50.0,residence,MG-0019,BA-0020,45.0,7,4998.0,0.009004,114.028181
50.0,residence,MG-0021,SP-0207,45.0,4,3716.0,0.01211,211.430453
50.0,residence,MT-0016,MT-0001,45.0,4,1352.0,0.033284,642.072916
50.0,residence,PI-0017,PI-0008,45.0,2,1345.0,0.033457,121.525567
50.0,residence,PR-0021,PR-0017,45.0,5,4817.0,0.009342,100.77421
50.0,residence,PR-0022,PR-0005,45.0,5,2515.0,0.017893,79.456998
50.0,residence,RJ-0019,RJ-0010,45.0,1,4910.0,0.009165,85.481217
50.0,residence,RS-0002,RS-0003,45.0,6,6413.0,0.007017,116.635667
50.0,residence,RS-0017,RS-0015,45.0,3,1167.0,0.03856,75.62573
50.0,residence,SC-0002,SC-0004,45.0,5,954.0,0.04717,92.188903
50.0,residence,SP-0002,SP-0005,45.0,1,445.0,0.101124,288.591441
50.0,residence,BA-0016,BA-0031,44.0,1,6269.0,0.007019,238.760528
50.0,residence,BA-0025,SP-0005,44.0,2,16943.0,0.002597,974.461133
50.0,residence,CE-2301,CE-0008,44.0,1,59.0,0.745763,161.602476
50.0,residence,MS-0008,SP-0215,44.0,4,2291.0,0.019206,243.052724
50.0,residence,MT-0015,MT-0011,44.0,2,1044.0,0.042146,82.80164
50.0,residence,PA-0002,PA-0003,44.0,4,6965.0,0.006317,120.152865
50.0,residence,PB-0005,PE-0001,44.0,5,1954.0,0.022518,215.058579
50.0,residence,PR-0020,PR-0014,44.0,5,7403.0,0.005944,197.785344
50.0,residence,RJ-0019,ES-0001,44.0,5,4910.0,0.008961,433.751467
50.0,residence,RS-0008,RS-0016,44.0,4,2221.0,0.019811,131.460246
50.0,residence,RS-0018,RS-0002,44.0,7,7231.0,0.006085,81.939362
50.0,residence,SP-0105,SP-0201,44.0,5,174.0,0.252874,65.213917
50.0,residence,AL-0002,AL-0008,43.0,2,1762.0,0.024404,73.05212
50.0,residence,AL-0010,AL-0008,43.0,3,2194.0,0.019599,128.158959
50.0,residence,CE-0018,CE-0019,43.0,1,3621.0,0.011875,114.38279
50.0,residence,MA-0001,MA-0015,43.0,2,8229.0,0.005225,234.510945
50.0,residence,MS-0001,MS-0003,43.0,4,60432.0,0.000712,214.236266
50.0,residence,PR-0006,PR-0005,43.0,5,2504.0,0.017173,86.86666
50.0,residence,RN-0007,RN-0004,43.0,5,464.0,0.092672,168.57844
50.0,residence,SC-0015,SC-0028,43.0,2,3333.0,0.012901,75.712096
50.0,residence,SP-0216,SP-0217,43.0,6,18122.0,0.002373,234.568119
50.0,residence,BA-0023,BA-0018,42.0,3,1799.0,0.023346,235.738117
50.0,residence,DF-0006,SP-0101,42.0,3,1028.0,0.040856,874.100431
50.0,residence,GO-0016,GO-0018,42.0,2,595.0,0.070588,383.503458
50.0,residence,MT-0001,SP-0215,42.0,2,4772.0,0.008801,903.100021
50.0,residence,PA-0001,PA-0004,42.0,4,551.0,0.076225,152.594212
50.0,residence,PA-0002,PA-0005,42.0,2,6965.0,0.00603,107.580276
50.0,residence,PI-0001,PI-0002,42.0,2,2622.0,0.016018,85.698342
50.0,residence,PR-0005,PR-0016,42.0,3,7311.0,0.005745,159.967394
50.0,residence,SC-0006,SC-0010,42.0,3,1283.0,0.032736,71.873068
50.0,residence,SP-0017,SP-0224,42.0,3,1957.0,0.021461,59.235204
50.0,residence,SP-0201,SP-0105,42.0,6,2990.0,0.014047,55.867943
50.0,residence,SP-0217,SP-0206,42.0,2,6417.0,0.006545,352.440574
50.0,residence,AL-0010,BA-0010,41.0,2,2194.0,0.018687,62.406721
50.0,residence,AM-0001,ES-0001,41.0,1,116947.0,0.000351,2922.516909
50.0,residence,BA-0008,BA-0007,41.0,4,2234.0,0.018353,129.848275
50.0,residence,BA-0012,PE-0008,41.0,2,11494.0,0.003567,187.741397
50.0,residence,BA-0022,BA-0023,41.0,3,3517.0,0.011658,104.7847
50.0,residence,GO-0007,DF-0006,41.0,4,4631.0,0.008853,231.167122
50.0,residence,GO-0010,GO-0009,41.0,3,2795.0,0.014669,160.619328
50.0,residence,MA-0016,MA-0013,41.0,1,5274.0,0.007774,91.435531
50.0,residence,PE-0006,PE-0008,41.0,1,9350.0,0.004385,246.873126
50.0,residence,PI-0003,PI-0002,41.0,3,2927.0,0.014008,117.874533
50.0,residence,PR-0003,PR-0015,41.0,4,8238.0,0.004977,259.795953
50.0,residence,RJ-0214,RJ-0019,41.0,4,124.0,0.330645,108.492565
50.0,residence,RS-0001,RS-0006,41.0,6,2533.0,0.016186,160.57901
50.0,residence,SC-0002,SC-0022,41.0,3,954.0,0.042977,216.253133
50.0,residence,SC-0021,SC-0022,41.0,3,258.0,0.158915,202.193647
50.0,residence,TO-0002,SP-0101,41.0,3,6464.0,0.006343,1792.396729
50.0,residence,AL-0007,PE-0001,40.0,2,1233.0,0.032441,268.208601
50.0,residence,AM-0001,RJ-0019,40.0,3,116947.0,0.000342,2907.022612
50.0,residence,CE-0020,CE-0019,40.0,3,1909.0,0.020953,113.23227
50.0,residence,DF-0006,SP-0215,40.0,1,1028.0,0.038911,586.069635
50.0,residence,MA-0004,MA-0009,40.0,1,4554.0,0.008783,183.675162
50.0,residence,MA-0013,MA-0004,40.0,1,6135.0,0.00652,314.997757
50.0,residence,PE-0008,PE-0009,40.0,3,4509.0,0.008871,127.771613
50.0,residence,PR-0009,PR-0015,40.0,5,2355.0,0.016985,316.177023
50.0,residence,PR-0017,PR-0022,40.0,5,4656.0,0.008591,128.39625
50.0,residence,RS-0002,RS-0018,40.0,6,6413.0,0.006237,68.034171
50.0,residence,SP-0206,SP-0209,40.0,5,10469.0,0.003821,73.480321
50.0,residence,SP-0213,SP-0206,40.0,4,5216.0,0.007669,171.783352
50.0,residence,TO-0002,MA-0011,40.0,3,6464.0,0.006188,70.89842
50.0,residence,AL-0005,PE-0001,39.0,5,1544.0,0.025259,137.418768
50.0,residence,AM-0009,AM-0008,39.0,3,5144.0,0.007582,123.282982
50.0,residence,BA-0013,BA-0005,39.0,6,12470.0,0.003128,114.05083
50.0,residence,GO-0001,SP-0206,39.0,4,10442.0,0.003735,611.613153
50.0,residence,MA-0018,MA-0013,39.0,1,4172.0,0.009348,168.386881
50.0,residence,MG-0016,MG-0004,39.0,5,4672.0,0.008348,101.666605
50.0,residence,MG-0022,SP-0206,39.0,3,2520.0,0.015476,270.903262
50.0,residence,MT-0006,TO-0001,39.0,4,1463.0,0.026658,373.202755
50.0,residence,PE-0003,PE-0005,39.0,3,14794.0,0.002636,51.980432
50.0,residence,RJ-0207,RJ-0330,39.0,1,812.0,0.04803,107.228534
50.0,residence,RN-0002,RN-0008,39.0,4,7096.0,0.005496,60.252963
50.0,residence,RN-0007,PE-0001,39.0,2,464.0,0.084052,253.132742
50.0,residence,RS-0001,RS-0005,39.0,7,2533.0,0.015397,92.051057
50.0,residence,RS-0003,RS-0007,39.0,4,7055.0,0.005528,117.539539
50.0,residence,SC-0009,SC-0007,39.0,4,997.0,0.039117,129.154945
50.0,residence,SC-0022,SC-0015,39.0,2,910.0,0.042857,76.156172
50.0,residence,SC-0036,SC-0014,39.0,2,87.0,0.448276,58.632397
50.0,residence,AL-0006,AL-0002,38.0,1,1265.0,0.03004,66.060942
50.0,residence,AP-0001,SP-0005,38.0,2,26194.0,0.001451,2345.974011
50.0,residence,BA-0001,BA-0020,38.0,3,4017.0,0.00946,335.545064
50.0,residence,BA-0001,SP-0215,38.0,1,4017.0,0.00946,1456.236111
50.0,residence,BA-0014,BA-0024,38.0,3,3643.0,0.010431,292.994916
50.0,residence,BA-0018,BA-0004,38.0,4,5086.0,0.007471,102.289575
50.0,residence,GO-0003,GO-0004,38.0,5,3617.0,0.010506,93.123217
50.0,residence,MA-0001,MA-0002,38.0,4,8229.0,0.004618,70.795154
50.0,residence,MA-0005,MA-0017,38.0,3,2667.0,0.014248,94.354887
50.0,residence,PA-0005,PA-0006,38.0,3,13545.0,0.002805,197.665272
50.0,residence,PI-0005,PI-0007,38.0,1,4831.0,0.007866,80.366093
50.0,residence,PR-0014,PR-0017,38.0,3,6145.0,0.006184,135.231016
50.0,residence,RJ-0330,RJ-0003,38.0,3,288.0,0.131944,75.38532
50.0,residence,RS-0006,RS-0015,38.0,5,6204.0,0.006125,101.427131
50.0,residence,SC-0023,SC-0026,38.0,5,412.0,0.092233,192.286679
50.0,residence,SE-0004,SE-0001,38.0,3,4478.0,0.008486,150.013159
50.0,residence,SP-0101,CE-0001,38.0,2,3533.0,0.010756,2380.082918
50.0,residence,SP-0204,SP-0005,38.0,3,2263.0,0.016792,437.780319
50.0,residence,BA-0013,BA-0031,37.0,1,12470.0,0.002967,147.379638
50.0,residence,GO-0004,DF-0006,37.0,4,3869.0,0.009563,169.510568
50.0,residence,MA-0016,MA-2105,37.0,1,5274.0,0.007016,157.246633
50.0,residence,MA-0018,MA-0015,37.0,2,4172.0,0.008869,99.072863
50.0,residence,MT-0011,MT-0015,37.0,2,3661.0,0.010107,156.608708
50.0,residence,PR-0010,PR-0014,37.0,1,6797.0,0.005444,234.756222
50.0,residence,RN-0003,RN-0001,37.0,5,7895.0,0.004687,95.560851
50.0,residence,RS-0018,RS-0003,37.0,5,7231.0,0.005117,153.905992
50.0,residence,RS-0018,SC-0006,37.0,3,7231.0,0.005117,62.273183
50.0,residence,SC-0018,RS-0001,37.0,4,2627.0,0.014085,364.847202
50.0,residence,SC-0024,SC-0011,37.0,2,55.0,0.672727,78.449747
50.0,residence,SP-0101,SP-3517,37.0,1,3533.0,0.010473,130.887194
50.0,residence,SP-0104,SP-0207,37.0,4,106.0,0.349057,61.073185
50.0,residence,SP-0217,SP-0219,37.0,1,6417.0,0.005766,55.094697
50.0,residence,SP-0220,SP-0210,37.0,4,1129.0,0.032772,126.697444
50.0,residence,AC-0001,PE-0001,36.0,2,20121.0,0.001789,3734.014503
50.0,residence,BA-0009,ES-0003,36.0,3,3471.0,0.010372,220.726574
50.0,residence,BA-0016,BA-0012,36.0,4,6269.0,0.005743,92.897204
50.0,residence,BA-0030,BA-0018,36.0,4,2423.0,0.014858,379.602182
50.0,residence,GO-0001,GO-0002,36.0,2,10442.0,0.003448,240.316696
50.0,residence,MA-0004,MA-0016,36.0,1,4554.0,0.007905,68.128934
50.0,residence,MG-0010,MG-0021,36.0,5,1386.0,0.025974,67.821111
50.0,residence,MG-0011,MG-0003,36.0,3,7072.0,0.00509,159.914483
50.0,residence,PE-0008,PI-0017,36.0,1,4509.0,0.007984,70.095484
50.0,residence,SC-0008,SC-0007,36.0,4,586.0,0.061433,264.699923
50.0,residence,SC-0009,SC-0004,36.0,2,997.0,0.036108,95.623745
50.0,residence,SP-0101,BA-0002,36.0,1,3533.0,0.01019,1503.717592
50.0,residence,SP-0101,BA-0003,36.0,2,3533.0,0.01019,1543.585327
50.0,residence,SP-0101,SP-0204,36.0,1,3533.0,0.01019,55.190101
50.0,residence,SP-0201,BA-0020,36.0,4,2990.0,0.01204,1113.097617
50.0,residence,SP-0201,SP-0214,36.0,2,2990.0,0.01204,214.261079
50.0,residence,SP-0215,SP-0202,36.0,3,14290.0,0.002519,123.371683
50.0,residence,BA-0015,BA-0002,35.0,3,6937.0,0.005045,302.451939
50.0,residence,BA-0026,DF-0006,35.0,5,6777.0,0.005165,447.142725
50.0,residence,CE-0001,SP-0101,35.0,1,9089.0,0.003851,2366.042189
50.0,residence,GO-0001,GO-0004,35.0,4,10442.0,0.003352,142.459638
50.0,residence,MA-0001,MA-0017,35.0,3,8229.0,0.004253,173.372134
50.0,residence,MA-2111,MA-0001,35.0,4,725.0,0.048276,398.05248
50.0,residence,MG-0008,MG-0005,35.0,5,2585.0,0.01354,128.043657
50.0,residence,MG-0015,MG-0004,35.0,1,14099.0,0.002482,336.767903
50.0,residence,MT-0015,MT-0004,35.0,4,1044.0,0.033525,101.208908
50.0,residence,PE-0011,CE-0019,35.0,1,4495.0,0.007786,50.076966
50.0,residence,PR-0010,PR-0017,35.0,2,6797.0,0.005149,294.965986
50.0,residence,PR-0015,PR-0011,35.0,4,2599.0,0.013467,105.146703
50.0,residence,RS-0007,RS-0008,35.0,1,1199.0,0.029191,70.004108
50.0,residence,RS-0014,RS-0004,35.0,2,966.0,0.036232,230.603219
50.0,residence,SC-0009,SC-0014,35.0,3,997.0,0.035105,53.251275
50.0,residence,SC-0028,SC-0018,35.0,3,600.0,0.058333,100.342224
50.0,residence,SP-0006,SP-0206,35.0,1,35.0,1.0,50.362998
50.0,residence,SP-0201,CE-0001,35.0,3,2990.0,0.011706,2359.478361
50.0,residence,SP-0211,SP-0215,35.0,4,8153.0,0.004293,275.794277
50.0,residence,SP-0220,SP-0005,35.0,2,1129.0,0.031001,203.901265
50.0,residence,SP-0221,SP-0207,35.0,3,1726.0,0.020278,137.564767
50.0,residence,BA-0001,PE-0001,34.0,3,4017.0,0.008464,654.827091
50.0,residence,BA-0018,PE-0004,34.0,1,5086.0,0.006685,716.820767
50.0,residence,CE-0015,CE-2301,34.0,3,3790.0,0.008971,252.414801
50.0,residence,MA-0008,MA-0004,34.0,1,4845.0,0.007018,84.795553
50.0,residence,MG-0012,SP-0101,34.0,3,6062.0,0.005609,540.461895
50.0,residence,MS-0001,MS-0011,34.0,1,60432.0,0.000563,414.135757
50.0,residence,MT-0003,SP-0005,34.0,3,3661.0,0.009287,931.169578
50.0,residence,PB-0007,PE-0011,34.0,1,2072.0,0.016409,59.418464
50.0,residence,PR-0012,PR-0013,34.0,4,5362.0,0.006341,87.424641
50.0,residence,SC-0011,SC-0015,34.0,3,1215.0,0.027984,112.973773
50.0,residence,SC-0022,SC-0014,34.0,2,910.0,0.037363,123.806031
50.0,residence,SC-0036,SC-0006,34.0,4,87.0,0.390805,104.823332
50.0,residence,SP-0007,SP-0207,34.0,2,42.0,0.809524,69.558216
50.0,residence,SP-0013,SP-0005,34.0,1,158.0,0.21519,83.238788
50.0,residence,AL-0001,RN-0007,33.0,2,6016.0,0.005485,418.534917
50.0,residence,BA-0022,BA-0018,33.0,3,3517.0,0.009383,257.731324
50.0,residence,BA-0024,BA-0019,33.0,3,2454.0,0.013447,94.92768
50.0,residence,MG-0002,MG-0006,33.0,4,4390.0,0.007517,347.43403
50.0,residence,MG-0017,ES-0004,33.0,2,7244.0,0.004555,156.946446
50.0,residence,MS-0001,MS-0007,33.0,2,60432.0,0.000546,234.835964
50.0,residence,MS-0007,MS-0008,33.0,4,7649.0,0.004314,156.358792
50.0,residence,MS-0007,SP-0005,33.0,2,7649.0,0.004314,388.111597
50.0,residence,MS-0007,SP-0206,33.0,4,7649.0,0.004314,418.895961
50.0,residence,PA-0007,PA-0006,33.0,5,3748.0,0.008805,77.150423
50.0,residence,PB-0007,PB-0011,33.0,2,2072.0,0.015927,58.395631
50.0,residence,PI-0004,CE-0001,33.0,2,6456.0,0.005112,489.562146
50.0,residence,PR-0022,PR-0015,33.0,4,2515.0,0.013121,94.190756
50.0,residence,RJ-0033,RJ-0010,33.0,1,1594.0,0.020703,98.033663
50.0,residence,RS-0002,RS-0005,33.0,4,6413.0,0.005146,69.187547
50.0,residence,RS-0003,RS-0004,33.0,3,7055.0,0.004678,293.072751
50.0,residence,RS-0006,RS-0016,33.0,4,6204.0,0.005319,140.990802
50.0,residence,RS-0017,RS-0014,33.0,4,1167.0,0.028278,92.368323
50.0,residence,SC-0012,SC-0015,33.0,2,849.0,0.038869,156.887359
50.0,residence,SE-0008,SP-0215,33.0,1,1993.0,0.016558,1709.004393
50.0,residence,SP-0101,SP-0212,33.0,2,3533.0,0.009341,160.776752
50.0,residence,SP-0207,SP-0210,33.0,5,5129.0,0.006434,63.831751
50.0,residence,SP-0212,SP-0217,33.0,5,3883.0,0.008499,287.685161
50.0,residence,AC-0001,DF-0006,32.0,2,20121.0,0.00159,2306.176214
50.0,residence,AM-0007,AM-0002,32.0,1,6819.0,0.004693,74.494888
50.0,residence,BA-0006,BA-0008,32.0,3,1481.0,0.021607,98.39678
50.0,residence,BA-0019,BA-0002,32.0,4,7401.0,0.004324,319.096017
50.0,residence,BA-0025,BA-0002,32.0,3,16943.0,0.001889,727.403912
50.0,residence,GO-0001,PA-0011,32.0,3,10442.0,0.003065,1263.22014
50.0,residence,MA-0012,SP-0005,32.0,2,9853.0,0.003248,1443.411717
50.0,residence,MG-0004,MG-0017,32.0,4,9397.0,0.003405,115.926658
50.0,residence,MG-0022,SP-0101,32.0,5,2520.0,0.012698,318.780747
50.0,residence,MS-0001,MS-0005,32.0,3,60432.0,0.00053,92.007914
50.0,residence,PA-0001,CE-0001,32.0,3,551.0,0.058076,1131.710623
50.0,residence,PB-0003,PB-0005,32.0,3,3863.0,0.008284,108.989681
50.0,residence,PR-0003,SP-0101,32.0,3,8238.0,0.003884,372.123344
50.0,residence,PR-0011,PR-0017,32.0,3,5410.0,0.005915,169.637224
50.0,residence,PR-0021,PR-0015,32.0,3,4817.0,0.006643,180.396164
50.0,residence,SC-0004,SC-0005,32.0,2,1498.0,0.021362,68.303664
50.0,residence,SC-0013,SC-0015,32.0,2,140.0,0.228571,82.670258
50.0,residence,SC-0014,SC-0007,32.0,2,2040.0,0.015686,125.834913
50.0,residence,SC-0019,SC-0022,32.0,1,56.0,0.571429,106.764239
50.0,residence,SE-0008,PE-0001,32.0,2,1993.0,0.016056,405.316964
50.0,residence,AM-0001,AM-0008,31.0,2,116947.0,0.000265,164.388438
50.0,residence,AM-0010,AM-0008,31.0,1,2538.0,0.012214,257.707941
50.0,residence,BA-0001,MG-0015,31.0,1,4017.0,0.007717,1073.913741
50.0,residence,BA-0014,PE-0001,31.0,2,3643.0,0.008509,957.186159
50.0,residence,MA-0006,MA-2109,31.0,1,3501.0,0.008855,88.419756
50.0,residence,MG-0010,MG-0011,31.0,6,1386.0,0.022367,124.0656
50.0,residence,MG-0011,SP-0213,31.0,3,7072.0,0.004383,279.494167
50.0,residence,MG-0028,MG-0030,31.0,2,4345.0,0.007135,96.000626
50.0,residence,MS-0012,SP-0005,31.0,2,888.0,0.03491,631.29711
50.0,residence,PE-0003,PE-0010,31.0,1,14794.0,0.002095,296.787851
50.0,residence,PE-0005,PE-0011,31.0,3,11319.0,0.002739,215.436584
50.0,residence,PI-0005,PI-0003,31.0,4,4831.0,0.006417,84.21848
50.0,residence,PI-0017,PI-0012,31.0,4,1345.0,0.023048,161.386099
50.0,residence,PR-0010,PR-0008,31.0,2,6797.0,0.004561,111.588044
50.0,residence,PR-0015,PR-0013,31.0,3,2599.0,0.011928,66.888106
50.0,residence,SC-0006,SC-0022,31.0,4,1283.0,0.024162,312.978313
50.0,residence,SC-0018,SC-0007,31.0,3,2627.0,0.011801,70.407375
50.0,residence,SC-0026,SC-0015,31.0,3,1118.0,0.027728,173.951197
50.0,residence,SE-0001,BA-0001,31.0,5,4564.0,0.006792,215.901073
50.0,residence,SP-0201,SP-0215,31.0,3,2990.0,0.010368,402.88453
50.0,residence,SP-0220,SP-0208,31.0,2,1129.0,0.027458,173.30322
50.0,residence,AL-0002,PE-0001,30.0,3,1762.0,0.017026,222.210551
50.0,residence,AM-0001,PB-0001,30.0,1,116947.0,0.000257,2859.408414
50.0,residence,BA-0001,PR-0002,30.0,2,4017.0,0.007468,1795.174717
50.0,residence,BA-0009,BA-0002,30.0,3,3471.0,0.008643,564.419719
50.0,residence,CE-0001,SP-0005,30.0,1,9089.0,0.003301,2158.36546
50.0,residence,CE-0004,PE-0001,30.0,3,3299.0,0.009094,575.149249
50.0,residence,CE-0018,CE-0017,30.0,3,3621.0,0.008285,83.90841
50.0,residence,MA-0001,SP-0206,30.0,2,8229.0,0.003646,2241.617979
50.0,residence,MG-0004,MG-0006,30.0,4,9397.0,0.003193,114.371476
50.0,residence,MG-0005,SP-0005,30.0,3,2591.0,0.011579,495.571888
50.0,residence,MG-0021,SP-0213,30.0,4,3716.0,0.008073,139.354797
50.0,residence,MG-0029,MG-0007,30.0,4,2437.0,0.01231,220.916334
50.0,residence,PB-0015,PE-0001,30.0,2,213.0,0.140845,101.427109
50.0,residence,PI-0009,PI-0002,30.0,1,2501.0,0.011995,403.627835
50.0,residence,PR-0002,SP-0101,30.0,2,9641.0,0.003112,341.702295
50.0,residence,RN-0008,RN-0006,30.0,2,2261.0,0.013268,140.328568
50.0,residence,SC-0002,SC-0009,30.0,3,954.0,0.031447,61.894883
50.0,residence,SC-0017,SC-0015,30.0,2,796.0,0.037688,103.01416
50.0,residence,SC-0020,PR-0002,30.0,2,249.0,0.120482,334.887296
50.0,residence,SE-0004,AL-0003,30.0,1,4478.0,0.006699,77.193904
50.0,residence,SP-0101,ES-0001,30.0,3,3533.0,0.008491,757.884049
50.0,residence,AM-0001,RN-0007,29.0,2,116947.0,0.000248,2802.275258
50.0,residence,BA-0001,BA-0018,29.0,3,4017.0,0.007219,200.254749
50.0,residence,BA-0012,BA-0027,29.0,5,11494.0,0.002523,322.145363
50.0,residence,CE-0014,CE-0021,29.0,2,1420.0,0.020423,149.628047
50.0,residence,ES-0002,SP-0215,29.0,2,7253.0,0.003998,849.003512
50.0,residence,GO-0012,GO-0007,29.0,1,955.0,0.030366,67.647636
50.0,residence,GO-0015,DF-0006,29.0,4,3334.0,0.008698,357.246916
50.0,residence,MA-0004,MA-2108,29.0,1,4554.0,0.006368,116.125515
50.0,residence,MA-0012,MA-0018,29.0,3,9853.0,0.002943,398.465062
50.0,residence,MA-0017,MA-0014,29.0,2,5266.0,0.005507,128.792144
50.0,residence,MG-0002,SP-0101,29.0,4,4390.0,0.006606,488.269922
50.0,residence,MG-0026,SP-0215,29.0,2,2430.0,0.011934,214.49928
50.0,residence,MT-0010,SP-0005,29.0,3,918.0,0.03159,1373.596033
50.0,residence,PA-0001,SP-0101,29.0,4,551.0,0.052632,2486.131148
50.0,residence,PA-0003,PA-0006,29.0,3,8279.0,0.003503,153.298301
50.0,residence,PA-0012,TO-0001,29.0,3,11709.0,0.002477,261.658598
50.0,residence,PA-0012,TO-0002,29.0,3,11709.0,0.002477,178.87794
50.0,residence,PE-0007,PE-0004,29.0,3,2062.0,0.014064,318.659011
50.0,residence,PI-0014,BA-0025,29.0,2,2471.0,0.011736,183.969728
50.0,residence,PR-0007,PR-0015,29.0,3,2831.0,0.010244,303.45745
50.0,residence,PR-0009,PR-0020,29.0,4,2355.0,0.012314,68.477539
50.0,residence,PR-0015,PR-0014,29.0,5,2599.0,0.011158,100.185276
50.0,residence,PR-0021,PR-0005,29.0,4,4817.0,0.00602,144.788031
50.0,residence,RJ-0000,RJ-0033,29.0,2,3810.0,0.007612,91.596551
50.0,residence,RS-0017,RS-0012,29.0,4,1167.0,0.02485,67.780893
50.0,residence,SC-0020,SC-0006,29.0,2,249.0,0.116466,108.101571
50.0,residence,SC-0023,SC-0007,29.0,1,412.0,0.070388,57.382279
50.0,residence,SP-0101,MG-0015,29.0,3,3533.0,0.008208,404.643652
50.0,residence,SP-0101,SP-0210,29.0,3,3533.0,0.008208,144.039489
50.0,residence,SP-0217,SP-0224,29.0,4,6417.0,0.004519,70.036237
50.0,residence,AM-0001,MA-0001,28.0,2,116947.0,0.000239,1774.058562
50.0,residence,BA-0008,BA-0002,28.0,3,2234.0,0.012534,477.132401
50.0,residence,BA-0009,BA-0014,28.0,1,3471.0,0.008067,177.322703
50.0,residence,BA-0011,BA-0010,28.0,3,4716.0,0.005937,172.94289
50.0,residence,BA-0020,BA-0013,28.0,4,5707.0,0.004906,176.65495
50.0,residence,BA-0027,BA-0023,28.0,1,2824.0,0.009915,68.002368
50.0,residence,GO-0013,GO-0004,28.0,3,1539.0,0.018194,291.150065
50.0,residence,GO-0018,SP-0005,28.0,2,12810.0,0.002186,464.768908
50.0,residence,MG-0002,MG-0007,28.0,3,4390.0,0.006378,298.090988
50.0,residence,MG-0009,MG-0003,28.0,4,4651.0,0.00602,136.997388
50.0,residence,MS-0001,DF-0006,28.0,1,60432.0,0.000463,879.358335
50.0,residence,MS-0001,MS-0009,28.0,2,60432.0,0.000463,204.311962
50.0,residence,MS-0010,MS-0003,28.0,3,2655.0,0.010546,135.764281
50.0,residence,MT-0001,DF-0006,28.0,3,4772.0,0.005868,859.409136
50.0,residence,MT-0014,CE-0001,28.0,1,5004.0,0.005596,2220.792795
50.0,residence,PA-0001,AP-0001,28.0,2,551.0,0.050817,357.986658
50.0,residence,PA-0004,MA-2109,28.0,1,11055.0,0.002533,59.751828
50.0,residence,PR-0010,PR-0009,28.0,2,6797.0,0.004119,83.736243
50.0,residence,PR-0010,PR-4109,28.0,2,6797.0,0.004119,131.713579
50.0,residence,RJ-3305,RJ-0003,28.0,2,108.0,0.259259,53.157343
50.0,residence,RN-0007,RN-0003,28.0,3,464.0,0.060345,102.722065
50.0,residence,RS-0007,RS-0003,28.0,3,1199.0,0.023353,220.5283
50.0,residence,RS-0019,RS-0014,28.0,3,2822.0,0.009922,89.982439
50.0,residence,SC-0008,SC-0022,28.0,3,586.0,0.047782,275.727808
50.0,residence,SP-0217,SP-0204,28.0,3,6417.0,0.004363,89.380831
50.0,residence,TO-0002,GO-0001,28.0,5,6464.0,0.004332,972.32248
50.0,residence,AL-0002,SE-0008,27.0,3,1762.0,0.015323,87.582416
50.0,residence,AL-0007,SP-0101,27.0,1,1233.0,0.021898,1870.636596
50.0,residence,BA-0007,BA-0005,27.0,4,3234.0,0.008349,124.786435
50.0,residence,BA-0014,BA-0019,27.0,4,3643.0,0.007411,247.465912
50.0,residence,BA-0020,BA-0002,27.0,4,5707.0,0.004731,351.08626
50.0,residence,BA-0023,BA-0027,27.0,3,1799.0,0.015008,101.169379
50.0,residence,BA-0031,BA-0012,27.0,1,3447.0,0.007833,75.591695
50.0,residence,DF-0006,TO-0001,27.0,2,1028.0,0.026265,451.315895
50.0,residence,GO-0011,GO-0022,27.0,1,820.0,0.032927,53.025719
50.0,residence,MA-0004,MA-0011,27.0,3,4554.0,0.005929,298.438938
50.0,residence,MG-0007,SP-0215,27.0,2,4755.0,0.005678,363.566352
50.0,residence,MG-0012,MG-0026,27.0,3,6062.0,0.004454,97.442789
50.0,residence,MG-0018,ES-0002,27.0,1,2336.0,0.011558,138.320396
50.0,residence,MT-0002,SP-0005,27.0,3,9373.0,0.002881,1140.665059
50.0,residence,MT-0007,MT-5114,27.0,1,11432.0,0.002362,227.023881
50.0,residence,MT-0011,MT-5114,27.0,4,3661.0,0.007375,293.753277
50.0,residence,PA-0011,PA-0006,27.0,2,31488.0,0.000857,162.249002
50.0,residence,PB-0003,PB-0006,27.0,4,3863.0,0.006989,56.47489
50.0,residence,PB-0009,PE-0001,27.0,3,1075.0,0.025116,411.364846
50.0,residence,PI-0004,SP-0206,27.0,2,6456.0,0.004182,2035.884005
50.0,residence,RJ-0006,RJ-0019,27.0,4,33.0,0.818182,122.273778
50.0,residence,RJ-0019,PI-0003,27.0,1,4910.0,0.005499,2082.030111
50.0,residence,SC-0023,SC-0016,27.0,3,412.0,0.065534,164.923466
50.0,residence,SP-0101,BA-0001,27.0,4,3533.0,0.007642,1467.529954
50.0,residence,SP-0101,RJ-0019,27.0,4,3533.0,0.007642,345.137682
50.0,residence,SP-0103,SP-0217,27.0,2,235.0,0.114894,91.673791
50.0,residence,SP-0211,SP-0005,27.0,3,8153.0,0.003312,401.794342
50.0,residence,SP-0214,SP-0203,27.0,5,3856.0,0.007002,121.334954
50.0,residence,SP-0216,SP-0209,27.0,3,18122.0,0.00149,182.105634
50.0,residence,TO-0002,SP-0207,27.0,3,6464.0,0.004177,1711.300165
50.0,residence,AM-0001,AL-0001,26.0,3,116947.0,0.000222,2817.494533
50.0,residence,BA-0009,MG-0017,26.0,2,3471.0,0.007491,79.579092
50.0,residence,BA-0022,BA-0021,26.0,2,3517.0,0.007393,166.885659
50.0,residence,BA-0030,BA-0019,26.0,3,2423.0,0.01073,99.083455
50.0,residence,GO-0006,DF-0006,26.0,2,4289.0,0.006062,310.718573
50.0,residence,MG-0004,MG-0014,26.0,3,9397.0,0.002767,105.099547
50.0,residence,MG-0012,MG-0015,26.0,4,6062.0,0.004289,304.693287
50.0,residence,MG-0024,ES-0002,26.0,1,6419.0,0.00405,130.669508
50.0,residence,MT-0001,MT-5114,26.0,2,4772.0,0.005448,364.744206
50.0,residence,MT-0012,SP-0005,26.0,2,3861.0,0.006734,1380.085768
50.0,residence,PA-0001,SP-0206,26.0,3,551.0,0.047187,2358.350776
50.0,residence,PA-0010,MT-0011,26.0,1,14150.0,0.001837,434.240262
50.0,residence,PB-0003,RS-0006,26.0,1,3863.0,0.006731,2894.713093
50.0,residence,PI-0016,PI-0008,26.0,2,2127.0,0.012224,160.109082
50.0,residence,RJ-0019,PB-0001,26.0,2,4910.0,0.005295,1981.452547
50.0,residence,RN-0003,RN-0005,26.0,4,7895.0,0.003293,89.478379
50.0,residence,RS-0005,PE-0001,26.0,2,4245.0,0.006125,2932.091226
50.0,residence,SE-0002,SP-0101,26.0,3,1537.0,0.016916,1734.384732
50.0,residence,SP-0201,DF-0006,26.0,1,2990.0,0.008696,858.634954
50.0,residence,SP-0215,MG-0013,26.0,2,14290.0,0.001819,210.606128
50.0,residence,SP-0217,SP-0005,26.0,3,6417.0,0.004052,413.461263
50.0,residence,TO-0003,DF-0006,26.0,3,632.0,0.041139,471.670922
50.0,residence,AC-0001,SP-0005,25.0,2,20121.0,0.001242,2395.321923
50.0,residence,AM-0006,AM-0001,25.0,4,668.0,0.037425,685.384403
50.0,residence,BA-0004,BA-0029,25.0,1,3822.0,0.006541,51.427651
50.0,residence,BA-0016,BA-0027,25.0,4,6269.0,0.003988,188.031533
50.0,residence,BA-0025,BA-0026,25.0,3,16943.0,0.001476,163.064529
50.0,residence,DF-0006,SP-0005,25.0,1,1028.0,0.024319,537.009234
50.0,residence,ES-0003,ES-0002,25.0,3,9623.0,0.002598,215.262988
50.0,residence,GO-0001,MT-0003,25.0,2,10442.0,0.002394,316.93596
50.0,residence,GO-0009,GO-0004,25.0,2,5887.0,0.004247,69.117204
50.0,residence,MA-0001,MA-0007,25.0,2,8229.0,0.003038,91.257068
50.0,residence,MA-0007,MA-0008,25.0,2,4070.0,0.006143,51.856818
50.0,residence,MG-0011,SP-0005,25.0,2,7072.0,0.003535,364.322746
50.0,residence,MG-0020,SP-0101,25.0,3,2031.0,0.012309,360.860467
50.0,residence,MG-0021,SP-0101,25.0,4,3716.0,0.006728,240.779918
50.0,residence,MT-0014,PR-0002,25.0,2,5004.0,0.004996,1558.24333
50.0,residence,PA-0004,PE-0001,25.0,2,11055.0,0.002261,1561.377798
50.0,residence,PA-0010,SP-0005,25.0,3,14150.0,0.001767,1825.73142
50.0,residence,PE-0006,SP-0005,25.0,1,9350.0,0.002674,2006.869451
50.0,residence,PI-0016,PE-0009,25.0,1,2127.0,0.011754,52.66671
50.0,residence,PR-0002,SC-0018,25.0,3,9641.0,0.002593,255.457447
50.0,residence,PR-4109,PR-0015,25.0,1,717.0,0.034868,341.788771
50.0,residence,SC-0003,SC-0007,25.0,3,224.0,0.111607,345.674625
50.0,residence,SC-0015,SC-0004,25.0,3,3333.0,0.007501,84.221417
50.0,residence,SP-0101,MG-0013,25.0,2,3533.0,0.007076,449.776103
50.0,residence,SP-0102,SP-0207,25.0,4,298.0,0.083893,93.388961
50.0,residence,SP-0103,SP-0201,25.0,3,235.0,0.106383,53.278415
50.0,residence,SP-0105,SP-0206,25.0,3,174.0,0.143678,230.552641
50.0,residence,SP-0201,MG-0002,25.0,4,2990.0,0.008361,495.79262
50.0,residence,AM-0001,MG-0002,24.0,1,116947.0,0.000205,2616.229964
50.0,residence,AM-0001,PE-0001,24.0,3,116947.0,0.000205,2874.024683
50.0,residence,AM-0001,PI-0004,24.0,1,116947.0,0.000205,1955.456102
50.0,residence,BA-0001,BA-0013,24.0,3,4017.0,0.005975,161.256631
50.0,residence,BA-0002,PE-0001,24.0,1,7903.0,0.003037,644.726221
50.0,residence,BA-0009,BA-0007,24.0,3,3471.0,0.006914,238.770322
50.0,residence,BA-0012,BA-0028,24.0,3,11494.0,0.002088,94.730692
50.0,residence,BA-0019,SP-0005,24.0,2,7401.0,0.003243,1023.461498
50.0,residence,BA-0027,BA-0020,24.0,3,2824.0,0.008499,210.625188
50.0,residence,MA-0011,MA-0006,24.0,2,4860.0,0.004938,103.366531
50.0,residence,MG-0011,PE-0001,24.0,4,7072.0,0.003394,1901.194091
50.0,residence,MG-0019,BA-0008,24.0,2,4998.0,0.004802,56.994502
50.0,residence,MG-0023,MG-0024,24.0,2,3343.0,0.007179,101.773684
50.0,residence,MG-0030,SP-0101,24.0,2,10008.0,0.002398,878.797121
50.0,residence,MS-0005,MS-0003,24.0,2,2981.0,0.008051,253.143539
50.0,residence,MT-0001,SP-0005,24.0,1,4772.0,0.005029,943.712758
50.0,residence,PA-0011,MA-0011,24.0,3,31488.0,0.000762,218.568962
50.0,residence,PR-0003,PR-0017,24.0,4,8238.0,0.002913,217.496279
50.0,residence,PR-0012,PR-0020,24.0,2,5362.0,0.004476,56.008665
50.0,residence,PR-0022,PR-0010,24.0,1,2515.0,0.009543,154.184317
50.0,residence,RJ-0214,RJ-0330,24.0,2,124.0,0.193548,107.139156
50.0,residence,RR-0001,PR-0002,24.0,1,540.0,0.044444,3403.122663
50.0,residence,RS-0008,PE-0008,24.0,1,2221.0,0.010806,2579.14555
50.0,residence,RS-0013,RS-0017,24.0,2,1330.0,0.018045,89.653829
50.0,residence,SC-0002,SC-0001,24.0,2,954.0,0.025157,87.864788
50.0,residence,SC-0007,SC-0003,24.0,2,1849.0,0.01298,66.282086
50.0,residence,SC-0011,SC-0017,24.0,3,1215.0,0.019753,92.674438
50.0,residence,SC-0025,PR-0002,24.0,3,1631.0,0.014715,96.526812
50.0,residence,SP-0008,SP-0213,24.0,2,146.0,0.164384,96.421678
50.0,residence,SP-0211,SP-0209,24.0,3,8153.0,0.002944,115.848931
50.0,residence,SP-0212,PR-0002,24.0,3,3883.0,0.006181,178.784327
50.0,residence,SP-3517,SP-0217,24.0,1,354.0,0.067797,60.26131
50.0,residence,AM-0001,AC-0001,23.0,1,116947.0,0.000197,1167.181823
50.0,residence,BA-0006,BA-0005,23.0,2,1481.0,0.01553,243.164238
50.0,residence,BA-0014,BA-0013,23.0,3,3643.0,0.006313,136.969154
50.0,residence,BA-0016,PE-0008,23.0,4,6269.0,0.003669,177.80567
50.0,residence,BA-0019,BA-0014,23.0,4,7401.0,0.003108,190.78631
50.0,residence,CE-0018,CE-2301,23.0,2,3621.0,0.006352,250.571172
50.0,residence,DF-0006,MA-0016,23.0,1,1028.0,0.022374,1219.486172
50.0,residence,ES-0002,MG-0024,23.0,3,7253.0,0.003171,53.86472
50.0,residence,MA-0004,BA-0007,23.0,1,4554.0,0.005051,1376.989371
50.0,residence,MA-0011,MA-0012,23.0,3,4860.0,0.004733,106.616921
50.0,residence,MA-0017,MA-0008,23.0,3,5266.0,0.004368,73.109697
50.0,residence,MA-2105,MA-0014,23.0,2,100.0,0.23,89.057139
50.0,residence,MG-0007,PE-0008,23.0,1,4755.0,0.004837,1134.202437
50.0,residence,MG-0013,MG-0024,23.0,1,7417.0,0.003101,548.166205
50.0,residence,MG-0022,SP-0215,23.0,2,2520.0,0.009127,267.866063
50.0,residence,MG-0029,MG-0030,23.0,2,2437.0,0.009438,168.353342
50.0,residence,MG-0030,MG-0029,23.0,3,10008.0,0.002298,168.848857
50.0,residence,MS-0007,SP-0213,23.0,1,7649.0,0.003007,460.223055
50.0,residence,MS-0007,SP-0215,23.0,2,7649.0,0.003007,269.352844
50.0,residence,MT-0010,MT-5114,23.0,2,918.0,0.025054,242.940167
50.0,residence,MT-0014,MT-0007,23.0,4,5004.0,0.004596,412.762726
50.0,residence,PA-0004,PA-0002,23.0,1,11055.0,0.002081,191.545292
50.0,residence,PB-0001,CE-0001,23.0,1,3750.0,0.006133,499.952908
50.0,residence,PB-0004,PE-0001,23.0,3,2397.0,0.009595,202.268807
50.0,residence,PE-0009,PE-0006,23.0,3,5630.0,0.004085,509.219573
50.0,residence,PR-0013,PA-0001,23.0,1,2039.0,0.01128,2494.319449
50.0,residence,PR-0017,PR-0014,23.0,3,4656.0,0.00494,206.642379
50.0,residence,PR-0020,PR-0017,23.0,3,7403.0,0.003107,306.724278
50.0,residence,PR-4109,SP-0101,23.0,1,717.0,0.032078,818.178342
50.0,residence,RN-0001,BA-0002,23.0,1,7000.0,0.003286,764.925624
50.0,residence,SC-0002,SC-0005,23.0,2,954.0,0.024109,68.416912
50.0,residence,SC-0012,RS-0001,23.0,1,849.0,0.027091,230.296109
50.0,residence,SC-0017,SC-0016,23.0,1,796.0,0.028894,120.947805
50.0,residence,SC-0023,SC-0017,23.0,3,412.0,0.055825,56.079574
50.0,residence,SP-0202,SP-0002,23.0,3,3526.0,0.006523,111.534153
50.0,residence,SP-0220,SP-0212,23.0,1,1129.0,0.020372,75.135826
50.0,residence,AL-0006,AL-0008,22.0,1,1265.0,0.017391,60.871631
50.0,residence,BA-0002,PR-0002,22.0,1,7903.0,0.002784,1822.263519
50.0,residence,BA-0008,BA-0020,22.0,3,2234.0,0.009848,257.913567
50.0,residence,BA-0017,BA-0012,22.0,2,2466.0,0.008921,76.419018
50.0,residence,BA-0020,SP-0101,22.0,2,5707.0,0.003855,1126.41028
50.0,residence,BA-0021,BA-0025,22.0,3,5686.0,0.003869,313.115202
50.0,residence,BA-0022,BA-0020,22.0,2,3517.0,0.006255,340.962368
50.0,residence,BA-0028,BA-0018,22.0,2,7105.0,0.003096,180.94524
50.0,residence,DF-0006,MG-0007,22.0,1,1028.0,0.021401,341.149619
50.0,residence,ES-0003,MG-0002,22.0,3,9623.0,0.002286,361.453506
50.0,residence,ES-0004,ES-0002,22.0,2,9148.0,0.002405,254.39108
50.0,residence,GO-0016,GO-0002,22.0,2,595.0,0.036975,271.631485
50.0,residence,MA-0004,MA-0005,22.0,4,4554.0,0.004831,127.093364
50.0,residence,MA-0013,MA-2105,22.0,4,6135.0,0.003586,213.365334
50.0,residence,MA-0014,PE-0001,22.0,1,3189.0,0.006899,1100.80577
50.0,residence,MT-0001,MS-0001,22.0,4,4772.0,0.00461,554.573797
50.0,residence,MT-0016,MT-0006,22.0,2,1352.0,0.016272,108.192279
50.0,residence,PA-0012,GO-0001,22.0,2,11709.0,0.001879,911.794624
50.0,residence,PE-0009,PE-0004,22.0,2,5630.0,0.003908,476.708816
50.0,residence,PI-0010,PI-0015,22.0,2,3442.0,0.006392,85.815428
50.0,residence,PI-0014,PI-0012,22.0,2,2471.0,0.008903,221.926995
50.0,residence,PR-0002,DF-0006,22.0,1,9641.0,0.002282,1085.9421
50.0,residence,PR-0002,PR-0017,22.0,2,9641.0,0.002282,306.597662
50.0,residence,PR-0009,PR-0018,22.0,2,2355.0,0.009342,447.588438
50.0,residence,PR-0015,PR-0010,22.0,3,2599.0,0.008465,214.169557
50.0,residence,RJ-0019,CE-0001,22.0,1,4910.0,0.004481,2198.381956
50.0,residence,RS-0002,RS-0006,22.0,3,6413.0,0.003431,107.559251
50.0,residence,RS-0004,RS-0010,22.0,4,5290.0,0.004159,121.396876
50.0,residence,RS-0005,RS-0019,22.0,1,4245.0,0.005183,376.44358
50.0,residence,RS-0012,RS-0005,22.0,2,2424.0,0.009076,406.163908
50.0,residence,RS-0013,RS-0016,22.0,3,1330.0,0.016541,74.631987
50.0,residence,RS-0015,RS-0011,22.0,2,2647.0,0.008311,60.204418
50.0,residence,SC-0012,SC-0007,22.0,2,849.0,0.025913,134.778585
50.0,residence,SP-0201,SP-0204,22.0,3,2990.0,0.007358,65.221633
50.0,residence,SP-0204,SP-0219,22.0,3,2263.0,0.009722,62.164348
50.0,residence,SP-0207,SP-0216,22.0,2,5129.0,0.004289,67.549676
50.0,residence,SP-0210,SP-0216,22.0,2,2614.0,0.008416,88.86144
50.0,residence,SP-0216,SP-0213,22.0,3,18122.0,0.001214,335.550388
50.0,residence,TO-0003,SP-0005,22.0,1,632.0,0.03481,990.499039
50.0,residence,AM-0001,TO-0001,21.0,2,116947.0,0.00018,1574.932157
50.0,residence,BA-0013,SP-0005,21.0,2,12470.0,0.001684,1175.517315
50.0,residence,BA-0017,BA-0021,21.0,2,2466.0,0.008516,140.048547
50.0,residence,BA-0020,BA-0006,21.0,2,5707.0,0.00368,167.441087
50.0,residence,BA-0024,SP-0215,21.0,2,2454.0,0.008557,1054.648766
50.0,residence,GO-0001,GO-0015,21.0,2,10442.0,0.002011,155.952086
50.0,residence,GO-0001,MT-0008,21.0,2,10442.0,0.002011,330.229334
50.0,residence,MA-0001,MA-0016,21.0,2,8229.0,0.002552,310.093645
50.0,residence,MA-0014,MA-0016,21.0,1,3189.0,0.006585,54.452918
50.0,residence,MA-2105,MA-0018,21.0,1,100.0,0.21,116.127179
50.0,residence,MG-0006,MG-0018,21.0,1,15707.0,0.001337,671.016516
50.0,residence,MG-0011,MG-0010,21.0,2,7072.0,0.002969,119.851836
50.0,residence,MG-0012,SP-0206,21.0,1,6062.0,0.003464,375.310984
50.0,residence,MG-0012,SP-0213,21.0,1,6062.0,0.003464,242.684257
50.0,residence,MG-0014,MG-0004,21.0,2,9795.0,0.002144,121.150199
50.0,residence,MS-0003,SP-0005,21.0,1,3683.0,0.005702,748.717074
50.0,residence,PA-0006,PA-0005,21.0,2,7651.0,0.002745,152.256115
50.0,residence,PB-0007,PB-0009,21.0,1,2072.0,0.010135,68.859995
50.0,residence,PR-0002,PR-0005,21.0,3,9641.0,0.002178,224.585453
50.0,residence,PR-0015,PR-0012,21.0,3,2599.0,0.00808,152.873014
50.0,residence,RJ-0004,RJ-0019,21.0,3,42.0,0.5,150.835848
50.0,residence,RJ-0004,RJ-0033,21.0,2,42.0,0.5,117.77777
50.0,residence,RJ-0019,RN-0007,21.0,1,4910.0,0.004277,2101.499722
50.0,residence,RO-0004,SP-0215,21.0,1,60.0,0.35,1888.742203
50.0,residence,RS-0005,RS-0002,21.0,3,4245.0,0.004947,115.198454
50.0,residence,SC-0001,SC-0022,21.0,2,1504.0,0.013963,400.224834
50.0,residence,SC-0009,SC-0008,21.0,1,997.0,0.021063,59.520604
50.0,residence,SC-4207,SC-0018,21.0,3,21.0,1.0,99.254563
50.0,residence,SE-0002,BA-0001,21.0,1,1537.0,0.013663,278.339178
50.0,residence,SP-0101,SP-0213,21.0,2,3533.0,0.005944,302.024241
50.0,residence,SP-0105,SP-0217,21.0,3,174.0,0.12069,160.944845
50.0,residence,SP-0201,SP-0219,21.0,2,2990.0,0.007023,78.558951
50.0,residence,SP-0207,MG-0002,21.0,4,5129.0,0.004094,458.028979
50.0,residence,SP-0214,MG-0016,21.0,1,3856.0,0.005446,584.054439
50.0,residence,SP-0216,SP-0016,21.0,1,18122.0,0.001159,78.977149
50.0,residence,SP-3517,SP-0206,21.0,2,354.0,0.059322,346.056643
50.0,residence,AM-0001,RS-0001,20.0,2,116947.0,0.000171,3186.81215
50.0,residence,AM-0005,AM-0002,20.0,1,8175.0,0.002446,366.470917
50.0,residence,AM-0007,AC-0001,20.0,2,6819.0,0.002933,629.717978
50.0,residence,BA-0001,DF-0006,20.0,3,4017.0,0.004979,1077.486468
50.0,residence,BA-0023,BA-0002,20.0,1,1799.0,0.011117,408.268086
50.0,residence,BA-0026,BA-0018,20.0,3,6777.0,0.002951,371.824614
50.0,residence,CE-0012,SP-0005,20.0,1,5296.0,0.003776,2128.866205
50.0,residence,DF-0006,PR-0002,20.0,2,1028.0,0.019455,1084.715564
50.0,residence,MA-0001,MA-0004,20.0,2,8229.0,0.00243,161.380575
50.0,residence,MA-0018,PE-0001,20.0,2,4172.0,0.004794,960.515819
50.0,residence,MG-0008,MG-0023,20.0,2,2585.0,0.007737,65.417838
50.0,residence,MG-0010,SP-0206,20.0,2,1386.0,0.01443,232.473005
50.0,residence,MG-0017,BA-0009,20.0,2,7244.0,0.002761,136.757131
50.0,residence,MG-0018,MG-0024,20.0,2,2336.0,0.008562,55.140048
50.0,residence,MS-0009,MT-0007,20.0,2,3642.0,0.005491,133.959316
50.0,residence,MT-0003,MT-0008,20.0,3,3661.0,0.005463,292.568795
50.0,residence,MT-0011,SP-0215,20.0,2,3661.0,0.005463,1341.195215
50.0,residence,PA-0001,DF-0006,20.0,2,551.0,0.036298,1619.065042
50.0,residence,PA-0001,SP-0005,20.0,1,551.0,0.036298,2147.59953
50.0,residence,PB-0002,RN-0007,20.0,3,5283.0,0.003786,103.440736
50.0,residence,PB-0010,MG-0006,20.0,1,1137.0,0.01759,1287.617842
50.0,residence,PE-0004,PE-0010,20.0,3,25284.0,0.000791,133.738804
50.0,residence,PE-0006,PE-0002,20.0,2,9350.0,0.002139,203.542887
50.0,residence,PE-0006,PE-0012,20.0,1,9350.0,0.002139,78.310985
50.0,residence,PI-0010,PI-0008,20.0,2,3442.0,0.005811,93.288293
50.0,residence,PR-0003,PE-0001,20.0,1,8238.0,0.002428,2509.027961
50.0,residence,PR-0020,PR-0012,20.0,3,7403.0,0.002702,97.447343
50.0,residence,RS-0004,RS-0016,20.0,2,5290.0,0.003781,183.285354
50.0,residence,RS-0005,RS-0018,20.0,2,4245.0,0.004711,138.061598
50.0,residence,RS-0010,RS-0016,20.0,3,3093.0,0.006466,397.189287
50.0,residence,RS-0019,RS-0015,20.0,3,2822.0,0.007087,66.751008
50.0,residence,SP-0102,BA-0020,20.0,3,298.0,0.067114,1149.11073
50.0,residence,SP-0213,SP-0217,20.0,1,5216.0,0.003834,286.352299
50.0,residence,AL-0006,PE-0001,19.0,2,1265.0,0.01502,300.474922
50.0,residence,BA-0001,BA-0008,19.0,3,4017.0,0.00473,415.938701
50.0,residence,BA-0001,BA-0031,19.0,2,4017.0,0.00473,86.761021
50.0,residence,BA-0008,SP-0005,19.0,2,2234.0,0.008505,1061.136162
50.0,residence,BA-0010,BA-0003,19.0,2,3855.0,0.004929,289.195336
50.0,residence,BA-0015,SP-0005,19.0,1,6937.0,0.002739,1511.962162
50.0,residence,BA-0021,BA-0022,19.0,3,5686.0,0.003342,88.221824
50.0,residence,BA-0024,BA-0023,19.0,3,2454.0,0.007742,73.614563
50.0,residence,BA-0029,BA-0031,19.0,3,3219.0,0.005902,69.619339
50.0,residence,BA-0030,MG-0006,19.0,1,2423.0,0.007842,302.096683
50.0,residence,CE-0017,CE-0008,19.0,2,2225.0,0.008539,134.21149
50.0,residence,GO-0018,SP-0101,19.0,3,12810.0,0.001483,827.546465
50.0,residence,MA-0008,PE-0001,19.0,2,4845.0,0.003922,1353.87678
50.0,residence,MG-0003,ES-0004,19.0,1,4611.0,0.004121,419.949985
50.0,residence,MG-0005,PE-0001,19.0,1,2591.0,0.007333,1757.956958
50.0,residence,MG-0014,MG-0007,19.0,3,9795.0,0.00194,177.193463
50.0,residence,MG-0015,MG-0011,19.0,3,14099.0,0.001348,88.820556
50.0,residence,MG-0026,MG-0013,19.0,3,2430.0,0.007819,230.692068
50.0,residence,MS-0010,MS-0005,19.0,1,2655.0,0.007156,103.287131
50.0,residence,MT-0007,DF-0006,19.0,1,11432.0,0.001662,730.485554
50.0,residence,MT-0010,MT-0009,19.0,1,918.0,0.020697,131.748627
50.0,residence,MT-0015,MT-5114,19.0,3,1044.0,0.018199,184.557718
50.0,residence,PA-0001,MA-0001,19.0,2,551.0,0.034483,483.382012
50.0,residence,PA-0001,PE-0001,19.0,1,551.0,0.034483,1670.539654
50.0,residence,PA-0009,MT-0011,19.0,1,44077.0,0.000431,251.170945
50.0,residence,PB-0002,PE-0001,19.0,3,5283.0,0.003596,154.530967
50.0,residence,PR-0002,PR-4109,19.0,2,9641.0,0.001971,545.184903
50.0,residence,PR-0013,PR-0022,19.0,1,2039.0,0.009318,112.792503
50.0,residence,PR-0014,PR-0010,19.0,3,6145.0,0.003092,228.362065
50.0,residence,PR-0015,PR-0022,19.0,1,2599.0,0.007311,88.887591
50.0,residence,PR-0021,PR-0022,19.0,1,4817.0,0.003944,73.609913
50.0,residence,RJ-0330,SP-0101,19.0,2,288.0,0.065972,341.826047
50.0,residence,RR-0001,PR-0016,19.0,1,540.0,0.035185,3113.912259
50.0,residence,RS-0008,RS-0007,19.0,1,2221.0,0.008555,101.666083
50.0,residence,RS-0008,RS-0013,19.0,2,2221.0,0.008555,79.161207
50.0,residence,RS-0010,RS-0003,19.0,3,3093.0,0.006143,386.21372
50.0,residence,RS-0019,BA-0020,19.0,1,2822.0,0.006733,1878.201759
50.0,residence,RS-0028,RS-0008,19.0,1,111.0,0.171171,50.674551
50.0,residence,SC-0018,SP-0206,19.0,3,2627.0,0.007233,594.730589
50.0,residence,SC-0033,SC-0007,19.0,1,19.0,1.0,365.747
50.0,residence,SP-0104,SP-0215,19.0,2,106.0,0.179245,391.005245
50.0,residence,SP-0217,SP-0215,19.0,1,6417.0,0.002961,437.318777
50.0,residence,TO-0002,PA-0011,19.0,2,6464.0,0.002939,174.319553
50.0,residence,AC-0001,AM-0001,18.0,3,20121.0,0.000895,1205.708938
50.0,residence,AL-0001,MG-0013,18.0,3,6016.0,0.002992,1671.965536
50.0,residence,BA-0005,BA-0018,18.0,3,3967.0,0.004537,200.310513
50.0,residence,BA-0013,BA-0018,18.0,3,12470.0,0.001443,125.644916
50.0,residence,BA-0029,BA-0014,18.0,2,3219.0,0.005592,215.051962
50.0,residence,DF-0006,MA-0015,18.0,1,1028.0,0.01751,1280.632316
50.0,residence,ES-0001,BA-0008,18.0,3,36552.0,0.000492,444.464189
50.0,residence,ES-0001,SP-0215,18.0,2,36552.0,0.000492,997.384027
50.0,residence,GO-0004,GO-0018,18.0,2,3869.0,0.004652,189.864783
50.0,residence,GO-0007,GO-0004,18.0,2,4631.0,0.003887,142.240648
50.0,residence,MG-0005,MG-0003,18.0,2,2591.0,0.006947,67.83665
50.0,residence,MG-0006,SP-0101,18.0,2,15707.0,0.001146,901.003686
50.0,residence,MG-0023,MG-0016,18.0,3,3343.0,0.005384,83.281177
50.0,residence,MG-0024,SP-0101,18.0,1,6419.0,0.002804,589.04611
50.0,residence,PA-0001,PA-0011,18.0,2,551.0,0.032668,457.724922
50.0,residence,PA-0001,RN-0007,18.0,1,551.0,0.032668,1555.926859
50.0,residence,PA-0005,MA-0010,18.0,2,13545.0,0.001329,63.20859
50.0,residence,PA-0008,PA-0007,18.0,1,12135.0,0.001483,53.074275
50.0,residence,PA-0011,CE-0001,18.0,1,31488.0,0.000572,1353.811638
50.0,residence,PA-0013,PA-0007,18.0,1,2481.0,0.007255,54.680955
50.0,residence,PE-0007,PE-0009,18.0,2,2062.0,0.008729,99.152202
50.0,residence,PI-0004,PI-0005,18.0,2,6456.0,0.002788,73.48352
50.0,residence,PR-0016,PR-0010,18.0,1,1975.0,0.009114,255.791077
50.0,residence,RR-0001,PE-0001,18.0,2,540.0,0.033333,3122.421464
50.0,residence,RS-0007,RS-0004,18.0,1,1199.0,0.015013,170.64576
50.0,residence,SC-0007,SC-0008,18.0,2,1849.0,0.009735,66.251863
50.0,residence,SC-0013,SC-0025,18.0,1,140.0,0.128571,67.902598
50.0,residence,SC-0015,SP-0005,18.0,2,3333.0,0.005401,785.6437
50.0,residence,SC-0022,RS-0001,18.0,1,910.0,0.01978,476.208044
50.0,residence,SC-0022,SC-0021,18.0,1,910.0,0.01978,52.296031
50.0,residence,SE-0004,SP-0101,18.0,1,4478.0,0.00402,1800.984703
50.0,residence,SP-0002,SP-0101,18.0,3,445.0,0.040449,570.684204
50.0,residence,SP-0101,SP-0103,18.0,1,3533.0,0.005095,67.717394
50.0,residence,SP-0102,MG-0002,18.0,3,298.0,0.060403,498.746392
50.0,residence,SP-0206,SP-0002,18.0,1,10469.0,0.001719,53.168874
50.0,residence,SP-0210,SP-0217,18.0,2,2614.0,0.006886,209.051875
50.0,residence,TO-0002,MA-0016,18.0,2,6464.0,0.002785,171.077723
50.0,residence,TO-0002,PE-0001,18.0,1,6464.0,0.002785,1510.621794
50.0,residence,AL-0008,AL-0002,17.0,2,1474.0,0.011533,68.99803
50.0,residence,AM-0003,AM-0006,17.0,1,7180.0,0.002368,79.856184
50.0,residence,AM-0005,PR-0002,17.0,1,8175.0,0.00208,2650.601397
50.0,residence,AM-0008,AM-0007,17.0,2,6984.0,0.002434,218.516935
50.0,residence,AP-0001,DF-0006,17.0,2,26194.0,0.000649,1835.49123
50.0,residence,BA-0001,SE-0008,17.0,2,4017.0,0.004232,269.930662
50.0,residence,BA-0007,BA-0002,17.0,3,3234.0,0.005257,269.052628
50.0,residence,BA-0007,BA-0020,17.0,3,3234.0,0.005257,170.946424
50.0,residence,BA-0013,BA-0004,17.0,2,12470.0,0.001363,99.334517
50.0,residence,BA-0015,BA-0011,17.0,2,6937.0,0.002451,109.20459
50.0,residence,BA-0016,BA-0028,17.0,2,6269.0,0.002712,73.627011
50.0,residence,BA-0018,BA-0031,17.0,2,5086.0,0.003343,151.840115
50.0,residence,BA-0022,BA-0002,17.0,2,3517.0,0.004834,449.328043
50.0,residence,BA-0023,SP-0005,17.0,1,1799.0,0.00945,1031.581173
50.0,residence,BA-0025,PE-0001,17.0,1,16943.0,0.001003,1248.620161
50.0,residence,CE-0009,ES-0004,17.0,2,5952.0,0.002856,1514.626408
50.0,residence,CE-0012,GO-0001,17.0,2,5296.0,0.00321,1797.59475
50.0,residence,CE-0021,PE-0007,17.0,2,593.0,0.028668,80.648881
50.0,residence,ES-0001,PR-0002,17.0,3,36552.0,0.000465,1038.961053
50.0,residence,GO-0001,GO-0009,17.0,2,10442.0,0.001628,145.629336
50.0,residence,GO-0006,MG-0012,17.0,2,4289.0,0.003964,132.851543
50.0,residence,MA-0001,MA-0008,17.0,1,8229.0,0.002066,167.601754
50.0,residence,MA-0004,MA-0018,17.0,3,4554.0,0.003733,212.18075
50.0,residence,MA-0012,TO-0002,17.0,2,9853.0,0.001725,155.933977
50.0,residence,MA-2111,MA-0008,17.0,1,725.0,0.023448,221.162181
50.0,residence,MG-0002,ES-0001,17.0,2,4390.0,0.003872,385.980609
50.0,residence,MG-0007,MG-0028,17.0,3,4755.0,0.003575,79.266703
50.0,residence,MG-0010,PR-0020,17.0,2,1386.0,0.012266,759.749138
50.0,residence,MG-0012,MG-0003,17.0,2,6062.0,0.002804,517.189501
50.0,residence,MG-0023,MG-0004,17.0,1,3343.0,0.005085,178.735343
50.0,residence,MG-0030,DF-0006,17.0,3,10008.0,0.001699,273.10879
50.0,residence,MS-0001,MS-0010,17.0,3,60432.0,0.000281,153.520155
50.0,residence,PA-0001,PA-0006,17.0,2,551.0,0.030853,88.193489
50.0,residence,PA-0010,PE-0008,17.0,1,14150.0,0.001201,1510.108626
50.0,residence,PA-0012,CE-0001,17.0,2,11709.0,0.001452,1375.693456
50.0,residence,PE-0004,PB-0003,17.0,3,25284.0,0.000672,87.366482
50.0,residence,PE-0007,PE-0006,17.0,2,2062.0,0.008244,370.106863
50.0,residence,PI-0004,PI-0007,17.0,3,6456.0,0.002633,149.862048
50.0,residence,PI-0005,PI-0002,17.0,2,4831.0,0.003519,232.337127
50.0,residence,PR-0002,PR-0010,17.0,3,9641.0,0.001763,428.592344
50.0,residence,PR-0010,SP-0101,17.0,1,6797.0,0.002501,700.511485
50.0,residence,RJ-0010,RJ-0000,17.0,1,343.0,0.049563,118.878319
50.0,residence,RS-0013,RS-0004,17.0,3,1330.0,0.012782,115.190071
50.0,residence,SC-0016,SC-0007,17.0,2,1330.0,0.012782,100.179075
50.0,residence,SP-0202,GO-0001,17.0,2,3526.0,0.004821,530.062715
50.0,residence,SP-0205,PR-0010,17.0,1,903.0,0.018826,734.833411
50.0,residence,SP-0209,SP-0217,17.0,2,8140.0,0.002088,449.740885
50.0,residence,SP-0212,SP-0201,17.0,2,3883.0,0.004378,91.733569
50.0,residence,SP-0216,PR-0002,17.0,2,18122.0,0.000938,252.185082
50.0,residence,SP-0216,SP-0202,17.0,2,18122.0,0.000938,140.375237
50.0,residence,SP-0217,MG-0002,17.0,3,6417.0,0.002649,414.257004
50.0,residence,SP-0219,SP-0207,17.0,2,2328.0,0.007302,133.104036
50.0,residence,SP-0224,SP-0206,17.0,2,1654.0,0.010278,383.457334
50.0,residence,SP-3517,SP-0207,17.0,1,354.0,0.048023,161.099784
50.0,residence,TO-0001,GO-0001,17.0,3,12047.0,0.001411,661.391039
50.0,residence,TO-0001,SP-0206,17.0,1,12047.0,0.001411,1342.924276
50.0,residence,AC-0001,SP-0215,16.0,1,20121.0,0.000795,2355.769657
50.0,residence,AL-0001,GO-0007,16.0,1,6016.0,0.00266,1562.399721
50.0,residence,BA-0001,BA-0025,16.0,2,4017.0,0.003983,713.159453
50.0,residence,BA-0012,SP-0206,16.0,2,11494.0,0.001392,1619.039528
50.0,residence,BA-0021,PR-0002,16.0,2,5686.0,0.002814,1745.250764
50.0,residence,BA-0023,BA-0025,16.0,2,1799.0,0.008894,262.872967
50.0,residence,CE-0013,CE-2301,16.0,1,6068.0,0.002637,268.344037
50.0,residence,ES-0002,MG-0002,16.0,3,7253.0,0.002206,289.086407
50.0,residence,GO-0014,DF-0006,16.0,2,3322.0,0.004816,471.334834
50.0,residence,GO-0017,DF-0006,16.0,2,136.0,0.117647,267.998853
50.0,residence,MA-0011,MA-2111,16.0,1,4860.0,0.003292,95.80371
50.0,residence,MA-0014,MA-0011,16.0,1,3189.0,0.005017,332.930183
50.0,residence,MG-0005,ES-0002,16.0,1,2591.0,0.006175,221.188781
50.0,residence,MG-0010,SP-0215,16.0,1,1386.0,0.011544,313.158076
50.0,residence,MG-0011,MG-0015,16.0,2,7072.0,0.002262,67.710021
50.0,residence,MG-0013,SP-0101,16.0,2,7417.0,0.002157,520.592166
50.0,residence,MG-0018,MG-0027,16.0,2,2336.0,0.006849,66.484436
50.0,residence,MG-0021,SP-0005,16.0,3,3716.0,0.004306,253.764577
50.0,residence,MG-0023,MG-0009,16.0,3,3343.0,0.004786,64.936662
50.0,residence,MG-0030,MG-0007,16.0,2,10008.0,0.001599,319.235935
50.0,residence,MS-0001,MG-0002,16.0,3,60432.0,0.000265,1096.150724
50.0,residence,MT-0007,MT-0008,16.0,1,11432.0,0.0014,228.793738
50.0,residence,MT-0014,SP-0215,16.0,1,5004.0,0.003197,1126.061737
50.0,residence,PA-0013,PA-0011,16.0,2,2481.0,0.006449,75.868128
50.0,residence,PR-0009,PR-0014,16.0,2,2355.0,0.006794,285.546738
50.0,residence,RJ-0001,RJ-0000,16.0,2,642.0,0.024922,215.078118
50.0,residence,SC-0015,SC-0007,16.0,2,3333.0,0.0048,70.703236
50.0,residence,SC-0021,SC-0014,16.0,3,258.0,0.062016,61.495147
50.0,residence,SC-0022,SC-0007,16.0,2,910.0,0.017582,81.477218
50.0,residence,SE-0003,SE-0002,16.0,1,835.0,0.019162,59.464099
50.0,residence,SP-0101,MG-0004,16.0,2,3533.0,0.004529,726.482407
50.0,residence,SP-0101,SP-0201,16.0,1,3533.0,0.004529,56.745285
50.0,residence,SP-0101,SP-0203,16.0,2,3533.0,0.004529,223.344375
50.0,residence,SP-0203,SP-0207,16.0,3,5044.0,0.003172,157.033499
50.0,residence,SP-0210,RJ-0010,16.0,1,2614.0,0.006121,350.413719
50.0,residence,SP-0210,SP-0215,16.0,3,2614.0,0.006121,271.585552
50.0,residence,SP-0211,SP-0202,16.0,2,8153.0,0.001962,64.530071
50.0,residence,SP-0212,SP-0216,16.0,2,3883.0,0.004121,141.086247
50.0,residence,SP-0217,SP-0201,16.0,2,6417.0,0.002493,64.911668
50.0,residence,TO-0001,MA-0016,16.0,1,12047.0,0.001328,673.311122
50.0,residence,TO-0002,TO-0003,16.0,2,6464.0,0.002475,320.247385
50.0,residence,AC-0001,PR-0002,15.0,2,20121.0,0.000745,2687.983026
50.0,residence,AL-0003,AL-0002,15.0,2,4223.0,0.003552,160.335632
50.0,residence,AM-0001,RS-0004,15.0,1,116947.0,0.000128,3086.192625
50.0,residence,BA-0009,BA-0020,15.0,2,3471.0,0.004322,282.863937
50.0,residence,BA-0029,BA-0005,15.0,2,3219.0,0.00466,61.947227
50.0,residence,CE-0002,CE-0011,15.0,2,7569.0,0.001982,134.596468
50.0,residence,CE-0021,PE-0009,15.0,1,593.0,0.025295,60.542709
50.0,residence,CE-2301,CE-0001,15.0,1,59.0,0.254237,50.73332
50.0,residence,ES-0003,MG-0018,15.0,1,9623.0,0.001559,301.3903
50.0,residence,GO-0022,GO-0009,15.0,2,1519.0,0.009875,69.079511
50.0,residence,MA-0002,PB-0001,15.0,1,2650.0,0.00566,1138.741355
50.0,residence,MA-0011,TO-0002,15.0,2,4860.0,0.003086,135.542809
50.0,residence,MA-0017,PI-0004,15.0,2,5266.0,0.002848,239.047903
50.0,residence,MA-0018,MA-0014,15.0,2,4172.0,0.003595,167.746595
50.0,residence,MA-2108,MA-0009,15.0,1,274.0,0.054745,107.375047
50.0,residence,MG-0002,ES-0002,15.0,2,4390.0,0.003417,320.963455
50.0,residence,MG-0002,SP-0213,15.0,1,4390.0,0.003417,428.806263
50.0,residence,MG-0004,SP-0005,15.0,1,9397.0,0.001596,706.301023
50.0,residence,MG-0005,MG-0011,15.0,2,2591.0,0.005789,55.81684
50.0,residence,MG-0005,SP-0101,15.0,2,2591.0,0.005789,395.231312
50.0,residence,MT-0003,MG-0016,15.0,1,3661.0,0.004097,1248.849731
50.0,residence,MT-0007,MT-0014,15.0,2,11432.0,0.001312,482.685485
50.0,residence,PA-0012,SP-0215,15.0,1,11709.0,0.001281,1356.335835
50.0,residence,PB-0007,PE-0001,15.0,3,2072.0,0.007239,372.791091
50.0,residence,PB-0011,PE-0001,15.0,2,817.0,0.01836,353.0547
50.0,residence,PE-0007,PE-0010,15.0,1,2062.0,0.007274,163.700642
50.0,residence,PI-0007,MT-0001,15.0,2,2628.0,0.005708,1814.555049
50.0,residence,PR-0002,SC-0011,15.0,1,9641.0,0.001556,87.041595
50.0,residence,PR-0005,PR-0014,15.0,2,7311.0,0.002052,297.658341
50.0,residence,PR-0005,PR-0020,15.0,2,7311.0,0.002052,221.785835
50.0,residence,PR-0008,PR-0017,15.0,2,6615.0,0.002268,363.714
50.0,residence,PR-0020,PR-0009,15.0,1,7403.0,0.002026,64.113459
50.0,residence,RJ-0001,ES-0001,15.0,2,642.0,0.023364,193.562617
50.0,residence,RJ-0330,RJ-0000,15.0,2,288.0,0.052083,86.271154
50.0,residence,RN-0003,RN-0004,15.0,2,7895.0,0.0019,98.551214
50.0,residence,SC-0006,SC-0008,15.0,1,1283.0,0.011691,55.028212
50.0,residence,SC-0011,SC-0016,15.0,1,1215.0,0.012346,60.140005
50.0,residence,SC-0015,PR-0002,15.0,2,3333.0,0.0045,163.66499
50.0,residence,SC-0019,SC-0006,15.0,1,56.0,0.267857,105.294052
50.0,residence,SC-0026,SC-0017,15.0,2,1118.0,0.013417,161.82318
50.0,residence,SE-0001,SP-0005,15.0,1,4564.0,0.003287,1573.057023
50.0,residence,SE-0006,SP-0101,15.0,2,2198.0,0.006824,1691.959105
50.0,residence,SP-0005,SP-0206,15.0,2,682.0,0.021994,198.817369
50.0,residence,SP-0105,SP-0207,15.0,2,174.0,0.086207,86.513351
50.0,residence,SP-0205,SP-0101,15.0,2,903.0,0.016611,369.11257
50.0,residence,TO-0001,MT-0006,15.0,2,12047.0,0.001245,108.222263
50.0,residence,TO-0001,SP-0101,15.0,2,12047.0,0.001245,1501.847816
50.0,residence,AL-0007,SP-0005,14.0,1,1233.0,0.011354,1754.098371
50.0,residence,AM-0001,PB-0003,14.0,2,116947.0,0.00012,2746.102679
50.0,residence,AM-0003,AM-0007,14.0,1,7180.0,0.00195,571.671642
50.0,residence,BA-0014,BA-0008,14.0,2,3643.0,0.003843,83.569442
50.0,residence,BA-0014,MG-0002,14.0,2,3643.0,0.003843,693.476655
50.0,residence,BA-0017,BA-0003,14.0,2,2466.0,0.005677,227.651155
50.0,residence,BA-0030,BA-0002,14.0,2,2423.0,0.005778,504.989452
50.0,residence,BA-0030,SP-0005,14.0,2,2423.0,0.005778,928.606126
50.0,residence,CE-0001,SP-0215,14.0,1,9089.0,0.00154,2230.151868
50.0,residence,CE-0010,MG-0006,14.0,1,6020.0,0.002326,1415.829235
50.0,residence,CE-0017,CE-0018,14.0,2,2225.0,0.006292,57.265512
50.0,residence,CE-0018,CE-0020,14.0,2,3621.0,0.003866,89.427747
50.0,residence,GO-0004,GO-0013,14.0,2,3869.0,0.003619,162.820139
50.0,residence,GO-0009,SP-0005,14.0,2,5887.0,0.002378,569.794556
50.0,residence,GO-0014,GO-0007,14.0,2,3322.0,0.004214,465.314891
50.0,residence,MA-0010,PA-0011,14.0,2,4123.0,0.003396,134.669955
50.0,residence,MA-0012,MA-0013,14.0,1,9853.0,0.001421,90.14555
50.0,residence,MA-0017,MA-0009,14.0,1,5266.0,0.002659,177.680082
50.0,residence,MA-2111,MA-0009,14.0,1,725.0,0.01931,227.896743
50.0,residence,MG-0002,MG-0022,14.0,1,4390.0,0.003189,250.055183
50.0,residence,MG-0002,MG-0023,14.0,2,4390.0,0.003189,151.293235
50.0,residence,MG-0005,MG-0020,14.0,1,2591.0,0.005403,67.132757
50.0,residence,MS-0001,MT-0001,14.0,2,60432.0,0.000232,622.785633
50.0,residence,MS-0010,GO-0001,14.0,2,2655.0,0.005273,953.744283
50.0,residence,MT-0001,SP-0213,14.0,1,4772.0,0.002934,1043.783811
50.0,residence,PA-0007,PA-0008,14.0,1,3748.0,0.003735,197.747874
50.0,residence,PA-0011,MA-0015,14.0,2,31488.0,0.000445,582.143937
50.0,residence,PA-0012,SP-0213,14.0,1,11709.0,0.001196,1344.849337
50.0,residence,PB-0001,MG-0023,14.0,1,3750.0,0.003733,1610.476558
50.0,residence,PB-0005,MG-0012,14.0,1,1954.0,0.007165,1708.928596
50.0,residence,PE-0006,SP-0101,14.0,1,9350.0,0.001497,1897.278715
50.0,residence,PI-0004,MA-0015,14.0,1,6456.0,0.002169,271.063052
50.0,residence,PR-0014,SP-0005,14.0,2,6145.0,0.002278,496.427291
50.0,residence,PR-0019,SP-0206,14.0,2,7529.0,0.001859,177.175227
50.0,residence,PR-0022,PR-0003,14.0,2,2515.0,0.005567,121.843811
50.0,residence,RJ-0019,RJ-0053,14.0,1,4910.0,0.002851,52.626173
50.0,residence,RS-0006,RS-0019,14.0,1,6204.0,0.002257,226.950076
50.0,residence,SC-0001,SC-0015,14.0,2,1504.0,0.009309,386.657282
50.0,residence,SC-0002,SC-0003,14.0,2,954.0,0.014675,103.308482
50.0,residence,SC-0008,SC-0003,14.0,1,586.0,0.023891,50.177374
50.0,residence,SC-0013,SC-0007,14.0,1,140.0,0.1,116.180471
50.0,residence,SC-0014,PR-0002,14.0,2,2040.0,0.006863,333.359104
50.0,residence,SC-0016,SC-0015,14.0,2,1330.0,0.010526,136.576658
50.0,residence,SC-0016,SC-0017,14.0,2,1330.0,0.010526,144.776596
50.0,residence,SC-0018,SC-0004,14.0,2,2627.0,0.005329,94.681536
50.0,residence,SC-0036,SC-0022,14.0,1,87.0,0.16092,129.327225
50.0,residence,SE-0003,MG-0015,14.0,2,835.0,0.016766,1371.246607
50.0,residence,SE-0006,BA-0001,14.0,2,2198.0,0.006369,238.317748
50.0,residence,SP-0201,MG-0006,14.0,2,2990.0,0.004682,799.356332
50.0,residence,SP-0201,PR-0020,14.0,1,2990.0,0.004682,764.902081
50.0,residence,SP-0201,SP-0102,14.0,2,2990.0,0.004682,51.657043
50.0,residence,SP-0202,SP-0224,14.0,1,3526.0,0.003971,617.666931
50.0,residence,SP-0204,SP-0206,14.0,2,2263.0,0.006186,326.692619
50.0,residence,SP-0207,BA-0020,14.0,2,5129.0,0.00273,1100.202544
50.0,residence,SP-0211,SP-0207,14.0,2,8153.0,0.001717,426.199792
50.0,residence,AL-0001,DF-0006,13.0,1,6016.0,0.002161,1493.603939
50.0,residence,AL-0008,PE-0001,13.0,2,1474.0,0.00882,253.959249
50.0,residence,AM-0001,SC-0018,13.0,2,116947.0,0.000111,3042.367927
50.0,residence,AM-0001,SP-0207,13.0,1,116947.0,0.000111,2666.039171
50.0,residence,AM-0007,BA-0007,13.0,1,6819.0,0.001906,3270.806132
50.0,residence,AM-0007,SP-0005,13.0,2,6819.0,0.001906,2423.012211
50.0,residence,BA-0001,BA-0006,13.0,1,4017.0,0.003236,220.666839
50.0,residence,BA-0003,SP-0215,13.0,1,10512.0,0.001237,1482.776491
50.0,residence,BA-0008,ES-0003,13.0,2,2234.0,0.005819,353.883128
50.0,residence,BA-0016,SP-0215,13.0,1,6269.0,0.002074,1417.693401
50.0,residence,BA-0025,MG-0002,13.0,2,16943.0,0.000767,896.574982
50.0,residence,CE-0006,CE-0011,13.0,2,3977.0,0.003269,66.796177
50.0,residence,CE-0008,CE-2301,13.0,1,6236.0,0.002085,217.729938
50.0,residence,CE-0012,DF-0006,13.0,1,5296.0,0.002455,1656.713355
50.0,residence,CE-0020,CE-0017,13.0,1,1909.0,0.00681,80.648308
50.0,residence,DF-0006,BA-0025,13.0,2,1028.0,0.012646,505.998241
50.0,residence,ES-0001,SP-0207,13.0,2,36552.0,0.000356,855.611379
50.0,residence,ES-0004,MG-0002,13.0,2,9148.0,0.001421,432.355614
50.0,residence,GO-0001,GO-0018,13.0,1,10442.0,0.001245,150.061765
50.0,residence,GO-0001,MA-0011,13.0,2,10442.0,0.001245,1259.324931
50.0,residence,GO-0002,MG-0002,13.0,1,6657.0,0.001953,565.423446
50.0,residence,GO-0012,DF-0006,13.0,2,955.0,0.013613,220.648576
50.0,residence,GO-0017,GO-0002,13.0,1,136.0,0.095588,63.361797
50.0,residence,MA-0001,SP-0207,13.0,1,8229.0,0.00158,2265.56388
50.0,residence,MA-0002,MG-0014,13.0,1,2650.0,0.004906,1742.618921
50.0,residence,MA-0010,MA-0008,13.0,1,4123.0,0.003153,141.642886
50.0,residence,MA-2109,MA-0009,13.0,1,157.0,0.082803,145.289674
50.0,residence,MG-0002,MG-0013,13.0,2,4390.0,0.002961,347.458349
50.0,residence,MG-0012,MG-0020,13.0,1,6062.0,0.002145,427.061238
50.0,residence,MS-0002,MG-0002,13.0,1,1713.0,0.007589,1158.912376
50.0,residence,MS-0006,PR-0002,13.0,2,2210.0,0.005882,573.509262
50.0,residence,MT-0003,DF-0006,13.0,2,3661.0,0.003551,594.61882
50.0,residence,MT-0007,SP-0215,13.0,2,11432.0,0.001137,653.663512
50.0,residence,MT-0008,DF-0006,13.0,1,4998.0,0.002601,489.944246
50.0,residence,PA-0004,TO-0001,13.0,1,11055.0,0.001176,973.027037
50.0,residence,PA-0008,PA-0006,13.0,2,12135.0,0.001071,238.247273
50.0,residence,PA-0009,MT-0015,13.0,2,44077.0,0.000295,322.702107
50.0,residence,PB-0003,MG-0020,13.0,1,3863.0,0.003365,1776.065938
50.0,residence,PB-0009,SP-0213,13.0,1,1075.0,0.012093,1921.184914
50.0,residence,PE-0009,PE-0011,13.0,2,5630.0,0.002309,229.768937
50.0,residence,PI-0004,PI-0010,13.0,1,6456.0,0.002014,188.345425
50.0,residence,PI-0004,SP-0101,13.0,2,6456.0,0.002014,2096.93455
50.0,residence,PI-0011,MA-0001,13.0,1,4445.0,0.002925,639.05153
50.0,residence,PR-0003,SP-0005,13.0,1,8238.0,0.001578,545.868635
50.0,residence,PR-0015,MG-0006,13.0,1,2599.0,0.005002,1132.66322
50.0,residence,PR-0019,PR-0003,13.0,2,7529.0,0.001727,184.31123
50.0,residence,PR-0020,DF-0006,13.0,1,7403.0,0.001756,1164.743901
50.0,residence,PR-0020,RS-0016,13.0,1,7403.0,0.001756,559.211464
50.0,residence,PR-4109,PR-0007,13.0,1,717.0,0.018131,199.752199
50.0,residence,RS-0008,RS-0003,13.0,2,2221.0,0.005853,187.679107
50.0,residence,RS-0010,RS-0005,13.0,2,3093.0,0.004203,543.539196
50.0,residence,RS-0016,RS-0006,13.0,2,1472.0,0.008832,121.265358
50.0,residence,SC-0001,RS-0001,13.0,1,1504.0,0.008644,431.748078
50.0,residence,SC-0007,SC-0011,13.0,2,1849.0,0.007031,172.613387
50.0,residence,SC-0015,SC-0003,13.0,1,3333.0,0.0039,203.137713
50.0,residence,SP-0005,SP-0101,13.0,1,682.0,0.019062,400.395469
50.0,residence,SP-0101,PE-0004,13.0,1,3533.0,0.00368,2055.815746
50.0,residence,SP-0101,PE-0006,13.0,1,3533.0,0.00368,2126.160756
50.0,residence,SP-0212,RN-0007,13.0,1,3883.0,0.003348,2408.351964
50.0,residence,SP-0212,SP-0102,13.0,2,3883.0,0.003348,131.464715
50.0,residence,SP-0213,MG-0002,13.0,2,5216.0,0.002492,426.674256
50.0,residence,SP-0224,SP-0201,13.0,2,1654.0,0.00786,128.831227
50.0,residence,AC-0001,SP-0101,12.0,1,20121.0,0.000596,2750.718529
50.0,residence,AL-0001,SP-0101,12.0,1,6016.0,0.001995,1947.143906
50.0,residence,AL-0007,AL-0008,12.0,2,1233.0,0.009732,58.120336
50.0,residence,AM-0001,AC-0002,12.0,1,116947.0,0.000103,1481.748758
50.0,residence,AM-0001,RJ-0000,12.0,1,116947.0,0.000103,2914.149473
50.0,residence,AM-0002,SP-0206,12.0,1,6839.0,0.001755,2696.018273
50.0,residence,BA-0006,DF-0006,12.0,1,1481.0,0.008103,940.148917
50.0,residence,BA-0006,SP-0215,12.0,1,1481.0,0.008103,1273.687569
50.0,residence,BA-0017,BA-0027,12.0,2,2466.0,0.004866,143.146009
50.0,residence,BA-0017,BA-0031,12.0,1,2466.0,0.004866,131.871323
50.0,residence,BA-0018,BA-0012,12.0,2,5086.0,0.002359,157.512456
50.0,residence,BA-0025,BA-0018,12.0,2,16943.0,0.000708,477.725172
50.0,residence,BA-0026,GO-0001,12.0,2,6777.0,0.001771,611.903882
50.0,residence,CE-0001,PE-0001,12.0,2,9089.0,0.00132,622.359489
50.0,residence,DF-0006,PI-0003,12.0,1,1028.0,0.011673,1439.357919
50.0,residence,GO-0001,GO-0010,12.0,1,10442.0,0.001149,118.273521
50.0,residence,GO-0001,SP-0213,12.0,1,10442.0,0.001149,506.504576
50.0,residence,GO-0001,TO-0003,12.0,2,10442.0,0.001149,554.970461
50.0,residence,GO-0004,GO-0012,12.0,1,3869.0,0.003102,104.504176
50.0,residence,GO-0010,ES-0003,12.0,2,2795.0,0.004293,1127.988417
50.0,residence,GO-0014,MT-0007,12.0,1,3322.0,0.003612,188.999309
50.0,residence,MA-0004,MA-0015,12.0,2,4554.0,0.002635,95.127813
50.0,residence,MA-0011,PA-0011,12.0,1,4860.0,0.002469,167.354389
50.0,residence,MA-0012,TO-0001,12.0,2,9853.0,0.001218,289.747629
50.0,residence,MA-0013,MA-0012,12.0,2,6135.0,0.001956,319.220861
50.0,residence,MA-2111,MA-0016,12.0,1,725.0,0.016552,77.295819
50.0,residence,MG-0004,MG-0003,12.0,1,9397.0,0.001277,413.626239
50.0,residence,MG-0005,MA-0001,12.0,1,2591.0,0.004631,2138.335428
50.0,residence,MG-0006,MG-0004,12.0,1,15707.0,0.000764,101.108727
50.0,residence,MG-0011,ES-0004,12.0,1,7072.0,0.001697,657.594746
50.0,residence,MS-0001,MS-0008,12.0,2,60432.0,0.000199,167.209407
50.0,residence,MT-0005,SP-0005,12.0,1,5661.0,0.00212,1234.779428
50.0,residence,MT-0009,SP-0005,12.0,2,5099.0,0.002353,1519.001469
50.0,residence,MT-0013,MT-0005,12.0,1,4340.0,0.002765,100.907705
50.0,residence,MT-0016,MT-0008,12.0,2,1352.0,0.008876,474.695032
50.0,residence,MT-5114,MT-0011,12.0,1,512.0,0.023438,288.176463
50.0,residence,PA-0001,MA-0009,12.0,1,551.0,0.021779,304.498224
50.0,residence,PA-0004,MA-0001,12.0,2,11055.0,0.001085,324.880392
50.0,residence,PA-0004,RN-0007,12.0,1,11055.0,0.001085,1463.375973
50.0,residence,PA-0009,RS-0001,12.0,1,44077.0,0.000272,3070.579432
50.0,residence,PA-0012,CE-2301,12.0,1,11709.0,0.001025,1361.96966
50.0,residence,PB-0001,BA-0001,12.0,1,3750.0,0.0032,762.677626
50.0,residence,PB-0001,PE-0002,12.0,1,3750.0,0.0032,116.773142
50.0,residence,PB-0001,SP-0005,12.0,1,3750.0,0.0032,2093.873236
50.0,residence,PB-0002,PE-0004,12.0,2,5283.0,0.002271,154.340985
50.0,residence,PB-0016,MT-0001,12.0,1,207.0,0.057971,2280.613708
50.0,residence,PE-0005,AL-0001,12.0,2,11319.0,0.00106,127.259262
50.0,residence,PE-0008,PE-0006,12.0,2,4509.0,0.002661,485.904464
50.0,residence,PI-0002,MA-0001,12.0,1,5001.0,0.0024,248.71959
50.0,residence,PI-0009,PI-0012,12.0,1,2501.0,0.004798,214.75442
50.0,residence,PI-0013,BA-0002,12.0,1,2307.0,0.005202,662.341971
50.0,residence,PI-0015,PI-0013,12.0,2,2797.0,0.00429,122.868089
50.0,residence,PR-0006,PR-0004,12.0,1,2504.0,0.004792,63.00084
50.0,residence,PR-0006,PR-0015,12.0,2,2504.0,0.004792,322.708483
50.0,residence,PR-0008,PR-0014,12.0,2,6615.0,0.001814,330.503896
50.0,residence,PR-0015,SP-0005,12.0,2,2599.0,0.004617,462.2559
50.0,residence,PR-0018,SP-0206,12.0,2,4384.0,0.002737,233.249072
50.0,residence,RJ-0000,SP-0101,12.0,2,3810.0,0.00315,373.367139
50.0,residence,RJ-0001,ES-0002,12.0,1,642.0,0.018692,104.823127
50.0,residence,RJ-0001,RJ-0330,12.0,1,642.0,0.018692,236.909626
50.0,residence,RJ-0019,MG-0003,12.0,1,4910.0,0.002444,193.071428
50.0,residence,RJ-3302,RJ-0000,12.0,1,523.0,0.022945,101.757647
50.0,residence,RN-0005,BA-0001,12.0,1,4429.0,0.002709,840.646023
50.0,residence,RN-0007,PB-0001,12.0,2,464.0,0.025862,156.340025
50.0,residence,RO-0004,SP-0005,12.0,1,60.0,0.2,1939.664296
50.0,residence,RS-0001,PE-0004,12.0,1,2533.0,0.004737,2879.457987
50.0,residence,RS-0001,RS-0016,12.0,2,2533.0,0.004737,98.577042
50.0,residence,RS-0002,RS-0014,12.0,1,6413.0,0.001871,337.847339
50.0,residence,SC-0003,SC-0018,12.0,2,224.0,0.053571,358.89427
50.0,residence,SC-0007,SC-0014,12.0,2,1849.0,0.00649,118.153305
50.0,residence,SC-0007,SP-0206,12.0,2,1849.0,0.00649,512.808018
50.0,residence,SC-0008,SC-0011,12.0,1,586.0,0.020478,212.790686
50.0,residence,SC-0025,SC-0017,12.0,1,1631.0,0.007357,51.218209
50.0,residence,SE-0003,SE-0004,12.0,1,835.0,0.014371,51.105465
50.0,residence,SE-0004,SP-0215,12.0,1,4478.0,0.00268,1743.541774
50.0,residence,SP-0008,SP-0005,12.0,1,146.0,0.082192,98.39692
50.0,residence,SP-0009,SP-0213,12.0,1,150.0,0.08,82.705647
50.0,residence,SP-0101,MS-0001,12.0,2,3533.0,0.003397,893.421502
50.0,residence,SP-0101,RJ-0033,12.0,2,3533.0,0.003397,360.029836
50.0,residence,SP-0102,PI-0003,12.0,2,298.0,0.040268,2221.223409
50.0,residence,SP-0104,SP-0201,12.0,1,106.0,0.113208,59.437166
50.0,residence,SP-0104,SP-0214,12.0,1,106.0,0.113208,203.497573
50.0,residence,SP-0105,SP-0202,12.0,1,174.0,0.068966,445.01037
50.0,residence,SP-0204,SP-0207,12.0,1,2263.0,0.005303,135.179273
50.0,residence,SP-0204,SP-0214,12.0,1,2263.0,0.005303,272.170734
50.0,residence,SP-0208,MG-0002,12.0,2,3345.0,0.003587,365.962704
50.0,residence,SP-0208,SP-0215,12.0,1,3345.0,0.003587,178.057133
50.0,residence,SP-0212,SP-0105,12.0,1,3883.0,0.00309,78.183951
50.0,residence,SP-0214,SP-0217,12.0,2,3856.0,0.003112,167.663923
50.0,residence,SP-0215,SP-0214,12.0,1,14290.0,0.00084,292.775923
50.0,residence,SP-0216,MG-0002,12.0,2,18122.0,0.000662,538.594014
50.0,residence,SP-0218,SP-0214,12.0,1,816.0,0.014706,114.956234
50.0,residence,TO-0002,MA-0012,12.0,2,6464.0,0.001856,90.651425
50.0,residence,TO-0003,SP-0101,12.0,1,632.0,0.018987,1349.367194
50.0,residence,AL-0007,AL-0006,11.0,1,1233.0,0.008921,60.050615
50.0,residence,AP-0001,RS-0001,11.0,1,26194.0,0.00042,3402.236323
50.0,residence,BA-0001,GO-0001,11.0,1,4017.0,0.002738,1231.844304
50.0,residence,BA-0002,SP-0206,11.0,1,7903.0,0.001392,1469.562088
50.0,residence,BA-0015,BA-0025,11.0,2,6937.0,0.001586,554.909565
50.0,residence,BA-0015,SP-0206,11.0,2,6937.0,0.001586,1584.403838
50.0,residence,BA-0023,BA-0022,11.0,2,1799.0,0.006115,208.502231
50.0,residence,BA-0030,BA-0006,11.0,1,2423.0,0.00454,411.142883
50.0,residence,BA-0031,PR-0002,11.0,1,3447.0,0.003191,1771.230674
50.0,residence,CE-0002,CE-0006,11.0,2,7569.0,0.001453,63.412119
50.0,residence,CE-0010,CE-0017,11.0,1,6020.0,0.001827,59.664873
50.0,residence,GO-0001,MA-0016,11.0,1,10442.0,0.001053,1362.309131
50.0,residence,GO-0002,GO-0003,11.0,2,6657.0,0.001652,276.619446
50.0,residence,GO-0006,CE-0011,11.0,1,4289.0,0.002565,1834.351103
50.0,residence,GO-0007,MG-0007,11.0,1,4631.0,0.002375,142.111418
50.0,residence,GO-0013,TO-0003,11.0,1,1539.0,0.007147,212.14473
50.0,residence,GO-0014,MS-0008,11.0,1,3322.0,0.003311,56.155703
50.0,residence,MA-0011,MA-0005,11.0,2,4860.0,0.002263,409.832575
50.0,residence,MA-0014,SP-0005,11.0,1,3189.0,0.003449,1785.112994
50.0,residence,MA-0018,MA-0003,11.0,1,4172.0,0.002637,247.977952
50.0,residence,MA-0018,SP-0206,11.0,1,4172.0,0.002637,2018.228809
50.0,residence,MG-0002,BA-0009,11.0,2,4390.0,0.002506,537.157243
50.0,residence,MG-0005,MG-0022,11.0,1,2591.0,0.004245,345.859055
50.0,residence,MG-0007,MG-0014,11.0,1,4755.0,0.002313,99.270411
50.0,residence,MG-0011,PR-0002,11.0,1,7072.0,0.001555,582.365919
50.0,residence,MG-0011,RJ-0000,11.0,1,7072.0,0.001555,253.820283
50.0,residence,MG-0016,SP-0207,11.0,1,4672.0,0.002354,689.842129
50.0,residence,MS-0006,SP-0215,11.0,2,2210.0,0.004977,405.202749
50.0,residence,MS-0006,SP-0216,11.0,2,2210.0,0.004977,180.048804
50.0,residence,MS-0009,GO-0001,11.0,1,3642.0,0.00302,575.330559
50.0,residence,MT-0001,MT-0002,11.0,2,4772.0,0.002305,187.046738
50.0,residence,MT-0001,SP-0206,11.0,1,4772.0,0.002305,1032.545368
50.0,residence,MT-0006,MT-0011,11.0,1,1463.0,0.007519,264.4406
50.0,residence,MT-0007,SP-0101,11.0,2,11432.0,0.000962,1197.675689
50.0,residence,PA-0011,GO-0001,11.0,1,31488.0,0.000349,1438.709737
50.0,residence,PE-0009,GO-0001,11.0,1,5630.0,0.001954,1395.068686
50.0,residence,PI-0004,RN-0007,11.0,1,6456.0,0.001704,838.280086
50.0,residence,PI-0007,MA-0018,11.0,1,2628.0,0.004186,140.732816
50.0,residence,PR-0002,PR-0016,11.0,2,9641.0,0.001141,312.342389
50.0,residence,PR-0010,CE-0001,11.0,2,6797.0,0.001618,2826.413721
50.0,residence,PR-0011,ES-0003,11.0,1,5410.0,0.002033,1355.244387
50.0,residence,PR-0017,PR-0001,11.0,1,4656.0,0.002363,344.895022
50.0,residence,PR-4109,PR-0008,11.0,1,717.0,0.015342,158.425598
50.0,residence,RJ-0000,RJ-0003,11.0,1,3810.0,0.002887,111.046563
50.0,residence,RJ-0003,RJ-0000,11.0,1,432.0,0.025463,110.049308
50.0,residence,RJ-0019,MG-0005,11.0,2,4910.0,0.00224,127.210266
50.0,residence,RR-0001,GO-0001,11.0,1,540.0,0.02037,2537.065159
50.0,residence,RS-0001,PE-0001,11.0,1,2533.0,0.004343,2948.666488
50.0,residence,RS-0001,SC-0006,11.0,2,2533.0,0.004343,195.116189
50.0,residence,SC-0004,SC-0009,11.0,2,1498.0,0.007343,71.27263
50.0,residence,SC-0006,RS-0001,11.0,2,1283.0,0.008574,188.859586
50.0,residence,SC-0007,SC-0009,11.0,1,1849.0,0.005949,54.555292
50.0,residence,SC-0009,SC-0022,11.0,2,997.0,0.011033,227.36526
50.0,residence,SC-0010,SC-0022,11.0,1,3067.0,0.003587,388.527573
50.0,residence,SC-0017,PR-0002,11.0,1,796.0,0.013819,115.946204
50.0,residence,SC-0022,SP-0101,11.0,2,910.0,0.012088,377.141881
50.0,residence,SC-0025,SC-0016,11.0,1,1631.0,0.006744,97.160007
50.0,residence,SC-0026,SC-0025,11.0,1,1118.0,0.009839,114.567763
50.0,residence,SE-0005,SE-0002,11.0,1,2192.0,0.005018,62.487814
50.0,residence,SP-0010,SP-0101,11.0,1,17.0,0.647059,89.47042
50.0,residence,SP-0101,SP-0209,11.0,2,3533.0,0.003114,342.776546
50.0,residence,SP-0102,MA-0014,11.0,1,298.0,0.036913,2107.403004
50.0,residence,SP-0105,BA-0020,11.0,1,174.0,0.063218,1154.211958
50.0,residence,SP-0201,SP-0221,11.0,1,2990.0,0.003679,50.577623
50.0,residence,SP-0202,SP-0217,11.0,2,3526.0,0.00312,347.649841
50.0,residence,SP-0208,SP-0201,11.0,1,3345.0,0.003288,351.825949
50.0,residence,SP-0216,SP-0105,11.0,2,18122.0,0.000607,59.802045
50.0,residence,SP-0218,SP-0005,11.0,1,816.0,0.01348,109.394766
50.0,residence,SP-0219,SP-0201,11.0,1,2328.0,0.004725,56.895752
50.0,residence,SP-0219,SP-0206,11.0,2,2328.0,0.004725,308.581761
50.0,residence,AC-0002,PE-0001,10.0,1,5153.0,0.001941,4166.792017
50.0,residence,AL-0001,BA-0001,10.0,1,6016.0,0.001662,486.621383
50.0,residence,AL-0003,BA-0001,10.0,1,4223.0,0.002368,400.453655
50.0,residence,AL-0009,RN-0007,10.0,1,661.0,0.015129,454.724461
50.0,residence,AM-0006,AM-0003,10.0,1,668.0,0.01497,80.455612
50.0,residence,BA-0004,SP-0005,10.0,1,3822.0,0.002616,1252.96974
50.0,residence,BA-0007,BA-0014,10.0,1,3234.0,0.003092,70.268589
50.0,residence,BA-0007,RS-0006,10.0,1,3234.0,0.003092,2081.924082
50.0,residence,BA-0010,BA-0012,10.0,1,3855.0,0.002594,135.067085
50.0,residence,BA-0010,BA-0016,10.0,1,3855.0,0.002594,328.243728
50.0,residence,BA-0012,SP-0005,10.0,1,11494.0,0.00087,1452.532669
50.0,residence,BA-0019,BA-0006,10.0,2,7401.0,0.001351,267.206941
50.0,residence,BA-0020,SP-0005,10.0,1,5707.0,0.001752,1017.415949
50.0,residence,BA-0027,SP-0206,10.0,1,2824.0,0.003541,1269.869519
50.0,residence,BA-0030,BA-0026,10.0,1,2423.0,0.004127,96.786416
50.0,residence,CE-0017,SP-0215,10.0,1,2225.0,0.004494,1935.248049
50.0,residence,DF-0006,PI-0001,10.0,1,1028.0,0.009728,1575.765756
50.0,residence,ES-0002,RJ-0001,10.0,1,7253.0,0.001379,110.959564
50.0,residence,GO-0001,CE-0011,10.0,2,10442.0,0.000958,1769.900671
50.0,residence,MA-0001,SP-0005,10.0,1,8229.0,0.001215,2046.259504
50.0,residence,MA-0008,MA-2111,10.0,1,4845.0,0.002064,189.614224
50.0,residence,MA-0010,MA-0004,10.0,2,4123.0,0.002425,114.935065
50.0,residence,MA-0010,PE-0001,10.0,1,4123.0,0.002425,1413.018778
50.0,residence,MA-0011,MA-0010,10.0,1,4860.0,0.002058,62.167701
50.0,residence,MA-0011,MA-0015,10.0,2,4860.0,0.002058,284.586862
50.0,residence,MA-0012,MA-0008,10.0,1,9853.0,0.001015,520.219504
50.0,residence,MA-0013,PE-0001,10.0,1,6135.0,0.00163,1049.177704
50.0,residence,MA-0014,PI-0004,10.0,2,3189.0,0.003136,189.804865
50.0,residence,MA-0018,MA-0016,10.0,1,4172.0,0.002397,155.594753
50.0,residence,MG-0002,MG-0012,10.0,2,4390.0,0.002278,495.981034
50.0,residence,MG-0002,RN-0007,10.0,1,4390.0,0.002278,1827.564493
50.0,residence,MG-0006,MG-0013,10.0,2,15707.0,0.000637,628.430405
50.0,residence,MG-0010,PR-0010,10.0,1,1386.0,0.007215,761.866027
50.0,residence,MG-0010,SP-0217,10.0,1,1386.0,0.007215,51.127546
50.0,residence,MG-0011,MG-0020,10.0,1,7072.0,0.001414,141.820879
50.0,residence,MG-0013,DF-0006,10.0,1,7417.0,0.001348,420.583009
50.0,residence,MG-0015,BA-0002,10.0,1,14099.0,0.000709,1157.986027
50.0,residence,MG-0018,RJ-0019,10.0,1,2336.0,0.004281,254.822609
50.0,residence,MS-0001,MT-0007,10.0,1,60432.0,0.000165,497.17199
50.0,residence,MS-0001,SP-0213,10.0,1,60432.0,0.000165,664.489873
50.0,residence,MS-0003,MS-0006,10.0,1,3683.0,0.002715,192.961274
50.0,residence,MS-0003,PR-0002,10.0,2,3683.0,0.002715,711.62214
50.0,residence,MS-0004,PR-0002,10.0,1,1923.0,0.0052,541.351401
50.0,residence,MS-0005,MS-0011,10.0,1,2981.0,0.003355,166.234678
50.0,residence,MS-0006,SP-0206,10.0,1,2210.0,0.004525,540.039466
50.0,residence,MS-0008,MA-0016,10.0,1,2291.0,0.004365,1759.116992
50.0,residence,MS-0010,MS-0011,10.0,2,2655.0,0.003766,286.681596
50.0,residence,MS-0011,MS-0003,10.0,1,7011.0,0.001426,435.78754
50.0,residence,MS-0011,SP-0101,10.0,1,7011.0,0.001426,1176.854733
50.0,residence,MT-0004,PR-0002,10.0,1,2366.0,0.004227,2062.793303
50.0,residence,MT-0014,MS-0001,10.0,1,5004.0,0.001998,840.860461
50.0,residence,MT-0014,MT-0005,10.0,1,5004.0,0.001998,277.530938
50.0,residence,PA-0011,PA-0012,10.0,1,31488.0,0.000318,178.803266
50.0,residence,PB-0010,PB-0009,10.0,1,1137.0,0.008795,54.752129
50.0,residence,PB-0011,PB-0007,10.0,1,817.0,0.01224,51.456663
50.0,residence,PB-0012,SE-0008,10.0,1,1889.0,0.005294,400.599849
50.0,residence,PE-0001,MG-0002,10.0,1,3900.0,0.002564,1651.521584
50.0,residence,PE-0002,PE-0003,10.0,2,17091.0,0.000585,108.391978
50.0,residence,PE-0003,PE-0002,10.0,1,14794.0,0.000676,85.073786
50.0,residence,PE-0004,SP-0101,10.0,1,25284.0,0.000396,2079.810347
50.0,residence,PE-0006,PE-0003,10.0,1,9350.0,0.00107,86.610204
50.0,residence,PE-0008,PE-0004,10.0,1,4509.0,0.002218,512.286385
50.0,residence,PE-0012,PE-0004,10.0,1,4364.0,0.002291,98.484179
50.0,residence,PI-0008,PI-0007,10.0,1,1596.0,0.006266,65.292755
50.0,residence,PI-0011,SP-0005,10.0,1,4445.0,0.00225,1516.913076
50.0,residence,PR-0003,PR-0010,10.0,1,8238.0,0.001214,365.331349
50.0,residence,PR-0005,PR-0011,10.0,1,7311.0,0.001368,93.156711
50.0,residence,PR-0012,GO-0001,10.0,1,5362.0,0.001865,940.699243
50.0,residence,PR-0012,SP-0206,10.0,1,5362.0,0.001865,465.36157
50.0,residence,PR-0016,PR-0014,10.0,1,1975.0,0.005063,183.648163
50.0,residence,RJ-0003,SP-0101,10.0,1,432.0,0.023148,289.061972
50.0,residence,RJ-0019,DF-0006,10.0,1,4910.0,0.002037,918.692066
50.0,residence,RJ-0019,PE-0001,10.0,2,4910.0,0.002037,1888.393423
50.0,residence,RJ-0019,SP-0005,10.0,1,4910.0,0.002037,590.783176
50.0,residence,RN-0003,MT-0007,10.0,1,7895.0,0.001267,2360.098095
50.0,residence,RN-0004,PE-0001,10.0,1,4339.0,0.002305,314.282801
50.0,residence,RN-0007,CE-0001,10.0,2,464.0,0.021552,430.613309
50.0,residence,RS-0006,RS-0011,10.0,2,6204.0,0.001612,92.370561
50.0,residence,RS-0010,ES-0003,10.0,1,3093.0,0.003233,1827.569531
50.0,residence,RS-0011,ES-0004,10.0,1,1329.0,0.007524,1609.010915
50.0,residence,SC-0003,SC-0008,10.0,1,224.0,0.044643,86.733509
50.0,residence,SC-0006,SC-0003,10.0,1,1283.0,0.007794,55.04744
50.0,residence,SC-0006,SC-0021,10.0,2,1283.0,0.007794,67.648025
50.0,residence,SC-0010,SC-0014,10.0,2,3067.0,0.003261,323.386229
50.0,residence,SC-0015,SP-0206,10.0,1,3333.0,0.003,513.869541
50.0,residence,SC-0018,SP-0005,10.0,1,2627.0,0.003807,781.020333
50.0,residence,SC-0025,SP-0101,10.0,1,1631.0,0.006131,421.52669
50.0,residence,SE-0003,SE-0001,10.0,2,835.0,0.011976,99.168366
50.0,residence,SP-0002,SP-0213,10.0,1,445.0,0.022472,362.856195
50.0,residence,SP-0101,BA-0008,10.0,1,3533.0,0.00283,1095.496314
50.0,residence,SP-0101,BA-0013,10.0,1,3533.0,0.00283,1370.668997
50.0,residence,SP-0101,SP-0208,10.0,2,3533.0,0.00283,352.074838
50.0,residence,SP-0104,GO-0001,10.0,1,106.0,0.09434,796.271187
50.0,residence,SP-0104,SP-0101,10.0,1,106.0,0.09434,51.720952
50.0,residence,SP-0205,ES-0001,10.0,1,903.0,0.011074,897.362668
50.0,residence,SP-0206,SP-0210,10.0,2,10469.0,0.000955,91.304204
50.0,residence,SP-0206,SP-0216,10.0,2,10469.0,0.000955,71.972296
50.0,residence,SP-0216,SP-0224,10.0,1,18122.0,0.000552,227.787866
50.0,residence,SP-0221,SP-0206,10.0,1,1726.0,0.005794,332.351746
50.0,residence,TO-0001,BA-0025,10.0,1,12047.0,0.00083,90.1427
50.0,residence,TO-0001,ES-0002,10.0,1,12047.0,0.00083,1587.245443
50.0,residence,AL-0004,PE-0001,9.0,1,632.0,0.014241,306.684696
50.0,residence,AP-0001,GO-0001,9.0,1,26194.0,0.000344,1924.760799
50.0,residence,BA-0005,RJ-0010,9.0,1,3967.0,0.002269,1149.788267
50.0,residence,BA-0007,SP-0215,9.0,1,3234.0,0.002783,1245.562278
50.0,residence,BA-0010,SP-0215,9.0,1,3855.0,0.002335,1677.588669
50.0,residence,BA-0012,BA-0031,9.0,1,11494.0,0.000783,93.978437
50.0,residence,BA-0021,PE-0001,9.0,1,5686.0,0.001583,860.002621
50.0,residence,BA-0026,MG-0006,9.0,1,6777.0,0.001328,290.985766
50.0,residence,BA-0028,PE-0007,9.0,1,7105.0,0.001267,323.585418
50.0,residence,CE-0001,SP-0206,9.0,1,9089.0,0.00099,2323.920483
50.0,residence,CE-0013,PI-0003,9.0,1,6068.0,0.001483,99.446028
50.0,residence,CE-0018,BA-0009,9.0,1,3621.0,0.002486,1268.713307
50.0,residence,DF-0006,MG-0028,9.0,1,1028.0,0.008755,115.860506
50.0,residence,DF-0006,SP-0207,9.0,1,1028.0,0.008755,787.277838
50.0,residence,ES-0002,MG-0018,9.0,1,7253.0,0.001241,136.073321
50.0,residence,GO-0003,SP-0101,9.0,1,3617.0,0.002488,842.914536
50.0,residence,GO-0011,GO-0009,9.0,1,820.0,0.010976,99.657487
50.0,residence,GO-0015,SP-0206,9.0,1,3334.0,0.002699,483.317514
50.0,residence,MA-0001,MA-0009,9.0,1,8229.0,0.001094,207.865637
50.0,residence,MA-0008,PE-0006,9.0,1,4845.0,0.001858,1349.100843
50.0,residence,MA-0009,MA-0003,9.0,1,5242.0,0.001717,154.404169
50.0,residence,MA-0011,SP-0101,9.0,1,4860.0,0.001852,2027.928164
50.0,residence,MG-0002,BA-0008,9.0,1,4390.0,0.00205,607.315712
50.0,residence,MG-0002,MG-0004,9.0,1,4390.0,0.00205,257.165584
50.0,residence,MG-0002,MG-0024,9.0,1,4390.0,0.00205,205.270173
50.0,residence,MG-0005,RJ-0010,9.0,1,2591.0,0.003474,121.689546
50.0,residence,MG-0018,MG-0022,9.0,1,2336.0,0.003853,381.344474
50.0,residence,MS-0006,MS-0003,9.0,1,2210.0,0.004072,199.695601
50.0,residence,MS-0012,MS-0006,9.0,1,888.0,0.010135,82.134858
50.0,residence,PA-0001,SP-0215,9.0,1,551.0,0.016334,2180.403388
50.0,residence,PB-0008,PB-0009,9.0,1,1356.0,0.006637,132.118119
50.0,residence,PB-0011,RN-0006,9.0,1,817.0,0.011016,134.471213
50.0,residence,PE-0001,MG-0006,9.0,1,3900.0,0.002308,1356.752974
50.0,residence,PE-0001,SP-0005,9.0,1,3900.0,0.002308,2030.038208
50.0,residence,PE-0001,SP-0101,9.0,1,3900.0,0.002308,2131.286804
50.0,residence,PE-0009,SP-0005,9.0,1,5630.0,0.001599,1736.847713
50.0,residence,PE-0010,RN-0006,9.0,1,4100.0,0.002195,145.904818
50.0,residence,PI-0004,MA-0005,9.0,1,6456.0,0.001394,188.880674
50.0,residence,PI-0008,PI-0012,9.0,1,1596.0,0.005639,163.101532
50.0,residence,PI-0009,PI-0010,9.0,1,2501.0,0.003599,169.267335
50.0,residence,PI-0010,SP-0206,9.0,1,3442.0,0.002615,1797.965994
50.0,residence,PR-0002,TO-0001,9.0,1,9641.0,0.000934,1686.148578
50.0,residence,PR-0007,TO-0001,9.0,1,2831.0,0.003179,1847.335051
50.0,residence,PR-0010,PR-0011,9.0,1,6797.0,0.001324,148.922477
50.0,residence,PR-0015,DF-0006,9.0,1,2599.0,0.003463,946.814913
50.0,residence,PR-0018,PR-0011,9.0,1,4384.0,0.002053,183.712648
50.0,residence,PR-0018,PR-0015,9.0,1,4384.0,0.002053,117.654504
50.0,residence,PR-0021,PR-0014,9.0,1,4817.0,0.001868,304.192014
50.0,residence,PR-4109,PR-0017,9.0,1,717.0,0.012552,412.966979
50.0,residence,RJ-0019,MG-0027,9.0,1,4910.0,0.001833,185.479595
50.0,residence,RJ-0019,RJ-0207,9.0,1,4910.0,0.001833,118.731052
50.0,residence,RJ-0019,SP-0201,9.0,1,4910.0,0.001833,320.645556
50.0,residence,RJ-0033,SP-0213,9.0,1,1594.0,0.005646,483.360192
50.0,residence,RJ-0330,PE-0001,9.0,1,288.0,0.03125,1870.191375
50.0,residence,RN-0001,ES-0004,9.0,1,7000.0,0.001286,1445.381078
50.0,residence,RN-0002,PE-0001,9.0,1,7096.0,0.001268,379.848208
50.0,residence,RN-0007,PE-0008,9.0,1,464.0,0.019397,697.818737
50.0,residence,RN-0007,SP-0101,9.0,1,464.0,0.019397,2323.190974
50.0,residence,RR-0001,AM-0007,9.0,1,540.0,0.016667,712.823558
50.0,residence,RR-0001,SP-0215,9.0,1,540.0,0.016667,2934.69807
50.0,residence,RS-0004,RS-0003,9.0,1,5290.0,0.001701,299.392117
50.0,residence,RS-0004,RS-0013,9.0,1,5290.0,0.001701,100.592102
50.0,residence,RS-0009,PR-0015,9.0,1,1800.0,0.005,634.760525
50.0,residence,RS-0009,RS-0012,9.0,1,1800.0,0.005,81.459617
50.0,residence,RS-0009,RS-0016,9.0,1,1800.0,0.005,177.307343
50.0,residence,SC-0003,SC-0001,9.0,1,224.0,0.040179,86.439639
50.0,residence,SC-0004,SC-0016,9.0,1,1498.0,0.006008,70.504265
50.0,residence,SC-0004,SC-0017,9.0,1,1498.0,0.006008,98.19422
50.0,residence,SC-0011,PR-0002,9.0,1,1215.0,0.007407,104.148475
50.0,residence,SC-0013,SC-0022,9.0,1,140.0,0.064286,146.325647
50.0,residence,SC-0016,PR-0002,9.0,1,1330.0,0.006767,192.312171
50.0,residence,SC-0019,SC-0018,9.0,1,56.0,0.160714,91.639253
50.0,residence,SC-0028,SC-0001,9.0,1,600.0,0.015,110.437606
50.0,residence,SP-0005,MG-0022,9.0,1,682.0,0.013196,213.396703
50.0,residence,SP-0011,SP-0211,9.0,1,9.0,1.0,184.921987
50.0,residence,SP-0101,SP-0220,9.0,1,3533.0,0.002547,136.710838
50.0,residence,SP-0201,PI-0003,9.0,1,2990.0,0.00301,2186.07256
50.0,residence,SP-0201,RJ-0019,9.0,1,2990.0,0.00301,331.593494
50.0,residence,SP-0213,SP-0208,9.0,1,5216.0,0.001725,86.533434
50.0,residence,SP-0216,DF-0006,9.0,1,18122.0,0.000497,778.494579
50.0,residence,AC-0002,DF-0006,8.0,1,5153.0,0.001552,2834.524501
50.0,residence,AL-0001,SP-0005,8.0,1,6016.0,0.00133,1845.064117
50.0,residence,AL-0003,BA-0010,8.0,1,4223.0,0.001894,55.796524
50.0,residence,AL-0008,RN-0007,8.0,1,1474.0,0.005427,432.065336
50.0,residence,AM-0001,AM-0009,8.0,1,116947.0,6.8e-05,65.235931
50.0,residence,AM-0004,PA-0001,8.0,1,2156.0,0.003711,2620.443027
50.0,residence,AP-0001,CE-0001,8.0,1,26194.0,0.000305,1431.827377
50.0,residence,BA-0001,BA-0029,8.0,1,4017.0,0.001992,102.8695
50.0,residence,BA-0003,SE-0002,8.0,1,10512.0,0.000761,100.675961
50.0,residence,BA-0004,BA-0005,8.0,1,3822.0,0.002093,63.864249
50.0,residence,BA-0004,PE-0001,8.0,1,3822.0,0.002093,702.76376
50.0,residence,BA-0006,SP-0206,8.0,1,1481.0,0.005402,1263.178029
50.0,residence,BA-0013,BA-0029,8.0,1,12470.0,0.000642,104.684789
50.0,residence,BA-0015,PE-0009,8.0,1,6937.0,0.001153,187.311022
50.0,residence,BA-0018,DF-0006,8.0,1,5086.0,0.001573,834.013356
50.0,residence,BA-0021,SE-0008,8.0,1,5686.0,0.001407,540.552926
50.0,residence,BA-0024,SP-0207,8.0,1,2454.0,0.00326,1107.133475
50.0,residence,BA-0026,PE-0008,8.0,1,6777.0,0.00118,599.716598
50.0,residence,CE-0001,CE-0004,8.0,1,9089.0,0.00088,71.645399
50.0,residence,CE-0001,DF-0006,8.0,1,9089.0,0.00088,1683.081502
50.0,residence,CE-0001,PI-0001,8.0,1,9089.0,0.00088,374.122875
50.0,residence,CE-0004,SP-0206,8.0,1,3299.0,0.002425,2248.466579
50.0,residence,DF-0006,GO-0004,8.0,1,1028.0,0.007782,200.622218
50.0,residence,DF-0006,MA-0005,8.0,1,1028.0,0.007782,1357.186343
50.0,residence,DF-0006,SP-0213,8.0,1,1028.0,0.007782,598.491194
50.0,residence,ES-0002,SP-0101,8.0,1,7253.0,0.001103,643.831902
50.0,residence,GO-0004,GO-0006,8.0,1,3869.0,0.002068,302.794861
50.0,residence,GO-0018,GO-0003,8.0,1,12810.0,0.000625,92.575517
50.0,residence,GO-0018,GO-0009,8.0,1,12810.0,0.000625,199.496995
50.0,residence,GO-0018,SP-0206,8.0,1,12810.0,0.000625,687.48864
50.0,residence,MA-0001,CE-0001,8.0,1,8229.0,0.000972,648.123315
50.0,residence,MA-0001,MS-0001,8.0,1,8229.0,0.000972,2276.430519
50.0,residence,MA-0009,PA-0004,8.0,1,5242.0,0.001526,128.210943
50.0,residence,MA-0010,SP-0005,8.0,1,4123.0,0.00194,1758.47644
50.0,residence,MA-0018,MA-0004,8.0,1,4172.0,0.001918,53.115585
50.0,residence,MA-2105,MA-0017,8.0,1,100.0,0.08,59.699295
50.0,residence,MG-0002,BA-0007,8.0,1,4390.0,0.001822,732.10764
50.0,residence,MG-0003,MG-0024,8.0,1,4611.0,0.001735,214.815535
50.0,residence,MG-0005,SP-0206,8.0,1,2591.0,0.003088,580.309433
50.0,residence,MG-0006,MG-0014,8.0,1,15707.0,0.000509,243.313912
50.0,residence,MG-0006,SP-0005,8.0,1,15707.0,0.000509,622.271577
50.0,residence,MG-0007,GO-0001,8.0,1,4755.0,0.001682,373.535586
50.0,residence,MG-0010,PR-0017,8.0,1,1386.0,0.005772,595.584244
50.0,residence,MG-0010,SP-0213,8.0,1,1386.0,0.005772,151.388211
50.0,residence,MG-0012,GO-0006,8.0,1,6062.0,0.00132,115.23857
50.0,residence,MG-0015,PR-0010,8.0,1,14099.0,0.000567,1049.353802
50.0,residence,MG-0018,SP-0101,8.0,1,2336.0,0.003425,485.305662
50.0,residence,MG-0020,MG-0018,8.0,1,2031.0,0.003939,192.165069
50.0,residence,MG-0022,MG-0010,8.0,1,2520.0,0.003175,224.786619
50.0,residence,MS-0003,SC-0015,8.0,1,3683.0,0.002172,749.779886
50.0,residence,MS-0009,MS-0008,8.0,1,3642.0,0.002197,73.50282
50.0,residence,MS-0009,SP-0005,8.0,1,3642.0,0.002197,602.380355
50.0,residence,MS-0010,MS-0004,8.0,1,2655.0,0.003013,326.657204
50.0,residence,MT-0005,MT-0002,8.0,1,5661.0,0.001413,195.10651
50.0,residence,MT-0006,MT-0016,8.0,1,1463.0,0.005468,79.992339
50.0,residence,MT-0012,DF-0006,8.0,1,3861.0,0.002072,1309.036078
50.0,residence,MT-0015,MT-0007,8.0,1,1044.0,0.007663,654.535863
50.0,residence,MT-0016,MT-0014,8.0,1,1352.0,0.005917,389.155014
50.0,residence,MT-5114,MT-0005,8.0,1,512.0,0.015625,228.804586
50.0,residence,PA-0001,SP-0213,8.0,1,551.0,0.014519,2216.271553
50.0,residence,PA-0002,RN-0007,8.0,1,6965.0,0.001149,1532.475078
50.0,residence,PA-0009,SP-0005,8.0,1,44077.0,0.000182,1581.799468
50.0,residence,PA-0011,MA-0005,8.0,1,31488.0,0.000254,739.570804
50.0,residence,PA-0011,PI-0004,8.0,1,31488.0,0.000254,801.652411
50.0,residence,PB-0001,DF-0006,8.0,1,3750.0,0.002133,1711.853848
50.0,residence,PB-0001,PE-0006,8.0,1,3750.0,0.002133,104.657716
50.0,residence,PB-0003,BA-0002,8.0,1,3863.0,0.002071,636.221893
50.0,residence,PB-0003,MG-0015,8.0,1,3863.0,0.002071,1765.210897
50.0,residence,PB-0010,SP-0017,8.0,1,1137.0,0.007036,1927.120447
50.0,residence,PB-0016,PB-0006,8.0,1,207.0,0.038647,52.20553
50.0,residence,PI-0004,SP-0215,8.0,1,6456.0,0.001239,1890.535411
50.0,residence,PI-0008,PI-0011,8.0,1,1596.0,0.005013,85.667965
50.0,residence,PI-0087,PI-0009,8.0,1,182.0,0.043956,73.962395
50.0,residence,PR-0003,SP-0216,8.0,1,8238.0,0.000971,65.516288
50.0,residence,PR-0010,SP-0206,8.0,1,6797.0,0.001177,578.379229
50.0,residence,PR-0015,RS-0006,8.0,1,2599.0,0.003078,535.95491
50.0,residence,PR-0017,SP-0206,8.0,1,4656.0,0.001718,247.681149
50.0,residence,PR-0017,SP-0215,8.0,1,4656.0,0.001718,341.721882
50.0,residence,RJ-0019,PR-0002,8.0,1,4910.0,0.001629,651.666424
50.0,residence,RJ-0019,SP-0206,8.0,1,4910.0,0.001629,579.29703
50.0,residence,RJ-0053,RJ-0033,8.0,1,137.0,0.058394,54.824453
50.0,residence,RN-0007,RN-0001,8.0,1,464.0,0.017241,55.359292
50.0,residence,RN-0008,RN-0005,8.0,1,2261.0,0.003538,105.526329
50.0,residence,RO-0004,DF-0006,8.0,1,60.0,0.133333,1756.876855
50.0,residence,RO-0004,MT-0012,8.0,1,60.0,0.133333,706.242336
50.0,residence,RR-0001,CE-0001,8.0,1,540.0,0.014815,2578.983363
50.0,residence,RR-0001,MA-0001,8.0,1,540.0,0.014815,1932.751486
50.0,residence,RR-0001,RJ-0019,8.0,1,540.0,0.014815,3465.388113
50.0,residence,RS-0001,SC-0014,8.0,1,2533.0,0.003158,317.167081
50.0,residence,RS-0004,RS-0007,8.0,1,5290.0,0.001512,173.669132
50.0,residence,RS-0006,RS-0005,8.0,1,6204.0,0.001289,124.034067
50.0,residence,RS-0010,SC-0007,8.0,1,3093.0,0.002586,767.840191
50.0,residence,RS-0012,RS-0009,8.0,1,2424.0,0.0033,127.673152
50.0,residence,RS-0014,PR-0002,8.0,1,966.0,0.008282,586.225465
50.0,residence,RS-0015,RS-0004,8.0,1,2647.0,0.003022,196.069318
50.0,residence,SC-0002,SC-0007,8.0,1,954.0,0.008386,204.519796
50.0,residence,SC-0002,SC-0011,8.0,1,954.0,0.008386,176.486099
50.0,residence,SC-0003,SC-0002,8.0,1,224.0,0.035714,216.570719
50.0,residence,SC-0006,SP-0206,8.0,1,1283.0,0.006235,651.515526
50.0,residence,SC-0009,SC-0017,8.0,1,997.0,0.008024,57.995136
50.0,residence,SC-0016,SP-0206,8.0,1,1330.0,0.006015,538.703626
50.0,residence,SC-0020,SC-0007,8.0,1,249.0,0.032129,213.681031
50.0,residence,SP-0007,SP-0101,8.0,1,42.0,0.190476,118.713533
50.0,residence,SP-0017,SP-0206,8.0,1,1957.0,0.004088,353.718786
50.0,residence,SP-0101,MG-0016,8.0,1,3533.0,0.002264,720.422809
50.0,residence,SP-0102,CE-0001,8.0,1,298.0,0.026846,2383.27594
50.0,residence,SP-0102,SP-0216,8.0,1,298.0,0.026846,96.643359
50.0,residence,SP-0103,SP-0102,8.0,1,235.0,0.034043,55.415948
50.0,residence,SP-0105,CE-0001,8.0,1,174.0,0.045977,2382.33011
50.0,residence,SP-0105,PA-0001,8.0,1,174.0,0.045977,2484.218452
50.0,residence,SP-0105,SP-0101,8.0,1,174.0,0.045977,51.614995
50.0,residence,SP-0205,SP-0216,8.0,1,903.0,0.008859,290.299479
50.0,residence,SP-0206,BA-0001,8.0,1,10469.0,0.000764,1525.803021
50.0,residence,SP-0207,SP-0224,8.0,1,5129.0,0.00156,140.376841
50.0,residence,SP-0208,MG-0022,8.0,1,3345.0,0.002392,81.883383
50.0,residence,SP-0215,SP-0217,8.0,1,14290.0,0.00056,445.240798
50.0,residence,SP-3517,SP-0221,8.0,1,354.0,0.022599,58.614918
50.0,residence,AL-0003,AL-0006,7.0,1,4223.0,0.001658,124.392713
50.0,residence,AL-0010,AL-0006,7.0,1,2194.0,0.003191,95.575114
50.0,residence,AM-0001,AP-0001,7.0,1,116947.0,6e-05,1080.083732
50.0,residence,AM-0001,MG-0013,7.0,1,116947.0,6e-05,2327.6044
50.0,residence,AM-0005,RN-0007,7.0,1,8175.0,0.000856,2428.740163
50.0,residence,AP-0001,SP-0215,7.0,1,26194.0,0.000267,2382.724484
50.0,residence,BA-0001,MG-0002,7.0,1,4017.0,0.001743,965.310967
50.0,residence,BA-0002,BA-0016,7.0,1,7903.0,0.000886,124.225228
50.0,residence,BA-0002,SE-0008,7.0,1,7903.0,0.000886,258.983451
50.0,residence,BA-0010,BA-0028,7.0,1,3855.0,0.001816,231.750467
50.0,residence,BA-0016,BA-0015,7.0,1,6269.0,0.001117,181.299706
50.0,residence,BA-0018,PE-0001,7.0,1,5086.0,0.001376,827.029753
50.0,residence,BA-0022,BA-0019,7.0,1,3517.0,0.00199,213.237133
50.0,residence,BA-0022,BA-0024,7.0,1,3517.0,0.00199,153.594729
50.0,residence,BA-0023,BA-0016,7.0,1,1799.0,0.003891,273.056296
50.0,residence,BA-0028,PE-0001,7.0,1,7105.0,0.000985,609.31312
50.0,residence,BA-0028,RN-0007,7.0,1,7105.0,0.000985,771.884795
50.0,residence,CE-0001,AM-0001,7.0,1,9089.0,0.00077,2384.958906
50.0,residence,CE-0001,CE-0017,7.0,1,9089.0,0.00077,276.677493
50.0,residence,CE-0002,SP-0215,7.0,1,7569.0,0.000925,2214.458285
50.0,residence,CE-0008,CE-0005,7.0,1,6236.0,0.001123,77.405334
50.0,residence,CE-0011,GO-0001,7.0,1,7520.0,0.000931,1671.94753
50.0,residence,CE-0012,SP-0206,7.0,1,5296.0,0.001322,2302.072163
50.0,residence,CE-0013,SP-0101,7.0,1,6068.0,0.001154,2244.012882
50.0,residence,DF-0006,CE-0001,7.0,1,1028.0,0.006809,1679.614739
50.0,residence,DF-0006,MG-0006,7.0,1,1028.0,0.006809,432.002127
50.0,residence,DF-0006,PI-0010,7.0,1,1028.0,0.006809,1128.404911
50.0,residence,DF-0006,RS-0001,7.0,1,1028.0,0.006809,1622.495709
50.0,residence,GO-0006,GO-0003,7.0,1,4289.0,0.001632,230.5995
50.0,residence,GO-0007,MG-0013,7.0,1,4631.0,0.001512,207.649571
50.0,residence,GO-0010,MT-0008,7.0,1,2795.0,0.002504,56.755548
50.0,residence,GO-0015,SP-0215,7.0,1,3334.0,0.0021,277.87477
50.0,residence,GO-0017,GO-0018,7.0,1,136.0,0.051471,339.632494
50.0,residence,GO-0018,GO-0007,7.0,1,12810.0,0.000546,169.79841
50.0,residence,MA-0001,MA-0018,7.0,1,8229.0,0.000851,270.572491
50.0,residence,MA-0002,MA-0009,7.0,1,2650.0,0.002642,123.699462
50.0,residence,MA-0002,SP-0206,7.0,1,2650.0,0.002642,2175.543344
50.0,residence,MA-0004,MA-0006,7.0,1,4554.0,0.001537,216.179431
50.0,residence,MA-0007,PE-0001,7.0,1,4070.0,0.00172,1248.907394
50.0,residence,MA-0008,MA-0018,7.0,1,4845.0,0.001445,179.240223
50.0,residence,MA-0009,CE-0001,7.0,1,5242.0,0.001335,842.45586
50.0,residence,MA-0010,MA-0005,7.0,1,4123.0,0.001698,248.736946
50.0,residence,MA-0011,MA-0018,7.0,1,4860.0,0.00144,471.875632
50.0,residence,MA-0016,CE-0011,7.0,1,5274.0,0.001327,571.479493
50.0,residence,MA-2108,MA-0004,7.0,1,274.0,0.025547,65.087898
50.0,residence,MG-0002,DF-0006,7.0,1,4390.0,0.001595,617.278522
50.0,residence,MG-0005,RJ-0019,7.0,1,2591.0,0.002702,121.17612
50.0,residence,MG-0007,SP-0101,7.0,1,4755.0,0.001472,666.288927
50.0,residence,MG-0009,ES-0001,7.0,1,4651.0,0.001505,300.16388
50.0,residence,MG-0012,GO-0001,7.0,1,6062.0,0.001155,275.733584
50.0,residence,MG-0013,SP-0206,7.0,1,7417.0,0.000944,326.065675
50.0,residence,MG-0015,ES-0003,7.0,1,14099.0,0.000496,478.848634
50.0,residence,MG-0015,MG-0014,7.0,1,14099.0,0.000496,99.862977
50.0,residence,MG-0016,MG-0009,7.0,1,4672.0,0.001498,131.505505
50.0,residence,MG-0016,SP-0206,7.0,1,4672.0,0.001498,837.439861
50.0,residence,MG-0017,SP-0101,7.0,1,7244.0,0.000966,850.833261
50.0,residence,MG-0019,MA-0011,7.0,1,4998.0,0.001401,1374.976844
50.0,residence,MG-0020,SP-0005,7.0,1,2031.0,0.003447,442.654978
50.0,residence,MG-0022,MG-0021,7.0,1,2520.0,0.002778,75.471593
50.0,residence,MG-0022,SP-0005,7.0,1,2520.0,0.002778,171.039366
50.0,residence,MG-0023,SP-0005,7.0,1,3343.0,0.002094,645.581825
50.0,residence,MG-0026,DF-0006,7.0,1,2430.0,0.002881,396.031137
50.0,residence,MG-0028,GO-0002,7.0,1,4345.0,0.001611,77.433444
50.0,residence,MG-0028,SP-0213,7.0,1,4345.0,0.001611,455.185482
50.0,residence,MG-0030,MG-0028,7.0,1,10008.0,0.000699,146.786036
50.0,residence,MS-0001,MG-0013,7.0,1,60432.0,0.000116,776.414587
50.0,residence,MS-0001,RJ-0019,7.0,1,60432.0,0.000116,1159.166586
50.0,residence,MS-0002,SP-0207,7.0,1,1713.0,0.004086,802.936759
50.0,residence,MS-0007,SP-0002,7.0,1,7649.0,0.000915,100.36885
50.0,residence,MS-0009,PR-0010,7.0,1,3642.0,0.001922,702.80244
50.0,residence,MS-0011,SP-0206,7.0,1,7011.0,0.000998,893.390862
50.0,residence,MT-0001,GO-0001,7.0,1,4772.0,0.001467,711.793494
50.0,residence,MT-0003,BA-0018,7.0,1,3661.0,0.001912,1295.175756
50.0,residence,MT-0005,MA-0015,7.0,1,5661.0,0.001237,1765.124785
50.0,residence,MT-0006,MT-0015,7.0,1,1463.0,0.004785,291.329421
50.0,residence,MT-0006,PE-0004,7.0,1,1463.0,0.004785,1642.353922
50.0,residence,MT-0008,GO-0001,7.0,1,4998.0,0.001401,371.280486
50.0,residence,MT-0008,GO-0014,7.0,1,4998.0,0.001401,189.46738
50.0,residence,MT-0010,PR-0002,7.0,1,918.0,0.007625,1714.518665
50.0,residence,MT-0010,SP-0215,7.0,1,918.0,0.007625,1222.373161
50.0,residence,MT-0014,DF-0006,7.0,1,5004.0,0.001399,939.132506
50.0,residence,MT-0014,PA-0009,7.0,1,5004.0,0.001399,520.03552
50.0,residence,MT-5114,MT-0007,7.0,1,512.0,0.013672,428.527483
50.0,residence,MT-5114,PA-0009,7.0,1,512.0,0.013672,634.740192
50.0,residence,PA-0001,PA-0007,7.0,1,551.0,0.012704,101.116676
50.0,residence,PA-0003,SP-0215,7.0,1,8279.0,0.000846,2159.062671
50.0,residence,PA-0005,SP-0005,7.0,1,13545.0,0.000517,1821.458175
50.0,residence,PA-0009,DF-0006,7.0,1,44077.0,0.000159,1666.005787
50.0,residence,PB-0001,PB-0002,7.0,1,3750.0,0.001867,55.313304
50.0,residence,PB-0001,PB-0012,7.0,1,3750.0,0.001867,54.455179
50.0,residence,PB-0006,MG-0008,7.0,1,1445.0,0.004844,1586.481944
50.0,residence,PB-0006,RN-0007,7.0,1,1445.0,0.004844,316.034232
50.0,residence,PB-0011,PE-0011,7.0,1,817.0,0.008568,62.01571
50.0,residence,PB-0016,PE-0001,7.0,1,207.0,0.033816,238.879642
50.0,residence,PE-0008,CE-0019,7.0,1,4509.0,0.001552,214.190997
50.0,residence,PE-0009,PE-0002,7.0,1,5630.0,0.001243,502.80088
50.0,residence,PI-0004,MA-0016,7.0,1,6456.0,0.001084,211.894994
50.0,residence,PI-0006,PI-0002,7.0,1,4461.0,0.001569,214.001733
50.0,residence,PI-0011,PI-0013,7.0,1,4445.0,0.001575,138.445088
50.0,residence,PI-0015,PE-0001,7.0,1,2797.0,0.002503,1013.253881
50.0,residence,PR-0002,PR-0014,7.0,1,9641.0,0.000726,489.664655
50.0,residence,PR-0002,SC-0007,7.0,1,9641.0,0.000726,181.941022
50.0,residence,PR-0002,SP-0212,7.0,1,9641.0,0.000726,165.218835
50.0,residence,PR-0014,PR-0020,7.0,1,6145.0,0.001139,151.697189
50.0,residence,PR-0015,SP-0101,7.0,1,2599.0,0.002693,532.432151
50.0,residence,PR-0015,SP-0206,7.0,1,2599.0,0.002693,371.393684
50.0,residence,PR-0015,SP-0216,7.0,1,2599.0,0.002693,152.397676
50.0,residence,PR-0017,SP-0005,7.0,1,4656.0,0.001503,420.455105
50.0,residence,PR-0019,SP-0005,7.0,1,7529.0,0.00093,380.603784
50.0,residence,PR-0020,PR-0016,7.0,1,7403.0,0.000946,296.709494
50.0,residence,PR-0021,PR-0004,7.0,1,4817.0,0.001453,117.925363
50.0,residence,RJ-0019,BA-0002,7.0,1,4910.0,0.001426,1276.415123
50.0,residence,RJ-0019,BA-0020,7.0,1,4910.0,0.001426,935.771404
50.0,residence,RJ-3305,RJ-0000,7.0,1,108.0,0.064815,86.934071
50.0,residence,RN-0005,DF-0006,7.0,1,4429.0,0.00158,1732.254065
50.0,residence,RN-0006,MG-0008,7.0,1,3269.0,0.002141,1725.804648
50.0,residence,RN-0006,PR-0010,7.0,1,3269.0,0.002141,2625.079993
50.0,residence,RR-0001,MA-0015,7.0,1,540.0,0.012963,1931.477023
50.0,residence,RR-0001,SP-0213,7.0,1,540.0,0.012963,3041.974994
50.0,residence,RS-0006,BA-0001,7.0,1,6204.0,0.001128,2234.470432
50.0,residence,RS-0010,BA-0001,7.0,1,3093.0,0.002263,2523.370209
50.0,residence,RS-0012,RS-0010,7.0,1,2424.0,0.002888,169.18454
50.0,residence,RS-0013,MG-0006,7.0,1,1330.0,0.005263,1716.190549
50.0,residence,RS-0016,PE-0008,7.0,1,1472.0,0.004755,2530.994583
50.0,residence,RS-0017,RS-0016,7.0,1,1167.0,0.005998,196.618512
50.0,residence,RS-0018,RS-0009,7.0,1,7231.0,0.000968,383.080738
50.0,residence,SC-0002,PR-0007,7.0,1,954.0,0.007338,169.043327
50.0,residence,SC-0005,BA-0008,7.0,1,1350.0,0.005185,1893.898726
50.0,residence,SC-0006,SC-0015,7.0,1,1283.0,0.005456,227.990609
50.0,residence,SC-0010,ES-0001,7.0,1,3067.0,0.002282,1479.620281
50.0,residence,SC-0020,SC-0014,7.0,1,249.0,0.028112,62.889898
50.0,residence,SC-0022,SC-0009,7.0,1,910.0,0.007692,78.10029
50.0,residence,SC-0024,SC-0015,7.0,1,55.0,0.127273,61.76538
50.0,residence,SE-0001,SP-0215,7.0,1,4564.0,0.001534,1633.682964
50.0,residence,SE-0002,PR-0002,7.0,1,1537.0,0.004554,2051.972524
50.0,residence,SE-0003,BA-0001,7.0,1,835.0,0.008383,292.063927
50.0,residence,SE-0003,SP-0101,7.0,1,835.0,0.008383,1751.6857
50.0,residence,SE-0006,SE-0005,7.0,1,2198.0,0.003185,138.64943
50.0,residence,SP-0013,MG-0013,7.0,1,158.0,0.044304,59.535517
50.0,residence,SP-0013,SP-0101,7.0,1,158.0,0.044304,382.572748
50.0,residence,SP-0101,BA-0009,7.0,1,3533.0,0.001981,987.948442
50.0,residence,SP-0101,BA-0018,7.0,1,3533.0,0.001981,1405.944543
50.0,residence,SP-0101,MG-0011,7.0,1,3533.0,0.001981,259.993667
50.0,residence,SP-0101,MG-0012,7.0,1,3533.0,0.001981,555.874574
50.0,residence,SP-0101,MG-0022,7.0,1,3533.0,0.001981,360.731686
50.0,residence,SP-0101,PR-4109,7.0,1,3533.0,0.001981,828.057544
50.0,residence,SP-0101,SC-0018,7.0,1,3533.0,0.001981,477.218372
50.0,residence,SP-0102,CE-0008,7.0,1,298.0,0.02349,2204.087533
50.0,residence,SP-0201,MS-0001,7.0,1,2990.0,0.002341,872.711995
50.0,residence,SP-0201,PR-0002,7.0,1,2990.0,0.002341,360.437139
50.0,residence,SP-0203,SP-0210,7.0,1,5044.0,0.001388,94.610374
50.0,residence,SP-0203,SP-0217,7.0,1,5044.0,0.001388,251.542828
50.0,residence,SP-0204,MG-0002,7.0,1,2263.0,0.003093,537.004711
50.0,residence,SP-0204,SP-0213,7.0,1,2263.0,0.003093,351.648557
50.0,residence,SP-0205,PR-0017,7.0,1,903.0,0.007752,395.177556
50.0,residence,SP-0205,PR-0020,7.0,1,903.0,0.007752,738.885576
50.0,residence,SP-0206,RJ-0003,7.0,1,10469.0,0.000669,477.962967
50.0,residence,SP-0208,SP-0205,7.0,1,3345.0,0.002093,100.949764
50.0,residence,SP-0213,MA-0005,7.0,1,5216.0,0.001342,1962.324453
50.0,residence,SP-0213,MG-0006,7.0,1,5216.0,0.001342,646.43194
50.0,residence,SP-0213,SP-0215,7.0,1,5216.0,0.001342,101.731254
50.0,residence,SP-0216,RJ-0000,7.0,1,18122.0,0.000386,465.84905
50.0,residence,SP-0217,SP-0102,7.0,1,6417.0,0.001091,111.789166
50.0,residence,SP-0221,SP-0005,7.0,1,1726.0,0.004056,482.279916
50.0,residence,SP-0224,SP-0005,7.0,1,1654.0,0.004232,440.411898
50.0,residence,SP-3517,SP-0216,7.0,1,354.0,0.019774,209.592324
50.0,residence,AL-0004,AL-0006,6.0,1,632.0,0.009494,95.353124
50.0,residence,AL-0007,BA-0001,6.0,1,1233.0,0.004866,409.561646
50.0,residence,AL-0010,PE-0001,6.0,1,2194.0,0.002735,335.21106
50.0,residence,AM-0001,PA-0001,6.0,1,116947.0,5.1e-05,1318.395572
50.0,residence,AM-0008,SP-0206,6.0,1,6984.0,0.000859,2394.916516
50.0,residence,AP-0001,MA-0001,6.0,1,26194.0,0.000229,792.232748
50.0,residence,BA-0001,BA-0012,6.0,1,4017.0,0.001494,168.255015
50.0,residence,BA-0002,BA-0007,6.0,1,7903.0,0.000759,206.254162
50.0,residence,BA-0003,BA-0004,6.0,1,10512.0,0.000571,132.585935
50.0,residence,BA-0009,PR-0002,6.0,1,3471.0,0.001729,1292.969437
50.0,residence,BA-0011,SE-0002,6.0,1,4716.0,0.001272,52.280391
50.0,residence,BA-0012,BA-0004,6.0,1,11494.0,0.000522,196.165507
50.0,residence,BA-0015,DF-0006,6.0,1,6937.0,0.000865,826.742295
50.0,residence,BA-0015,PI-0010,6.0,1,6937.0,0.000865,310.503463
50.0,residence,BA-0020,BA-0008,6.0,1,5707.0,0.001051,248.648017
50.0,residence,BA-0020,BA-0030,6.0,1,5707.0,0.001051,218.585253
50.0,residence,BA-0021,ES-0003,6.0,1,5686.0,0.001055,947.200842
50.0,residence,BA-0021,MG-0007,6.0,1,5686.0,0.001055,983.941001
50.0,residence,BA-0021,PE-0008,6.0,1,5686.0,0.001055,268.681476
50.0,residence,BA-0024,BA-0006,6.0,1,2454.0,0.002445,449.973832
50.0,residence,BA-0024,SP-0101,6.0,1,2454.0,0.002445,1159.399817
50.0,residence,BA-0024,SP-0206,6.0,1,2454.0,0.002445,1045.087425
50.0,residence,BA-0025,BA-0027,6.0,1,16943.0,0.000354,400.030971
50.0,residence,BA-0025,PI-0004,6.0,1,16943.0,0.000354,791.414421
50.0,residence,BA-0027,BA-0019,6.0,1,2824.0,0.002125,64.564541
50.0,residence,BA-0027,BA-0022,6.0,1,2824.0,0.002125,110.832959
50.0,residence,BA-0029,BA-0003,6.0,1,3219.0,0.001864,165.014155
50.0,residence,BA-0030,MG-0030,6.0,1,2423.0,0.002476,67.898706
50.0,residence,BA-0031,BA-0005,6.0,1,3447.0,0.001741,62.721531
50.0,residence,CE-0001,CE-0005,6.0,1,9089.0,0.00066,108.171354
50.0,residence,CE-0001,GO-0001,6.0,1,9089.0,0.00066,1854.866276
50.0,residence,CE-0001,PI-0003,6.0,1,9089.0,0.00066,364.119271
50.0,residence,CE-0002,SP-0005,6.0,1,7569.0,0.000793,2143.391425
50.0,residence,CE-0002,SP-0206,6.0,1,7569.0,0.000793,2310.196907
50.0,residence,CE-0005,SP-0005,6.0,1,4175.0,0.001437,1963.184175
50.0,residence,CE-0006,MA-0007,6.0,1,3977.0,0.001509,600.561115
50.0,residence,CE-0010,RN-0007,6.0,1,6020.0,0.000997,388.244061
50.0,residence,CE-0010,SP-0215,6.0,1,6020.0,0.000997,2058.776581
50.0,residence,CE-0013,CE-0016,6.0,1,6068.0,0.000989,85.341927
50.0,residence,CE-0014,PI-0009,6.0,1,1420.0,0.004225,126.181947
50.0,residence,CE-0015,PE-0006,6.0,1,3790.0,0.001583,663.115787
50.0,residence,CE-0017,PB-0009,6.0,1,2225.0,0.002697,50.029217
50.0,residence,DF-0006,BA-0022,6.0,1,1028.0,0.005837,635.156198
50.0,residence,DF-0006,GO-0007,6.0,1,1028.0,0.005837,235.906889
50.0,residence,DF-0006,MA-0011,6.0,1,1028.0,0.005837,1140.302086
50.0,residence,ES-0001,DF-0006,6.0,1,36552.0,0.000164,936.164988
50.0,residence,ES-0001,SP-0005,6.0,1,36552.0,0.000164,809.717291
50.0,residence,GO-0001,AC-0001,6.0,1,10442.0,0.000575,2137.722499
50.0,residence,GO-0003,SP-0005,6.0,1,3617.0,0.001659,475.978427
50.0,residence,GO-0006,SP-0215,6.0,1,4289.0,0.001399,269.332076
50.0,residence,GO-0007,MG-0012,6.0,1,4631.0,0.001296,122.979132
50.0,residence,GO-0009,GO-0006,6.0,1,5887.0,0.001019,253.970785
50.0,residence,GO-0009,GO-0018,6.0,1,5887.0,0.001019,97.920837
50.0,residence,GO-0009,MT-0003,6.0,1,5887.0,0.001019,67.022194
50.0,residence,GO-0010,GO-0014,6.0,1,2795.0,0.002147,60.199953
50.0,residence,GO-0010,SP-0005,6.0,1,2795.0,0.002147,634.239737
50.0,residence,GO-0011,GO-0006,6.0,1,820.0,0.007317,194.918443
50.0,residence,GO-0015,GO-0007,6.0,1,3334.0,0.0018,281.41864
50.0,residence,GO-0018,GO-0015,6.0,1,12810.0,0.000468,335.713773
50.0,residence,MA-0001,MA-0011,6.0,1,8229.0,0.000729,151.145017
50.0,residence,MA-0001,MA-0012,6.0,1,8229.0,0.000729,506.031492
50.0,residence,MA-0001,MA-0014,6.0,1,8229.0,0.000729,248.776406
50.0,residence,MA-0001,RJ-0019,6.0,1,8229.0,0.000729,2260.743587
50.0,residence,MA-0001,SP-0101,6.0,1,8229.0,0.000729,2344.992053
50.0,residence,MA-0002,MA-0011,6.0,1,2650.0,0.002264,479.114517
50.0,residence,MA-0003,MA-0018,6.0,1,5067.0,0.001184,231.661519
50.0,residence,MA-0003,MA-2105,6.0,1,5067.0,0.001184,96.644305
50.0,residence,MA-0005,MA-0008,6.0,1,2667.0,0.00225,196.252396
50.0,residence,MA-0008,RJ-0033,6.0,1,4845.0,0.001238,2056.766446
50.0,residence,MA-0010,MA-0017,6.0,1,4123.0,0.001455,289.130559
50.0,residence,MA-0011,SP-0216,6.0,1,4860.0,0.001235,1982.028469
50.0,residence,MA-0012,GO-0001,6.0,1,9853.0,0.000609,1047.470744
50.0,residence,MA-0012,MA-0014,6.0,1,9853.0,0.000609,386.153282
50.0,residence,MA-0015,GO-0001,6.0,1,2594.0,0.002313,1398.102293
50.0,residence,MA-0016,MA-0017,6.0,1,5274.0,0.001138,101.620833
50.0,residence,MA-0016,PI-0004,6.0,1,5274.0,0.001138,267.97335
50.0,residence,MG-0002,PA-0004,6.0,1,4390.0,0.001367,2103.094759
50.0,residence,MG-0002,PE-0001,6.0,1,4390.0,0.001367,1635.219585
50.0,residence,MG-0004,MG-0016,6.0,1,9397.0,0.000639,142.509317
50.0,residence,MG-0005,MG-0024,6.0,1,2591.0,0.002316,225.393824
50.0,residence,MG-0005,SP-0201,6.0,1,2591.0,0.002316,343.00482
50.0,residence,MG-0006,GO-0001,6.0,1,15707.0,0.000382,567.505411
50.0,residence,MG-0007,SP-0213,6.0,1,4755.0,0.001262,318.086734
50.0,residence,MG-0013,SP-0207,6.0,1,7417.0,0.000809,373.10422
50.0,residence,MG-0014,PR-0002,6.0,1,9795.0,0.000613,888.517818
50.0,residence,MG-0015,MG-0021,6.0,1,14099.0,0.000426,91.748803
50.0,residence,MG-0016,DF-0006,6.0,1,4672.0,0.001284,769.195934
50.0,residence,MG-0016,MG-0006,6.0,1,4672.0,0.001284,222.668345
50.0,residence,MG-0016,PE-0001,6.0,1,4672.0,0.001284,1376.280772
50.0,residence,MG-0017,MG-0018,6.0,1,7244.0,0.000828,394.251754
50.0,residence,MG-0019,MG-0023,6.0,1,4998.0,0.0012,351.530933
50.0,residence,MG-0019,SP-0101,6.0,1,4998.0,0.0012,1019.506408
50.0,residence,MG-0021,MG-0018,6.0,1,3716.0,0.001615,345.858828
50.0,residence,MG-0021,SP-0215,6.0,1,3716.0,0.001615,301.177166
50.0,residence,MG-0022,MG-0013,6.0,1,2520.0,0.002381,79.758374
50.0,residence,MG-0023,MG-0005,6.0,1,3343.0,0.001795,262.036377
50.0,residence,MG-0024,MG-0003,6.0,1,6419.0,0.000935,186.776413
50.0,residence,MG-0027,GO-0001,6.0,1,1817.0,0.003302,914.64131
50.0,residence,MS-0001,PR-0010,6.0,1,60432.0,9.9e-05,458.107812
50.0,residence,MS-0001,PR-0017,6.0,1,60432.0,9.9e-05,415.242887
50.0,residence,MS-0002,MS-0006,6.0,1,1713.0,0.003503,152.597907
50.0,residence,MS-0002,PR-0002,6.0,1,1713.0,0.003503,684.866025
50.0,residence,MS-0003,MG-0002,6.0,1,3683.0,0.001629,1226.750505
50.0,residence,MS-0004,MS-0006,6.0,1,1923.0,0.00312,109.206018
50.0,residence,MS-0004,SP-0005,6.0,1,1923.0,0.00312,626.373745
50.0,residence,MS-0006,MS-0007,6.0,1,2210.0,0.002715,59.15655
50.0,residence,MS-0006,PR-0020,6.0,1,2210.0,0.002715,102.920775
50.0,residence,MS-0007,MS-0003,6.0,1,7649.0,0.000784,407.763738
50.0,residence,MS-0010,MS-0002,6.0,1,2655.0,0.00226,181.437934
50.0,residence,MS-0011,SP-0005,6.0,1,7011.0,0.000856,877.840718
50.0,residence,MT-0001,MT-0008,6.0,1,4772.0,0.001257,383.562654
50.0,residence,MT-0005,SP-0101,6.0,1,5661.0,0.00106,1586.6154
50.0,residence,MT-0008,GO-0010,6.0,1,4998.0,0.0012,98.769934
50.0,residence,MT-0008,SP-0215,6.0,1,4998.0,0.0012,762.591748
50.0,residence,MT-0012,SP-0101,6.0,1,3861.0,0.001554,1609.173197
50.0,residence,MT-0013,MT-0007,6.0,1,4340.0,0.001382,263.587684
50.0,residence,MT-0014,MA-0016,6.0,1,5004.0,0.001199,1531.229225
50.0,residence,MT-0014,MT-0004,6.0,1,5004.0,0.001199,213.058829
50.0,residence,MT-0014,SP-0101,6.0,1,5004.0,0.001199,1616.61471
50.0,residence,MT-0015,SP-0005,6.0,1,1044.0,0.005747,1327.191036
50.0,residence,MT-5114,DF-0006,6.0,1,512.0,0.011719,905.816733
50.0,residence,MT-5114,MA-0015,6.0,1,512.0,0.011719,1472.741232
50.0,residence,PA-0002,MG-0002,6.0,1,6965.0,0.000861,1967.233483
50.0,residence,PA-0003,SC-0022,6.0,1,8279.0,0.000725,2835.01081
50.0,residence,PA-0005,PA-0002,6.0,1,13545.0,0.000443,56.69605
50.0,residence,PA-0006,CE-0001,6.0,1,7651.0,0.000784,1142.674957
50.0,residence,PA-0006,PA-0011,6.0,1,7651.0,0.000784,111.36051
50.0,residence,PA-0009,MT-5114,6.0,1,44077.0,0.000136,473.611551
50.0,residence,PA-0010,MT-0014,6.0,1,14150.0,0.000424,623.599636
50.0,residence,PA-0011,DF-0006,6.0,1,31488.0,0.000191,1109.560091
50.0,residence,PA-0011,MA-0009,6.0,1,31488.0,0.000191,647.432903
50.0,residence,PA-0011,MA-0017,6.0,1,31488.0,0.000191,545.331065
50.0,residence,PA-0011,SP-0101,6.0,1,31488.0,0.000191,1989.277893
50.0,residence,PA-0012,MA-0015,6.0,1,11709.0,0.000512,770.471235
50.0,residence,PB-0001,PB-0009,6.0,1,3750.0,0.0016,407.861036
50.0,residence,PB-0003,BA-0005,6.0,1,3863.0,0.001553,726.573207
50.0,residence,PB-0006,PB-0007,6.0,1,1445.0,0.004152,70.639065
50.0,residence,PB-0007,CE-0001,6.0,1,2072.0,0.002896,419.132539
50.0,residence,PB-0007,MA-0011,6.0,1,2072.0,0.002896,1009.805989
50.0,residence,PB-0007,SP-0206,6.0,1,2072.0,0.002896,2055.724712
50.0,residence,PB-0008,PB-0007,6.0,1,1356.0,0.004425,100.470194
50.0,residence,PB-0009,GO-0001,6.0,1,1075.0,0.005581,1606.520012
50.0,residence,PB-0010,PE-0004,6.0,1,1137.0,0.005277,301.833409
50.0,residence,PB-0010,RS-0001,6.0,1,1137.0,0.005277,2939.552076
50.0,residence,PE-0001,BA-0002,6.0,1,3900.0,0.001538,645.582245
50.0,residence,PE-0001,CE-0001,6.0,1,3900.0,0.001538,622.476281
50.0,residence,PE-0001,PE-0005,6.0,1,3900.0,0.001538,194.578642
50.0,residence,PE-0001,PR-0002,6.0,1,3900.0,0.001538,2460.5238
50.0,residence,PE-0001,RJ-0019,6.0,1,3900.0,0.001538,1873.666496
50.0,residence,PE-0004,ES-0001,6.0,1,25284.0,0.000237,1445.00884
50.0,residence,PE-0006,AL-0003,6.0,1,9350.0,0.000642,84.708322
50.0,residence,PE-0008,BA-0002,6.0,1,4509.0,0.001331,398.326731
50.0,residence,PE-0009,BA-0001,6.0,1,5630.0,0.001066,633.471991
50.0,residence,PE-0011,PE-0008,6.0,1,4495.0,0.001335,224.010642
50.0,residence,PE-0011,RS-0001,6.0,1,4495.0,0.001335,2805.173216
50.0,residence,PI-0009,PE-0001,6.0,1,2501.0,0.002399,740.045025
50.0,residence,PI-0012,MS-0001,6.0,1,2540.0,0.002362,1748.948497
50.0,residence,PI-0012,PE-0004,6.0,1,2540.0,0.002362,795.18673
50.0,residence,PI-0015,PI-0008,6.0,1,2797.0,0.002145,282.960589
50.0,residence,PI-0015,PI-0012,6.0,1,2797.0,0.002145,246.916157
50.0,residence,PI-0017,PE-0009,6.0,1,1345.0,0.004461,51.35465
50.0,residence,PR-0002,PB-0001,6.0,1,9641.0,0.000622,2555.299508
50.0,residence,PR-0002,PR-0004,6.0,1,9641.0,0.000622,136.807537
50.0,residence,PR-0002,SP-0105,6.0,1,9641.0,0.000622,316.12993
50.0,residence,PR-0003,PR-0022,6.0,1,8238.0,0.000728,142.453974
50.0,residence,PR-0005,PR-0017,6.0,1,7311.0,0.000821,231.488879
50.0,residence,PR-0005,SC-0022,6.0,1,7311.0,0.000821,300.800016
50.0,residence,PR-0008,SC-0015,6.0,1,6615.0,0.000907,439.508606
50.0,residence,PR-0009,PR-0008,6.0,1,2355.0,0.002548,117.714311
50.0,residence,PR-0014,PE-0004,6.0,1,6145.0,0.000976,2366.727775
50.0,residence,PR-0015,PR-0018,6.0,1,2599.0,0.002309,121.349058
50.0,residence,PR-0017,DF-0006,6.0,1,4656.0,0.001289,921.585582
50.0,residence,PR-0020,ES-0003,6.0,1,7403.0,0.00081,1499.192345
50.0,residence,RJ-0001,MG-0002,6.0,1,642.0,0.009346,340.619032
50.0,residence,RJ-0006,RJ-0330,6.0,1,33.0,0.181818,103.02382
50.0,residence,RJ-0019,ES-0004,6.0,1,4910.0,0.001222,598.97867
50.0,residence,RJ-0019,MG-0024,6.0,1,4910.0,0.001222,278.307056
50.0,residence,RJ-0019,SP-0216,6.0,1,4910.0,0.001222,414.865582
50.0,residence,RJ-0033,SP-0207,6.0,1,1594.0,0.003764,416.769933
50.0,residence,RJ-0207,RJ-0000,6.0,1,812.0,0.007389,88.106254
50.0,residence,RJ-0207,SP-0101,6.0,1,812.0,0.007389,447.618386
50.0,residence,RJ-3304,RJ-0019,6.0,1,6.0,1.0,106.858817
50.0,residence,RJ-3305,RJ-0033,6.0,1,108.0,0.055556,59.447064
50.0,residence,RO-0004,GO-0001,6.0,1,60.0,0.1,1660.390834
50.0,residence,RR-0001,AM-0002,6.0,1,540.0,0.011111,638.713123
50.0,residence,RS-0001,AP-0001,6.0,1,2533.0,0.002369,3409.037396
50.0,residence,RS-0001,SP-0005,6.0,1,2533.0,0.002369,1050.741667
50.0,residence,RS-0004,DF-0006,6.0,1,5290.0,0.001134,1669.005366
50.0,residence,RS-0004,RS-0002,6.0,1,5290.0,0.001134,173.29717
50.0,residence,RS-0004,SC-0018,6.0,1,5290.0,0.001134,571.901974
50.0,residence,RS-0007,DF-0006,6.0,1,1199.0,0.005004,1825.587411
50.0,residence,RS-0007,RS-0010,6.0,1,1199.0,0.005004,104.383527
50.0,residence,RS-0008,MG-0009,6.0,1,2221.0,0.002701,1596.554612
50.0,residence,RS-0015,RS-0012,6.0,1,2647.0,0.002267,95.515676
50.0,residence,RS-0017,RS-0004,6.0,1,1167.0,0.005141,156.345636
50.0,residence,SC-0001,PR-0002,6.0,1,1504.0,0.003989,448.522785
50.0,residence,SC-0004,SC-0001,6.0,1,1498.0,0.004005,58.054085
50.0,residence,SC-0005,PR-0002,6.0,1,1350.0,0.004444,435.796061
50.0,residence,SC-0005,SC-0015,6.0,1,1350.0,0.004444,446.498372
50.0,residence,SC-0006,RS-0006,6.0,1,1283.0,0.004677,120.291691
50.0,residence,SC-0007,PR-0017,6.0,1,1849.0,0.003245,492.673706
50.0,residence,SC-0008,SC-0014,6.0,1,586.0,0.010239,175.310327
50.0,residence,SC-0013,SC-0011,6.0,1,140.0,0.042857,92.724621
50.0,residence,SC-0016,SC-0014,6.0,1,1330.0,0.004511,60.413586
50.0,residence,SC-0017,SC-0025,6.0,1,796.0,0.007538,97.425132
50.0,residence,SC-0020,SC-0012,6.0,1,249.0,0.024096,60.781103
50.0,residence,SC-0024,SC-0007,6.0,1,55.0,0.109091,61.595161
50.0,residence,SE-0006,PE-0001,6.0,1,2198.0,0.00273,458.940596
50.0,residence,SE-0008,BA-0003,6.0,1,1993.0,0.003011,198.15444
50.0,residence,SP-0010,SP-0210,6.0,1,17.0,0.352941,80.715322
50.0,residence,SP-0101,BA-0007,6.0,1,3533.0,0.001698,1251.035911
50.0,residence,SP-0101,BA-0030,6.0,1,3533.0,0.001698,1125.72354
50.0,residence,SP-0101,CE-0021,6.0,1,3533.0,0.001698,1978.475216
50.0,residence,SP-0101,MG-0020,6.0,1,3533.0,0.001698,372.287717
50.0,residence,SP-0102,RS-0003,6.0,1,298.0,0.020134,1063.531112
50.0,residence,SP-0102,SP-0104,6.0,1,298.0,0.020134,52.27559
50.0,residence,SP-0102,SP-0201,6.0,1,298.0,0.020134,50.525116
50.0,residence,SP-0104,MT-0001,6.0,1,106.0,0.056604,1302.544995
50.0,residence,SP-0105,PI-0004,6.0,1,174.0,0.034483,2093.874677
50.0,residence,SP-0105,SP-0005,6.0,1,174.0,0.034483,387.397882
50.0,residence,SP-0201,MG-0014,6.0,1,2990.0,0.002007,559.317614
50.0,residence,SP-0202,SP-0207,6.0,1,3526.0,0.001702,415.738208
50.0,residence,SP-0203,SP-0013,6.0,1,5044.0,0.00119,166.864722
50.0,residence,SP-0206,MS-0007,6.0,1,10469.0,0.000573,62.122859
50.0,residence,SP-0206,PR-0002,6.0,1,10469.0,0.000573,310.30487
50.0,residence,SP-0207,MG-0013,6.0,1,5129.0,0.00117,352.213656
50.0,residence,SP-0207,SC-0026,6.0,1,5129.0,0.00117,496.643915
50.0,residence,SP-0207,SP-0215,6.0,1,5129.0,0.00117,302.988818
50.0,residence,SP-0208,SP-0217,6.0,1,3345.0,0.001794,349.771057
50.0,residence,SP-0211,DF-0006,6.0,1,8153.0,0.000736,799.368601
50.0,residence,SP-0211,SP-0217,6.0,1,8153.0,0.000736,500.440589
50.0,residence,SP-0213,GO-0001,6.0,1,5216.0,0.00115,560.574329
50.0,residence,SP-0213,MA-0015,6.0,1,5216.0,0.00115,1852.930303
50.0,residence,SP-0213,MG-0013,6.0,1,5216.0,0.00115,157.538709
50.0,residence,SP-0213,SP-0013,6.0,1,5216.0,0.00115,97.284506
50.0,residence,SP-0214,CE-0001,6.0,1,3856.0,0.001556,2223.777565
50.0,residence,SP-0214,MG-0002,6.0,1,3856.0,0.001556,389.34049
50.0,residence,SP-0214,PR-0002,6.0,1,3856.0,0.001556,446.607314
50.0,residence,SP-0215,MG-0004,6.0,1,14290.0,0.00042,748.62948
50.0,residence,SP-0215,TO-0001,6.0,1,14290.0,0.00042,1207.982222
50.0,residence,SP-0216,SP-0212,6.0,1,18122.0,0.000331,145.755522
50.0,residence,SP-0217,ES-0002,6.0,1,6417.0,0.000935,546.365736
50.0,residence,SP-0217,MG-0015,6.0,1,6417.0,0.000935,408.442455
50.0,residence,SP-0218,SP-0101,6.0,1,816.0,0.007353,266.911906
50.0,residence,SP-0221,MG-0002,6.0,1,1726.0,0.003476,400.301061
50.0,residence,SP-0221,MG-0011,6.0,1,1726.0,0.003476,162.960888
50.0,residence,SP-0224,SP-0207,6.0,1,1654.0,0.003628,188.044173
50.0,residence,TO-0003,TO-0002,6.0,1,632.0,0.009494,500.779728
50.0,residence,AC-0001,AP-0001,5.0,1,20121.0,0.000248,2220.44742
50.0,residence,AC-0001,RS-0001,5.0,1,20121.0,0.000248,2843.944203
50.0,residence,AC-0002,AM-0007,5.0,1,5153.0,0.00097,51.147827
50.0,residence,AC-0002,SC-0025,5.0,1,5153.0,0.00097,2692.099252
50.0,residence,AC-0003,RJ-0019,5.0,1,3094.0,0.001616,3423.022354
50.0,residence,AL-0012,AL-0002,5.0,1,670.0,0.007463,84.907037
50.0,residence,AM-0001,PA-0009,5.0,1,116947.0,4.3e-05,616.198811
50.0,residence,AM-0001,RS-0002,5.0,1,116947.0,4.3e-05,3174.806915
50.0,residence,AM-0003,AC-0003,5.0,1,7180.0,0.000696,769.256612
50.0,residence,AM-0009,PA-0009,5.0,1,5144.0,0.000972,181.891149
50.0,residence,AP-0001,PE-0001,5.0,1,26194.0,0.000191,1997.143829
50.0,residence,BA-0001,BA-0007,5.0,1,4017.0,0.001245,263.761241
50.0,residence,BA-0001,BA-0009,5.0,1,4017.0,0.001245,534.702708
50.0,residence,BA-0001,PE-0008,5.0,1,4017.0,0.001245,443.687881
50.0,residence,BA-0002,BA-0027,5.0,1,7903.0,0.000633,230.111013
50.0,residence,BA-0002,PE-0008,5.0,1,7903.0,0.000633,392.831473
50.0,residence,BA-0003,SP-0101,5.0,1,10512.0,0.000476,1560.044391
50.0,residence,BA-0003,SP-0206,5.0,1,10512.0,0.000476,1643.896924
50.0,residence,BA-0004,BA-0003,5.0,1,3822.0,0.001308,114.41635
50.0,residence,BA-0005,BA-0031,5.0,1,3967.0,0.00126,120.699594
50.0,residence,BA-0006,BA-0020,5.0,1,1481.0,0.003376,178.82873
50.0,residence,BA-0006,MG-0002,5.0,1,1481.0,0.003376,773.884966
50.0,residence,BA-0007,BA-0018,5.0,1,3234.0,0.001546,366.480235
50.0,residence,BA-0007,MG-0002,5.0,1,3234.0,0.001546,798.882889
50.0,residence,BA-0009,BA-0005,5.0,1,3471.0,0.001441,462.279151
50.0,residence,BA-0009,SP-0207,5.0,1,3471.0,0.001441,945.032649
50.0,residence,BA-0010,BA-0002,5.0,1,3855.0,0.001297,257.941349
50.0,residence,BA-0010,BA-0005,5.0,1,3855.0,0.001297,131.00028
50.0,residence,BA-0013,BA-0030,5.0,1,12470.0,0.000401,339.538842
50.0,residence,BA-0013,SP-0201,5.0,1,12470.0,0.000401,1267.415845
50.0,residence,BA-0014,SP-0101,5.0,1,3643.0,0.001372,1152.037472
50.0,residence,BA-0015,BA-0021,5.0,1,6937.0,0.000721,110.433294
50.0,residence,BA-0016,BA-0004,5.0,1,6269.0,0.000798,201.692514
50.0,residence,BA-0017,PR-0018,5.0,1,2466.0,0.002028,1709.519085
50.0,residence,BA-0018,BA-0003,5.0,1,5086.0,0.000983,240.805673
50.0,residence,BA-0018,BA-0013,5.0,1,5086.0,0.000983,77.315092
50.0,residence,BA-0018,BA-0020,5.0,1,5086.0,0.000983,198.753846
50.0,residence,BA-0019,BA-0025,5.0,1,7401.0,0.000676,424.416453
50.0,residence,BA-0020,PE-0008,5.0,1,5707.0,0.000876,628.46466
50.0,residence,BA-0021,BA-0004,5.0,1,5686.0,0.000879,334.374007
50.0,residence,BA-0021,SP-0101,5.0,1,5686.0,0.000879,1434.301044
50.0,residence,BA-0021,SP-0206,5.0,1,5686.0,0.000879,1398.922251
50.0,residence,BA-0022,MA-0011,5.0,1,3517.0,0.001422,702.003666
50.0,residence,BA-0023,BA-0014,5.0,1,1799.0,0.002779,349.181894
50.0,residence,BA-0024,BA-0002,5.0,1,2454.0,0.002037,433.943007
50.0,residence,BA-0024,BA-0025,5.0,1,2454.0,0.002037,269.851346
50.0,residence,BA-0024,SP-0005,5.0,1,2454.0,0.002037,978.726778
50.0,residence,BA-0025,BA-0021,5.0,1,16943.0,0.000295,408.115551
50.0,residence,BA-0025,PR-0002,5.0,1,16943.0,0.000295,1509.501319
50.0,residence,BA-0025,SP-0101,5.0,1,16943.0,0.000295,1269.31743
50.0,residence,BA-0026,BA-0002,5.0,1,6777.0,0.000738,479.896534
50.0,residence,BA-0027,BA-0015,5.0,1,2824.0,0.001771,450.164658
50.0,residence,BA-0027,GO-0001,5.0,1,2824.0,0.001771,953.125345
50.0,residence,BA-0030,BA-0014,5.0,1,2423.0,0.002064,299.03717
50.0,residence,BA-0030,MG-0002,5.0,1,2423.0,0.002064,647.012534
50.0,residence,BA-0030,SP-0101,5.0,1,2423.0,0.002064,1093.746902
50.0,residence,BA-0031,BA-0025,5.0,1,3447.0,0.001451,654.607914
50.0,residence,CE-0001,CE-0007,5.0,1,9089.0,0.00055,122.785707
50.0,residence,CE-0001,CE-0009,5.0,1,9089.0,0.00055,66.191492
50.0,residence,CE-0001,CE-0019,5.0,1,9089.0,0.00055,355.023826
50.0,residence,CE-0001,CE-0020,5.0,1,9089.0,0.00055,344.68036
50.0,residence,CE-0001,MG-0002,5.0,1,9089.0,0.00055,1888.021953
50.0,residence,CE-0001,SP-0213,5.0,1,9089.0,0.00055,2179.293894
50.0,residence,CE-0003,SP-0101,5.0,1,1771.0,0.002823,2346.012588
50.0,residence,CE-0007,CE-0011,5.0,1,3485.0,0.001435,316.048714
50.0,residence,CE-0010,RN-0002,5.0,1,6020.0,0.000831,139.040698
50.0,residence,CE-0013,CE-0008,5.0,1,6068.0,0.000824,236.934301
50.0,residence,CE-0016,SP-0206,5.0,1,2661.0,0.001879,2270.437523
50.0,residence,CE-0017,SP-0201,5.0,1,2225.0,0.002247,2071.571866
50.0,residence,CE-0019,SP-0206,5.0,1,1671.0,0.002992,1918.846059
50.0,residence,CE-0020,CE-0018,5.0,1,1909.0,0.002619,63.665014
50.0,residence,CE-0021,SP-0101,5.0,1,593.0,0.008432,1977.168976
50.0,residence,DF-0006,BA-0006,5.0,1,1028.0,0.004864,944.694711
50.0,residence,DF-0006,GO-0009,5.0,1,1028.0,0.004864,103.802302
50.0,residence,DF-0006,GO-0015,5.0,1,1028.0,0.004864,372.233743
50.0,residence,DF-0006,MG-0030,5.0,1,1028.0,0.004864,429.505923
50.0,residence,DF-0006,PI-0013,5.0,1,1028.0,0.004864,834.361445
50.0,residence,ES-0001,RJ-0019,5.0,1,36552.0,0.000137,406.782257
50.0,residence,ES-0002,PR-0002,5.0,1,7253.0,0.000689,949.249174
50.0,residence,ES-0003,MG-0016,5.0,1,9623.0,0.00052,60.81364
50.0,residence,GO-0001,GO-0007,5.0,1,10442.0,0.000479,330.558202
50.0,residence,GO-0001,MA-0015,5.0,1,10442.0,0.000479,1416.982304
50.0,residence,GO-0001,MG-0002,5.0,1,10442.0,0.000479,661.052361
50.0,residence,GO-0001,MG-0012,5.0,1,10442.0,0.000479,271.04268
50.0,residence,GO-0001,PE-0006,5.0,1,10442.0,0.000479,1819.326564
50.0,residence,GO-0002,MG-0007,5.0,1,6657.0,0.000751,373.653722
50.0,residence,GO-0003,GO-0018,5.0,1,3617.0,0.001382,84.23304
50.0,residence,GO-0003,TO-0003,5.0,1,3617.0,0.001382,507.699671
50.0,residence,GO-0004,GO-0009,5.0,1,3869.0,0.001292,56.681964
50.0,residence,GO-0006,RS-0001,5.0,1,4289.0,0.001166,1323.654312
50.0,residence,GO-0007,PA-0005,5.0,1,4631.0,0.00108,1661.42024
50.0,residence,GO-0009,MA-0016,5.0,1,5887.0,0.000849,1293.144625
50.0,residence,GO-0010,DF-0006,5.0,1,2795.0,0.001789,354.780741
50.0,residence,GO-0013,GO-0012,5.0,1,1539.0,0.003249,108.905174
50.0,residence,GO-0013,TO-0001,5.0,1,1539.0,0.003249,360.864844
50.0,residence,GO-0014,MG-0006,5.0,1,3322.0,0.001505,983.482644
50.0,residence,GO-0014,MT-0008,5.0,1,3322.0,0.001505,113.125309
50.0,residence,GO-0015,GO-0006,5.0,1,3334.0,0.0015,153.910889
50.0,residence,GO-0018,MG-0002,5.0,1,12810.0,0.00039,589.895432
50.0,residence,GO-0018,PE-0001,5.0,1,12810.0,0.00039,1678.483868
50.0,residence,MA-0001,MA-0010,5.0,1,8229.0,0.000608,305.998675
50.0,residence,MA-0001,PE-0001,5.0,1,8229.0,0.000608,1193.592679
50.0,residence,MA-0001,SP-0201,5.0,1,8229.0,0.000608,2352.669035
50.0,residence,MA-0003,PI-0001,5.0,1,5067.0,0.000987,282.269308
50.0,residence,MA-0004,MA-0017,5.0,1,4554.0,0.001098,127.273866
50.0,residence,MA-0005,MA-0013,5.0,1,2667.0,0.001875,173.259915
50.0,residence,MA-0005,MG-0013,5.0,1,2667.0,0.001875,1789.15581
50.0,residence,MA-0006,MA-0008,5.0,1,3501.0,0.001428,74.679976
50.0,residence,MA-0007,ES-0003,5.0,1,4070.0,0.001229,1880.699366
50.0,residence,MA-0008,MA-0015,5.0,1,4845.0,0.001032,84.392829
50.0,residence,MA-0009,PI-0004,5.0,1,5242.0,0.000954,400.448058
50.0,residence,MA-0010,MA-0015,5.0,1,4123.0,0.001213,231.530813
50.0,residence,MA-0010,MA-0016,5.0,1,4123.0,0.001213,56.20611
50.0,residence,MA-0010,MA-0018,5.0,1,4123.0,0.001213,335.49236
50.0,residence,MA-0010,PI-0004,5.0,1,4123.0,0.001213,503.021217
50.0,residence,MA-0011,CE-0001,5.0,1,4860.0,0.001029,1018.196417
50.0,residence,MA-0011,MG-0006,5.0,1,4860.0,0.001029,1187.713756
50.0,residence,MA-0011,PA-0005,5.0,1,4860.0,0.001029,262.114396
50.0,residence,MA-0011,PR-0002,5.0,1,4860.0,0.001029,2246.808106
50.0,residence,MA-0013,PE-0004,5.0,1,6135.0,0.000815,955.826301
50.0,residence,MA-0013,TO-0002,5.0,1,6135.0,0.000815,462.635342
50.0,residence,MA-0014,SP-0101,5.0,1,3189.0,0.001568,2041.363306
50.0,residence,MA-0016,SP-0201,5.0,1,5274.0,0.000948,1983.522314
50.0,residence,MA-0017,DF-0006,5.0,1,5266.0,0.000949,1310.232319
50.0,residence,MA-0017,MA-2108,5.0,1,5266.0,0.000949,69.483421
50.0,residence,MA-0017,MG-0007,5.0,1,5266.0,0.000949,1594.118051
50.0,residence,MA-0018,GO-0001,5.0,1,4172.0,0.001198,1466.141202
50.0,residence,MA-0018,MG-0013,5.0,1,4172.0,0.001198,1729.79278
50.0,residence,MG-0002,CE-0001,5.0,1,4390.0,0.001139,1891.728984
50.0,residence,MG-0002,SP-0207,5.0,1,4390.0,0.001139,463.401993
50.0,residence,MG-0003,MG-0015,5.0,1,4611.0,0.001084,201.770028
50.0,residence,MG-0004,MG-0019,5.0,1,9397.0,0.000532,66.353686
50.0,residence,MG-0004,MG-0023,5.0,1,9397.0,0.000532,291.054626
50.0,residence,MG-0006,BA-0002,5.0,1,15707.0,0.000318,604.597394
50.0,residence,MG-0006,BA-0024,5.0,1,15707.0,0.000318,57.200864
50.0,residence,MG-0006,MG-0012,5.0,1,15707.0,0.000318,628.168592
50.0,residence,MG-0006,SP-0206,5.0,1,15707.0,0.000318,832.15563
50.0,residence,MG-0007,MG-0006,5.0,1,4755.0,0.001052,241.285664
50.0,residence,MG-0007,MG-0015,5.0,1,4755.0,0.001052,196.956699
50.0,residence,MG-0008,MG-0009,5.0,1,2585.0,0.001934,55.722152
50.0,residence,MG-0009,BA-0002,5.0,1,4651.0,0.001075,988.323413
50.0,residence,MG-0010,PR-0002,5.0,1,1386.0,0.003608,507.909698
50.0,residence,MG-0011,ES-0001,5.0,1,7072.0,0.000707,538.036229
50.0,residence,MG-0011,MG-0005,5.0,1,7072.0,0.000707,176.825588
50.0,residence,MG-0011,PE-0006,5.0,1,7072.0,0.000707,1894.403506
50.0,residence,MG-0011,SP-0206,5.0,1,7072.0,0.000707,321.766624
50.0,residence,MG-0012,MG-0021,5.0,1,6062.0,0.000825,357.53944
50.0,residence,MG-0012,SP-0207,5.0,1,6062.0,0.000825,450.869663
50.0,residence,MG-0013,MG-0018,5.0,1,7417.0,0.000674,525.905871
50.0,residence,MG-0013,SP-0013,5.0,1,7417.0,0.000674,86.3038
50.0,residence,MG-0014,MG-0006,5.0,1,9795.0,0.00051,130.828307
50.0,residence,MG-0015,MG-0007,5.0,1,14099.0,0.000355,213.856579
50.0,residence,MG-0015,MG-0020,5.0,1,14099.0,0.000355,89.690159
50.0,residence,MG-0015,SP-0101,5.0,1,14099.0,0.000355,351.284271
50.0,residence,MG-0016,PR-0002,5.0,1,4672.0,0.00107,1018.339488
50.0,residence,MG-0017,MG-0006,5.0,1,7244.0,0.00069,329.126831
50.0,residence,MG-0020,MG-0015,5.0,1,2031.0,0.002462,51.902705
50.0,residence,MG-0021,MG-0005,5.0,1,3716.0,0.001346,297.458729
50.0,residence,MG-0021,SP-0216,5.0,1,3716.0,0.001346,256.005355
50.0,residence,MG-0022,BA-0020,5.0,1,2520.0,0.001984,902.816492
50.0,residence,MG-0022,MG-0023,5.0,1,2520.0,0.001984,480.510867
50.0,residence,MG-0022,SP-0207,5.0,1,2520.0,0.001984,239.0879
50.0,residence,MG-0022,SP-0218,5.0,1,2520.0,0.001984,59.11622
50.0,residence,MG-0026,SP-0101,5.0,1,2430.0,0.002058,594.669431
50.0,residence,MS-0001,MS-0006,5.0,1,60432.0,8.3e-05,175.172789
50.0,residence,MS-0001,SP-0209,5.0,1,60432.0,8.3e-05,503.354967
50.0,residence,MS-0002,MS-0010,5.0,1,1713.0,0.002919,153.139828
50.0,residence,MS-0002,SP-0101,5.0,1,1713.0,0.002919,854.645764
50.0,residence,MS-0002,SP-0203,5.0,1,1713.0,0.002919,714.982161
50.0,residence,MS-0002,SP-0215,5.0,1,1713.0,0.002919,581.67786
50.0,residence,MS-0003,MS-0010,5.0,1,3683.0,0.001358,222.004773
50.0,residence,MS-0004,MS-0010,5.0,1,1923.0,0.0026,276.903412
50.0,residence,MS-0006,SP-0101,5.0,1,2210.0,0.002262,681.84401
50.0,residence,MS-0008,GO-0001,5.0,1,2291.0,0.002182,232.654717
50.0,residence,MS-0008,MS-0009,5.0,1,2291.0,0.002182,110.511693
50.0,residence,MS-0012,MT-0001,5.0,1,888.0,0.005631,778.860316
50.0,residence,MT-0003,GO-0001,5.0,1,3661.0,0.001366,494.915963
50.0,residence,MT-0003,MT-0007,5.0,1,3661.0,0.001366,423.667234
50.0,residence,MT-0004,DF-0006,5.0,1,2366.0,0.002113,1118.477543
50.0,residence,MT-0005,MT-0007,5.0,1,5661.0,0.000883,566.639172
50.0,residence,MT-0005,MT-0014,5.0,1,5661.0,0.000883,284.199681
50.0,residence,MT-0005,SP-0215,5.0,1,5661.0,0.000883,1180.258645
50.0,residence,MT-0006,MT-0008,5.0,1,1463.0,0.003418,612.18843
50.0,residence,MT-0007,MA-0016,5.0,1,11432.0,0.000437,1513.670239
50.0,residence,MT-0008,MG-0012,5.0,1,4998.0,0.001,581.315078
50.0,residence,MT-0008,SP-0206,5.0,1,4998.0,0.001,852.829588
50.0,residence,MT-0009,MT-0005,5.0,1,5099.0,0.000981,249.433778
50.0,residence,MT-0009,MT-5114,5.0,1,5099.0,0.000981,386.207844
50.0,residence,MT-0011,MT-0007,5.0,1,3661.0,0.001366,711.088252
50.0,residence,MT-0011,SP-0005,5.0,1,3661.0,0.001366,1275.755539
50.0,residence,MT-0012,MT-0014,5.0,1,3861.0,0.001295,589.026648
50.0,residence,MT-0014,GO-0001,5.0,1,5004.0,0.000999,837.72059
50.0,residence,MT-5114,MT-0015,5.0,1,512.0,0.009766,254.74839
50.0,residence,MT-5114,SP-0101,5.0,1,512.0,0.009766,1540.494547
50.0,residence,PA-0001,PA-0008,5.0,1,551.0,0.009074,230.293609
50.0,residence,PA-0001,SP-0201,5.0,1,551.0,0.009074,2471.43847
50.0,residence,PA-0002,PA-0004,5.0,1,6965.0,0.000718,242.577553
50.0,residence,PA-0002,PA-0013,5.0,1,6965.0,0.000718,143.468638
50.0,residence,PA-0003,MA-0001,5.0,1,8279.0,0.000604,424.414316
50.0,residence,PA-0003,RN-0007,5.0,1,8279.0,0.000604,1493.853637
50.0,residence,PA-0003,SP-0207,5.0,1,8279.0,0.000604,2407.578811
50.0,residence,PA-0004,MT-0007,5.0,1,11055.0,0.000452,1910.898198
50.0,residence,PA-0005,MA-0001,5.0,1,13545.0,0.000369,441.983049
50.0,residence,PA-0006,MA-0001,5.0,1,7651.0,0.000654,497.247952
50.0,residence,PA-0006,PA-0013,5.0,1,7651.0,0.000654,127.278129
50.0,residence,PA-0008,SP-0005,5.0,1,12135.0,0.000412,2181.896067
50.0,residence,PA-0009,CE-0001,5.0,1,44077.0,0.000113,1762.902343
50.0,residence,PA-0009,MT-0001,5.0,1,44077.0,0.000113,840.966528
50.0,residence,PA-0011,MA-0007,5.0,1,31488.0,0.000159,700.790486
50.0,residence,PA-0011,MA-0008,5.0,1,31488.0,0.000159,629.801425
50.0,residence,PA-0011,PA-0003,5.0,1,31488.0,0.000159,493.333961
50.0,residence,PA-0011,PA-0009,5.0,1,31488.0,0.000159,565.365613
50.0,residence,PA-0011,PA-0013,5.0,1,31488.0,0.000159,182.301021
50.0,residence,PB-0001,MG-0013,5.0,1,3750.0,0.001333,1985.839393
50.0,residence,PB-0001,RN-0006,5.0,1,3750.0,0.001333,361.628095
50.0,residence,PB-0001,SP-0101,5.0,1,3750.0,0.001333,2217.895458
50.0,residence,PB-0003,BA-0001,5.0,1,3863.0,0.001294,639.646082
50.0,residence,PB-0003,PE-0006,5.0,1,3863.0,0.001294,88.773802
50.0,residence,PB-0003,PR-0016,5.0,1,3863.0,0.001294,2454.140629
50.0,residence,PB-0007,SE-0008,5.0,1,2072.0,0.002413,392.171308
50.0,residence,PB-0008,SP-0005,5.0,1,1356.0,0.003687,1946.526373
50.0,residence,PB-0009,RN-0007,5.0,1,1075.0,0.004651,390.048602
50.0,residence,PB-0011,DF-0006,5.0,1,817.0,0.00612,1433.76906
50.0,residence,PE-0001,SP-0102,5.0,1,3900.0,0.001282,2127.469799
50.0,residence,PE-0002,PB-0003,5.0,1,17091.0,0.000293,61.058471
50.0,residence,PE-0005,AL-0003,5.0,1,11319.0,0.000442,50.88761
50.0,residence,PE-0005,AL-0007,5.0,1,11319.0,0.000442,68.30557
50.0,residence,PE-0005,SC-0018,5.0,1,11319.0,0.000442,2408.370599
50.0,residence,PE-0008,PE-0011,5.0,1,4509.0,0.001109,275.340269
50.0,residence,PE-0008,RJ-0000,5.0,1,4509.0,0.001109,1566.478792
50.0,residence,PE-0008,SP-0101,5.0,1,4509.0,0.001109,1744.823551
50.0,residence,PE-0009,MG-0007,5.0,1,5630.0,0.000888,1384.61944
50.0,residence,PE-0011,PE-0003,5.0,1,4495.0,0.001112,314.82211
50.0,residence,PE-0012,PE-0002,5.0,1,4364.0,0.001146,53.135745
50.0,residence,PI-0001,PI-0003,5.0,1,2622.0,0.001907,94.293506
50.0,residence,PI-0004,MA-0018,5.0,1,6456.0,0.000774,73.634615
50.0,residence,PI-0005,CE-0001,5.0,1,4831.0,0.001035,438.623925
50.0,residence,PI-0006,MA-0011,5.0,1,4461.0,0.001121,527.321715
50.0,residence,PI-0006,MA-0018,5.0,1,4461.0,0.001121,86.255306
50.0,residence,PI-0006,PI-0008,5.0,1,4461.0,0.001121,83.982067
50.0,residence,PI-0007,PI-0010,5.0,1,2628.0,0.001903,91.937232
50.0,residence,PI-0014,MA-0014,5.0,1,2471.0,0.002023,431.557016
50.0,residence,PI-0016,PR-0002,5.0,1,2127.0,0.002351,2173.626913
50.0,residence,PI-0017,BA-0001,5.0,1,1345.0,0.003717,638.885977
50.0,residence,PR-0002,PR-0020,5.0,1,9641.0,0.000519,441.917897
50.0,residence,PR-0002,RS-0010,5.0,1,9641.0,0.000519,888.492913
50.0,residence,PR-0002,SC-0025,5.0,1,9641.0,0.000519,72.178015
50.0,residence,PR-0003,MG-0015,5.0,1,8238.0,0.000607,812.445518
50.0,residence,PR-0004,PR-0015,5.0,1,3513.0,0.001423,281.134861
50.0,residence,PR-0005,PR-0006,5.0,1,7311.0,0.000684,103.724986
50.0,residence,PR-0005,PR-0008,5.0,1,7311.0,0.000684,74.352412
50.0,residence,PR-0005,PR-4109,5.0,1,7311.0,0.000684,246.977153
50.0,residence,PR-0007,PR-0014,5.0,1,2831.0,0.001766,363.514555
50.0,residence,PR-0007,PR-0017,5.0,1,2831.0,0.001766,307.026276
50.0,residence,PR-0009,TO-0003,5.0,1,2355.0,0.002123,1615.337443
50.0,residence,PR-0010,DF-0006,5.0,1,6797.0,0.000736,1174.355867
50.0,residence,PR-0010,GO-0001,5.0,1,6797.0,0.000736,1019.708265
50.0,residence,PR-0010,PR-0005,5.0,1,6797.0,0.000736,197.578083
50.0,residence,PR-0011,MS-0001,5.0,1,5410.0,0.000924,466.534443
50.0,residence,PR-0011,PR-0022,5.0,1,5410.0,0.000924,139.66986
50.0,residence,PR-0012,SC-0025,5.0,1,5362.0,0.000932,486.536625
50.0,residence,PR-0013,MS-0001,5.0,1,2039.0,0.002452,417.905735
50.0,residence,PR-0014,PR-0011,5.0,1,6145.0,0.000814,123.368839
50.0,residence,PR-0015,PE-0001,5.0,1,2599.0,0.001924,2518.050381
50.0,residence,PR-0015,SP-0215,5.0,1,2599.0,0.001924,325.308498
50.0,residence,PR-0016,PR-0018,5.0,1,1975.0,0.002532,123.164418
50.0,residence,PR-0017,MG-0013,5.0,1,4656.0,0.001074,537.10478
50.0,residence,PR-0017,SP-0216,5.0,1,4656.0,0.001074,314.581248
50.0,residence,PR-0018,PR-0010,5.0,1,4384.0,0.001141,331.951551
50.0,residence,PR-0018,PR-0014,5.0,1,4384.0,0.001141,271.085143
50.0,residence,PR-0019,PR-0014,5.0,1,7529.0,0.000664,327.228568
50.0,residence,PR-0020,PR-0008,5.0,1,7403.0,0.000675,169.373651
50.0,residence,PR-0022,PR-0011,5.0,1,2515.0,0.001988,64.070552
50.0,residence,PR-4109,DF-0006,5.0,1,717.0,0.006974,1274.671814
50.0,residence,PR-4109,PR-0020,5.0,1,717.0,0.006974,110.931908
50.0,residence,RJ-0000,MG-0002,5.0,1,3810.0,0.001312,344.516368
50.0,residence,RJ-0001,SP-0206,5.0,1,642.0,0.007788,791.628449
50.0,residence,RJ-0003,MG-0002,5.0,1,432.0,0.011574,285.793525
50.0,residence,RJ-0003,SE-0008,5.0,1,432.0,0.011574,1486.730033
50.0,residence,RJ-0019,AC-0001,5.0,1,4910.0,0.001018,2963.582152
50.0,residence,RJ-0019,CE-0008,5.0,1,4910.0,0.001018,2023.248218
50.0,residence,RJ-0019,MG-0018,5.0,1,4910.0,0.001018,228.687941
50.0,residence,RJ-0019,RJ-0001,5.0,1,4910.0,0.001018,254.347411
50.0,residence,RJ-0019,SP-0213,5.0,1,4910.0,0.001018,493.952001
50.0,residence,RJ-0207,MG-0005,5.0,1,812.0,0.006158,106.299796
50.0,residence,RJ-0330,RJ-0033,5.0,1,288.0,0.017361,71.475607
50.0,residence,RN-0006,RN-0004,5.0,1,3269.0,0.00153,137.58667
50.0,residence,RO-0004,AC-0001,5.0,1,60.0,0.083333,532.042331
50.0,residence,RR-0001,MS-0002,5.0,1,540.0,0.009259,2890.119178
50.0,residence,RR-0001,PA-0001,5.0,1,540.0,0.009259,1451.591467
50.0,residence,RS-0001,DF-0006,5.0,1,2533.0,0.001974,1604.768459
50.0,residence,RS-0001,RS-0008,5.0,1,2533.0,0.001974,180.950885
50.0,residence,RS-0005,SC-0018,5.0,1,4245.0,0.001178,296.877696
50.0,residence,RS-0005,SP-0005,5.0,1,4245.0,0.001178,1002.767613
50.0,residence,RS-0006,RS-0012,5.0,1,6204.0,0.000806,270.604258
50.0,residence,RS-0008,RS-0002,5.0,1,2221.0,0.002251,118.293415
50.0,residence,RS-0008,RS-0018,5.0,1,2221.0,0.002251,274.874237
50.0,residence,RS-0013,RS-0002,5.0,1,1330.0,0.003759,101.132759
50.0,residence,RS-0013,RS-0006,5.0,1,1330.0,0.003759,148.248563
50.0,residence,RS-0013,RS-0014,5.0,1,1330.0,0.003759,58.095529
50.0,residence,RS-0016,RS-0013,5.0,1,1472.0,0.003397,55.211426
50.0,residence,RS-0019,PB-0001,5.0,1,2822.0,0.001772,2978.187988
50.0,residence,RS-0019,RS-0009,5.0,1,2822.0,0.001772,136.139368
50.0,residence,RS-0043,RS-0009,5.0,1,518.0,0.009653,348.621055
50.0,residence,SC-0001,PR-0008,5.0,1,1504.0,0.003324,75.662659
50.0,residence,SC-0002,RS-0005,5.0,1,954.0,0.005241,275.188446
50.0,residence,SC-0004,SP-0206,5.0,1,1498.0,0.003338,554.643391
50.0,residence,SC-0005,SC-0014,5.0,1,1350.0,0.003704,367.295333
50.0,residence,SC-0005,SC-0022,5.0,1,1350.0,0.003704,369.720002
50.0,residence,SC-0006,SC-0007,5.0,1,1283.0,0.003897,318.881948
50.0,residence,SC-0007,RS-0001,5.0,1,1849.0,0.002704,421.561404
50.0,residence,SC-0008,BA-0020,5.0,1,586.0,0.008532,1759.853142
50.0,residence,SC-0008,SC-0004,5.0,1,586.0,0.008532,192.941257
50.0,residence,SC-0009,SC-0016,5.0,1,997.0,0.005015,50.673612
50.0,residence,SC-0009,SP-0005,5.0,1,997.0,0.005015,757.935028
50.0,residence,SC-0010,PR-0002,5.0,1,3067.0,0.00163,398.824046
50.0,residence,SC-0010,PR-0010,5.0,1,3067.0,0.00163,200.702562
50.0,residence,SC-0010,RS-0001,5.0,1,3067.0,0.00163,379.038296
50.0,residence,SC-0010,RS-0006,5.0,1,3067.0,0.00163,128.232314
50.0,residence,SC-0012,GO-0001,5.0,1,849.0,0.005889,1338.697923
50.0,residence,SC-0014,SP-0005,5.0,1,2040.0,0.002451,856.676505
50.0,residence,SC-0015,PR-0017,5.0,1,3333.0,0.0015,529.979064
50.0,residence,SC-0015,SC-0014,5.0,1,3333.0,0.0015,177.536162
50.0,residence,SC-0016,SC-0009,5.0,1,1330.0,0.003759,63.460791
50.0,residence,SC-0017,SC-0007,5.0,1,796.0,0.006281,78.077025
50.0,residence,SC-0018,DF-0006,5.0,1,2627.0,0.001903,1311.245119
50.0,residence,SC-0020,SC-0011,5.0,1,249.0,0.02008,273.498001
50.0,residence,SC-0022,MA-0005,5.0,1,910.0,0.005495,2513.102729
50.0,residence,SC-0023,DF-0006,5.0,1,412.0,0.012136,1149.299117
50.0,residence,SC-0024,SC-0018,5.0,1,55.0,0.090909,144.380071
50.0,residence,SC-0025,SC-0009,5.0,1,1631.0,0.003066,68.107894
50.0,residence,SC-0026,PR-0002,5.0,1,1118.0,0.004472,225.923117
50.0,residence,SC-4210,SC-0001,5.0,1,175.0,0.028571,105.511162
50.0,residence,SE-0002,SE-0005,5.0,1,1537.0,0.003253,99.50822
50.0,residence,SE-0004,PE-0001,5.0,1,4478.0,0.001117,364.272776
50.0,residence,SE-0008,BA-0002,5.0,1,1993.0,0.002509,246.403705
50.0,residence,SE-0008,MG-0002,5.0,1,1993.0,0.002509,1233.764738
50.0,residence,SE-0008,PE-0008,5.0,1,1993.0,0.002509,412.839402
50.0,residence,SE-0008,SE-0002,5.0,1,1993.0,0.002509,53.026228
50.0,residence,SE-0008,SE-0004,5.0,1,1993.0,0.002509,93.872267
50.0,residence,SE-0008,SP-0005,5.0,1,1993.0,0.002509,1622.818301
50.0,residence,SE-0028,SE-0005,5.0,1,151.0,0.033113,77.008915
50.0,residence,SP-0009,SP-0215,5.0,1,150.0,0.033333,86.800425
50.0,residence,SP-0016,SP-0211,5.0,1,265.0,0.018868,205.618428
50.0,residence,SP-0016,SP-0215,5.0,1,265.0,0.018868,270.354063
50.0,residence,SP-0101,BA-0004,5.0,1,3533.0,0.001415,1417.718771
50.0,residence,SP-0101,CE-0008,5.0,1,3533.0,0.001415,2200.634217
50.0,residence,SP-0101,ES-0003,5.0,1,3533.0,0.001415,771.729719
50.0,residence,SP-0101,MA-0016,5.0,1,3533.0,0.001415,2056.209665
50.0,residence,SP-0101,MG-0003,5.0,1,3533.0,0.001415,444.50341
50.0,residence,SP-0101,MG-0014,5.0,1,3533.0,0.001415,526.79385
50.0,residence,SP-0101,MT-0014,5.0,1,3533.0,0.001415,1611.103604
50.0,residence,SP-0101,PI-0010,5.0,1,3533.0,0.001415,1916.160783
50.0,residence,SP-0101,PR-0017,5.0,1,3533.0,0.001415,461.587686
50.0,residence,SP-0101,RJ-0330,5.0,1,3533.0,0.001415,347.715654
50.0,residence,SP-0101,SC-0022,5.0,1,3533.0,0.001415,369.56494
50.0,residence,SP-0101,SE-0008,5.0,1,3533.0,0.001415,1779.337965
50.0,residence,SP-0101,TO-0003,5.0,1,3533.0,0.001415,1350.398516
50.0,residence,SP-0102,MG-0007,5.0,1,298.0,0.016779,570.919198
50.0,residence,SP-0102,RS-0001,5.0,1,298.0,0.016779,845.888564
50.0,residence,SP-0102,SP-0219,5.0,1,298.0,0.016779,62.098062
50.0,residence,SP-0105,SP-0204,5.0,1,174.0,0.028736,58.857635
50.0,residence,SP-0105,SP-0219,5.0,1,174.0,0.028736,62.892146
50.0,residence,SP-0201,BA-0002,5.0,1,2990.0,0.001672,1469.898515
50.0,residence,SP-0201,BA-0008,5.0,1,2990.0,0.001672,1056.925994
50.0,residence,SP-0201,MG-0020,5.0,1,2990.0,0.001672,401.32973
50.0,residence,SP-0201,PA-0001,5.0,1,2990.0,0.001672,2474.75354
50.0,residence,SP-0201,PE-0001,5.0,1,2990.0,0.001672,2113.361717
50.0,residence,SP-0201,SC-0025,5.0,1,2990.0,0.001672,348.634924
50.0,residence,SP-0201,SP-0005,5.0,1,2990.0,0.001672,411.826156
50.0,residence,SP-0201,SP-0104,5.0,1,2990.0,0.001672,52.24592
50.0,residence,SP-0201,SP-0213,5.0,1,2990.0,0.001672,284.829121
50.0,residence,SP-0202,DF-0006,5.0,1,3526.0,0.001418,649.730256
50.0,residence,SP-0202,SP-0216,5.0,1,3526.0,0.001418,142.214885
50.0,residence,SP-0204,SP-0102,5.0,1,2263.0,0.002209,83.395583
50.0,residence,SP-0205,PR-0015,5.0,1,903.0,0.005537,410.74485
50.0,residence,SP-0205,SP-0206,5.0,1,903.0,0.005537,181.367151
50.0,residence,SP-0206,PR-0010,5.0,1,10469.0,0.000478,536.798159
50.0,residence,SP-0206,SP-0201,5.0,1,10469.0,0.000478,232.722366
50.0,residence,SP-0206,SP-0203,5.0,1,10469.0,0.000478,76.715834
50.0,residence,SP-0207,PR-0003,5.0,1,5129.0,0.000975,389.261962
50.0,residence,SP-0207,SP-0204,5.0,1,5129.0,0.000975,134.982183
50.0,residence,SP-0208,MG-0013,5.0,1,3345.0,0.001495,94.96807
50.0,residence,SP-0208,SP-0013,5.0,1,3345.0,0.001495,54.584605
50.0,residence,SP-0208,SP-0216,5.0,1,3345.0,0.001495,306.777986
50.0,residence,SP-0208,SP-0224,5.0,1,3345.0,0.001495,338.626432
50.0,residence,SP-0209,GO-0003,5.0,1,8140.0,0.000614,633.244005
50.0,residence,SP-0209,SP-0211,5.0,1,8140.0,0.000614,59.357213
50.0,residence,SP-0210,MG-0011,5.0,1,2614.0,0.001913,267.460205
50.0,residence,SP-0211,SP-0213,5.0,1,8153.0,0.000613,341.285816
50.0,residence,SP-0212,SP-0210,5.0,1,3883.0,0.001288,87.695829
50.0,residence,SP-0212,SP-0219,5.0,1,3883.0,0.001288,110.148043
50.0,residence,SP-0213,GO-0015,5.0,1,5216.0,0.000959,469.354925
50.0,residence,SP-0213,MG-0022,5.0,1,5216.0,0.000959,210.49519
50.0,residence,SP-0214,SP-0102,5.0,1,3856.0,0.001297,174.700954
50.0,residence,SP-0215,SP-0203,5.0,1,14290.0,0.00035,164.56051
50.0,residence,SP-0216,BA-0020,5.0,1,18122.0,0.000276,1178.991256
50.0,residence,SP-0216,ES-0002,5.0,1,18122.0,0.000276,895.668063
50.0,residence,SP-0216,MA-0011,5.0,1,18122.0,0.000276,1994.137391
50.0,residence,SP-0219,MG-0002,5.0,1,2328.0,0.002148,520.66952
50.0,residence,SP-0219,MG-0005,5.0,1,2328.0,0.002148,409.288781
50.0,residence,SP-0220,SP-0201,5.0,1,1129.0,0.004429,133.71972
50.0,residence,SP-0221,RS-0003,5.0,1,1726.0,0.002897,1141.582803
50.0,residence,SP-0221,SP-0210,5.0,1,1726.0,0.002897,165.068224
50.0,residence,SP-0221,SP-0224,5.0,1,1726.0,0.002897,66.841103
50.0,residence,TO-0001,MA-0015,5.0,1,12047.0,0.000415,711.5672
50.0,residence,TO-0001,MG-0007,5.0,1,12047.0,0.000415,947.650738
50.0,residence,TO-0002,BA-0016,5.0,1,6464.0,0.000774,902.491002
50.0,residence,TO-0002,PA-0012,5.0,1,6464.0,0.000774,83.830838
50.0,residence,TO-0002,SP-0215,5.0,1,6464.0,0.000774,1332.974524
50.0,transfer,GO-0002,GO-0001,69.0,15,83.0,0.831325,324.427514
50.0,transfer,MG-0019,MG-0017,56.0,9,58.0,0.965517,198.008441
50.0,transfer,GO-0006,GO-0001,46.0,6,53.0,0.867925,189.392391
50.0,transfer,MG-0030,MG-0006,37.0,11,62.0,0.596774,122.674871
50.0,transfer,PA-0011,PA-0001,37.0,6,39.0,0.948718,521.570801
50.0,transfer,MS-0008,MS-0001,31.0,3,31.0,1.0,295.944924
50.0,transfer,PA-0008,PA-0001,28.0,6,33.0,0.848485,223.041989
50.0,transfer,GO-0018,GO-0001,25.0,6,37.0,0.675676,150.324364
50.0,transfer,AM-0007,AM-0001,21.0,4,21.0,1.0,93.825721
50.0,transfer,PA-0010,PA-0001,21.0,1,45.0,0.466667,357.39652
50.0,transfer,ES-0002,ES-0001,20.0,7,26.0,0.769231,120.804112
50.0,transfer,BA-0012,BA-0001,19.0,7,29.0,0.655172,228.652414
50.0,transfer,BA-0016,BA-0001,18.0,7,18.0,1.0,297.149533
50.0,transfer,CE-0013,CE-0011,18.0,4,18.0,1.0,66.685675
50.0,transfer,PA-0004,PA-0001,18.0,3,28.0,0.642857,249.518584
50.0,transfer,PE-0004,PE-0001,16.0,6,30.0,0.533333,127.113336
50.0,transfer,PE-0006,PE-0001,16.0,4,30.0,0.533333,240.187018
50.0,transfer,PE-0007,PE-0008,16.0,1,33.0,0.484848,212.855542
50.0,transfer,PI-0013,PI-0010,16.0,1,21.0,0.761905,294.516822
50.0,transfer,PR-0019,PR-0017,16.0,2,21.0,0.761905,122.674264
50.0,transfer,ES-0004,ES-0003,14.0,1,14.0,1.0,122.990438
50.0,transfer,MG-0009,MG-0002,14.0,4,14.0,1.0,118.317423
50.0,transfer,PA-0005,PA-0001,14.0,7,23.0,0.608696,231.840034
50.0,transfer,PA-0006,PA-0001,14.0,5,14.0,1.0,76.484823
50.0,transfer,PI-0006,PI-0004,13.0,4,13.0,1.0,129.919587
50.0,transfer,PI-0010,PI-0004,13.0,5,13.0,1.0,189.025848
50.0,transfer,BA-0013,BA-0006,12.0,4,17.0,0.705882,175.759116
50.0,transfer,GO-0002,GO-0018,12.0,3,83.0,0.144578,236.351275
50.0,transfer,GO-0007,GO-0001,12.0,4,14.0,0.857143,170.031191
50.0,transfer,PE-0006,PE-0004,12.0,2,30.0,0.4,120.423384
50.0,transfer,TO-0003,TO-0001,12.0,3,12.0,1.0,190.695169
50.0,transfer,GO-0015,GO-0001,11.0,4,13.0,0.846154,190.49213
50.0,transfer,PI-0009,PI-0004,11.0,3,11.0,1.0,266.204268
50.0,transfer,SP-0211,SP-0216,11.0,3,20.0,0.55,99.963975
50.0,transfer,MG-0016,MG-0023,10.0,1,18.0,0.555556,99.618454
50.0,transfer,MG-0024,MG-0023,10.0,3,29.0,0.344828,67.985232
50.0,transfer,MG-0028,MG-0007,10.0,3,28.0,0.357143,222.354817
50.0,transfer,PA-0007,PA-0001,10.0,3,10.0,1.0,82.944599
50.0,transfer,PE-0008,PE-0001,10.0,1,10.0,1.0,633.516176
50.0,transfer,RN-0006,RN-0002,10.0,2,20.0,0.5,127.09558
50.0,transfer,RN-0006,RN-0007,10.0,1,20.0,0.5,333.61572
50.0,transfer,TO-0002,TO-0001,10.0,2,20.0,0.5,221.809086
50.0,transfer,AM-0005,AM-0001,9.0,4,12.0,0.75,443.227537
50.0,transfer,AM-0008,AM-0001,9.0,3,15.0,0.6,176.69067
50.0,transfer,BA-0010,PE-0008,9.0,1,22.0,0.409091,250.5514
50.0,transfer,ES-0001,ES-0003,9.0,4,36.0,0.25,89.421505
50.0,transfer,GO-0014,GO-0001,9.0,3,9.0,1.0,331.996774
50.0,transfer,MA-0013,MA-0018,9.0,1,11.0,0.818182,126.306024
50.0,transfer,MA-2111,MA-0011,9.0,2,9.0,1.0,81.789174
50.0,transfer,MG-0004,MG-0002,9.0,3,53.0,0.169811,290.119804
50.0,transfer,PR-0006,PR-0002,9.0,3,9.0,1.0,167.54836
50.0,transfer,RS-0018,RS-0001,9.0,4,9.0,1.0,138.784972
50.0,transfer,SP-0017,SP-3517,9.0,2,11.0,0.818182,57.734247
50.0,transfer,SP-0211,SP-0206,9.0,3,20.0,0.45,103.919883
50.0,transfer,ES-0003,ES-0001,8.0,4,11.0,0.727273,111.642183
50.0,transfer,MS-0011,MS-0001,8.0,2,8.0,1.0,356.732938
50.0,transfer,PE-0005,PE-0004,8.0,3,20.0,0.4,80.858294
50.0,transfer,SP-0218,SP-0213,8.0,2,8.0,1.0,53.287892
50.0,transfer,SP-0221,SP-0217,8.0,1,8.0,1.0,87.853852
50.0,transfer,AL-0001,AL-0008,7.0,1,17.0,0.411765,102.716483
50.0,transfer,BA-0014,BA-0018,7.0,1,10.0,0.7,329.944636
50.0,transfer,BA-0019,BA-0018,7.0,2,16.0,0.4375,223.197673
50.0,transfer,BA-0019,BA-0020,7.0,2,16.0,0.4375,173.401409
50.0,transfer,BA-0024,BA-0030,7.0,3,9.0,0.777778,79.570678
50.0,transfer,CE-0008,CE-0001,7.0,3,9.0,0.777778,167.23921
50.0,transfer,CE-0012,CE-0011,7.0,2,7.0,1.0,79.329786
50.0,transfer,MG-0017,MG-0002,7.0,2,36.0,0.194444,368.483804
50.0,transfer,MG-0028,MG-0022,7.0,2,28.0,0.25,439.361534
50.0,transfer,PA-0002,PA-0001,7.0,2,9.0,0.777778,101.414253
50.0,transfer,PE-0007,BA-0015,7.0,1,33.0,0.212121,214.50016
50.0,transfer,PI-0012,PI-0004,7.0,3,13.0,0.538462,436.318808
50.0,transfer,SE-0002,SE-0001,7.0,2,7.0,1.0,61.463597
50.0,transfer,AL-0003,AL-0001,6.0,3,12.0,0.5,115.888824
50.0,transfer,AM-0002,AM-0001,6.0,2,8.0,0.75,521.868671
50.0,transfer,BA-0010,BA-0015,6.0,2,22.0,0.272727,250.773365
50.0,transfer,GO-0003,GO-0001,6.0,3,8.0,0.75,55.547581
50.0,transfer,GO-0004,GO-0001,6.0,2,8.0,0.75,128.513929
50.0,transfer,MA-0012,MA-0011,6.0,1,6.0,1.0,225.432219
50.0,transfer,MG-0015,MG-0002,6.0,2,19.0,0.315789,109.519724
50.0,transfer,MG-0028,MG-0006,6.0,2,28.0,0.214286,326.217031
50.0,transfer,PA-0012,PA-0001,6.0,2,93.0,0.064516,659.156159
50.0,transfer,PE-0007,PE-0009,6.0,2,33.0,0.181818,130.44145
50.0,transfer,PE-0009,PE-0008,6.0,1,11.0,0.545455,174.220071
50.0,transfer,PI-0012,PI-0010,6.0,1,13.0,0.461538,252.166737
50.0,transfer,SP-0224,SP-0217,6.0,2,6.0,1.0,100.065149
50.0,transfer,AL-0001,AL-0007,5.0,1,17.0,0.294118,99.044882
50.0,transfer,BA-0003,BA-0001,5.0,2,7.0,0.714286,134.177848
50.0,transfer,BA-0020,BA-0001,5.0,2,25.0,0.2,332.87194
50.0,transfer,BA-0026,BA-0025,5.0,1,12.0,0.416667,165.590207
50.0,transfer,BA-0028,BA-0015,5.0,2,10.0,0.5,137.061595
50.0,transfer,CE-0011,CE-0001,5.0,2,7.0,0.714286,202.720987
50.0,transfer,GO-0013,GO-0001,5.0,2,8.0,0.625,387.55278
50.0,transfer,MG-0021,MG-0010,5.0,2,5.0,1.0,72.15464
50.0,transfer,MT-0012,MT-0002,5.0,2,9.0,0.555556,200.973124
50.0,transfer,MT-0013,MT-0001,5.0,2,5.0,1.0,121.597182
50.0,transfer,PA-0005,PA-0011,5.0,1,23.0,0.217391,205.332494
50.0,transfer,PE-0011,PE-0001,5.0,2,15.0,0.333333,374.721236
50.0,transfer,PE-0011,PE-0004,5.0,1,15.0,0.333333,257.200364
50.0,transfer,PI-0001,PI-0004,5.0,2,5.0,1.0,266.693139
50.0,transfer,PI-0013,PI-0004,5.0,2,21.0,0.238095,473.596365
50.0,transfer,PI-0015,PI-0010,5.0,1,5.0,1.0,172.028333
50.0,transfer,PR-0005,PR-0002,5.0,2,36.0,0.138889,221.197368
50.0,transfer,PR-0019,PR-0016,5.0,2,21.0,0.238095,161.108381
50.0,transfer,RN-0002,RN-0007,5.0,1,5.0,1.0,248.408506
50.0,transfer,SC-0010,SC-0001,5.0,1,13.0,0.384615,76.629345
50.0,transfer,SC-0010,SC-0015,5.0,2,13.0,0.384615,236.883267
50.0,transfer,SP-0002,SP-0202,5.0,1,5.0,1.0,104.262983
50.0,transfer,AL-0003,AL-0008,4.0,2,12.0,0.333333,73.099012
50.0,transfer,AM-0009,AM-0001,4.0,2,6.0,0.666667,553.572164
50.0,transfer,AM-0010,AM-0001,4.0,2,4.0,1.0,151.372505
50.0,transfer,BA-0004,BA-0001,4.0,2,4.0,1.0,89.438496
50.0,transfer,BA-0012,BA-0018,4.0,2,29.0,0.137931,212.466306
50.0,transfer,BA-0020,BA-0018,4.0,2,25.0,0.16,297.910823
50.0,transfer,BA-0026,BA-0001,4.0,2,12.0,0.333333,576.717326
50.0,transfer,CE-0010,CE-0001,4.0,1,8.0,0.5,237.692149
50.0,transfer,CE-0010,CE-0008,4.0,2,8.0,0.5,134.355197
50.0,transfer,ES-0001,ES-0002,4.0,2,36.0,0.111111,102.245968
50.0,transfer,MA-0003,MA-0001,4.0,2,4.0,1.0,139.491571
50.0,transfer,MA-0004,MA-0001,4.0,2,7.0,0.571429,194.356308
50.0,transfer,MA-0005,MA-0001,4.0,2,4.0,1.0,217.145137
50.0,transfer,MA-0009,MA-0001,4.0,2,6.0,0.666667,161.792539
50.0,transfer,MA-0017,MA-0001,4.0,2,6.0,0.666667,235.983638
50.0,transfer,MG-0018,MG-0005,4.0,2,4.0,1.0,90.968668
50.0,transfer,MG-0024,MG-0002,4.0,2,29.0,0.137931,201.527099
50.0,transfer,MG-0029,MG-0006,4.0,2,4.0,1.0,133.996243
50.0,transfer,MS-0010,MS-0001,4.0,2,4.0,1.0,232.415002
50.0,transfer,MT-0008,MT-0001,4.0,1,8.0,0.5,414.026333
50.0,transfer,MT-0008,MT-0003,4.0,2,8.0,0.5,80.734807
50.0,transfer,MT-5114,MT-0001,4.0,1,4.0,1.0,368.628136
50.0,transfer,PA-0005,PA-0003,4.0,2,23.0,0.173913,103.838814
50.0,transfer,PE-0001,PE-0004,4.0,1,12.0,0.333333,120.3963
50.0,transfer,PE-0005,PE-0001,4.0,2,20.0,0.2,168.618439
50.0,transfer,PE-0005,PE-0006,4.0,2,20.0,0.2,134.32026
50.0,transfer,PI-0003,PI-0004,4.0,2,4.0,1.0,166.265876
50.0,transfer,PR-0014,PR-0016,4.0,1,6.0,0.666667,109.226812
50.0,transfer,PR-0018,PR-0017,4.0,2,6.0,0.666667,69.080834
50.0,transfer,RJ-0053,RJ-0003,4.0,2,4.0,1.0,100.025053
50.0,transfer,RN-0004,RN-0007,4.0,2,4.0,1.0,188.138385
50.0,transfer,RS-0002,RS-0001,4.0,2,4.0,1.0,85.781737
50.0,transfer,SC-0016,SC-0022,4.0,1,4.0,1.0,147.75059
50.0,transfer,AM-0005,PR-0002,3.0,1,12.0,0.25,2653.64725
50.0,transfer,BA-0010,BA-0001,3.0,1,22.0,0.136364,397.406572
50.0,transfer,BA-0014,BA-0001,3.0,1,10.0,0.3,315.808242
50.0,transfer,BA-0015,PE-0008,3.0,1,7.0,0.428571,275.395539
50.0,transfer,BA-0021,BA-0001,3.0,1,3.0,1.0,409.481412
50.0,transfer,BA-0023,BA-0019,3.0,1,7.0,0.428571,162.426159
50.0,transfer,BA-0026,BA-0024,3.0,1,12.0,0.25,195.373051
50.0,transfer,BA-0028,PE-0008,3.0,1,10.0,0.3,123.489699
50.0,transfer,BA-0030,BA-0020,3.0,1,5.0,0.6,218.993005
50.0,transfer,CE-0004,CE-0001,3.0,1,5.0,0.6,76.804804
50.0,transfer,CE-0017,CE-0021,3.0,1,3.0,1.0,74.749071
50.0,transfer,GO-0006,GO-0007,3.0,1,53.0,0.056604,137.111305
50.0,transfer,GO-0013,GO-0003,3.0,1,8.0,0.375,361.80816
50.0,transfer,GO-0018,GO-0002,3.0,1,37.0,0.081081,92.811936
50.0,transfer,MA-0004,MA-0009,3.0,1,7.0,0.428571,149.712526
50.0,transfer,MA-0011,MA-0001,3.0,1,5.0,0.6,490.466849
50.0,transfer,MA-0015,MA-0001,3.0,1,3.0,1.0,230.113701
50.0,transfer,MG-0028,MG-0002,3.0,1,28.0,0.107143,502.552449
50.0,transfer,MS-0007,MS-0001,3.0,1,3.0,1.0,303.876111
50.0,transfer,MT-0016,MT-0001,3.0,1,6.0,0.5,734.487901
50.0,transfer,MT-0016,MT-0003,3.0,1,6.0,0.5,313.529953
50.0,transfer,PB-0002,PB-0001,3.0,1,3.0,1.0,89.920681
50.0,transfer,PE-0004,PE-0010,3.0,1,30.0,0.1,128.231073
50.0,transfer,PE-0011,PE-0010,3.0,1,15.0,0.2,77.178147
50.0,transfer,PR-0010,PR-0002,3.0,1,12.0,0.25,425.828268
50.0,transfer,PR-0021,PR-0003,3.0,1,5.0,0.6,95.547223
50.0,transfer,SC-0010,SC-0018,3.0,1,13.0,0.230769,395.78826
50.0,transfer,SE-0008,SE-0001,3.0,1,3.0,1.0,51.732505
50.0,transfer,SP-0207,SP-0101,3.0,1,5.0,0.6,87.012889
50.0,transfer,SP-0217,SP-3517,3.0,1,19.0,0.157895,79.236265
50.0,transfer,AL-0003,AL-0007,2.0,1,12.0,0.166667,85.459681
50.0,transfer,AM-0001,ES-0001,2.0,1,9.0,0.222222,2867.165235
50.0,transfer,AM-0003,AC-0001,2.0,1,2.0,1.0,144.386155
50.0,transfer,AM-0009,AM-0008,2.0,1,6.0,0.333333,89.574474
50.0,transfer,BA-0002,BA-0001,2.0,1,4.0,0.5,107.003789
50.0,transfer,BA-0002,BA-0018,2.0,1,4.0,0.5,84.44207
50.0,transfer,BA-0005,BA-0006,2.0,1,4.0,0.5,157.673292
50.0,transfer,BA-0005,BA-0013,2.0,1,4.0,0.5,101.897589
50.0,transfer,BA-0006,BA-0001,2.0,1,5.0,0.4,224.170031
50.0,transfer,BA-0007,BA-0001,2.0,1,6.0,0.333333,217.285071
50.0,transfer,BA-0007,BA-0006,2.0,1,6.0,0.333333,60.177967
50.0,transfer,BA-0007,BA-0018,2.0,1,6.0,0.333333,364.875521
50.0,transfer,BA-0009,BA-0006,2.0,1,15.0,0.133333,255.888321
50.0,transfer,BA-0009,BA-0008,2.0,1,15.0,0.133333,181.604884
50.0,transfer,BA-0010,BA-0003,2.0,1,22.0,0.090909,330.093092
50.0,transfer,BA-0010,BA-0016,2.0,1,22.0,0.090909,345.188671
50.0,transfer,BA-0011,BA-0001,2.0,1,2.0,1.0,253.477969
50.0,transfer,BA-0012,BA-0002,2.0,1,29.0,0.068966,68.480216
50.0,transfer,BA-0012,PE-0008,2.0,1,29.0,0.068966,179.09677
50.0,transfer,BA-0017,BA-0001,2.0,1,2.0,1.0,226.367711
50.0,transfer,BA-0018,BA-0001,2.0,1,4.0,0.5,228.775731
50.0,transfer,BA-0018,BA-0027,2.0,1,4.0,0.5,151.049078
50.0,transfer,BA-0019,BA-0001,2.0,1,16.0,0.125,427.082285
50.0,transfer,BA-0020,BA-0024,2.0,1,25.0,0.08,119.036683
50.0,transfer,BA-0022,BA-0019,2.0,1,2.0,1.0,248.00461
50.0,transfer,BA-0023,BA-0018,2.0,1,7.0,0.285714,251.953599
50.0,transfer,BA-0023,BA-0020,2.0,1,7.0,0.285714,249.347561
50.0,transfer,BA-0024,BA-0020,2.0,1,9.0,0.222222,264.49798
50.0,transfer,BA-0027,BA-0001,2.0,1,10.0,0.2,375.256597
50.0,transfer,BA-0028,BA-0001,2.0,1,10.0,0.2,285.505726
50.0,transfer,BA-0030,BA-0001,2.0,1,5.0,0.4,523.886135
50.0,transfer,CE-0002,CE-0008,2.0,1,2.0,1.0,154.511842
50.0,transfer,CE-0003,CE-0008,2.0,1,2.0,1.0,158.757834
50.0,transfer,CE-0004,CE-0008,2.0,1,5.0,0.4,103.799454
50.0,transfer,CE-0005,CE-0008,2.0,1,2.0,1.0,91.451086
50.0,transfer,CE-0015,CE-0011,2.0,1,2.0,1.0,115.81207
50.0,transfer,CE-0016,CE-0011,2.0,1,2.0,1.0,103.1659
50.0,transfer,CE-0020,CE-0021,2.0,1,2.0,1.0,119.118759
50.0,transfer,GO-0001,GO-0006,2.0,1,10.0,0.2,125.230466
50.0,transfer,GO-0002,DF-0006,2.0,1,83.0,0.024096,250.997055
50.0,transfer,GO-0004,GO-0003,2.0,1,8.0,0.25,110.722793
50.0,transfer,GO-0007,GO-0006,2.0,1,14.0,0.142857,160.69957
50.0,transfer,GO-0009,GO-0022,2.0,1,2.0,1.0,84.576287
50.0,transfer,GO-0015,GO-0014,2.0,1,13.0,0.153846,160.808413
50.0,transfer,GO-0017,GO-0001,2.0,1,2.0,1.0,483.755248
50.0,transfer,GO-0022,GO-0001,2.0,1,2.0,1.0,110.01763
50.0,transfer,MA-0001,MA-0017,2.0,1,2.0,1.0,194.741975
50.0,transfer,MA-0009,MA-0008,2.0,1,6.0,0.333333,53.018611
50.0,transfer,MA-0013,PI-0004,2.0,1,11.0,0.181818,125.751539
50.0,transfer,MA-0014,MA-0001,2.0,1,4.0,0.5,307.352399
50.0,transfer,MA-0014,MA-0016,2.0,1,4.0,0.5,87.736104
50.0,transfer,MA-0017,MA-0015,2.0,1,6.0,0.333333,53.537125
50.0,transfer,MA-2109,MA-0006,2.0,1,2.0,1.0,180.112777
50.0,transfer,MG-0005,MG-0020,2.0,1,4.0,0.5,65.150873
50.0,transfer,MG-0006,MG-0002,2.0,1,42.0,0.047619,355.7833
50.0,transfer,MG-0007,MG-0002,2.0,1,6.0,0.333333,311.385923
50.0,transfer,MG-0007,MG-0022,2.0,1,6.0,0.333333,263.798915
50.0,transfer,MG-0011,MG-0022,2.0,1,5.0,0.4,177.587615
50.0,transfer,MG-0014,MG-0002,2.0,1,2.0,1.0,58.812422
50.0,transfer,MG-0016,MG-0002,2.0,1,18.0,0.111111,248.358417
50.0,transfer,MG-0024,MG-0005,2.0,1,29.0,0.068966,173.738007
50.0,transfer,MG-0024,MG-0008,2.0,1,29.0,0.068966,104.744062
50.0,transfer,MS-0002,MS-0001,2.0,1,4.0,0.5,197.849889
50.0,transfer,MS-0002,MS-0003,2.0,1,4.0,0.5,101.538159
50.0,transfer,MS-0003,MS-0002,2.0,1,5.0,0.4,133.000368
50.0,transfer,MS-0005,MS-0001,2.0,1,2.0,1.0,96.79683
50.0,transfer,MS-0006,MS-0002,2.0,1,2.0,1.0,153.408523
50.0,transfer,MT-0009,MT-0001,2.0,1,16.0,0.125,545.287892
50.0,transfer,MT-0010,MT-0001,2.0,1,4.0,0.5,478.174829
50.0,transfer,MT-0010,MT-0009,2.0,1,4.0,0.5,137.11317
50.0,transfer,MT-0012,MT-0001,2.0,1,9.0,0.222222,350.240113
50.0,transfer,PA-0002,PA-0006,2.0,1,9.0,0.222222,103.780105
50.0,transfer,PA-0003,PA-0005,2.0,1,2.0,1.0,257.736825
50.0,transfer,PA-0004,PA-0005,2.0,1,28.0,0.071429,242.044543
50.0,transfer,PB-0005,PB-0003,2.0,1,2.0,1.0,117.069107
50.0,transfer,PB-0008,PB-0010,2.0,1,2.0,1.0,51.049351
50.0,transfer,PE-0002,PE-0001,2.0,1,2.0,1.0,67.037223
50.0,transfer,PE-0003,PE-0001,2.0,1,4.0,0.5,56.24305
50.0,transfer,PE-0004,PE-0002,2.0,1,30.0,0.066667,53.250279
50.0,transfer,PE-0007,PE-0001,2.0,1,33.0,0.060606,465.25682
50.0,transfer,PE-0007,PE-0004,2.0,1,33.0,0.060606,346.126641
50.0,transfer,PI-0002,PI-0003,2.0,1,4.0,0.5,57.730755
50.0,transfer,PI-0002,PI-0004,2.0,1,4.0,0.5,109.417437
50.0,transfer,PI-0005,PI-0004,2.0,1,2.0,1.0,74.330136
50.0,transfer,PI-0008,PI-0004,2.0,1,2.0,1.0,223.39689
50.0,transfer,PI-0011,PI-0008,2.0,1,2.0,1.0,150.239154
50.0,transfer,PI-0014,PI-0013,2.0,1,2.0,1.0,107.795877
50.0,transfer,PI-0017,PI-0009,2.0,1,2.0,1.0,123.609555
50.0,transfer,PR-0008,PR-0007,2.0,1,7.0,0.285714,66.617096
50.0,transfer,PR-0011,PR-0002,2.0,1,4.0,0.5,350.94423
50.0,transfer,PR-0018,PR-0016,2.0,1,6.0,0.333333,156.391131
50.0,transfer,PR-0020,PR-0010,2.0,1,6.0,0.333333,84.537564
50.0,transfer,PR-0021,PR-0002,2.0,1,5.0,0.4,167.140622
50.0,transfer,RJ-0001,RJ-0033,2.0,1,2.0,1.0,206.464285
50.0,transfer,RJ-0207,RJ-0019,2.0,1,2.0,1.0,98.212425
50.0,transfer,RN-0008,RN-0002,2.0,1,2.0,1.0,66.480093
50.0,transfer,RS-0001,RS-0008,2.0,1,4.0,0.5,229.991502
50.0,transfer,RS-0004,RS-0001,2.0,1,19.0,0.105263,244.814429
50.0,transfer,RS-0004,RS-0006,2.0,1,19.0,0.105263,261.409169
50.0,transfer,RS-0004,RS-0017,2.0,1,19.0,0.105263,148.962542
50.0,transfer,RS-0007,RS-0043,2.0,1,2.0,1.0,174.794226
50.0,transfer,RS-0011,RS-0006,2.0,1,2.0,1.0,70.46028
50.0,transfer,RS-0016,RS-0010,2.0,1,2.0,1.0,436.855637
50.0,transfer,RS-0019,RS-0006,2.0,1,2.0,1.0,174.518033
50.0,transfer,SC-0014,SC-0006,2.0,1,2.0,1.0,78.67852
50.0,transfer,SC-0022,SC-0018,2.0,1,2.0,1.0,146.610949
50.0,transfer,SE-0004,SE-0001,2.0,1,4.0,0.5,118.119767
50.0,transfer,SE-0004,SE-0008,2.0,1,4.0,0.5,85.815193
50.0,transfer,SP-0017,SP-0217,2.0,1,11.0,0.181818,98.023688
50.0,transfer,SP-0209,SP-0216,2.0,1,41.0,0.04878,60.32366
50.0,transfer,SP-0215,SP-0005,2.0,1,12.0,0.166667,90.708998
50.0,transfer,SP-0215,SP-0216,2.0,1,12.0,0.166667,253.522926
50.0,transfer,SP-0216,SP-0201,2.0,1,49.0,0.040816,236.692979
50.0,transfer,SP-0220,SP-0213,2.0,1,2.0,1.0,93.713405
